entry_id,source_key,source_file,source_id,title,entry_kind,domain_tags,reason,canon_promotion
DRY-CL-R-000001,docs/09_collection/first-100-collectible-registry-v1.md#P-001,docs/09_collection/first-100-collectible-registry-v1.md,P-001,H-001 / Future Blood Admiral,ENTITY,C1,인물·조건부 동맹과 미래 정체 약속이 한 행에 결합,NONE
DRY-CL-R-000002,docs/09_collection/first-100-collectible-registry-v1.md#P-001,docs/09_collection/first-100-collectible-registry-v1.md,P-001,H-001 / Future Blood Admiral,RELATIONSHIP,C1,인물·조건부 동맹과 미래 정체 약속이 한 행에 결합,NONE
DRY-CL-R-000003,docs/09_collection/first-100-collectible-registry-v1.md#P-001,docs/09_collection/first-100-collectible-registry-v1.md,P-001,H-001 / Future Blood Admiral,NARRATIVE_PROMISE,C1,인물·조건부 동맹과 미래 정체 약속이 한 행에 결합,NONE
DRY-CL-R-000004,docs/09_collection/first-100-collectible-registry-v1.md#P-002,docs/09_collection/first-100-collectible-registry-v1.md,P-002,H-002 / Future Fleet Designer,ENTITY,C1|C2|C6|C7,인물·계약 관계와 설계권·미래 역할 약속이 결합,NONE
DRY-CL-R-000005,docs/09_collection/first-100-collectible-registry-v1.md#P-002,docs/09_collection/first-100-collectible-registry-v1.md,P-002,H-002 / Future Fleet Designer,RELATIONSHIP,C1|C2|C6|C7,인물·계약 관계와 설계권·미래 역할 약속이 결합,NONE
DRY-CL-R-000006,docs/09_collection/first-100-collectible-registry-v1.md#P-002,docs/09_collection/first-100-collectible-registry-v1.md,P-002,H-002 / Future Fleet Designer,CONTROL_CLAIM,C1|C2|C6|C7,인물·계약 관계와 설계권·미래 역할 약속이 결합,NONE
DRY-CL-R-000007,docs/09_collection/first-100-collectible-registry-v1.md#P-002,docs/09_collection/first-100-collectible-registry-v1.md,P-002,H-002 / Future Fleet Designer,NARRATIVE_PROMISE,C1|C2|C6|C7,인물·계약 관계와 설계권·미래 역할 약속이 결합,NONE
DRY-CL-R-000008,docs/09_collection/first-100-collectible-registry-v1.md#P-003,docs/09_collection/first-100-collectible-registry-v1.md,P-003,S-001 / Data and Audit Cadet,ENTITY,C1|C7,인물·감사 관계와 자격·정보 통제가 함께 기록됨,NONE
DRY-CL-R-000009,docs/09_collection/first-100-collectible-registry-v1.md#P-003,docs/09_collection/first-100-collectible-registry-v1.md,P-003,S-001 / Data and Audit Cadet,RELATIONSHIP,C1|C7,인물·감사 관계와 자격·정보 통제가 함께 기록됨,NONE
DRY-CL-R-000010,docs/09_collection/first-100-collectible-registry-v1.md#P-003,docs/09_collection/first-100-collectible-registry-v1.md,P-003,S-001 / Data and Audit Cadet,CONTROL_CLAIM,C1|C7,인물·감사 관계와 자격·정보 통제가 함께 기록됨,NONE
DRY-CL-R-000011,docs/09_collection/first-100-collectible-registry-v1.md#P-004,docs/09_collection/first-100-collectible-registry-v1.md,P-004,M-001 / Medical and Rescue Cadet,ENTITY,C1|C7,인물·의료 협력과 중지·접근 권한이 함께 기록됨,NONE
DRY-CL-R-000012,docs/09_collection/first-100-collectible-registry-v1.md#P-004,docs/09_collection/first-100-collectible-registry-v1.md,P-004,M-001 / Medical and Rescue Cadet,RELATIONSHIP,C1|C7,인물·의료 협력과 중지·접근 권한이 함께 기록됨,NONE
DRY-CL-R-000013,docs/09_collection/first-100-collectible-registry-v1.md#P-004,docs/09_collection/first-100-collectible-registry-v1.md,P-004,M-001 / Medical and Rescue Cadet,CONTROL_CLAIM,C1|C7,인물·의료 협력과 중지·접근 권한이 함께 기록됨,NONE
DRY-CL-R-000014,docs/09_collection/first-100-collectible-registry-v1.md#P-005,docs/09_collection/first-100-collectible-registry-v1.md,P-005,I-001 / Field Instructor,ENTITY,C1|C7,인물·제도 관계와 조사·권한 축소 상태가 결합,NONE
DRY-CL-R-000015,docs/09_collection/first-100-collectible-registry-v1.md#P-005,docs/09_collection/first-100-collectible-registry-v1.md,P-005,I-001 / Field Instructor,RELATIONSHIP,C1|C7,인물·제도 관계와 조사·권한 축소 상태가 결합,NONE
DRY-CL-R-000016,docs/09_collection/first-100-collectible-registry-v1.md#P-005,docs/09_collection/first-100-collectible-registry-v1.md,P-005,I-001 / Field Instructor,CONTROL_CLAIM,C1|C7,인물·제도 관계와 조사·권한 축소 상태가 결합,NONE
DRY-CL-R-000017,docs/09_collection/first-100-collectible-registry-v1.md#P-005,docs/09_collection/first-100-collectible-registry-v1.md,P-005,I-001 / Field Instructor,STATE_TRANSITION,C1|C7,인물·제도 관계와 조사·권한 축소 상태가 결합,NONE
DRY-CL-R-000018,docs/09_collection/first-100-collectible-registry-v1.md#P-006,docs/09_collection/first-100-collectible-registry-v1.md,P-006,E-001 / White Dock Enemy Ace,ENTITY,C1,인물·경쟁 관계와 미회수 목적 약속이 함께 기록됨,NONE
DRY-CL-R-000019,docs/09_collection/first-100-collectible-registry-v1.md#P-006,docs/09_collection/first-100-collectible-registry-v1.md,P-006,E-001 / White Dock Enemy Ace,RELATIONSHIP,C1,인물·경쟁 관계와 미회수 목적 약속이 함께 기록됨,NONE
DRY-CL-R-000020,docs/09_collection/first-100-collectible-registry-v1.md#P-006,docs/09_collection/first-100-collectible-registry-v1.md,P-006,E-001 / White Dock Enemy Ace,NARRATIVE_PROMISE,C1,인물·경쟁 관계와 미회수 목적 약속이 함께 기록됨,NONE
DRY-CL-R-000021,docs/09_collection/first-100-collectible-registry-v1.md#P-007,docs/09_collection/first-100-collectible-registry-v1.md,P-007,R-IMP-001 / Imperial Observer,ENTITY,C1|C2|C7,인물·제국 대표 관계와 코어·헌장 권한이 결합,NONE
DRY-CL-R-000022,docs/09_collection/first-100-collectible-registry-v1.md#P-007,docs/09_collection/first-100-collectible-registry-v1.md,P-007,R-IMP-001 / Imperial Observer,RELATIONSHIP,C1|C2|C7,인물·제국 대표 관계와 코어·헌장 권한이 결합,NONE
DRY-CL-R-000023,docs/09_collection/first-100-collectible-registry-v1.md#P-007,docs/09_collection/first-100-collectible-registry-v1.md,P-007,R-IMP-001 / Imperial Observer,CONTROL_CLAIM,C1|C2|C7,인물·제국 대표 관계와 코어·헌장 권한이 결합,NONE
DRY-CL-R-000024,docs/09_collection/first-100-collectible-registry-v1.md#P-008,docs/09_collection/first-100-collectible-registry-v1.md,P-008,R-NEU-001 / Neutral Rescue and Claims Officer,ENTITY,C1|C7,인물·중립 수탁 관계와 보호권·채무가 결합,NONE
DRY-CL-R-000025,docs/09_collection/first-100-collectible-registry-v1.md#P-008,docs/09_collection/first-100-collectible-registry-v1.md,P-008,R-NEU-001 / Neutral Rescue and Claims Officer,RELATIONSHIP,C1|C7,인물·중립 수탁 관계와 보호권·채무가 결합,NONE
DRY-CL-R-000026,docs/09_collection/first-100-collectible-registry-v1.md#P-008,docs/09_collection/first-100-collectible-registry-v1.md,P-008,R-NEU-001 / Neutral Rescue and Claims Officer,CONTROL_CLAIM,C1|C7,인물·중립 수탁 관계와 보호권·채무가 결합,NONE
DRY-CL-R-000027,docs/09_collection/first-100-collectible-registry-v1.md#P-008,docs/09_collection/first-100-collectible-registry-v1.md,P-008,R-NEU-001 / Neutral Rescue and Claims Officer,LOSS_OBLIGATION,C1|C7,인물·중립 수탁 관계와 보호권·채무가 결합,NONE
DRY-CL-R-000028,docs/09_collection/first-100-collectible-registry-v1.md#P-009,docs/09_collection/first-100-collectible-registry-v1.md,P-009,R-HEL-001 / Helix Evaluator,ENTITY,C1|C2|C3|C7,인물·계약 관계와 재산·정보권·채무가 결합,NONE
DRY-CL-R-000029,docs/09_collection/first-100-collectible-registry-v1.md#P-009,docs/09_collection/first-100-collectible-registry-v1.md,P-009,R-HEL-001 / Helix Evaluator,RELATIONSHIP,C1|C2|C3|C7,인물·계약 관계와 재산·정보권·채무가 결합,NONE
DRY-CL-R-000030,docs/09_collection/first-100-collectible-registry-v1.md#P-009,docs/09_collection/first-100-collectible-registry-v1.md,P-009,R-HEL-001 / Helix Evaluator,CONTROL_CLAIM,C1|C2|C3|C7,인물·계약 관계와 재산·정보권·채무가 결합,NONE
DRY-CL-R-000031,docs/09_collection/first-100-collectible-registry-v1.md#P-009,docs/09_collection/first-100-collectible-registry-v1.md,P-009,R-HEL-001 / Helix Evaluator,LOSS_OBLIGATION,C1|C2|C3|C7,인물·계약 관계와 재산·정보권·채무가 결합,NONE
DRY-CL-R-000032,docs/09_collection/first-100-collectible-registry-v1.md#P-010,docs/09_collection/first-100-collectible-registry-v1.md,P-010,AI-W001 / Black Ward Witness Interface,ENTITY,C1|C6|C7,인격체·증언 관계와 동의권·정체 미스터리가 결합,NONE
DRY-CL-R-000033,docs/09_collection/first-100-collectible-registry-v1.md#P-010,docs/09_collection/first-100-collectible-registry-v1.md,P-010,AI-W001 / Black Ward Witness Interface,RELATIONSHIP,C1|C6|C7,인격체·증언 관계와 동의권·정체 미스터리가 결합,NONE
DRY-CL-R-000034,docs/09_collection/first-100-collectible-registry-v1.md#P-010,docs/09_collection/first-100-collectible-registry-v1.md,P-010,AI-W001 / Black Ward Witness Interface,CONTROL_CLAIM,C1|C6|C7,인격체·증언 관계와 동의권·정체 미스터리가 결합,NONE
DRY-CL-R-000035,docs/09_collection/first-100-collectible-registry-v1.md#P-010,docs/09_collection/first-100-collectible-registry-v1.md,P-010,AI-W001 / Black Ward Witness Interface,NARRATIVE_PROMISE,C1|C6|C7,인격체·증언 관계와 동의권·정체 미스터리가 결합,NONE
DRY-CL-R-000036,docs/09_collection/first-100-collectible-registry-v1.md#P-011,docs/09_collection/first-100-collectible-registry-v1.md,P-011,Protector/Community Focal Network,ENTITY,C1|C7,공동체 실체·대표 관계와 치료·헌장 권리가 결합,NONE
DRY-CL-R-000037,docs/09_collection/first-100-collectible-registry-v1.md#P-011,docs/09_collection/first-100-collectible-registry-v1.md,P-011,Protector/Community Focal Network,RELATIONSHIP,C1|C7,공동체 실체·대표 관계와 치료·헌장 권리가 결합,NONE
DRY-CL-R-000038,docs/09_collection/first-100-collectible-registry-v1.md#P-011,docs/09_collection/first-100-collectible-registry-v1.md,P-011,Protector/Community Focal Network,CONTROL_CLAIM,C1|C7,공동체 실체·대표 관계와 치료·헌장 권리가 결합,NONE
DRY-CL-R-000039,docs/09_collection/first-100-collectible-registry-v1.md#F-001,docs/09_collection/first-100-collectible-registry-v1.md,F-001,07 Core / AUXILIA Inspection Kernel,ENTITY,C2|C6,코어 실체와 공동 접근권·분산복구 상태가 결합,NONE
DRY-CL-R-000040,docs/09_collection/first-100-collectible-registry-v1.md#F-001,docs/09_collection/first-100-collectible-registry-v1.md,F-001,07 Core / AUXILIA Inspection Kernel,CONTROL_CLAIM,C2|C6,코어 실체와 공동 접근권·분산복구 상태가 결합,NONE
DRY-CL-R-000041,docs/09_collection/first-100-collectible-registry-v1.md#F-001,docs/09_collection/first-100-collectible-registry-v1.md,F-001,07 Core / AUXILIA Inspection Kernel,STATE_TRANSITION,C2|C6,코어 실체와 공동 접근권·분산복구 상태가 결합,NONE
DRY-CL-R-000042,docs/09_collection/first-100-collectible-registry-v1.md#F-002,docs/09_collection/first-100-collectible-registry-v1.md,F-002,Asymmetric Radiator Wing,ENTITY,C2|C7,냉각 부품과 경매 청구권·검사채무가 결합,NONE
DRY-CL-R-000043,docs/09_collection/first-100-collectible-registry-v1.md#F-002,docs/09_collection/first-100-collectible-registry-v1.md,F-002,Asymmetric Radiator Wing,CONTROL_CLAIM,C2|C7,냉각 부품과 경매 청구권·검사채무가 결합,NONE
DRY-CL-R-000044,docs/09_collection/first-100-collectible-registry-v1.md#F-002,docs/09_collection/first-100-collectible-registry-v1.md,F-002,Asymmetric Radiator Wing,LOSS_OBLIGATION,C2|C7,냉각 부품과 경매 청구권·검사채무가 결합,NONE
DRY-CL-R-000045,docs/09_collection/first-100-collectible-registry-v1.md#F-003,docs/09_collection/first-100-collectible-registry-v1.md,F-003,Industrial Manipulator Arm,ENTITY,C2|C3|C7,기체 팔·공구 실체와 회수·노동 청구가 결합,NONE
DRY-CL-R-000046,docs/09_collection/first-100-collectible-registry-v1.md#F-003,docs/09_collection/first-100-collectible-registry-v1.md,F-003,Industrial Manipulator Arm,CONTROL_CLAIM,C2|C3|C7,기체 팔·공구 실체와 회수·노동 청구가 결합,NONE
DRY-CL-R-000047,docs/09_collection/first-100-collectible-registry-v1.md#F-004,docs/09_collection/first-100-collectible-registry-v1.md,F-004,Anchor Shield Plate,ENTITY,C3|C7,방어 장비와 임무 사용권이 명시적으로 분리됨,NONE
DRY-CL-R-000048,docs/09_collection/first-100-collectible-registry-v1.md#F-004,docs/09_collection/first-100-collectible-registry-v1.md,F-004,Anchor Shield Plate,CONTROL_CLAIM,C3|C7,방어 장비와 임무 사용권이 명시적으로 분리됨,NONE
DRY-CL-R-000049,docs/09_collection/first-100-collectible-registry-v1.md#F-005,docs/09_collection/first-100-collectible-registry-v1.md,F-005,Mixed Leg Pair,ENTITY,C2,다리 실체와 손상·재건·교리화 전이가 결합,NONE
DRY-CL-R-000050,docs/09_collection/first-100-collectible-registry-v1.md#F-005,docs/09_collection/first-100-collectible-registry-v1.md,F-005,Mixed Leg Pair,STATE_TRANSITION,C2,다리 실체와 손상·재건·교리화 전이가 결합,NONE
DRY-CL-R-000051,docs/09_collection/first-100-collectible-registry-v1.md#F-006,docs/09_collection/first-100-collectible-registry-v1.md,F-006,Utility Sensor Head,ENTITY,C2,센서 헤드와 손실·교체·수리 전이가 결합,NONE
DRY-CL-R-000052,docs/09_collection/first-100-collectible-registry-v1.md#F-006,docs/09_collection/first-100-collectible-registry-v1.md,F-006,Utility Sensor Head,STATE_TRANSITION,C2,센서 헤드와 손실·교체·수리 전이가 결합,NONE
DRY-CL-R-000053,docs/09_collection/first-100-collectible-registry-v1.md#F-007,docs/09_collection/first-100-collectible-registry-v1.md,F-007,Thermal Cutter Lance,ENTITY,C3,독립 운용되는 절단 공구·무기 실체,NONE
DRY-CL-R-000054,docs/09_collection/first-100-collectible-registry-v1.md#F-008,docs/09_collection/first-100-collectible-registry-v1.md,F-008,Rescue Tether/Cable Launcher,ENTITY,C3,독립 기능과 비용을 지닌 구조 발사기 실체,NONE
DRY-CL-R-000055,docs/09_collection/first-100-collectible-registry-v1.md#F-009,docs/09_collection/first-100-collectible-registry-v1.md,F-009,Sensor-Tag Projector,ENTITY,C3,훈련 장비와 통신 중계용 개조 전이가 결합,NONE
DRY-CL-R-000056,docs/09_collection/first-100-collectible-registry-v1.md#F-009,docs/09_collection/first-100-collectible-registry-v1.md,F-009,Sensor-Tag Projector,STATE_TRANSITION,C3,훈련 장비와 통신 중계용 개조 전이가 결합,NONE
DRY-CL-R-000057,docs/09_collection/first-100-collectible-registry-v1.md#F-010,docs/09_collection/first-100-collectible-registry-v1.md,F-010,H-002 Calibration Toolset,ENTITY,C1|C3|C6|C7,공구 실체와 접근·가족 소유권·계약부담이 결합,NONE
DRY-CL-R-000058,docs/09_collection/first-100-collectible-registry-v1.md#F-010,docs/09_collection/first-100-collectible-registry-v1.md,F-010,H-002 Calibration Toolset,CONTROL_CLAIM,C1|C3|C6|C7,공구 실체와 접근·가족 소유권·계약부담이 결합,NONE
DRY-CL-R-000059,docs/09_collection/first-100-collectible-registry-v1.md#F-010,docs/09_collection/first-100-collectible-registry-v1.md,F-010,H-002 Calibration Toolset,LOSS_OBLIGATION,C1|C3|C6|C7,공구 실체와 접근·가족 소유권·계약부담이 결합,NONE
DRY-CL-R-000060,docs/09_collection/first-100-collectible-registry-v1.md#F-011,docs/09_collection/first-100-collectible-registry-v1.md,F-011,Service Authority Key A,ENTITY,C4|C6|C8,물리 키와 서비스 권한·칠중 권한 약속이 결합,NONE
DRY-CL-R-000061,docs/09_collection/first-100-collectible-registry-v1.md#F-011,docs/09_collection/first-100-collectible-registry-v1.md,F-011,Service Authority Key A,CONTROL_CLAIM,C4|C6|C8,물리 키와 서비스 권한·칠중 권한 약속이 결합,NONE
DRY-CL-R-000062,docs/09_collection/first-100-collectible-registry-v1.md#F-011,docs/09_collection/first-100-collectible-registry-v1.md,F-011,Service Authority Key A,NARRATIVE_PROMISE,C4|C6|C8,물리 키와 서비스 권한·칠중 권한 약속이 결합,NONE
DRY-CL-R-000063,docs/09_collection/first-100-collectible-registry-v1.md#F-012,docs/09_collection/first-100-collectible-registry-v1.md,F-012,Service Authority Key B,ENTITY,C2|C4|C6|C7,물리 키와 공동 접근권·승계 단서가 결합,NONE
DRY-CL-R-000064,docs/09_collection/first-100-collectible-registry-v1.md#F-012,docs/09_collection/first-100-collectible-registry-v1.md,F-012,Service Authority Key B,CONTROL_CLAIM,C2|C4|C6|C7,물리 키와 공동 접근권·승계 단서가 결합,NONE
DRY-CL-R-000065,docs/09_collection/first-100-collectible-registry-v1.md#F-012,docs/09_collection/first-100-collectible-registry-v1.md,F-012,Service Authority Key B,NARRATIVE_PROMISE,C2|C4|C6|C7,물리 키와 공동 접근권·승계 단서가 결합,NONE
DRY-CL-R-000066,docs/09_collection/first-100-collectible-registry-v1.md#F-013,docs/09_collection/first-100-collectible-registry-v1.md,F-013,Service Authority Key C,CONTROL_CLAIM,C1|C6|C7,비물리 프로토콜 접근과 부분획득·정체 단서가 결합,NONE
DRY-CL-R-000067,docs/09_collection/first-100-collectible-registry-v1.md#F-013,docs/09_collection/first-100-collectible-registry-v1.md,F-013,Service Authority Key C,STATE_TRANSITION,C1|C6|C7,비물리 프로토콜 접근과 부분획득·정체 단서가 결합,NONE
DRY-CL-R-000068,docs/09_collection/first-100-collectible-registry-v1.md#F-013,docs/09_collection/first-100-collectible-registry-v1.md,F-013,Service Authority Key C,NARRATIVE_PROMISE,C1|C6|C7,비물리 프로토콜 접근과 부분획득·정체 단서가 결합,NONE
DRY-CL-R-000069,docs/09_collection/first-100-collectible-registry-v1.md#F-014,docs/09_collection/first-100-collectible-registry-v1.md,F-014,Previous Technician Logs,ENTITY,C2|C4|C6,분산 로그·소유 증거와 미완성 계보 세트가 결합,NONE
DRY-CL-R-000070,docs/09_collection/first-100-collectible-registry-v1.md#F-014,docs/09_collection/first-100-collectible-registry-v1.md,F-014,Previous Technician Logs,CONTROL_CLAIM,C2|C4|C6,분산 로그·소유 증거와 미완성 계보 세트가 결합,NONE
DRY-CL-R-000071,docs/09_collection/first-100-collectible-registry-v1.md#F-014,docs/09_collection/first-100-collectible-registry-v1.md,F-014,Previous Technician Logs,NARRATIVE_PROMISE,C2|C4|C6,분산 로그·소유 증거와 미완성 계보 세트가 결합,NONE
DRY-CL-R-000072,docs/09_collection/first-100-collectible-registry-v1.md#F-014,docs/09_collection/first-100-collectible-registry-v1.md,F-014,Previous Technician Logs,SET,C2|C4|C6,분산 로그·소유 증거와 미완성 계보 세트가 결합,NONE
DRY-CL-R-000073,docs/09_collection/first-100-collectible-registry-v1.md#R-001,docs/09_collection/first-100-collectible-registry-v1.md,R-001,Betrayal-Trial Relay Fragment,ENTITY,C4|C7,기록 파편·증거 효력과 미완 배신 진실이 결합,NONE
DRY-CL-R-000074,docs/09_collection/first-100-collectible-registry-v1.md#R-001,docs/09_collection/first-100-collectible-registry-v1.md,R-001,Betrayal-Trial Relay Fragment,CONTROL_CLAIM,C4|C7,기록 파편·증거 효력과 미완 배신 진실이 결합,NONE
DRY-CL-R-000075,docs/09_collection/first-100-collectible-registry-v1.md#R-001,docs/09_collection/first-100-collectible-registry-v1.md,R-001,Betrayal-Trial Relay Fragment,NARRATIVE_PROMISE,C4|C7,기록 파편·증거 효력과 미완 배신 진실이 결합,NONE
DRY-CL-R-000076,docs/09_collection/first-100-collectible-registry-v1.md#R-002,docs/09_collection/first-100-collectible-registry-v1.md,R-002,Student/Family Custody Manifest Fragments,ENTITY,C1|C4|C7,명단 파편·신원 통제·분산손실·사건세트가 결합,NONE
DRY-CL-R-000077,docs/09_collection/first-100-collectible-registry-v1.md#R-002,docs/09_collection/first-100-collectible-registry-v1.md,R-002,Student/Family Custody Manifest Fragments,CONTROL_CLAIM,C1|C4|C7,명단 파편·신원 통제·분산손실·사건세트가 결합,NONE
DRY-CL-R-000078,docs/09_collection/first-100-collectible-registry-v1.md#R-002,docs/09_collection/first-100-collectible-registry-v1.md,R-002,Student/Family Custody Manifest Fragments,STATE_TRANSITION,C1|C4|C7,명단 파편·신원 통제·분산손실·사건세트가 결합,NONE
DRY-CL-R-000079,docs/09_collection/first-100-collectible-registry-v1.md#R-002,docs/09_collection/first-100-collectible-registry-v1.md,R-002,Student/Family Custody Manifest Fragments,LOSS_OBLIGATION,C1|C4|C7,명단 파편·신원 통제·분산손실·사건세트가 결합,NONE
DRY-CL-R-000080,docs/09_collection/first-100-collectible-registry-v1.md#R-002,docs/09_collection/first-100-collectible-registry-v1.md,R-002,Student/Family Custody Manifest Fragments,SET,C1|C4|C7,명단 파편·신원 통제·분산손실·사건세트가 결합,NONE
DRY-CL-R-000081,docs/09_collection/first-100-collectible-registry-v1.md#R-003,docs/09_collection/first-100-collectible-registry-v1.md,R-003,Medical/Administrative Death Records,ENTITY,C1|C4|C7,사망기록 파편·동의 통제와 정체 미스터리 세트가 결합,NONE
DRY-CL-R-000082,docs/09_collection/first-100-collectible-registry-v1.md#R-003,docs/09_collection/first-100-collectible-registry-v1.md,R-003,Medical/Administrative Death Records,CONTROL_CLAIM,C1|C4|C7,사망기록 파편·동의 통제와 정체 미스터리 세트가 결합,NONE
DRY-CL-R-000083,docs/09_collection/first-100-collectible-registry-v1.md#R-003,docs/09_collection/first-100-collectible-registry-v1.md,R-003,Medical/Administrative Death Records,NARRATIVE_PROMISE,C1|C4|C7,사망기록 파편·동의 통제와 정체 미스터리 세트가 결합,NONE
DRY-CL-R-000084,docs/09_collection/first-100-collectible-registry-v1.md#R-003,docs/09_collection/first-100-collectible-registry-v1.md,R-003,Medical/Administrative Death Records,SET,C1|C4|C7,사망기록 파편·동의 통제와 정체 미스터리 세트가 결합,NONE
DRY-CL-R-000085,docs/09_collection/first-100-collectible-registry-v1.md#R-004,docs/09_collection/first-100-collectible-registry-v1.md,R-004,Neutral Medical Protection Clause,CONTROL_CLAIM,C1|C7,임시 의료보호권과 채무·보증 의무가 결합,NONE
DRY-CL-R-000086,docs/09_collection/first-100-collectible-registry-v1.md#R-004,docs/09_collection/first-100-collectible-registry-v1.md,R-004,Neutral Medical Protection Clause,LOSS_OBLIGATION,C1|C7,임시 의료보호권과 채무·보증 의무가 결합,NONE
DRY-CL-R-000087,docs/09_collection/first-100-collectible-registry-v1.md#R-005,docs/09_collection/first-100-collectible-registry-v1.md,R-005,White Dock Joint-Custody/Evidence Order,CONTROL_CLAIM,C2|C3|C7,공동보관 명령과 만료 전이·복귀 의무가 결합,NONE
DRY-CL-R-000088,docs/09_collection/first-100-collectible-registry-v1.md#R-005,docs/09_collection/first-100-collectible-registry-v1.md,R-005,White Dock Joint-Custody/Evidence Order,STATE_TRANSITION,C2|C3|C7,공동보관 명령과 만료 전이·복귀 의무가 결합,NONE
DRY-CL-R-000089,docs/09_collection/first-100-collectible-registry-v1.md#R-005,docs/09_collection/first-100-collectible-registry-v1.md,R-005,White Dock Joint-Custody/Evidence Order,LOSS_OBLIGATION,C2|C3|C7,공동보관 명령과 만료 전이·복귀 의무가 결합,NONE
DRY-CL-R-000090,docs/09_collection/first-100-collectible-registry-v1.md#R-006,docs/09_collection/first-100-collectible-registry-v1.md,R-006,Student Mutual Guarantee Fund,ENTITY,C1|C7,공동기금 실체·지원관계와 출자·채무 의무가 결합,NONE
DRY-CL-R-000091,docs/09_collection/first-100-collectible-registry-v1.md#R-006,docs/09_collection/first-100-collectible-registry-v1.md,R-006,Student Mutual Guarantee Fund,RELATIONSHIP,C1|C7,공동기금 실체·지원관계와 출자·채무 의무가 결합,NONE
DRY-CL-R-000092,docs/09_collection/first-100-collectible-registry-v1.md#R-006,docs/09_collection/first-100-collectible-registry-v1.md,R-006,Student Mutual Guarantee Fund,CONTROL_CLAIM,C1|C7,공동기금 실체·지원관계와 출자·채무 의무가 결합,NONE
DRY-CL-R-000093,docs/09_collection/first-100-collectible-registry-v1.md#R-006,docs/09_collection/first-100-collectible-registry-v1.md,R-006,Student Mutual Guarantee Fund,LOSS_OBLIGATION,C1|C7,공동기금 실체·지원관계와 출자·채무 의무가 결합,NONE
DRY-CL-R-000094,docs/09_collection/first-100-collectible-registry-v1.md#R-007,docs/09_collection/first-100-collectible-registry-v1.md,R-007,H-002 Maintenance and Design-Rights Agreement,RELATIONSHIP,C1|C2|C6|C7,계약 관계와 설계·정비권·데이터 의무가 결합,NONE
DRY-CL-R-000095,docs/09_collection/first-100-collectible-registry-v1.md#R-007,docs/09_collection/first-100-collectible-registry-v1.md,R-007,H-002 Maintenance and Design-Rights Agreement,CONTROL_CLAIM,C1|C2|C6|C7,계약 관계와 설계·정비권·데이터 의무가 결합,NONE
DRY-CL-R-000096,docs/09_collection/first-100-collectible-registry-v1.md#R-007,docs/09_collection/first-100-collectible-registry-v1.md,R-007,H-002 Maintenance and Design-Rights Agreement,LOSS_OBLIGATION,C1|C2|C6|C7,계약 관계와 설계·정비권·데이터 의무가 결합,NONE
DRY-CL-R-000097,docs/09_collection/first-100-collectible-registry-v1.md#R-008,docs/09_collection/first-100-collectible-registry-v1.md,R-008,External Mission License,CONTROL_CLAIM,C1|C5|C7,외부 임무권과 개정 전이·감독채무가 결합,NONE
DRY-CL-R-000098,docs/09_collection/first-100-collectible-registry-v1.md#R-008,docs/09_collection/first-100-collectible-registry-v1.md,R-008,External Mission License,STATE_TRANSITION,C1|C5|C7,외부 임무권과 개정 전이·감독채무가 결합,NONE
DRY-CL-R-000099,docs/09_collection/first-100-collectible-registry-v1.md#R-008,docs/09_collection/first-100-collectible-registry-v1.md,R-008,External Mission License,LOSS_OBLIGATION,C1|C5|C7,외부 임무권과 개정 전이·감독채무가 결합,NONE
DRY-CL-R-000100,docs/09_collection/first-100-collectible-registry-v1.md#R-009,docs/09_collection/first-100-collectible-registry-v1.md,R-009,Patient Consent and Data-Access Protocol,CONTROL_CLAIM,C1|C6|C7,환자 동의·데이터권과 정보제한 책임이 결합,NONE
DRY-CL-R-000101,docs/09_collection/first-100-collectible-registry-v1.md#R-009,docs/09_collection/first-100-collectible-registry-v1.md,R-009,Patient Consent and Data-Access Protocol,LOSS_OBLIGATION,C1|C6|C7,환자 동의·데이터권과 정보제한 책임이 결합,NONE
DRY-CL-R-000102,docs/09_collection/first-100-collectible-registry-v1.md#R-010,docs/09_collection/first-100-collectible-registry-v1.md,R-010,Student/Staff Preference and Representation Record,CONTROL_CLAIM,C1|C7,선호·대표성을 증명하는 단일 통제 기록,NONE
DRY-CL-R-000103,docs/09_collection/first-100-collectible-registry-v1.md#R-011,docs/09_collection/first-100-collectible-registry-v1.md,R-011,제13학원 임시공동운영·보호헌장,RELATIONSHIP,C1|C7,공동운영 관계와 권리·대표·재정부담이 결합,NONE
DRY-CL-R-000104,docs/09_collection/first-100-collectible-registry-v1.md#R-011,docs/09_collection/first-100-collectible-registry-v1.md,R-011,제13학원 임시공동운영·보호헌장,CONTROL_CLAIM,C1|C7,공동운영 관계와 권리·대표·재정부담이 결합,NONE
DRY-CL-R-000105,docs/09_collection/first-100-collectible-registry-v1.md#R-011,docs/09_collection/first-100-collectible-registry-v1.md,R-011,제13학원 임시공동운영·보호헌장,LOSS_OBLIGATION,C1|C7,공동운영 관계와 권리·대표·재정부담이 결합,NONE
DRY-CL-R-000106,docs/09_collection/first-100-collectible-registry-v1.md#R-012,docs/09_collection/first-100-collectible-registry-v1.md,R-012,07 Multi-Party Custody and Command Key Scheme,RELATIONSHIP,C2|C7,다자 보관관계·지휘권·지연부담·기능세트가 결합,NONE
DRY-CL-R-000107,docs/09_collection/first-100-collectible-registry-v1.md#R-012,docs/09_collection/first-100-collectible-registry-v1.md,R-012,07 Multi-Party Custody and Command Key Scheme,CONTROL_CLAIM,C2|C7,다자 보관관계·지휘권·지연부담·기능세트가 결합,NONE
DRY-CL-R-000108,docs/09_collection/first-100-collectible-registry-v1.md#R-012,docs/09_collection/first-100-collectible-registry-v1.md,R-012,07 Multi-Party Custody and Command Key Scheme,LOSS_OBLIGATION,C2|C7,다자 보관관계·지휘권·지연부담·기능세트가 결합,NONE
DRY-CL-R-000109,docs/09_collection/first-100-collectible-registry-v1.md#R-012,docs/09_collection/first-100-collectible-registry-v1.md,R-012,07 Multi-Party Custody and Command Key Scheme,SET,C2|C7,다자 보관관계·지휘권·지연부담·기능세트가 결합,NONE
DRY-CL-R-000110,docs/09_collection/first-100-collectible-registry-v1.md#I-001,docs/09_collection/first-100-collectible-registry-v1.md,I-001,Student Mutual Network / Assembly Seed,ENTITY,C1|C7,학생 조직 실체와 대표·상호부조 관계가 결합,NONE
DRY-CL-R-000111,docs/09_collection/first-100-collectible-registry-v1.md#I-001,docs/09_collection/first-100-collectible-registry-v1.md,I-001,Student Mutual Network / Assembly Seed,RELATIONSHIP,C1|C7,학생 조직 실체와 대표·상호부조 관계가 결합,NONE
DRY-CL-R-000112,docs/09_collection/first-100-collectible-registry-v1.md#I-002,docs/09_collection/first-100-collectible-registry-v1.md,I-002,Open-Service Workshop Seed,ENTITY,C3|C6|C7,작업장 실체와 승인·감사권·안전부담이 결합,NONE
DRY-CL-R-000113,docs/09_collection/first-100-collectible-registry-v1.md#I-002,docs/09_collection/first-100-collectible-registry-v1.md,I-002,Open-Service Workshop Seed,CONTROL_CLAIM,C3|C6|C7,작업장 실체와 승인·감사권·안전부담이 결합,NONE
DRY-CL-R-000114,docs/09_collection/first-100-collectible-registry-v1.md#I-002,docs/09_collection/first-100-collectible-registry-v1.md,I-002,Open-Service Workshop Seed,LOSS_OBLIGATION,C3|C6|C7,작업장 실체와 승인·감사권·안전부담이 결합,NONE
DRY-CL-R-000115,docs/09_collection/first-100-collectible-registry-v1.md#I-003,docs/09_collection/first-100-collectible-registry-v1.md,I-003,Multi-Party Medical Oversight,ENTITY,C1|C7,감독기구·다자관계와 의료권한·공급책임이 결합,NONE
DRY-CL-R-000116,docs/09_collection/first-100-collectible-registry-v1.md#I-003,docs/09_collection/first-100-collectible-registry-v1.md,I-003,Multi-Party Medical Oversight,RELATIONSHIP,C1|C7,감독기구·다자관계와 의료권한·공급책임이 결합,NONE
DRY-CL-R-000117,docs/09_collection/first-100-collectible-registry-v1.md#I-003,docs/09_collection/first-100-collectible-registry-v1.md,I-003,Multi-Party Medical Oversight,CONTROL_CLAIM,C1|C7,감독기구·다자관계와 의료권한·공급책임이 결합,NONE
DRY-CL-R-000118,docs/09_collection/first-100-collectible-registry-v1.md#I-003,docs/09_collection/first-100-collectible-registry-v1.md,I-003,Multi-Party Medical Oversight,LOSS_OBLIGATION,C1|C7,감독기구·다자관계와 의료권한·공급책임이 결합,NONE
DRY-CL-R-000119,docs/09_collection/first-100-collectible-registry-v1.md#I-004,docs/09_collection/first-100-collectible-registry-v1.md,I-004,Fifth-Answer Myth,STATE_TRANSITION,C1|C7,사회적 신화 약속과 원칙 재해석 전이가 결합,NONE
DRY-CL-R-000120,docs/09_collection/first-100-collectible-registry-v1.md#I-004,docs/09_collection/first-100-collectible-registry-v1.md,I-004,Fifth-Answer Myth,NARRATIVE_PROMISE,C1|C7,사회적 신화 약속과 원칙 재해석 전이가 결합,NONE
DRY-CL-R-000121,docs/09_collection/first-100-collectible-registry-v1.md#I-005,docs/09_collection/first-100-collectible-registry-v1.md,I-005,Academy Alumni/External Mission Cell,ENTITY,C1|C5|C7,임무조직 실체·구성원 관계와 면허권이 결합,NONE
DRY-CL-R-000122,docs/09_collection/first-100-collectible-registry-v1.md#I-005,docs/09_collection/first-100-collectible-registry-v1.md,I-005,Academy Alumni/External Mission Cell,RELATIONSHIP,C1|C5|C7,임무조직 실체·구성원 관계와 면허권이 결합,NONE
DRY-CL-R-000123,docs/09_collection/first-100-collectible-registry-v1.md#I-005,docs/09_collection/first-100-collectible-registry-v1.md,I-005,Academy Alumni/External Mission Cell,CONTROL_CLAIM,C1|C5|C7,임무조직 실체·구성원 관계와 면허권이 결합,NONE
DRY-CL-R-000124,docs/09_collection/ga8-collection-registry-v1.md#G8-P01,docs/09_collection/ga8-collection-registry-v1.md,G8-P01,Continuity Authentication Directorate,ENTITY,C1|C6|C7|C8,기관·경쟁관계·인증권한이 한 행에 결합,NONE
DRY-CL-R-000125,docs/09_collection/ga8-collection-registry-v1.md#G8-P01,docs/09_collection/ga8-collection-registry-v1.md,G8-P01,Continuity Authentication Directorate,RELATIONSHIP,C1|C6|C7|C8,기관·경쟁관계·인증권한이 한 행에 결합,NONE
DRY-CL-R-000126,docs/09_collection/ga8-collection-registry-v1.md#G8-P01,docs/09_collection/ga8-collection-registry-v1.md,G8-P01,Continuity Authentication Directorate,CONTROL_CLAIM,C1|C6|C7|C8,기관·경쟁관계·인증권한이 한 행에 결합,NONE
DRY-CL-R-000127,docs/09_collection/ga8-collection-registry-v1.md#G8-P02,docs/09_collection/ga8-collection-registry-v1.md,G8-P02,Plural Archive Coalition,ENTITY,C1|C6|C7|C8,연합체·참여관계·분산접근권을 함께 서술,NONE
DRY-CL-R-000128,docs/09_collection/ga8-collection-registry-v1.md#G8-P02,docs/09_collection/ga8-collection-registry-v1.md,G8-P02,Plural Archive Coalition,RELATIONSHIP,C1|C6|C7|C8,연합체·참여관계·분산접근권을 함께 서술,NONE
DRY-CL-R-000129,docs/09_collection/ga8-collection-registry-v1.md#G8-P02,docs/09_collection/ga8-collection-registry-v1.md,G8-P02,Plural Archive Coalition,CONTROL_CLAIM,C1|C6|C7|C8,연합체·참여관계·분산접근권을 함께 서술,NONE
DRY-CL-R-000130,docs/09_collection/ga8-collection-registry-v1.md#G8-P03,docs/09_collection/ga8-collection-registry-v1.md,G8-P03,Restoration Truth Assembly,ENTITY,C1|C6|C7,조직·증거참여·공개권리·분열상태가 결합,NONE
DRY-CL-R-000131,docs/09_collection/ga8-collection-registry-v1.md#G8-P03,docs/09_collection/ga8-collection-registry-v1.md,G8-P03,Restoration Truth Assembly,RELATIONSHIP,C1|C6|C7,조직·증거참여·공개권리·분열상태가 결합,NONE
DRY-CL-R-000132,docs/09_collection/ga8-collection-registry-v1.md#G8-P03,docs/09_collection/ga8-collection-registry-v1.md,G8-P03,Restoration Truth Assembly,CONTROL_CLAIM,C1|C6|C7,조직·증거참여·공개권리·분열상태가 결합,NONE
DRY-CL-R-000133,docs/09_collection/ga8-collection-registry-v1.md#G8-P03,docs/09_collection/ga8-collection-registry-v1.md,G8-P03,Restoration Truth Assembly,STATE_TRANSITION,C1|C6|C7,조직·증거참여·공개권리·분열상태가 결합,NONE
DRY-CL-R-000134,docs/09_collection/ga8-collection-registry-v1.md#G8-P04,docs/09_collection/ga8-collection-registry-v1.md,G8-P04,Right-to-Forget / Liberation Network,ENTITY,C1|C6|C7,조직·삭제권리·증거파괴·분파상태가 결합,NONE
DRY-CL-R-000135,docs/09_collection/ga8-collection-registry-v1.md#G8-P04,docs/09_collection/ga8-collection-registry-v1.md,G8-P04,Right-to-Forget / Liberation Network,CONTROL_CLAIM,C1|C6|C7,조직·삭제권리·증거파괴·분파상태가 결합,NONE
DRY-CL-R-000136,docs/09_collection/ga8-collection-registry-v1.md#G8-P04,docs/09_collection/ga8-collection-registry-v1.md,G8-P04,Right-to-Forget / Liberation Network,STATE_TRANSITION,C1|C6|C7,조직·삭제권리·증거파괴·분파상태가 결합,NONE
DRY-CL-R-000137,docs/09_collection/ga8-collection-registry-v1.md#G8-P04,docs/09_collection/ga8-collection-registry-v1.md,G8-P04,Right-to-Forget / Liberation Network,LOSS_OBLIGATION,C1|C6|C7,조직·삭제권리·증거파괴·분파상태가 결합,NONE
DRY-CL-R-000138,docs/09_collection/ga8-collection-registry-v1.md#G8-P05,docs/09_collection/ga8-collection-registry-v1.md,G8-P05,AI and Composite Persons Compact,ENTITY,C1|C6|C7,협약체·인격권리·강제복제·영구정체성손실이 결합,NONE
DRY-CL-R-000139,docs/09_collection/ga8-collection-registry-v1.md#G8-P05,docs/09_collection/ga8-collection-registry-v1.md,G8-P05,AI and Composite Persons Compact,CONTROL_CLAIM,C1|C6|C7,협약체·인격권리·강제복제·영구정체성손실이 결합,NONE
DRY-CL-R-000140,docs/09_collection/ga8-collection-registry-v1.md#G8-P05,docs/09_collection/ga8-collection-registry-v1.md,G8-P05,AI and Composite Persons Compact,STATE_TRANSITION,C1|C6|C7,협약체·인격권리·강제복제·영구정체성손실이 결합,NONE
DRY-CL-R-000141,docs/09_collection/ga8-collection-registry-v1.md#G8-P05,docs/09_collection/ga8-collection-registry-v1.md,G8-P05,AI and Composite Persons Compact,LOSS_OBLIGATION,C1|C6|C7,협약체·인격권리·강제복제·영구정체성손실이 결합,NONE
DRY-CL-R-000142,docs/09_collection/ga8-collection-registry-v1.md#G8-P06,docs/09_collection/ga8-collection-registry-v1.md,G8-P06,State/Helix Operational Records Alliance,ENTITY,C1|C6|C7,동맹체·협력경쟁관계·독점통제권을 함께 서술,NONE
DRY-CL-R-000143,docs/09_collection/ga8-collection-registry-v1.md#G8-P06,docs/09_collection/ga8-collection-registry-v1.md,G8-P06,State/Helix Operational Records Alliance,RELATIONSHIP,C1|C6|C7,동맹체·협력경쟁관계·독점통제권을 함께 서술,NONE
DRY-CL-R-000144,docs/09_collection/ga8-collection-registry-v1.md#G8-P06,docs/09_collection/ga8-collection-registry-v1.md,G8-P06,State/Helix Operational Records Alliance,CONTROL_CLAIM,C1|C6|C7,동맹체·협력경쟁관계·독점통제권을 함께 서술,NONE
DRY-CL-R-000145,docs/09_collection/ga8-collection-registry-v1.md#G8-P07,docs/09_collection/ga8-collection-registry-v1.md,G8-P07,Palimpsest Custodian Communities,ENTITY,C6|C7|C8,공동체·참여관계·접근권·거울손실이 결합,NONE
DRY-CL-R-000146,docs/09_collection/ga8-collection-registry-v1.md#G8-P07,docs/09_collection/ga8-collection-registry-v1.md,G8-P07,Palimpsest Custodian Communities,RELATIONSHIP,C6|C7|C8,공동체·참여관계·접근권·거울손실이 결합,NONE
DRY-CL-R-000147,docs/09_collection/ga8-collection-registry-v1.md#G8-P07,docs/09_collection/ga8-collection-registry-v1.md,G8-P07,Palimpsest Custodian Communities,CONTROL_CLAIM,C6|C7|C8,공동체·참여관계·접근권·거울손실이 결합,NONE
DRY-CL-R-000148,docs/09_collection/ga8-collection-registry-v1.md#G8-P07,docs/09_collection/ga8-collection-registry-v1.md,G8-P07,Palimpsest Custodian Communities,STATE_TRANSITION,C6|C7|C8,공동체·참여관계·접근권·거울손실이 결합,NONE
DRY-CL-R-000149,docs/09_collection/ga8-collection-registry-v1.md#G8-P07,docs/09_collection/ga8-collection-registry-v1.md,G8-P07,Palimpsest Custodian Communities,LOSS_OBLIGATION,C6|C7|C8,공동체·참여관계·접근권·거울손실이 결합,NONE
DRY-CL-R-000150,docs/09_collection/ga8-collection-registry-v1.md#G8-P08,docs/09_collection/ga8-collection-registry-v1.md,G8-P08,P-001 as Unrecorded Connector / Seed Corrective Candidate,RELATIONSHIP,C1|C6|C7,연결관계·교정권한·선정진실 약속이 결합,NONE
DRY-CL-R-000151,docs/09_collection/ga8-collection-registry-v1.md#G8-P08,docs/09_collection/ga8-collection-registry-v1.md,G8-P08,P-001 as Unrecorded Connector / Seed Corrective Candidate,CONTROL_CLAIM,C1|C6|C7,연결관계·교정권한·선정진실 약속이 결합,NONE
DRY-CL-R-000152,docs/09_collection/ga8-collection-registry-v1.md#G8-P08,docs/09_collection/ga8-collection-registry-v1.md,G8-P08,P-001 as Unrecorded Connector / Seed Corrective Candidate,NARRATIVE_PROMISE,C1|C6|C7,연결관계·교정권한·선정진실 약속이 결합,NONE
DRY-CL-R-000153,docs/09_collection/ga8-collection-registry-v1.md#G8-R01,docs/09_collection/ga8-collection-registry-v1.md,G8-R01,Temporary Current-Status Layer,CONTROL_CLAIM,C1|C6|C7|C8,현재 신분과 서비스 접근을 정하는 통제층,NONE
DRY-CL-R-000154,docs/09_collection/ga8-collection-registry-v1.md#G8-R02,docs/09_collection/ga8-collection-registry-v1.md,G8-R02,Public Evidence / Intimate Memory / Operational Status Separation,CONTROL_CLAIM,C1|C6|C7,기록권리 분리와 비가역 노출손실을 함께 규정,NONE
DRY-CL-R-000155,docs/09_collection/ga8-collection-registry-v1.md#G8-R02,docs/09_collection/ga8-collection-registry-v1.md,G8-R02,Public Evidence / Intimate Memory / Operational Status Separation,LOSS_OBLIGATION,C1|C6|C7,기록권리 분리와 비가역 노출손실을 함께 규정,NONE
DRY-CL-R-000156,docs/09_collection/ga8-collection-registry-v1.md#G8-R03,docs/09_collection/ga8-collection-registry-v1.md,G8-R03,Authority F Multi-Party Access Mandate,CONTROL_CLAIM,C1|C6|C7,복수 주체의 제한적 기록접근 권한,NONE
DRY-CL-R-000157,docs/09_collection/ga8-collection-registry-v1.md#G8-R04,docs/09_collection/ga8-collection-registry-v1.md,G8-R04,Provisional AI/Composite/Tool Standing,CONTROL_CLAIM,C1|C6|C7,인격·도구 분류별 동의와 접근 권리,NONE
DRY-CL-R-000158,docs/09_collection/ga8-collection-registry-v1.md#G8-R05,docs/09_collection/ga8-collection-registry-v1.md,G8-R05,Forced-Copy/Merge Accountability Record,CONTROL_CLAIM,C1|C6|C7,책임기록·강제복제상태·비가역 정체성손실이 결합,NONE
DRY-CL-R-000159,docs/09_collection/ga8-collection-registry-v1.md#G8-R05,docs/09_collection/ga8-collection-registry-v1.md,G8-R05,Forced-Copy/Merge Accountability Record,STATE_TRANSITION,C1|C6|C7,책임기록·강제복제상태·비가역 정체성손실이 결합,NONE
DRY-CL-R-000160,docs/09_collection/ga8-collection-registry-v1.md#G8-R05,docs/09_collection/ga8-collection-registry-v1.md,G8-R05,Forced-Copy/Merge Accountability Record,LOSS_OBLIGATION,C1|C6|C7,책임기록·강제복제상태·비가역 정체성손실이 결합,NONE
DRY-CL-R-000161,docs/09_collection/ga8-collection-registry-v1.md#G8-R06,docs/09_collection/ga8-collection-registry-v1.md,G8-R06,Preserve/Correct/Plural/Forget/Refuse/Audit Rights Framework,CONTROL_CLAIM,C1|C6|C7,여섯 기록권리를 묶은 운영 프레임워크,NONE
DRY-CL-R-000162,docs/09_collection/ga8-collection-registry-v1.md#G8-R06,docs/09_collection/ga8-collection-registry-v1.md,G8-R06,Preserve/Correct/Plural/Forget/Refuse/Audit Rights Framework,SET,C1|C6|C7,여섯 기록권리를 묶은 운영 프레임워크,NONE
DRY-CL-R-000163,docs/09_collection/ga8-collection-registry-v1.md#G8-R07,docs/09_collection/ga8-collection-registry-v1.md,G8-R07,Bounded Operational Compression Rules,CONTROL_CLAIM,C1|C6|C7,현재 상태 압축과 불확실성 보존 규칙,NONE
DRY-CL-R-000164,docs/09_collection/ga8-collection-registry-v1.md#G8-R08,docs/09_collection/ga8-collection-registry-v1.md,G8-R08,P-001 Access and Memory-Limit Protocol,CONTROL_CLAIM,C1|C6,접근제한·규약침해·지속 기억오염이 결합,NONE
DRY-CL-R-000165,docs/09_collection/ga8-collection-registry-v1.md#G8-R08,docs/09_collection/ga8-collection-registry-v1.md,G8-R08,P-001 Access and Memory-Limit Protocol,STATE_TRANSITION,C1|C6,접근제한·규약침해·지속 기억오염이 결합,NONE
DRY-CL-R-000166,docs/09_collection/ga8-collection-registry-v1.md#G8-R08,docs/09_collection/ga8-collection-registry-v1.md,G8-R08,P-001 Access and Memory-Limit Protocol,LOSS_OBLIGATION,C1|C6,접근제한·규약침해·지속 기억오염이 결합,NONE
DRY-CL-R-000167,docs/09_collection/ga8-collection-registry-v1.md#G8-R09,docs/09_collection/ga8-collection-registry-v1.md,G8-R09,Authority G Split-Key Activation Draft,CONTROL_CLAIM,C1|C6|C7|C8,분할보관·거부권·복수 참여자를 묶은 활성화안,NONE
DRY-CL-R-000168,docs/09_collection/ga8-collection-registry-v1.md#G8-R09,docs/09_collection/ga8-collection-registry-v1.md,G8-R09,Authority G Split-Key Activation Draft,SET,C1|C6|C7|C8,분할보관·거부권·복수 참여자를 묶은 활성화안,NONE
DRY-CL-R-000169,docs/09_collection/ga8-collection-registry-v1.md#G8-R10,docs/09_collection/ga8-collection-registry-v1.md,G8-R10,Seed Consensus Activation Accord,RELATIONSHIP,C1|C6|C7|C8,합의관계·통제권·활성화·서비스조합이 결합,NONE
DRY-CL-R-000170,docs/09_collection/ga8-collection-registry-v1.md#G8-R10,docs/09_collection/ga8-collection-registry-v1.md,G8-R10,Seed Consensus Activation Accord,CONTROL_CLAIM,C1|C6|C7|C8,합의관계·통제권·활성화·서비스조합이 결합,NONE
DRY-CL-R-000171,docs/09_collection/ga8-collection-registry-v1.md#G8-R10,docs/09_collection/ga8-collection-registry-v1.md,G8-R10,Seed Consensus Activation Accord,STATE_TRANSITION,C1|C6|C7|C8,합의관계·통제권·활성화·서비스조합이 결합,NONE
DRY-CL-R-000172,docs/09_collection/ga8-collection-registry-v1.md#G8-R10,docs/09_collection/ga8-collection-registry-v1.md,G8-R10,Seed Consensus Activation Accord,SET,C1|C6|C7|C8,합의관계·통제권·활성화·서비스조합이 결합,NONE
DRY-CL-R-000173,docs/09_collection/ga8-collection-registry-v1.md#G8-A01,docs/09_collection/ga8-collection-registry-v1.md,G8-A01,Meridian Sacred/Founding Archive Source Set,ENTITY,C4|C7|C8,기록원본군과 정본효력 및 세트가 결합,NONE
DRY-CL-R-000174,docs/09_collection/ga8-collection-registry-v1.md#G8-A01,docs/09_collection/ga8-collection-registry-v1.md,G8-A01,Meridian Sacred/Founding Archive Source Set,CONTROL_CLAIM,C4|C7|C8,기록원본군과 정본효력 및 세트가 결합,NONE
DRY-CL-R-000175,docs/09_collection/ga8-collection-registry-v1.md#G8-A01,docs/09_collection/ga8-collection-registry-v1.md,G8-A01,Meridian Sacred/Founding Archive Source Set,SET,C4|C7|C8,기록원본군과 정본효력 및 세트가 결합,NONE
DRY-CL-R-000176,docs/09_collection/ga8-collection-registry-v1.md#G8-A02,docs/09_collection/ga8-collection-registry-v1.md,G8-A02,Black Ward Witness Mesh,ENTITY,C1|C6|C7|C8,증언망·참여관계·동의권·의료부담이 결합,NONE
DRY-CL-R-000177,docs/09_collection/ga8-collection-registry-v1.md#G8-A02,docs/09_collection/ga8-collection-registry-v1.md,G8-A02,Black Ward Witness Mesh,RELATIONSHIP,C1|C6|C7|C8,증언망·참여관계·동의권·의료부담이 결합,NONE
DRY-CL-R-000178,docs/09_collection/ga8-collection-registry-v1.md#G8-A02,docs/09_collection/ga8-collection-registry-v1.md,G8-A02,Black Ward Witness Mesh,CONTROL_CLAIM,C1|C6|C7|C8,증언망·참여관계·동의권·의료부담이 결합,NONE
DRY-CL-R-000179,docs/09_collection/ga8-collection-registry-v1.md#G8-A02,docs/09_collection/ga8-collection-registry-v1.md,G8-A02,Black Ward Witness Mesh,LOSS_OBLIGATION,C1|C6|C7|C8,증언망·참여관계·동의권·의료부담이 결합,NONE
DRY-CL-R-000180,docs/09_collection/ga8-collection-registry-v1.md#G8-A03,docs/09_collection/ga8-collection-registry-v1.md,G8-A03,Ardis/Route Plural Mirror,ENTITY,C6|C7|C8,거울체계·향후대립·지역교정권을 함께 서술,NONE
DRY-CL-R-000181,docs/09_collection/ga8-collection-registry-v1.md#G8-A03,docs/09_collection/ga8-collection-registry-v1.md,G8-A03,Ardis/Route Plural Mirror,RELATIONSHIP,C6|C7|C8,거울체계·향후대립·지역교정권을 함께 서술,NONE
DRY-CL-R-000182,docs/09_collection/ga8-collection-registry-v1.md#G8-A03,docs/09_collection/ga8-collection-registry-v1.md,G8-A03,Ardis/Route Plural Mirror,CONTROL_CLAIM,C6|C7|C8,거울체계·향후대립·지역교정권을 함께 서술,NONE
DRY-CL-R-000183,docs/09_collection/ga8-collection-registry-v1.md#G8-A04,docs/09_collection/ga8-collection-registry-v1.md,G8-A04,Palimpsest Regional Mirror Cluster,ENTITY,C6|C7|C8,거울군·접근권·접근상태·영구손실이 결합,NONE
DRY-CL-R-000184,docs/09_collection/ga8-collection-registry-v1.md#G8-A04,docs/09_collection/ga8-collection-registry-v1.md,G8-A04,Palimpsest Regional Mirror Cluster,CONTROL_CLAIM,C6|C7|C8,거울군·접근권·접근상태·영구손실이 결합,NONE
DRY-CL-R-000185,docs/09_collection/ga8-collection-registry-v1.md#G8-A04,docs/09_collection/ga8-collection-registry-v1.md,G8-A04,Palimpsest Regional Mirror Cluster,STATE_TRANSITION,C6|C7|C8,거울군·접근권·접근상태·영구손실이 결합,NONE
DRY-CL-R-000186,docs/09_collection/ga8-collection-registry-v1.md#G8-A04,docs/09_collection/ga8-collection-registry-v1.md,G8-A04,Palimpsest Regional Mirror Cluster,LOSS_OBLIGATION,C6|C7|C8,거울군·접근권·접근상태·영구손실이 결합,NONE
DRY-CL-R-000187,docs/09_collection/ga8-collection-registry-v1.md#G8-A04,docs/09_collection/ga8-collection-registry-v1.md,G8-A04,Palimpsest Regional Mirror Cluster,SET,C6|C7|C8,거울군·접근권·접근상태·영구손실이 결합,NONE
DRY-CL-R-000188,docs/09_collection/ga8-collection-registry-v1.md#G8-A05,docs/09_collection/ga8-collection-registry-v1.md,G8-A05,Continuity Assembly / Seed Consensus Lattice,ENTITY,C6|C7|C8,합의망·상태통제·활성화·다중구조가 결합,NONE
DRY-CL-R-000189,docs/09_collection/ga8-collection-registry-v1.md#G8-A05,docs/09_collection/ga8-collection-registry-v1.md,G8-A05,Continuity Assembly / Seed Consensus Lattice,CONTROL_CLAIM,C6|C7|C8,합의망·상태통제·활성화·다중구조가 결합,NONE
DRY-CL-R-000190,docs/09_collection/ga8-collection-registry-v1.md#G8-A05,docs/09_collection/ga8-collection-registry-v1.md,G8-A05,Continuity Assembly / Seed Consensus Lattice,STATE_TRANSITION,C6|C7|C8,합의망·상태통제·활성화·다중구조가 결합,NONE
DRY-CL-R-000191,docs/09_collection/ga8-collection-registry-v1.md#G8-A05,docs/09_collection/ga8-collection-registry-v1.md,G8-A05,Continuity Assembly / Seed Consensus Lattice,SET,C6|C7|C8,합의망·상태통제·활성화·다중구조가 결합,NONE
DRY-CL-R-000192,docs/09_collection/ga8-collection-registry-v1.md#G8-A06,docs/09_collection/ga8-collection-registry-v1.md,G8-A06,Service Authority F,CONTROL_CLAIM,C6|C7,분산 기록번역과 복수기록 접근 권한,NONE
DRY-CL-R-000193,docs/09_collection/ga8-collection-registry-v1.md#G8-A07,docs/09_collection/ga8-collection-registry-v1.md,G8-A07,Service Authority G,CONTROL_CLAIM,C6|C7,비상통제권과 위기집중 활성화상태가 결합,NONE
DRY-CL-R-000194,docs/09_collection/ga8-collection-registry-v1.md#G8-A07,docs/09_collection/ga8-collection-registry-v1.md,G8-A07,Service Authority G,STATE_TRANSITION,C6|C7,비상통제권과 위기집중 활성화상태가 결합,NONE
DRY-CL-R-000195,docs/09_collection/ga8-collection-registry-v1.md#G8-A08,docs/09_collection/ga8-collection-registry-v1.md,G8-A08,Lost/Exposed Mirror or Source Class,STATE_TRANSITION,C4|C6|C7|C8,미정 원천의 파괴상태·영구손실·회수약속이 결합,NONE
DRY-CL-R-000196,docs/09_collection/ga8-collection-registry-v1.md#G8-A08,docs/09_collection/ga8-collection-registry-v1.md,G8-A08,Lost/Exposed Mirror or Source Class,LOSS_OBLIGATION,C4|C6|C7|C8,미정 원천의 파괴상태·영구손실·회수약속이 결합,NONE
DRY-CL-R-000197,docs/09_collection/ga8-collection-registry-v1.md#G8-A08,docs/09_collection/ga8-collection-registry-v1.md,G8-A08,Lost/Exposed Mirror or Source Class,NARRATIVE_PROMISE,C4|C6|C7|C8,미정 원천의 파괴상태·영구손실·회수약속이 결합,NONE
DRY-CL-R-000198,docs/09_collection/ga8-collection-registry-v1.md#G8-M01,docs/09_collection/ga8-collection-registry-v1.md,G8-M01,Plural Continuity Seed Origin,NARRATIVE_PROMISE,C1|C6|C7|C8,복수 문명 주체의 기원조합 회수약속,NONE
DRY-CL-R-000199,docs/09_collection/ga8-collection-registry-v1.md#G8-M01,docs/09_collection/ga8-collection-registry-v1.md,G8-M01,Plural Continuity Seed Origin,SET,C1|C6|C7|C8,복수 문명 주체의 기원조합 회수약속,NONE
DRY-CL-R-000200,docs/09_collection/ga8-collection-registry-v1.md#G8-M02,docs/09_collection/ga8-collection-registry-v1.md,G8-M02,Seed Layer Map S0–S5,NARRATIVE_PROMISE,C1|C6|C7|C8,여섯 기록층 조합과 구조해명 약속,NONE
DRY-CL-R-000201,docs/09_collection/ga8-collection-registry-v1.md#G8-M02,docs/09_collection/ga8-collection-registry-v1.md,G8-M02,Seed Layer Map S0–S5,SET,C1|C6|C7|C8,여섯 기록층 조합과 구조해명 약속,NONE
DRY-CL-R-000202,docs/09_collection/ga8-collection-registry-v1.md#G8-M03,docs/09_collection/ga8-collection-registry-v1.md,G8-M03,Compression/Value Ranking Rules,CONTROL_CLAIM,C1|C6|C7,대표성 순위규칙과 압축원리 회수약속,NONE
DRY-CL-R-000203,docs/09_collection/ga8-collection-registry-v1.md#G8-M03,docs/09_collection/ga8-collection-registry-v1.md,G8-M03,Compression/Value Ranking Rules,NARRATIVE_PROMISE,C1|C6|C7,대표성 순위규칙과 압축원리 회수약속,NONE
DRY-CL-R-000204,docs/09_collection/ga8-collection-registry-v1.md#G8-M04,docs/09_collection/ga8-collection-registry-v1.md,G8-M04,Service Authority Domain Map A–G,CONTROL_CLAIM,C6|C7,일곱 권한영역·분할접근·완성지도 약속이 결합,NONE
DRY-CL-R-000205,docs/09_collection/ga8-collection-registry-v1.md#G8-M04,docs/09_collection/ga8-collection-registry-v1.md,G8-M04,Service Authority Domain Map A–G,NARRATIVE_PROMISE,C6|C7,일곱 권한영역·분할접근·완성지도 약속이 결합,NONE
DRY-CL-R-000206,docs/09_collection/ga8-collection-registry-v1.md#G8-M04,docs/09_collection/ga8-collection-registry-v1.md,G8-M04,Service Authority Domain Map A–G,SET,C6|C7,일곱 권한영역·분할접근·완성지도 약속이 결합,NONE
DRY-CL-R-000207,docs/09_collection/ga8-collection-registry-v1.md#G8-M05,docs/09_collection/ga8-collection-registry-v1.md,G8-M05,P-001 Unrecorded Connector Selection,RELATIONSHIP,C1|C6,주인공과 기록망의 의존관계 선정약속,NONE
DRY-CL-R-000208,docs/09_collection/ga8-collection-registry-v1.md#G8-M05,docs/09_collection/ga8-collection-registry-v1.md,G8-M05,P-001 Unrecorded Connector Selection,NARRATIVE_PROMISE,C1|C6,주인공과 기록망의 의존관계 선정약속,NONE
DRY-CL-R-000209,docs/09_collection/ga8-collection-registry-v1.md#G8-M06,docs/09_collection/ga8-collection-registry-v1.md,G8-M06,Regression/Uncertainty-Correction Mechanism,STATE_TRANSITION,C1|C6,신경패턴 재구성사건과 회귀원리 회수약속,NONE
DRY-CL-R-000210,docs/09_collection/ga8-collection-registry-v1.md#G8-M06,docs/09_collection/ga8-collection-registry-v1.md,G8-M06,Regression/Uncertainty-Correction Mechanism,NARRATIVE_PROMISE,C1|C6,신경패턴 재구성사건과 회귀원리 회수약속,NONE
DRY-CL-R-000211,docs/09_collection/ga8-collection-registry-v1.md#G8-M07,docs/09_collection/ga8-collection-registry-v1.md,G8-M07,Memory Contamination/Bidirectional Indexing,RELATIONSHIP,C1|C6,상호기억관계·오염악화·지속손실·희생복선이 결합,NONE
DRY-CL-R-000212,docs/09_collection/ga8-collection-registry-v1.md#G8-M07,docs/09_collection/ga8-collection-registry-v1.md,G8-M07,Memory Contamination/Bidirectional Indexing,STATE_TRANSITION,C1|C6,상호기억관계·오염악화·지속손실·희생복선이 결합,NONE
DRY-CL-R-000213,docs/09_collection/ga8-collection-registry-v1.md#G8-M07,docs/09_collection/ga8-collection-registry-v1.md,G8-M07,Memory Contamination/Bidirectional Indexing,LOSS_OBLIGATION,C1|C6,상호기억관계·오염악화·지속손실·희생복선이 결합,NONE
DRY-CL-R-000214,docs/09_collection/ga8-collection-registry-v1.md#G8-M07,docs/09_collection/ga8-collection-registry-v1.md,G8-M07,Memory Contamination/Bidirectional Indexing,NARRATIVE_PROMISE,C1|C6,상호기억관계·오염악화·지속손실·희생복선이 결합,NONE
DRY-CL-R-000215,docs/09_collection/ga8-collection-registry-v1.md#G8-M08,docs/09_collection/ga8-collection-registry-v1.md,G8-M08,"Seed Is Institution, Not Singular Person",ENTITY,C1|C6|C7|C8,제도실체·복합구조·정체반전 약속이 결합,NONE
DRY-CL-R-000216,docs/09_collection/ga8-collection-registry-v1.md#G8-M08,docs/09_collection/ga8-collection-registry-v1.md,G8-M08,"Seed Is Institution, Not Singular Person",NARRATIVE_PROMISE,C1|C6|C7|C8,제도실체·복합구조·정체반전 약속이 결합,NONE
DRY-CL-R-000217,docs/09_collection/ga8-collection-registry-v1.md#G8-M08,docs/09_collection/ga8-collection-registry-v1.md,G8-M08,"Seed Is Institution, Not Singular Person",SET,C1|C6|C7|C8,제도실체·복합구조·정체반전 약속이 결합,NONE
DRY-CL-R-000218,docs/09_collection/ga8-collection-registry-v1.md#G8-I01,docs/09_collection/ga8-collection-registry-v1.md,G8-I01,“Complete History” Myth,STATE_TRANSITION,C4|C6|C7|C8,완전역사 세트약속이 다원성 인식으로 전환,NONE
DRY-CL-R-000219,docs/09_collection/ga8-collection-registry-v1.md#G8-I01,docs/09_collection/ga8-collection-registry-v1.md,G8-I01,“Complete History” Myth,NARRATIVE_PROMISE,C4|C6|C7|C8,완전역사 세트약속이 다원성 인식으로 전환,NONE
DRY-CL-R-000220,docs/09_collection/ga8-collection-registry-v1.md#G8-I01,docs/09_collection/ga8-collection-registry-v1.md,G8-I01,“Complete History” Myth,SET,C4|C6|C7|C8,완전역사 세트약속이 다원성 인식으로 전환,NONE
DRY-CL-R-000221,docs/09_collection/ga8-collection-registry-v1.md#G8-I02,docs/09_collection/ga8-collection-registry-v1.md,G8-I02,Executable History Principle,CONTROL_CLAIM,C1|C6|C7|C8,실행상태 통제원칙과 후속갈등 약속이 결합,NONE
DRY-CL-R-000222,docs/09_collection/ga8-collection-registry-v1.md#G8-I02,docs/09_collection/ga8-collection-registry-v1.md,G8-I02,Executable History Principle,NARRATIVE_PROMISE,C1|C6|C7|C8,실행상태 통제원칙과 후속갈등 약속이 결합,NONE
DRY-CL-R-000223,docs/09_collection/ga10-final-collection-and-payoff-registry-v1.md#G10-P01,docs/09_collection/ga10-final-collection-and-payoff-registry-v1.md,G10-P01,P-001 Central Corrective Command,CONTROL_CLAIM,C1|C7,개인 지휘권의 만료·분산과 영구 포기를 함께 규정,NONE
DRY-CL-R-000224,docs/09_collection/ga10-final-collection-and-payoff-registry-v1.md#G10-P01,docs/09_collection/ga10-final-collection-and-payoff-registry-v1.md,G10-P01,P-001 Central Corrective Command,STATE_TRANSITION,C1|C7,개인 지휘권의 만료·분산과 영구 포기를 함께 규정,NONE
DRY-CL-R-000225,docs/09_collection/ga10-final-collection-and-payoff-registry-v1.md#G10-P01,docs/09_collection/ga10-final-collection-and-payoff-registry-v1.md,G10-P01,P-001 Central Corrective Command,LOSS_OBLIGATION,C1|C7,개인 지휘권의 만료·분산과 영구 포기를 함께 규정,NONE
DRY-CL-R-000226,docs/09_collection/ga10-final-collection-and-payoff-registry-v1.md#G10-P02,docs/09_collection/ga10-final-collection-and-payoff-registry-v1.md,G10-P02,Exclusive Future/Archive Index,CONTROL_CLAIM,C1|C6,독점 색인 접근권 폐기와 기억 손실을 함께 규정,NONE
DRY-CL-R-000227,docs/09_collection/ga10-final-collection-and-payoff-registry-v1.md#G10-P02,docs/09_collection/ga10-final-collection-and-payoff-registry-v1.md,G10-P02,Exclusive Future/Archive Index,STATE_TRANSITION,C1|C6,독점 색인 접근권 폐기와 기억 손실을 함께 규정,NONE
DRY-CL-R-000228,docs/09_collection/ga10-final-collection-and-payoff-registry-v1.md#G10-P02,docs/09_collection/ga10-final-collection-and-payoff-registry-v1.md,G10-P02,Exclusive Future/Archive Index,LOSS_OBLIGATION,C1|C6,독점 색인 접근권 폐기와 기억 손실을 함께 규정,NONE
DRY-CL-R-000229,docs/09_collection/ga10-final-collection-and-payoff-registry-v1.md#G10-P03,docs/09_collection/ga10-final-collection-and-payoff-registry-v1.md,G10-P03,Ownership of Collected Legacy,RELATIONSHIP,C1|C2|C5|C6|C7,관계·기체·함선·기록·제도의 소유권과 최종 분산을 묶음,NONE
DRY-CL-R-000230,docs/09_collection/ga10-final-collection-and-payoff-registry-v1.md#G10-P03,docs/09_collection/ga10-final-collection-and-payoff-registry-v1.md,G10-P03,Ownership of Collected Legacy,CONTROL_CLAIM,C1|C2|C5|C6|C7,관계·기체·함선·기록·제도의 소유권과 최종 분산을 묶음,NONE
DRY-CL-R-000231,docs/09_collection/ga10-final-collection-and-payoff-registry-v1.md#G10-P03,docs/09_collection/ga10-final-collection-and-payoff-registry-v1.md,G10-P03,Ownership of Collected Legacy,STATE_TRANSITION,C1|C2|C5|C6|C7,관계·기체·함선·기록·제도의 소유권과 최종 분산을 묶음,NONE
DRY-CL-R-000232,docs/09_collection/ga10-final-collection-and-payoff-registry-v1.md#G10-P03,docs/09_collection/ga10-final-collection-and-payoff-registry-v1.md,G10-P03,Ownership of Collected Legacy,LOSS_OBLIGATION,C1|C2|C5|C6|C7,관계·기체·함선·기록·제도의 소유권과 최종 분산을 묶음,NONE
DRY-CL-R-000233,docs/09_collection/ga10-final-collection-and-payoff-registry-v1.md#G10-P03,docs/09_collection/ga10-final-collection-and-payoff-registry-v1.md,G10-P03,Ownership of Collected Legacy,SET,C1|C2|C5|C6|C7,관계·기체·함선·기록·제도의 소유권과 최종 분산을 묶음,NONE
DRY-CL-R-000234,docs/09_collection/ga10-final-collection-and-payoff-registry-v1.md#G10-P04,docs/09_collection/ga10-final-collection-and-payoff-registry-v1.md,G10-P04,One Canonical History,CONTROL_CLAIM,C1|C6|C7,공식 역사 해석권 포기와 단일 기록 상실을 규정,NONE
DRY-CL-R-000235,docs/09_collection/ga10-final-collection-and-payoff-registry-v1.md#G10-P04,docs/09_collection/ga10-final-collection-and-payoff-registry-v1.md,G10-P04,One Canonical History,STATE_TRANSITION,C1|C6|C7,공식 역사 해석권 포기와 단일 기록 상실을 규정,NONE
DRY-CL-R-000236,docs/09_collection/ga10-final-collection-and-payoff-registry-v1.md#G10-P04,docs/09_collection/ga10-final-collection-and-payoff-registry-v1.md,G10-P04,One Canonical History,LOSS_OBLIGATION,C1|C6|C7,공식 역사 해석권 포기와 단일 기록 상실을 규정,NONE
DRY-CL-R-000237,docs/09_collection/ga10-final-collection-and-payoff-registry-v1.md#G10-P05,docs/09_collection/ga10-final-collection-and-payoff-registry-v1.md,G10-P05,Repeatable Regression/Reset Option,CONTROL_CLAIM,C1|C6|C7,회귀 활성권 폐기와 재시도 불가능성을 함께 확정,NONE
DRY-CL-R-000238,docs/09_collection/ga10-final-collection-and-payoff-registry-v1.md#G10-P05,docs/09_collection/ga10-final-collection-and-payoff-registry-v1.md,G10-P05,Repeatable Regression/Reset Option,STATE_TRANSITION,C1|C6|C7,회귀 활성권 폐기와 재시도 불가능성을 함께 확정,NONE
DRY-CL-R-000239,docs/09_collection/ga10-final-collection-and-payoff-registry-v1.md#G10-P05,docs/09_collection/ga10-final-collection-and-payoff-registry-v1.md,G10-P05,Repeatable Regression/Reset Option,LOSS_OBLIGATION,C1|C6|C7,회귀 활성권 폐기와 재시도 불가능성을 함께 확정,NONE
DRY-CL-R-000240,docs/09_collection/ga10-final-collection-and-payoff-registry-v1.md#G10-R01,docs/09_collection/ga10-final-collection-and-payoff-registry-v1.md,G10-R01,Regional Current-Status Authorities,ENTITY,C1|C6|C7|C8,지역 상태기관·상호인정·적법절차·미해결 책임을 함께 규정,NONE
DRY-CL-R-000241,docs/09_collection/ga10-final-collection-and-payoff-registry-v1.md#G10-R01,docs/09_collection/ga10-final-collection-and-payoff-registry-v1.md,G10-R01,Regional Current-Status Authorities,CONTROL_CLAIM,C1|C6|C7|C8,지역 상태기관·상호인정·적법절차·미해결 책임을 함께 규정,NONE
DRY-CL-R-000242,docs/09_collection/ga10-final-collection-and-payoff-registry-v1.md#G10-R01,docs/09_collection/ga10-final-collection-and-payoff-registry-v1.md,G10-R01,Regional Current-Status Authorities,STATE_TRANSITION,C1|C6|C7|C8,지역 상태기관·상호인정·적법절차·미해결 책임을 함께 규정,NONE
DRY-CL-R-000243,docs/09_collection/ga10-final-collection-and-payoff-registry-v1.md#G10-R01,docs/09_collection/ga10-final-collection-and-payoff-registry-v1.md,G10-R01,Regional Current-Status Authorities,LOSS_OBLIGATION,C1|C6|C7|C8,지역 상태기관·상호인정·적법절차·미해결 책임을 함께 규정,NONE
DRY-CL-R-000244,docs/09_collection/ga10-final-collection-and-payoff-registry-v1.md#G10-R02,docs/09_collection/ga10-final-collection-and-payoff-registry-v1.md,G10-R02,Minimum-Service and Equalization Compact,ENTITY,C7|C8,최소서비스 협약과 기여·부족·운영 책임을 함께 규정,NONE
DRY-CL-R-000245,docs/09_collection/ga10-final-collection-and-payoff-registry-v1.md#G10-R02,docs/09_collection/ga10-final-collection-and-payoff-registry-v1.md,G10-R02,Minimum-Service and Equalization Compact,CONTROL_CLAIM,C7|C8,최소서비스 협약과 기여·부족·운영 책임을 함께 규정,NONE
DRY-CL-R-000246,docs/09_collection/ga10-final-collection-and-payoff-registry-v1.md#G10-R02,docs/09_collection/ga10-final-collection-and-payoff-registry-v1.md,G10-R02,Minimum-Service and Equalization Compact,STATE_TRANSITION,C7|C8,최소서비스 협약과 기여·부족·운영 책임을 함께 규정,NONE
DRY-CL-R-000247,docs/09_collection/ga10-final-collection-and-payoff-registry-v1.md#G10-R02,docs/09_collection/ga10-final-collection-and-payoff-registry-v1.md,G10-R02,Minimum-Service and Equalization Compact,LOSS_OBLIGATION,C7|C8,최소서비스 협약과 기여·부족·운영 책임을 함께 규정,NONE
DRY-CL-R-000248,docs/09_collection/ga10-final-collection-and-payoff-registry-v1.md#G10-R03,docs/09_collection/ga10-final-collection-and-payoff-registry-v1.md,G10-R03,Route/Node Federation and Local Custody,ENTITY,C7|C8,항로연방 실체와 지역 보관권·운영부담을 함께 규정,NONE
DRY-CL-R-000249,docs/09_collection/ga10-final-collection-and-payoff-registry-v1.md#G10-R03,docs/09_collection/ga10-final-collection-and-payoff-registry-v1.md,G10-R03,Route/Node Federation and Local Custody,CONTROL_CLAIM,C7|C8,항로연방 실체와 지역 보관권·운영부담을 함께 규정,NONE
DRY-CL-R-000250,docs/09_collection/ga10-final-collection-and-payoff-registry-v1.md#G10-R03,docs/09_collection/ga10-final-collection-and-payoff-registry-v1.md,G10-R03,Route/Node Federation and Local Custody,STATE_TRANSITION,C7|C8,항로연방 실체와 지역 보관권·운영부담을 함께 규정,NONE
DRY-CL-R-000251,docs/09_collection/ga10-final-collection-and-payoff-registry-v1.md#G10-R03,docs/09_collection/ga10-final-collection-and-payoff-registry-v1.md,G10-R03,Route/Node Federation and Local Custody,LOSS_OBLIGATION,C7|C8,항로연방 실체와 지역 보관권·운영부담을 함께 규정,NONE
DRY-CL-R-000252,docs/09_collection/ga10-final-collection-and-payoff-registry-v1.md#G10-R04,docs/09_collection/ga10-final-collection-and-payoff-registry-v1.md,G10-R04,Common Fleet / Mission Command Network,ENTITY,C5|C7,공동함대망과 임무지휘권·분절 방위부담을 함께 규정,NONE
DRY-CL-R-000253,docs/09_collection/ga10-final-collection-and-payoff-registry-v1.md#G10-R04,docs/09_collection/ga10-final-collection-and-payoff-registry-v1.md,G10-R04,Common Fleet / Mission Command Network,CONTROL_CLAIM,C5|C7,공동함대망과 임무지휘권·분절 방위부담을 함께 규정,NONE
DRY-CL-R-000254,docs/09_collection/ga10-final-collection-and-payoff-registry-v1.md#G10-R04,docs/09_collection/ga10-final-collection-and-payoff-registry-v1.md,G10-R04,Common Fleet / Mission Command Network,STATE_TRANSITION,C5|C7,공동함대망과 임무지휘권·분절 방위부담을 함께 규정,NONE
DRY-CL-R-000255,docs/09_collection/ga10-final-collection-and-payoff-registry-v1.md#G10-R04,docs/09_collection/ga10-final-collection-and-payoff-registry-v1.md,G10-R04,Common Fleet / Mission Command Network,LOSS_OBLIGATION,C5|C7,공동함대망과 임무지휘권·분절 방위부담을 함께 규정,NONE
DRY-CL-R-000256,docs/09_collection/ga10-final-collection-and-payoff-registry-v1.md#G10-R05,docs/09_collection/ga10-final-collection-and-payoff-registry-v1.md,G10-R05,Technical and Medical Commons,ENTITY,C1|C6|C7,기술의료 공유기관과 인증권·권리·사고부담을 함께 규정,NONE
DRY-CL-R-000257,docs/09_collection/ga10-final-collection-and-payoff-registry-v1.md#G10-R05,docs/09_collection/ga10-final-collection-and-payoff-registry-v1.md,G10-R05,Technical and Medical Commons,CONTROL_CLAIM,C1|C6|C7,기술의료 공유기관과 인증권·권리·사고부담을 함께 규정,NONE
DRY-CL-R-000258,docs/09_collection/ga10-final-collection-and-payoff-registry-v1.md#G10-R05,docs/09_collection/ga10-final-collection-and-payoff-registry-v1.md,G10-R05,Technical and Medical Commons,STATE_TRANSITION,C1|C6|C7,기술의료 공유기관과 인증권·권리·사고부담을 함께 규정,NONE
DRY-CL-R-000259,docs/09_collection/ga10-final-collection-and-payoff-registry-v1.md#G10-R05,docs/09_collection/ga10-final-collection-and-payoff-registry-v1.md,G10-R05,Technical and Medical Commons,LOSS_OBLIGATION,C1|C6|C7,기술의료 공유기관과 인증권·권리·사고부담을 함께 규정,NONE
DRY-CL-R-000260,docs/09_collection/ga10-final-collection-and-payoff-registry-v1.md#G10-R06,docs/09_collection/ga10-final-collection-and-payoff-registry-v1.md,G10-R06,Archive Translation Commons,ENTITY,C6|C7,기록번역 공유기관과 해석권·지연·조작위험을 함께 규정,NONE
DRY-CL-R-000261,docs/09_collection/ga10-final-collection-and-payoff-registry-v1.md#G10-R06,docs/09_collection/ga10-final-collection-and-payoff-registry-v1.md,G10-R06,Archive Translation Commons,CONTROL_CLAIM,C6|C7,기록번역 공유기관과 해석권·지연·조작위험을 함께 규정,NONE
DRY-CL-R-000262,docs/09_collection/ga10-final-collection-and-payoff-registry-v1.md#G10-R06,docs/09_collection/ga10-final-collection-and-payoff-registry-v1.md,G10-R06,Archive Translation Commons,STATE_TRANSITION,C6|C7,기록번역 공유기관과 해석권·지연·조작위험을 함께 규정,NONE
DRY-CL-R-000263,docs/09_collection/ga10-final-collection-and-payoff-registry-v1.md#G10-R06,docs/09_collection/ga10-final-collection-and-payoff-registry-v1.md,G10-R06,Archive Translation Commons,LOSS_OBLIGATION,C6|C7,기록번역 공유기관과 해석권·지연·조작위험을 함께 규정,NONE
DRY-CL-R-000264,docs/09_collection/ga10-final-collection-and-payoff-registry-v1.md#G10-R07,docs/09_collection/ga10-final-collection-and-payoff-registry-v1.md,G10-R07,Emergency Corrective Assembly,ENTITY,C1|C6|C7,비상교정기구와 분할권한·일몰·감사책임을 함께 규정,NONE
DRY-CL-R-000265,docs/09_collection/ga10-final-collection-and-payoff-registry-v1.md#G10-R07,docs/09_collection/ga10-final-collection-and-payoff-registry-v1.md,G10-R07,Emergency Corrective Assembly,CONTROL_CLAIM,C1|C6|C7,비상교정기구와 분할권한·일몰·감사책임을 함께 규정,NONE
DRY-CL-R-000266,docs/09_collection/ga10-final-collection-and-payoff-registry-v1.md#G10-R07,docs/09_collection/ga10-final-collection-and-payoff-registry-v1.md,G10-R07,Emergency Corrective Assembly,STATE_TRANSITION,C1|C6|C7,비상교정기구와 분할권한·일몰·감사책임을 함께 규정,NONE
DRY-CL-R-000267,docs/09_collection/ga10-final-collection-and-payoff-registry-v1.md#G10-R07,docs/09_collection/ga10-final-collection-and-payoff-registry-v1.md,G10-R07,Emergency Corrective Assembly,LOSS_OBLIGATION,C1|C6|C7,비상교정기구와 분할권한·일몰·감사책임을 함께 규정,NONE
DRY-CL-R-000268,docs/09_collection/ga10-final-collection-and-payoff-registry-v1.md#G10-R08,docs/09_collection/ga10-final-collection-and-payoff-registry-v1.md,G10-R08,Residual Continuity Service,ENTITY,C6|C7,연속성 서비스와 임시조정권·재중앙화 부담을 함께 규정,NONE
DRY-CL-R-000269,docs/09_collection/ga10-final-collection-and-payoff-registry-v1.md#G10-R08,docs/09_collection/ga10-final-collection-and-payoff-registry-v1.md,G10-R08,Residual Continuity Service,CONTROL_CLAIM,C6|C7,연속성 서비스와 임시조정권·재중앙화 부담을 함께 규정,NONE
DRY-CL-R-000270,docs/09_collection/ga10-final-collection-and-payoff-registry-v1.md#G10-R08,docs/09_collection/ga10-final-collection-and-payoff-registry-v1.md,G10-R08,Residual Continuity Service,STATE_TRANSITION,C6|C7,연속성 서비스와 임시조정권·재중앙화 부담을 함께 규정,NONE
DRY-CL-R-000271,docs/09_collection/ga10-final-collection-and-payoff-registry-v1.md#G10-R08,docs/09_collection/ga10-final-collection-and-payoff-registry-v1.md,G10-R08,Residual Continuity Service,LOSS_OBLIGATION,C6|C7,연속성 서비스와 임시조정권·재중앙화 부담을 함께 규정,NONE
DRY-CL-R-000272,docs/09_collection/ga10-final-collection-and-payoff-registry-v1.md#G10-R09,docs/09_collection/ga10-final-collection-and-payoff-registry-v1.md,G10-R09,Cross-Region Migration and Safe-Exit Protocol,ENTITY,C1|C6|C7|C8,이주규약과 탈퇴관계·신분권·수용부담을 함께 규정,NONE
DRY-CL-R-000273,docs/09_collection/ga10-final-collection-and-payoff-registry-v1.md#G10-R09,docs/09_collection/ga10-final-collection-and-payoff-registry-v1.md,G10-R09,Cross-Region Migration and Safe-Exit Protocol,RELATIONSHIP,C1|C6|C7|C8,이주규약과 탈퇴관계·신분권·수용부담을 함께 규정,NONE
DRY-CL-R-000274,docs/09_collection/ga10-final-collection-and-payoff-registry-v1.md#G10-R09,docs/09_collection/ga10-final-collection-and-payoff-registry-v1.md,G10-R09,Cross-Region Migration and Safe-Exit Protocol,CONTROL_CLAIM,C1|C6|C7|C8,이주규약과 탈퇴관계·신분권·수용부담을 함께 규정,NONE
DRY-CL-R-000275,docs/09_collection/ga10-final-collection-and-payoff-registry-v1.md#G10-R09,docs/09_collection/ga10-final-collection-and-payoff-registry-v1.md,G10-R09,Cross-Region Migration and Safe-Exit Protocol,STATE_TRANSITION,C1|C6|C7|C8,이주규약과 탈퇴관계·신분권·수용부담을 함께 규정,NONE
DRY-CL-R-000276,docs/09_collection/ga10-final-collection-and-payoff-registry-v1.md#G10-R09,docs/09_collection/ga10-final-collection-and-payoff-registry-v1.md,G10-R09,Cross-Region Migration and Safe-Exit Protocol,LOSS_OBLIGATION,C1|C6|C7|C8,이주규약과 탈퇴관계·신분권·수용부담을 함께 규정,NONE
DRY-CL-R-000277,docs/09_collection/ga10-final-collection-and-payoff-registry-v1.md#G10-R10,docs/09_collection/ga10-final-collection-and-payoff-registry-v1.md,G10-R10,Compensation/Reparation and Claims Network,ENTITY,C1|C7,배상망과 청구권·미완결 책임을 함께 규정,NONE
DRY-CL-R-000278,docs/09_collection/ga10-final-collection-and-payoff-registry-v1.md#G10-R10,docs/09_collection/ga10-final-collection-and-payoff-registry-v1.md,G10-R10,Compensation/Reparation and Claims Network,CONTROL_CLAIM,C1|C7,배상망과 청구권·미완결 책임을 함께 규정,NONE
DRY-CL-R-000279,docs/09_collection/ga10-final-collection-and-payoff-registry-v1.md#G10-R10,docs/09_collection/ga10-final-collection-and-payoff-registry-v1.md,G10-R10,Compensation/Reparation and Claims Network,STATE_TRANSITION,C1|C7,배상망과 청구권·미완결 책임을 함께 규정,NONE
DRY-CL-R-000280,docs/09_collection/ga10-final-collection-and-payoff-registry-v1.md#G10-R10,docs/09_collection/ga10-final-collection-and-payoff-registry-v1.md,G10-R10,Compensation/Reparation and Claims Network,LOSS_OBLIGATION,C1|C7,배상망과 청구권·미완결 책임을 함께 규정,NONE
DRY-CL-R-000281,docs/09_collection/ga10-final-collection-and-payoff-registry-v1.md#G10-A01,docs/09_collection/ga10-final-collection-and-payoff-registry-v1.md,G10-A01,First Handoff Region,ENTITY,C7|C8,지역 실체와 권한이양·공동감독·가시적 손실을 함께 규정,NONE
DRY-CL-R-000282,docs/09_collection/ga10-final-collection-and-payoff-registry-v1.md#G10-A01,docs/09_collection/ga10-final-collection-and-payoff-registry-v1.md,G10-A01,First Handoff Region,CONTROL_CLAIM,C7|C8,지역 실체와 권한이양·공동감독·가시적 손실을 함께 규정,NONE
DRY-CL-R-000283,docs/09_collection/ga10-final-collection-and-payoff-registry-v1.md#G10-A01,docs/09_collection/ga10-final-collection-and-payoff-registry-v1.md,G10-A01,First Handoff Region,STATE_TRANSITION,C7|C8,지역 실체와 권한이양·공동감독·가시적 손실을 함께 규정,NONE
DRY-CL-R-000284,docs/09_collection/ga10-final-collection-and-payoff-registry-v1.md#G10-A01,docs/09_collection/ga10-final-collection-and-payoff-registry-v1.md,G10-A01,First Handoff Region,LOSS_OBLIGATION,C7|C8,지역 실체와 권한이양·공동감독·가시적 손실을 함께 규정,NONE
DRY-CL-R-000285,docs/09_collection/ga10-final-collection-and-payoff-registry-v1.md#G10-A02,docs/09_collection/ga10-final-collection-and-payoff-registry-v1.md,G10-A02,Voluntary Delayed-Central Region,ENTITY,C6|C7|C8,지역 실체와 한시적 중앙서비스·권리보호 의무를 함께 규정,NONE
DRY-CL-R-000286,docs/09_collection/ga10-final-collection-and-payoff-registry-v1.md#G10-A02,docs/09_collection/ga10-final-collection-and-payoff-registry-v1.md,G10-A02,Voluntary Delayed-Central Region,CONTROL_CLAIM,C6|C7|C8,지역 실체와 한시적 중앙서비스·권리보호 의무를 함께 규정,NONE
DRY-CL-R-000287,docs/09_collection/ga10-final-collection-and-payoff-registry-v1.md#G10-A02,docs/09_collection/ga10-final-collection-and-payoff-registry-v1.md,G10-A02,Voluntary Delayed-Central Region,STATE_TRANSITION,C6|C7|C8,지역 실체와 한시적 중앙서비스·권리보호 의무를 함께 규정,NONE
DRY-CL-R-000288,docs/09_collection/ga10-final-collection-and-payoff-registry-v1.md#G10-A02,docs/09_collection/ga10-final-collection-and-payoff-registry-v1.md,G10-A02,Voluntary Delayed-Central Region,LOSS_OBLIGATION,C6|C7|C8,지역 실체와 한시적 중앙서비스·권리보호 의무를 함께 규정,NONE
DRY-CL-R-000289,docs/09_collection/ga10-final-collection-and-payoff-registry-v1.md#G10-A03,docs/09_collection/ga10-final-collection-and-payoff-registry-v1.md,G10-A03,Viable Opt-Out/Hybrid Region,ENTITY,C7|C8,대안 지역과 자치권·외부의무·감사 전환을 함께 규정,NONE
DRY-CL-R-000290,docs/09_collection/ga10-final-collection-and-payoff-registry-v1.md#G10-A03,docs/09_collection/ga10-final-collection-and-payoff-registry-v1.md,G10-A03,Viable Opt-Out/Hybrid Region,CONTROL_CLAIM,C7|C8,대안 지역과 자치권·외부의무·감사 전환을 함께 규정,NONE
DRY-CL-R-000291,docs/09_collection/ga10-final-collection-and-payoff-registry-v1.md#G10-A03,docs/09_collection/ga10-final-collection-and-payoff-registry-v1.md,G10-A03,Viable Opt-Out/Hybrid Region,STATE_TRANSITION,C7|C8,대안 지역과 자치권·외부의무·감사 전환을 함께 규정,NONE
DRY-CL-R-000292,docs/09_collection/ga10-final-collection-and-payoff-registry-v1.md#G10-A03,docs/09_collection/ga10-final-collection-and-payoff-registry-v1.md,G10-A03,Viable Opt-Out/Hybrid Region,LOSS_OBLIGATION,C7|C8,대안 지역과 자치권·외부의무·감사 전환을 함께 규정,NONE
DRY-CL-R-000293,docs/09_collection/ga10-final-collection-and-payoff-registry-v1.md#G10-A04,docs/09_collection/ga10-final-collection-and-payoff-registry-v1.md,G10-A04,Local Capture/Failed Transition Region,ENTITY,C7|C8,실패 지역과 권력포획·재건손실·지원의무를 함께 규정,NONE
DRY-CL-R-000294,docs/09_collection/ga10-final-collection-and-payoff-registry-v1.md#G10-A04,docs/09_collection/ga10-final-collection-and-payoff-registry-v1.md,G10-A04,Local Capture/Failed Transition Region,CONTROL_CLAIM,C7|C8,실패 지역과 권력포획·재건손실·지원의무를 함께 규정,NONE
DRY-CL-R-000295,docs/09_collection/ga10-final-collection-and-payoff-registry-v1.md#G10-A04,docs/09_collection/ga10-final-collection-and-payoff-registry-v1.md,G10-A04,Local Capture/Failed Transition Region,STATE_TRANSITION,C7|C8,실패 지역과 권력포획·재건손실·지원의무를 함께 규정,NONE
DRY-CL-R-000296,docs/09_collection/ga10-final-collection-and-payoff-registry-v1.md#G10-A04,docs/09_collection/ga10-final-collection-and-payoff-registry-v1.md,G10-A04,Local Capture/Failed Transition Region,LOSS_OBLIGATION,C7|C8,실패 지역과 권력포획·재건손실·지원의무를 함께 규정,NONE
DRY-CL-R-000297,docs/09_collection/ga10-final-collection-and-payoff-registry-v1.md#G10-A05,docs/09_collection/ga10-final-collection-and-payoff-registry-v1.md,G10-A05,Coerced/Occupied Region,ENTITY,C7|C8,점령 지역과 중앙철수·권한이양·미해결 책임을 함께 규정,NONE
DRY-CL-R-000298,docs/09_collection/ga10-final-collection-and-payoff-registry-v1.md#G10-A05,docs/09_collection/ga10-final-collection-and-payoff-registry-v1.md,G10-A05,Coerced/Occupied Region,CONTROL_CLAIM,C7|C8,점령 지역과 중앙철수·권한이양·미해결 책임을 함께 규정,NONE
DRY-CL-R-000299,docs/09_collection/ga10-final-collection-and-payoff-registry-v1.md#G10-A05,docs/09_collection/ga10-final-collection-and-payoff-registry-v1.md,G10-A05,Coerced/Occupied Region,STATE_TRANSITION,C7|C8,점령 지역과 중앙철수·권한이양·미해결 책임을 함께 규정,NONE
DRY-CL-R-000300,docs/09_collection/ga10-final-collection-and-payoff-registry-v1.md#G10-A05,docs/09_collection/ga10-final-collection-and-payoff-registry-v1.md,G10-A05,Coerced/Occupied Region,LOSS_OBLIGATION,C7|C8,점령 지역과 중앙철수·권한이양·미해결 책임을 함께 규정,NONE
DRY-CL-R-000301,docs/09_collection/ga10-final-collection-and-payoff-registry-v1.md#G10-A06,docs/09_collection/ga10-final-collection-and-payoff-registry-v1.md,G10-A06,AI/Composite Nonterritorial Community,ENTITY,C1|C6|C7,비영토 공동체와 법적관계·데이터권·미해결 의무를 함께 규정,NONE
DRY-CL-R-000302,docs/09_collection/ga10-final-collection-and-payoff-registry-v1.md#G10-A06,docs/09_collection/ga10-final-collection-and-payoff-registry-v1.md,G10-A06,AI/Composite Nonterritorial Community,RELATIONSHIP,C1|C6|C7,비영토 공동체와 법적관계·데이터권·미해결 의무를 함께 규정,NONE
DRY-CL-R-000303,docs/09_collection/ga10-final-collection-and-payoff-registry-v1.md#G10-A06,docs/09_collection/ga10-final-collection-and-payoff-registry-v1.md,G10-A06,AI/Composite Nonterritorial Community,CONTROL_CLAIM,C1|C6|C7,비영토 공동체와 법적관계·데이터권·미해결 의무를 함께 규정,NONE
DRY-CL-R-000304,docs/09_collection/ga10-final-collection-and-payoff-registry-v1.md#G10-A06,docs/09_collection/ga10-final-collection-and-payoff-registry-v1.md,G10-A06,AI/Composite Nonterritorial Community,STATE_TRANSITION,C1|C6|C7,비영토 공동체와 법적관계·데이터권·미해결 의무를 함께 규정,NONE
DRY-CL-R-000305,docs/09_collection/ga10-final-collection-and-payoff-registry-v1.md#G10-A06,docs/09_collection/ga10-final-collection-and-payoff-registry-v1.md,G10-A06,AI/Composite Nonterritorial Community,LOSS_OBLIGATION,C1|C6|C7,비영토 공동체와 법적관계·데이터권·미해결 의무를 함께 규정,NONE
DRY-CL-R-000306,docs/09_collection/ga10-final-collection-and-payoff-registry-v1.md#G10-A07,docs/09_collection/ga10-final-collection-and-payoff-registry-v1.md,G10-A07,Central Seed/Continuity Assembly,ENTITY,C6|C7,중앙기구·물리시스템과 주권해체·분산·영구상실을 함께 규정,NONE
DRY-CL-R-000307,docs/09_collection/ga10-final-collection-and-payoff-registry-v1.md#G10-A07,docs/09_collection/ga10-final-collection-and-payoff-registry-v1.md,G10-A07,Central Seed/Continuity Assembly,CONTROL_CLAIM,C6|C7,중앙기구·물리시스템과 주권해체·분산·영구상실을 함께 규정,NONE
DRY-CL-R-000308,docs/09_collection/ga10-final-collection-and-payoff-registry-v1.md#G10-A07,docs/09_collection/ga10-final-collection-and-payoff-registry-v1.md,G10-A07,Central Seed/Continuity Assembly,STATE_TRANSITION,C6|C7,중앙기구·물리시스템과 주권해체·분산·영구상실을 함께 규정,NONE
DRY-CL-R-000309,docs/09_collection/ga10-final-collection-and-payoff-registry-v1.md#G10-A07,docs/09_collection/ga10-final-collection-and-payoff-registry-v1.md,G10-A07,Central Seed/Continuity Assembly,LOSS_OBLIGATION,C6|C7,중앙기구·물리시스템과 주권해체·분산·영구상실을 함께 규정,NONE
DRY-CL-R-000310,docs/09_collection/ga10-final-collection-and-payoff-registry-v1.md#G10-L01,docs/09_collection/ga10-final-collection-and-payoff-registry-v1.md,G10-L01,H-001,ENTITY,C1|C7|C8,인물의 독립관계·노선권한·가해책임과 최종전환을 함께 규정,NONE
DRY-CL-R-000311,docs/09_collection/ga10-final-collection-and-payoff-registry-v1.md#G10-L01,docs/09_collection/ga10-final-collection-and-payoff-registry-v1.md,G10-L01,H-001,RELATIONSHIP,C1|C7|C8,인물의 독립관계·노선권한·가해책임과 최종전환을 함께 규정,NONE
DRY-CL-R-000312,docs/09_collection/ga10-final-collection-and-payoff-registry-v1.md#G10-L01,docs/09_collection/ga10-final-collection-and-payoff-registry-v1.md,G10-L01,H-001,CONTROL_CLAIM,C1|C7|C8,인물의 독립관계·노선권한·가해책임과 최종전환을 함께 규정,NONE
DRY-CL-R-000313,docs/09_collection/ga10-final-collection-and-payoff-registry-v1.md#G10-L01,docs/09_collection/ga10-final-collection-and-payoff-registry-v1.md,G10-L01,H-001,STATE_TRANSITION,C1|C7|C8,인물의 독립관계·노선권한·가해책임과 최종전환을 함께 규정,NONE
DRY-CL-R-000314,docs/09_collection/ga10-final-collection-and-payoff-registry-v1.md#G10-L01,docs/09_collection/ga10-final-collection-and-payoff-registry-v1.md,G10-L01,H-001,LOSS_OBLIGATION,C1|C7|C8,인물의 독립관계·노선권한·가해책임과 최종전환을 함께 규정,NONE
DRY-CL-R-000315,docs/09_collection/ga10-final-collection-and-payoff-registry-v1.md#G10-L02,docs/09_collection/ga10-final-collection-and-payoff-registry-v1.md,G10-L02,H-002,ENTITY,C1|C2|C6|C7,인물·기술계보와 공동저작·인증권·분산전환을 함께 규정,NONE
DRY-CL-R-000316,docs/09_collection/ga10-final-collection-and-payoff-registry-v1.md#G10-L02,docs/09_collection/ga10-final-collection-and-payoff-registry-v1.md,G10-L02,H-002,RELATIONSHIP,C1|C2|C6|C7,인물·기술계보와 공동저작·인증권·분산전환을 함께 규정,NONE
DRY-CL-R-000317,docs/09_collection/ga10-final-collection-and-payoff-registry-v1.md#G10-L02,docs/09_collection/ga10-final-collection-and-payoff-registry-v1.md,G10-L02,H-002,CONTROL_CLAIM,C1|C2|C6|C7,인물·기술계보와 공동저작·인증권·분산전환을 함께 규정,NONE
DRY-CL-R-000318,docs/09_collection/ga10-final-collection-and-payoff-registry-v1.md#G10-L02,docs/09_collection/ga10-final-collection-and-payoff-registry-v1.md,G10-L02,H-002,STATE_TRANSITION,C1|C2|C6|C7,인물·기술계보와 공동저작·인증권·분산전환을 함께 규정,NONE
DRY-CL-R-000319,docs/09_collection/ga10-final-collection-and-payoff-registry-v1.md#G10-L02,docs/09_collection/ga10-final-collection-and-payoff-registry-v1.md,G10-L02,H-002,SET,C1|C2|C6|C7,인물·기술계보와 공동저작·인증권·분산전환을 함께 규정,NONE
DRY-CL-R-000320,docs/09_collection/ga10-final-collection-and-payoff-registry-v1.md#G10-L03,docs/09_collection/ga10-final-collection-and-payoff-registry-v1.md,G10-L03,S-001,ENTITY,C1|C6|C7,인물과 기록번역기관·해석권 포기·분산전환을 함께 규정,NONE
DRY-CL-R-000321,docs/09_collection/ga10-final-collection-and-payoff-registry-v1.md#G10-L03,docs/09_collection/ga10-final-collection-and-payoff-registry-v1.md,G10-L03,S-001,CONTROL_CLAIM,C1|C6|C7,인물과 기록번역기관·해석권 포기·분산전환을 함께 규정,NONE
DRY-CL-R-000322,docs/09_collection/ga10-final-collection-and-payoff-registry-v1.md#G10-L03,docs/09_collection/ga10-final-collection-and-payoff-registry-v1.md,G10-L03,S-001,STATE_TRANSITION,C1|C6|C7,인물과 기록번역기관·해석권 포기·분산전환을 함께 규정,NONE
DRY-CL-R-000323,docs/09_collection/ga10-final-collection-and-payoff-registry-v1.md#G10-L04,docs/09_collection/ga10-final-collection-and-payoff-registry-v1.md,G10-L04,M-001,ENTITY,C1|C7|C8,인물·의료망과 환자권리·서비스책임·전환을 함께 규정,NONE
DRY-CL-R-000324,docs/09_collection/ga10-final-collection-and-payoff-registry-v1.md#G10-L04,docs/09_collection/ga10-final-collection-and-payoff-registry-v1.md,G10-L04,M-001,CONTROL_CLAIM,C1|C7|C8,인물·의료망과 환자권리·서비스책임·전환을 함께 규정,NONE
DRY-CL-R-000325,docs/09_collection/ga10-final-collection-and-payoff-registry-v1.md#G10-L04,docs/09_collection/ga10-final-collection-and-payoff-registry-v1.md,G10-L04,M-001,STATE_TRANSITION,C1|C7|C8,인물·의료망과 환자권리·서비스책임·전환을 함께 규정,NONE
DRY-CL-R-000326,docs/09_collection/ga10-final-collection-and-payoff-registry-v1.md#G10-L04,docs/09_collection/ga10-final-collection-and-payoff-registry-v1.md,G10-L04,M-001,LOSS_OBLIGATION,C1|C7|C8,인물·의료망과 환자권리·서비스책임·전환을 함께 규정,NONE
DRY-CL-R-000327,docs/09_collection/ga10-final-collection-and-payoff-registry-v1.md#G10-L05,docs/09_collection/ga10-final-collection-and-payoff-registry-v1.md,G10-L05,A-001 Human Director,ENTITY,C1|C7,인물·직위권한·잔존책임과 미정 결말을 함께 등록,NONE
DRY-CL-R-000328,docs/09_collection/ga10-final-collection-and-payoff-registry-v1.md#G10-L05,docs/09_collection/ga10-final-collection-and-payoff-registry-v1.md,G10-L05,A-001 Human Director,CONTROL_CLAIM,C1|C7,인물·직위권한·잔존책임과 미정 결말을 함께 등록,NONE
DRY-CL-R-000329,docs/09_collection/ga10-final-collection-and-payoff-registry-v1.md#G10-L05,docs/09_collection/ga10-final-collection-and-payoff-registry-v1.md,G10-L05,A-001 Human Director,STATE_TRANSITION,C1|C7,인물·직위권한·잔존책임과 미정 결말을 함께 등록,NONE
DRY-CL-R-000330,docs/09_collection/ga10-final-collection-and-payoff-registry-v1.md#G10-L05,docs/09_collection/ga10-final-collection-and-payoff-registry-v1.md,G10-L05,A-001 Human Director,LOSS_OBLIGATION,C1|C7,인물·직위권한·잔존책임과 미정 결말을 함께 등록,NONE
DRY-CL-R-000331,docs/09_collection/ga10-final-collection-and-payoff-registry-v1.md#G10-L05,docs/09_collection/ga10-final-collection-and-payoff-registry-v1.md,G10-L05,A-001 Human Director,NARRATIVE_PROMISE,C1|C7,인물·직위권한·잔존책임과 미정 결말을 함께 등록,NONE
DRY-CL-R-000332,docs/09_collection/ga10-final-collection-and-payoff-registry-v1.md#G10-L06,docs/09_collection/ga10-final-collection-and-payoff-registry-v1.md,G10-L06,A-001 Archive AI Partner,ENTITY,C1|C6|C7,인공지능 인격·감사권한·공동책임과 미정 결말을 함께 등록,NONE
DRY-CL-R-000333,docs/09_collection/ga10-final-collection-and-payoff-registry-v1.md#G10-L06,docs/09_collection/ga10-final-collection-and-payoff-registry-v1.md,G10-L06,A-001 Archive AI Partner,CONTROL_CLAIM,C1|C6|C7,인공지능 인격·감사권한·공동책임과 미정 결말을 함께 등록,NONE
DRY-CL-R-000334,docs/09_collection/ga10-final-collection-and-payoff-registry-v1.md#G10-L06,docs/09_collection/ga10-final-collection-and-payoff-registry-v1.md,G10-L06,A-001 Archive AI Partner,STATE_TRANSITION,C1|C6|C7,인공지능 인격·감사권한·공동책임과 미정 결말을 함께 등록,NONE
DRY-CL-R-000335,docs/09_collection/ga10-final-collection-and-payoff-registry-v1.md#G10-L06,docs/09_collection/ga10-final-collection-and-payoff-registry-v1.md,G10-L06,A-001 Archive AI Partner,LOSS_OBLIGATION,C1|C6|C7,인공지능 인격·감사권한·공동책임과 미정 결말을 함께 등록,NONE
DRY-CL-R-000336,docs/09_collection/ga10-final-collection-and-payoff-registry-v1.md#G10-L06,docs/09_collection/ga10-final-collection-and-payoff-registry-v1.md,G10-L06,A-001 Archive AI Partner,NARRATIVE_PROMISE,C1|C6|C7,인공지능 인격·감사권한·공동책임과 미정 결말을 함께 등록,NONE
DRY-CL-R-000337,docs/09_collection/ga10-final-collection-and-payoff-registry-v1.md#G10-L07,docs/09_collection/ga10-final-collection-and-payoff-registry-v1.md,G10-L07,07 Original Frame and Open Service Spine,ENTITY,C2|C6,원형기체·서비스표준 계보와 분산·퇴역·상실을 함께 규정,NONE
DRY-CL-R-000338,docs/09_collection/ga10-final-collection-and-payoff-registry-v1.md#G10-L07,docs/09_collection/ga10-final-collection-and-payoff-registry-v1.md,G10-L07,07 Original Frame and Open Service Spine,CONTROL_CLAIM,C2|C6,원형기체·서비스표준 계보와 분산·퇴역·상실을 함께 규정,NONE
DRY-CL-R-000339,docs/09_collection/ga10-final-collection-and-payoff-registry-v1.md#G10-L07,docs/09_collection/ga10-final-collection-and-payoff-registry-v1.md,G10-L07,07 Original Frame and Open Service Spine,STATE_TRANSITION,C2|C6,원형기체·서비스표준 계보와 분산·퇴역·상실을 함께 규정,NONE
DRY-CL-R-000340,docs/09_collection/ga10-final-collection-and-payoff-registry-v1.md#G10-L07,docs/09_collection/ga10-final-collection-and-payoff-registry-v1.md,G10-L07,07 Original Frame and Open Service Spine,LOSS_OBLIGATION,C2|C6,원형기체·서비스표준 계보와 분산·퇴역·상실을 함께 규정,NONE
DRY-CL-R-000341,docs/09_collection/ga10-final-collection-and-payoff-registry-v1.md#G10-L07,docs/09_collection/ga10-final-collection-and-payoff-registry-v1.md,G10-L07,07 Original Frame and Open Service Spine,SET,C2|C6,원형기체·서비스표준 계보와 분산·퇴역·상실을 함께 규정,NONE
DRY-CL-R-000342,docs/09_collection/ga10-final-collection-and-payoff-registry-v1.md#G10-L08,docs/09_collection/ga10-final-collection-and-payoff-registry-v1.md,G10-L08,First Ship / Crew Institution,ENTITY,C1|C5|C7|C8,함선·승무관계·공공운용권·상실가능성과 계보약속을 함께 등록,NONE
DRY-CL-R-000343,docs/09_collection/ga10-final-collection-and-payoff-registry-v1.md#G10-L08,docs/09_collection/ga10-final-collection-and-payoff-registry-v1.md,G10-L08,First Ship / Crew Institution,RELATIONSHIP,C1|C5|C7|C8,함선·승무관계·공공운용권·상실가능성과 계보약속을 함께 등록,NONE
DRY-CL-R-000344,docs/09_collection/ga10-final-collection-and-payoff-registry-v1.md#G10-L08,docs/09_collection/ga10-final-collection-and-payoff-registry-v1.md,G10-L08,First Ship / Crew Institution,CONTROL_CLAIM,C1|C5|C7|C8,함선·승무관계·공공운용권·상실가능성과 계보약속을 함께 등록,NONE
DRY-CL-R-000345,docs/09_collection/ga10-final-collection-and-payoff-registry-v1.md#G10-L08,docs/09_collection/ga10-final-collection-and-payoff-registry-v1.md,G10-L08,First Ship / Crew Institution,STATE_TRANSITION,C1|C5|C7|C8,함선·승무관계·공공운용권·상실가능성과 계보약속을 함께 등록,NONE
DRY-CL-R-000346,docs/09_collection/ga10-final-collection-and-payoff-registry-v1.md#G10-L08,docs/09_collection/ga10-final-collection-and-payoff-registry-v1.md,G10-L08,First Ship / Crew Institution,LOSS_OBLIGATION,C1|C5|C7|C8,함선·승무관계·공공운용권·상실가능성과 계보약속을 함께 등록,NONE
DRY-CL-R-000347,docs/09_collection/ga10-final-collection-and-payoff-registry-v1.md#G10-L08,docs/09_collection/ga10-final-collection-and-payoff-registry-v1.md,G10-L08,First Ship / Crew Institution,NARRATIVE_PROMISE,C1|C5|C7|C8,함선·승무관계·공공운용권·상실가능성과 계보약속을 함께 등록,NONE
DRY-CL-R-000348,docs/09_collection/ga10-final-collection-and-payoff-registry-v1.md#G10-L08,docs/09_collection/ga10-final-collection-and-payoff-registry-v1.md,G10-L08,First Ship / Crew Institution,SET,C1|C5|C7|C8,함선·승무관계·공공운용권·상실가능성과 계보약속을 함께 등록,NONE
DRY-CL-R-000349,docs/09_collection/ga10-final-collection-and-payoff-registry-v1.md#G10-L09,docs/09_collection/ga10-final-collection-and-payoff-registry-v1.md,G10-L09,Ownerless Fleet Charter,ENTITY,C5|C7|C8,함대망·편대관계와 비소유 지휘헌장 전환을 함께 규정,NONE
DRY-CL-R-000350,docs/09_collection/ga10-final-collection-and-payoff-registry-v1.md#G10-L09,docs/09_collection/ga10-final-collection-and-payoff-registry-v1.md,G10-L09,Ownerless Fleet Charter,RELATIONSHIP,C5|C7|C8,함대망·편대관계와 비소유 지휘헌장 전환을 함께 규정,NONE
DRY-CL-R-000351,docs/09_collection/ga10-final-collection-and-payoff-registry-v1.md#G10-L09,docs/09_collection/ga10-final-collection-and-payoff-registry-v1.md,G10-L09,Ownerless Fleet Charter,CONTROL_CLAIM,C5|C7|C8,함대망·편대관계와 비소유 지휘헌장 전환을 함께 규정,NONE
DRY-CL-R-000352,docs/09_collection/ga10-final-collection-and-payoff-registry-v1.md#G10-L09,docs/09_collection/ga10-final-collection-and-payoff-registry-v1.md,G10-L09,Ownerless Fleet Charter,STATE_TRANSITION,C5|C7|C8,함대망·편대관계와 비소유 지휘헌장 전환을 함께 규정,NONE
DRY-CL-R-000353,docs/09_collection/ga10-final-collection-and-payoff-registry-v1.md#G10-L10,docs/09_collection/ga10-final-collection-and-payoff-registry-v1.md,G10-L10,Academy / Education Lineage,ENTITY,C1|C6|C7,교육기관·학생관계·권리책임과 교육계보 전환을 함께 규정,NONE
DRY-CL-R-000354,docs/09_collection/ga10-final-collection-and-payoff-registry-v1.md#G10-L10,docs/09_collection/ga10-final-collection-and-payoff-registry-v1.md,G10-L10,Academy / Education Lineage,RELATIONSHIP,C1|C6|C7,교육기관·학생관계·권리책임과 교육계보 전환을 함께 규정,NONE
DRY-CL-R-000355,docs/09_collection/ga10-final-collection-and-payoff-registry-v1.md#G10-L10,docs/09_collection/ga10-final-collection-and-payoff-registry-v1.md,G10-L10,Academy / Education Lineage,CONTROL_CLAIM,C1|C6|C7,교육기관·학생관계·권리책임과 교육계보 전환을 함께 규정,NONE
DRY-CL-R-000356,docs/09_collection/ga10-final-collection-and-payoff-registry-v1.md#G10-L10,docs/09_collection/ga10-final-collection-and-payoff-registry-v1.md,G10-L10,Academy / Education Lineage,STATE_TRANSITION,C1|C6|C7,교육기관·학생관계·권리책임과 교육계보 전환을 함께 규정,NONE
DRY-CL-R-000357,docs/09_collection/ga10-final-collection-and-payoff-registry-v1.md#G10-L10,docs/09_collection/ga10-final-collection-and-payoff-registry-v1.md,G10-L10,Academy / Education Lineage,LOSS_OBLIGATION,C1|C6|C7,교육기관·학생관계·권리책임과 교육계보 전환을 함께 규정,NONE
DRY-CL-R-000358,docs/09_collection/ga10-final-collection-and-payoff-registry-v1.md#G10-L10,docs/09_collection/ga10-final-collection-and-payoff-registry-v1.md,G10-L10,Academy / Education Lineage,SET,C1|C6|C7,교육기관·학생관계·권리책임과 교육계보 전환을 함께 규정,NONE
DRY-CL-R-000359,docs/09_collection/ga10-final-collection-and-payoff-registry-v1.md#G10-L11,docs/09_collection/ga10-final-collection-and-payoff-registry-v1.md,G10-L11,Neutral Assembly,ENTITY,C7|C8,중립기구·회원관계·자율권과 보관권 축소를 함께 규정,NONE
DRY-CL-R-000360,docs/09_collection/ga10-final-collection-and-payoff-registry-v1.md#G10-L11,docs/09_collection/ga10-final-collection-and-payoff-registry-v1.md,G10-L11,Neutral Assembly,RELATIONSHIP,C7|C8,중립기구·회원관계·자율권과 보관권 축소를 함께 규정,NONE
DRY-CL-R-000361,docs/09_collection/ga10-final-collection-and-payoff-registry-v1.md#G10-L11,docs/09_collection/ga10-final-collection-and-payoff-registry-v1.md,G10-L11,Neutral Assembly,CONTROL_CLAIM,C7|C8,중립기구·회원관계·자율권과 보관권 축소를 함께 규정,NONE
DRY-CL-R-000362,docs/09_collection/ga10-final-collection-and-payoff-registry-v1.md#G10-L11,docs/09_collection/ga10-final-collection-and-payoff-registry-v1.md,G10-L11,Neutral Assembly,STATE_TRANSITION,C7|C8,중립기구·회원관계·자율권과 보관권 축소를 함께 규정,NONE
DRY-CL-R-000363,docs/09_collection/ga10-final-collection-and-payoff-registry-v1.md#G10-L12,docs/09_collection/ga10-final-collection-and-payoff-registry-v1.md,G10-L12,Helix/Industrial Successors,ENTITY,C1|C6|C7,산업후계기관·노동관계·인증권·책임제약을 함께 규정,NONE
DRY-CL-R-000364,docs/09_collection/ga10-final-collection-and-payoff-registry-v1.md#G10-L12,docs/09_collection/ga10-final-collection-and-payoff-registry-v1.md,G10-L12,Helix/Industrial Successors,RELATIONSHIP,C1|C6|C7,산업후계기관·노동관계·인증권·책임제약을 함께 규정,NONE
DRY-CL-R-000365,docs/09_collection/ga10-final-collection-and-payoff-registry-v1.md#G10-L12,docs/09_collection/ga10-final-collection-and-payoff-registry-v1.md,G10-L12,Helix/Industrial Successors,CONTROL_CLAIM,C1|C6|C7,산업후계기관·노동관계·인증권·책임제약을 함께 규정,NONE
DRY-CL-R-000366,docs/09_collection/ga10-final-collection-and-payoff-registry-v1.md#G10-L12,docs/09_collection/ga10-final-collection-and-payoff-registry-v1.md,G10-L12,Helix/Industrial Successors,STATE_TRANSITION,C1|C6|C7,산업후계기관·노동관계·인증권·책임제약을 함께 규정,NONE
DRY-CL-R-000367,docs/09_collection/ga10-final-collection-and-payoff-registry-v1.md#G10-L12,docs/09_collection/ga10-final-collection-and-payoff-registry-v1.md,G10-L12,Helix/Industrial Successors,LOSS_OBLIGATION,C1|C6|C7,산업후계기관·노동관계·인증권·책임제약을 함께 규정,NONE
DRY-CL-R-000368,docs/09_collection/ga10-final-collection-and-payoff-registry-v1.md#G10-M01,docs/09_collection/ga10-final-collection-and-payoff-registry-v1.md,G10-M01,“당신은 역사에 기록되지 않았습니다”,CONTROL_CLAIM,C1|C6|C7,기록누락 미스터리와 해석권 포기·공식서사 상실을 함께 회수,NONE
DRY-CL-R-000369,docs/09_collection/ga10-final-collection-and-payoff-registry-v1.md#G10-M01,docs/09_collection/ga10-final-collection-and-payoff-registry-v1.md,G10-M01,“당신은 역사에 기록되지 않았습니다”,STATE_TRANSITION,C1|C6|C7,기록누락 미스터리와 해석권 포기·공식서사 상실을 함께 회수,NONE
DRY-CL-R-000370,docs/09_collection/ga10-final-collection-and-payoff-registry-v1.md#G10-M01,docs/09_collection/ga10-final-collection-and-payoff-registry-v1.md,G10-M01,“당신은 역사에 기록되지 않았습니다”,LOSS_OBLIGATION,C1|C6|C7,기록누락 미스터리와 해석권 포기·공식서사 상실을 함께 회수,NONE
DRY-CL-R-000371,docs/09_collection/ga10-final-collection-and-payoff-registry-v1.md#G10-M01,docs/09_collection/ga10-final-collection-and-payoff-registry-v1.md,G10-M01,“당신은 역사에 기록되지 않았습니다”,NARRATIVE_PROMISE,C1|C6|C7,기록누락 미스터리와 해석권 포기·공식서사 상실을 함께 회수,NONE
DRY-CL-R-000372,docs/09_collection/ga10-final-collection-and-payoff-registry-v1.md#G10-M02,docs/09_collection/ga10-final-collection-and-payoff-registry-v1.md,G10-M02,Thirteen Heroes,CONTROL_CLAIM,C1|C7,열세 영웅 약속을 순위세트·선전통제 해체로 회수,NONE
DRY-CL-R-000373,docs/09_collection/ga10-final-collection-and-payoff-registry-v1.md#G10-M02,docs/09_collection/ga10-final-collection-and-payoff-registry-v1.md,G10-M02,Thirteen Heroes,STATE_TRANSITION,C1|C7,열세 영웅 약속을 순위세트·선전통제 해체로 회수,NONE
DRY-CL-R-000374,docs/09_collection/ga10-final-collection-and-payoff-registry-v1.md#G10-M02,docs/09_collection/ga10-final-collection-and-payoff-registry-v1.md,G10-M02,Thirteen Heroes,NARRATIVE_PROMISE,C1|C7,열세 영웅 약속을 순위세트·선전통제 해체로 회수,NONE
DRY-CL-R-000375,docs/09_collection/ga10-final-collection-and-payoff-registry-v1.md#G10-M02,docs/09_collection/ga10-final-collection-and-payoff-registry-v1.md,G10-M02,Thirteen Heroes,SET,C1|C7,열세 영웅 약속을 순위세트·선전통제 해체로 회수,NONE
DRY-CL-R-000376,docs/09_collection/ga10-final-collection-and-payoff-registry-v1.md#G10-M03,docs/09_collection/ga10-final-collection-and-payoff-registry-v1.md,G10-M03,07 Lineage,CONTROL_CLAIM,C2|C6|C7,07 계보 약속을 기술표준 분산과 계보완성으로 회수,NONE
DRY-CL-R-000377,docs/09_collection/ga10-final-collection-and-payoff-registry-v1.md#G10-M03,docs/09_collection/ga10-final-collection-and-payoff-registry-v1.md,G10-M03,07 Lineage,STATE_TRANSITION,C2|C6|C7,07 계보 약속을 기술표준 분산과 계보완성으로 회수,NONE
DRY-CL-R-000378,docs/09_collection/ga10-final-collection-and-payoff-registry-v1.md#G10-M03,docs/09_collection/ga10-final-collection-and-payoff-registry-v1.md,G10-M03,07 Lineage,NARRATIVE_PROMISE,C2|C6|C7,07 계보 약속을 기술표준 분산과 계보완성으로 회수,NONE
DRY-CL-R-000379,docs/09_collection/ga10-final-collection-and-payoff-registry-v1.md#G10-M03,docs/09_collection/ga10-final-collection-and-payoff-registry-v1.md,G10-M03,07 Lineage,SET,C2|C6|C7,07 계보 약속을 기술표준 분산과 계보완성으로 회수,NONE
DRY-CL-R-000380,docs/09_collection/ga10-final-collection-and-payoff-registry-v1.md#G10-M04,docs/09_collection/ga10-final-collection-and-payoff-registry-v1.md,G10-M04,Blood Admiral,ENTITY,C1|C7,인물·직위 분리 약속과 피해관계·책임을 함께 회수,NONE
DRY-CL-R-000381,docs/09_collection/ga10-final-collection-and-payoff-registry-v1.md#G10-M04,docs/09_collection/ga10-final-collection-and-payoff-registry-v1.md,G10-M04,Blood Admiral,RELATIONSHIP,C1|C7,인물·직위 분리 약속과 피해관계·책임을 함께 회수,NONE
DRY-CL-R-000382,docs/09_collection/ga10-final-collection-and-payoff-registry-v1.md#G10-M04,docs/09_collection/ga10-final-collection-and-payoff-registry-v1.md,G10-M04,Blood Admiral,CONTROL_CLAIM,C1|C7,인물·직위 분리 약속과 피해관계·책임을 함께 회수,NONE
DRY-CL-R-000383,docs/09_collection/ga10-final-collection-and-payoff-registry-v1.md#G10-M04,docs/09_collection/ga10-final-collection-and-payoff-registry-v1.md,G10-M04,Blood Admiral,STATE_TRANSITION,C1|C7,인물·직위 분리 약속과 피해관계·책임을 함께 회수,NONE
DRY-CL-R-000384,docs/09_collection/ga10-final-collection-and-payoff-registry-v1.md#G10-M04,docs/09_collection/ga10-final-collection-and-payoff-registry-v1.md,G10-M04,Blood Admiral,LOSS_OBLIGATION,C1|C7,인물·직위 분리 약속과 피해관계·책임을 함께 회수,NONE
DRY-CL-R-000385,docs/09_collection/ga10-final-collection-and-payoff-registry-v1.md#G10-M04,docs/09_collection/ga10-final-collection-and-payoff-registry-v1.md,G10-M04,Blood Admiral,NARRATIVE_PROMISE,C1|C7,인물·직위 분리 약속과 피해관계·책임을 함께 회수,NONE
DRY-CL-R-000386,docs/09_collection/ga10-final-collection-and-payoff-registry-v1.md#G10-M05,docs/09_collection/ga10-final-collection-and-payoff-registry-v1.md,G10-M05,Administrative Death and Protector Community,ENTITY,C1|C6|C7|C8,공동체·신분관계 약속과 인정권·미복구 책임을 함께 회수,NONE
DRY-CL-R-000387,docs/09_collection/ga10-final-collection-and-payoff-registry-v1.md#G10-M05,docs/09_collection/ga10-final-collection-and-payoff-registry-v1.md,G10-M05,Administrative Death and Protector Community,RELATIONSHIP,C1|C6|C7|C8,공동체·신분관계 약속과 인정권·미복구 책임을 함께 회수,NONE
DRY-CL-R-000388,docs/09_collection/ga10-final-collection-and-payoff-registry-v1.md#G10-M05,docs/09_collection/ga10-final-collection-and-payoff-registry-v1.md,G10-M05,Administrative Death and Protector Community,CONTROL_CLAIM,C1|C6|C7|C8,공동체·신분관계 약속과 인정권·미복구 책임을 함께 회수,NONE
DRY-CL-R-000389,docs/09_collection/ga10-final-collection-and-payoff-registry-v1.md#G10-M05,docs/09_collection/ga10-final-collection-and-payoff-registry-v1.md,G10-M05,Administrative Death and Protector Community,STATE_TRANSITION,C1|C6|C7|C8,공동체·신분관계 약속과 인정권·미복구 책임을 함께 회수,NONE
DRY-CL-R-000390,docs/09_collection/ga10-final-collection-and-payoff-registry-v1.md#G10-M05,docs/09_collection/ga10-final-collection-and-payoff-registry-v1.md,G10-M05,Administrative Death and Protector Community,LOSS_OBLIGATION,C1|C6|C7|C8,공동체·신분관계 약속과 인정권·미복구 책임을 함께 회수,NONE
DRY-CL-R-000391,docs/09_collection/ga10-final-collection-and-payoff-registry-v1.md#G10-M05,docs/09_collection/ga10-final-collection-and-payoff-registry-v1.md,G10-M05,Administrative Death and Protector Community,NARRATIVE_PROMISE,C1|C6|C7|C8,공동체·신분관계 약속과 인정권·미복구 책임을 함께 회수,NONE
DRY-CL-R-000392,docs/09_collection/ga10-final-collection-and-payoff-registry-v1.md#G10-M06,docs/09_collection/ga10-final-collection-and-payoff-registry-v1.md,G10-M06,Fifth Answer,RELATIONSHIP,C6|C7,제5답 약속을 기관간 권한분담·책임조합으로 회수,NONE
DRY-CL-R-000393,docs/09_collection/ga10-final-collection-and-payoff-registry-v1.md#G10-M06,docs/09_collection/ga10-final-collection-and-payoff-registry-v1.md,G10-M06,Fifth Answer,CONTROL_CLAIM,C6|C7,제5답 약속을 기관간 권한분담·책임조합으로 회수,NONE
DRY-CL-R-000394,docs/09_collection/ga10-final-collection-and-payoff-registry-v1.md#G10-M06,docs/09_collection/ga10-final-collection-and-payoff-registry-v1.md,G10-M06,Fifth Answer,STATE_TRANSITION,C6|C7,제5답 약속을 기관간 권한분담·책임조합으로 회수,NONE
DRY-CL-R-000395,docs/09_collection/ga10-final-collection-and-payoff-registry-v1.md#G10-M06,docs/09_collection/ga10-final-collection-and-payoff-registry-v1.md,G10-M06,Fifth Answer,LOSS_OBLIGATION,C6|C7,제5답 약속을 기관간 권한분담·책임조합으로 회수,NONE
DRY-CL-R-000396,docs/09_collection/ga10-final-collection-and-payoff-registry-v1.md#G10-M06,docs/09_collection/ga10-final-collection-and-payoff-registry-v1.md,G10-M06,Fifth Answer,NARRATIVE_PROMISE,C6|C7,제5답 약속을 기관간 권한분담·책임조합으로 회수,NONE
DRY-CL-R-000397,docs/09_collection/ga10-final-collection-and-payoff-registry-v1.md#G10-M06,docs/09_collection/ga10-final-collection-and-payoff-registry-v1.md,G10-M06,Fifth Answer,SET,C6|C7,제5답 약속을 기관간 권한분담·책임조합으로 회수,NONE
DRY-CL-R-000398,docs/09_collection/ga10-final-collection-and-payoff-registry-v1.md#G10-M07,docs/09_collection/ga10-final-collection-and-payoff-registry-v1.md,G10-M07,Original Orpheus,RELATIONSHIP,C1|C6|C7|C8,오르페우스 사건약속을 책임관계·항로개혁·영구대가로 회수,NONE
DRY-CL-R-000399,docs/09_collection/ga10-final-collection-and-payoff-registry-v1.md#G10-M07,docs/09_collection/ga10-final-collection-and-payoff-registry-v1.md,G10-M07,Original Orpheus,CONTROL_CLAIM,C1|C6|C7|C8,오르페우스 사건약속을 책임관계·항로개혁·영구대가로 회수,NONE
DRY-CL-R-000400,docs/09_collection/ga10-final-collection-and-payoff-registry-v1.md#G10-M07,docs/09_collection/ga10-final-collection-and-payoff-registry-v1.md,G10-M07,Original Orpheus,STATE_TRANSITION,C1|C6|C7|C8,오르페우스 사건약속을 책임관계·항로개혁·영구대가로 회수,NONE
DRY-CL-R-000401,docs/09_collection/ga10-final-collection-and-payoff-registry-v1.md#G10-M07,docs/09_collection/ga10-final-collection-and-payoff-registry-v1.md,G10-M07,Original Orpheus,LOSS_OBLIGATION,C1|C6|C7|C8,오르페우스 사건약속을 책임관계·항로개혁·영구대가로 회수,NONE
DRY-CL-R-000402,docs/09_collection/ga10-final-collection-and-payoff-registry-v1.md#G10-M07,docs/09_collection/ga10-final-collection-and-payoff-registry-v1.md,G10-M07,Original Orpheus,NARRATIVE_PROMISE,C1|C6|C7|C8,오르페우스 사건약속을 책임관계·항로개혁·영구대가로 회수,NONE
DRY-CL-R-000403,docs/09_collection/ga10-final-collection-and-payoff-registry-v1.md#G10-M07,docs/09_collection/ga10-final-collection-and-payoff-registry-v1.md,G10-M07,Original Orpheus,SET,C1|C6|C7|C8,오르페우스 사건약속을 책임관계·항로개혁·영구대가로 회수,NONE
DRY-CL-R-000404,docs/09_collection/ga10-final-collection-and-payoff-registry-v1.md#G10-M08,docs/09_collection/ga10-final-collection-and-payoff-registry-v1.md,G10-M08,Archive Right and Wrong,CONTROL_CLAIM,C6|C7,아카이브 진실약속을 복수증거·해석권·불완전성으로 회수,NONE
DRY-CL-R-000405,docs/09_collection/ga10-final-collection-and-payoff-registry-v1.md#G10-M08,docs/09_collection/ga10-final-collection-and-payoff-registry-v1.md,G10-M08,Archive Right and Wrong,STATE_TRANSITION,C6|C7,아카이브 진실약속을 복수증거·해석권·불완전성으로 회수,NONE
DRY-CL-R-000406,docs/09_collection/ga10-final-collection-and-payoff-registry-v1.md#G10-M08,docs/09_collection/ga10-final-collection-and-payoff-registry-v1.md,G10-M08,Archive Right and Wrong,LOSS_OBLIGATION,C6|C7,아카이브 진실약속을 복수증거·해석권·불완전성으로 회수,NONE
DRY-CL-R-000407,docs/09_collection/ga10-final-collection-and-payoff-registry-v1.md#G10-M08,docs/09_collection/ga10-final-collection-and-payoff-registry-v1.md,G10-M08,Archive Right and Wrong,NARRATIVE_PROMISE,C6|C7,아카이브 진실약속을 복수증거·해석권·불완전성으로 회수,NONE
DRY-CL-R-000408,docs/09_collection/ga10-final-collection-and-payoff-registry-v1.md#G10-M08,docs/09_collection/ga10-final-collection-and-payoff-registry-v1.md,G10-M08,Archive Right and Wrong,SET,C6|C7,아카이브 진실약속을 복수증거·해석권·불완전성으로 회수,NONE
DRY-CL-R-000409,docs/09_collection/ga10-final-collection-and-payoff-registry-v1.md#G10-M09,docs/09_collection/ga10-final-collection-and-payoff-registry-v1.md,G10-M09,Regression Cause,RELATIONSHIP,C1|C6,회귀원인 약속을 관계패턴·활성권·재시도 상실로 회수,NONE
DRY-CL-R-000410,docs/09_collection/ga10-final-collection-and-payoff-registry-v1.md#G10-M09,docs/09_collection/ga10-final-collection-and-payoff-registry-v1.md,G10-M09,Regression Cause,CONTROL_CLAIM,C1|C6,회귀원인 약속을 관계패턴·활성권·재시도 상실로 회수,NONE
DRY-CL-R-000411,docs/09_collection/ga10-final-collection-and-payoff-registry-v1.md#G10-M09,docs/09_collection/ga10-final-collection-and-payoff-registry-v1.md,G10-M09,Regression Cause,STATE_TRANSITION,C1|C6,회귀원인 약속을 관계패턴·활성권·재시도 상실로 회수,NONE
DRY-CL-R-000412,docs/09_collection/ga10-final-collection-and-payoff-registry-v1.md#G10-M09,docs/09_collection/ga10-final-collection-and-payoff-registry-v1.md,G10-M09,Regression Cause,LOSS_OBLIGATION,C1|C6,회귀원인 약속을 관계패턴·활성권·재시도 상실로 회수,NONE
DRY-CL-R-000413,docs/09_collection/ga10-final-collection-and-payoff-registry-v1.md#G10-M09,docs/09_collection/ga10-final-collection-and-payoff-registry-v1.md,G10-M09,Regression Cause,NARRATIVE_PROMISE,C1|C6,회귀원인 약속을 관계패턴·활성권·재시도 상실로 회수,NONE
DRY-CL-R-000414,docs/09_collection/ga10-final-collection-and-payoff-registry-v1.md#G10-M10,docs/09_collection/ga10-final-collection-and-payoff-registry-v1.md,G10-M10,Autonomous War Collapse,RELATIONSHIP,C1|C6|C7,자율전쟁 약속을 책임관계·분할권한·사건조합으로 회수,NONE
DRY-CL-R-000415,docs/09_collection/ga10-final-collection-and-payoff-registry-v1.md#G10-M10,docs/09_collection/ga10-final-collection-and-payoff-registry-v1.md,G10-M10,Autonomous War Collapse,CONTROL_CLAIM,C1|C6|C7,자율전쟁 약속을 책임관계·분할권한·사건조합으로 회수,NONE
DRY-CL-R-000416,docs/09_collection/ga10-final-collection-and-payoff-registry-v1.md#G10-M10,docs/09_collection/ga10-final-collection-and-payoff-registry-v1.md,G10-M10,Autonomous War Collapse,STATE_TRANSITION,C1|C6|C7,자율전쟁 약속을 책임관계·분할권한·사건조합으로 회수,NONE
DRY-CL-R-000417,docs/09_collection/ga10-final-collection-and-payoff-registry-v1.md#G10-M10,docs/09_collection/ga10-final-collection-and-payoff-registry-v1.md,G10-M10,Autonomous War Collapse,LOSS_OBLIGATION,C1|C6|C7,자율전쟁 약속을 책임관계·분할권한·사건조합으로 회수,NONE
DRY-CL-R-000418,docs/09_collection/ga10-final-collection-and-payoff-registry-v1.md#G10-M10,docs/09_collection/ga10-final-collection-and-payoff-registry-v1.md,G10-M10,Autonomous War Collapse,NARRATIVE_PROMISE,C1|C6|C7,자율전쟁 약속을 책임관계·분할권한·사건조합으로 회수,NONE
DRY-CL-R-000419,docs/09_collection/ga10-final-collection-and-payoff-registry-v1.md#G10-M10,docs/09_collection/ga10-final-collection-and-payoff-registry-v1.md,G10-M10,Autonomous War Collapse,SET,C1|C6|C7,자율전쟁 약속을 책임관계·분할권한·사건조합으로 회수,NONE
DRY-CL-R-000420,docs/09_collection/ga10-final-collection-and-payoff-registry-v1.md#G10-M11,docs/09_collection/ga10-final-collection-and-payoff-registry-v1.md,G10-M11,Imperial Succession / Master Identity,RELATIONSHIP,C1|C7,계승·정체 약속을 계보관계·독점권 해체로 회수,NONE
DRY-CL-R-000421,docs/09_collection/ga10-final-collection-and-payoff-registry-v1.md#G10-M11,docs/09_collection/ga10-final-collection-and-payoff-registry-v1.md,G10-M11,Imperial Succession / Master Identity,CONTROL_CLAIM,C1|C7,계승·정체 약속을 계보관계·독점권 해체로 회수,NONE
DRY-CL-R-000422,docs/09_collection/ga10-final-collection-and-payoff-registry-v1.md#G10-M11,docs/09_collection/ga10-final-collection-and-payoff-registry-v1.md,G10-M11,Imperial Succession / Master Identity,STATE_TRANSITION,C1|C7,계승·정체 약속을 계보관계·독점권 해체로 회수,NONE
DRY-CL-R-000423,docs/09_collection/ga10-final-collection-and-payoff-registry-v1.md#G10-M11,docs/09_collection/ga10-final-collection-and-payoff-registry-v1.md,G10-M11,Imperial Succession / Master Identity,LOSS_OBLIGATION,C1|C7,계승·정체 약속을 계보관계·독점권 해체로 회수,NONE
DRY-CL-R-000424,docs/09_collection/ga10-final-collection-and-payoff-registry-v1.md#G10-M11,docs/09_collection/ga10-final-collection-and-payoff-registry-v1.md,G10-M11,Imperial Succession / Master Identity,NARRATIVE_PROMISE,C1|C7,계승·정체 약속을 계보관계·독점권 해체로 회수,NONE
DRY-CL-R-000425,docs/09_collection/ga10-final-collection-and-payoff-registry-v1.md#G10-M11,docs/09_collection/ga10-final-collection-and-payoff-registry-v1.md,G10-M11,Imperial Succession / Master Identity,SET,C1|C7,계승·정체 약속을 계보관계·독점권 해체로 회수,NONE
DRY-CL-R-000426,docs/09_collection/ga10-final-collection-and-payoff-registry-v1.md#G10-M12,docs/09_collection/ga10-final-collection-and-payoff-registry-v1.md,G10-M12,E-001 / Enemy Ace / Independence Path,ENTITY,C1|C7|C8,적 에이스 실체·독립관계·역할권한과 미정 결말을 등록,NONE
DRY-CL-R-000427,docs/09_collection/ga10-final-collection-and-payoff-registry-v1.md#G10-M12,docs/09_collection/ga10-final-collection-and-payoff-registry-v1.md,G10-M12,E-001 / Enemy Ace / Independence Path,RELATIONSHIP,C1|C7|C8,적 에이스 실체·독립관계·역할권한과 미정 결말을 등록,NONE
DRY-CL-R-000428,docs/09_collection/ga10-final-collection-and-payoff-registry-v1.md#G10-M12,docs/09_collection/ga10-final-collection-and-payoff-registry-v1.md,G10-M12,E-001 / Enemy Ace / Independence Path,CONTROL_CLAIM,C1|C7|C8,적 에이스 실체·독립관계·역할권한과 미정 결말을 등록,NONE
DRY-CL-R-000429,docs/09_collection/ga10-final-collection-and-payoff-registry-v1.md#G10-M12,docs/09_collection/ga10-final-collection-and-payoff-registry-v1.md,G10-M12,E-001 / Enemy Ace / Independence Path,STATE_TRANSITION,C1|C7|C8,적 에이스 실체·독립관계·역할권한과 미정 결말을 등록,NONE
DRY-CL-R-000430,docs/09_collection/ga10-final-collection-and-payoff-registry-v1.md#G10-M12,docs/09_collection/ga10-final-collection-and-payoff-registry-v1.md,G10-M12,E-001 / Enemy Ace / Independence Path,NARRATIVE_PROMISE,C1|C7|C8,적 에이스 실체·독립관계·역할권한과 미정 결말을 등록,NONE
DRY-CL-R-000431,docs/09_collection/ga10-final-collection-and-payoff-registry-v1.md#G10-M13,docs/09_collection/ga10-final-collection-and-payoff-registry-v1.md,G10-M13,H-002 Official Death/Collective Authorship,ENTITY,C1|C6|C7,인물의 공식사망 약속을 공동저작관계·권리계보로 회수,NONE
DRY-CL-R-000432,docs/09_collection/ga10-final-collection-and-payoff-registry-v1.md#G10-M13,docs/09_collection/ga10-final-collection-and-payoff-registry-v1.md,G10-M13,H-002 Official Death/Collective Authorship,RELATIONSHIP,C1|C6|C7,인물의 공식사망 약속을 공동저작관계·권리계보로 회수,NONE
DRY-CL-R-000433,docs/09_collection/ga10-final-collection-and-payoff-registry-v1.md#G10-M13,docs/09_collection/ga10-final-collection-and-payoff-registry-v1.md,G10-M13,H-002 Official Death/Collective Authorship,CONTROL_CLAIM,C1|C6|C7,인물의 공식사망 약속을 공동저작관계·권리계보로 회수,NONE
DRY-CL-R-000434,docs/09_collection/ga10-final-collection-and-payoff-registry-v1.md#G10-M13,docs/09_collection/ga10-final-collection-and-payoff-registry-v1.md,G10-M13,H-002 Official Death/Collective Authorship,STATE_TRANSITION,C1|C6|C7,인물의 공식사망 약속을 공동저작관계·권리계보로 회수,NONE
DRY-CL-R-000435,docs/09_collection/ga10-final-collection-and-payoff-registry-v1.md#G10-M13,docs/09_collection/ga10-final-collection-and-payoff-registry-v1.md,G10-M13,H-002 Official Death/Collective Authorship,LOSS_OBLIGATION,C1|C6|C7,인물의 공식사망 약속을 공동저작관계·권리계보로 회수,NONE
DRY-CL-R-000436,docs/09_collection/ga10-final-collection-and-payoff-registry-v1.md#G10-M13,docs/09_collection/ga10-final-collection-and-payoff-registry-v1.md,G10-M13,H-002 Official Death/Collective Authorship,NARRATIVE_PROMISE,C1|C6|C7,인물의 공식사망 약속을 공동저작관계·권리계보로 회수,NONE
DRY-CL-R-000437,docs/09_collection/ga10-final-collection-and-payoff-registry-v1.md#G10-M13,docs/09_collection/ga10-final-collection-and-payoff-registry-v1.md,G10-M13,H-002 Official Death/Collective Authorship,SET,C1|C6|C7,인물의 공식사망 약속을 공동저작관계·권리계보로 회수,NONE
DRY-CL-R-000438,docs/09_collection/ga10-final-collection-and-payoff-registry-v1.md#G10-M14,docs/09_collection/ga10-final-collection-and-payoff-registry-v1.md,G10-M14,Black Ward Witness / Continuity Protocol,ENTITY,C1|C6|C7,증언자·프로토콜 약속을 동의권·책임·기능조합으로 회수,NONE
DRY-CL-R-000439,docs/09_collection/ga10-final-collection-and-payoff-registry-v1.md#G10-M14,docs/09_collection/ga10-final-collection-and-payoff-registry-v1.md,G10-M14,Black Ward Witness / Continuity Protocol,RELATIONSHIP,C1|C6|C7,증언자·프로토콜 약속을 동의권·책임·기능조합으로 회수,NONE
DRY-CL-R-000440,docs/09_collection/ga10-final-collection-and-payoff-registry-v1.md#G10-M14,docs/09_collection/ga10-final-collection-and-payoff-registry-v1.md,G10-M14,Black Ward Witness / Continuity Protocol,CONTROL_CLAIM,C1|C6|C7,증언자·프로토콜 약속을 동의권·책임·기능조합으로 회수,NONE
DRY-CL-R-000441,docs/09_collection/ga10-final-collection-and-payoff-registry-v1.md#G10-M14,docs/09_collection/ga10-final-collection-and-payoff-registry-v1.md,G10-M14,Black Ward Witness / Continuity Protocol,STATE_TRANSITION,C1|C6|C7,증언자·프로토콜 약속을 동의권·책임·기능조합으로 회수,NONE
DRY-CL-R-000442,docs/09_collection/ga10-final-collection-and-payoff-registry-v1.md#G10-M14,docs/09_collection/ga10-final-collection-and-payoff-registry-v1.md,G10-M14,Black Ward Witness / Continuity Protocol,LOSS_OBLIGATION,C1|C6|C7,증언자·프로토콜 약속을 동의권·책임·기능조합으로 회수,NONE
DRY-CL-R-000443,docs/09_collection/ga10-final-collection-and-payoff-registry-v1.md#G10-M14,docs/09_collection/ga10-final-collection-and-payoff-registry-v1.md,G10-M14,Black Ward Witness / Continuity Protocol,NARRATIVE_PROMISE,C1|C6|C7,증언자·프로토콜 약속을 동의권·책임·기능조합으로 회수,NONE
DRY-CL-R-000444,docs/09_collection/ga10-final-collection-and-payoff-registry-v1.md#G10-M14,docs/09_collection/ga10-final-collection-and-payoff-registry-v1.md,G10-M14,Black Ward Witness / Continuity Protocol,SET,C1|C6|C7,증언자·프로토콜 약속을 동의권·책임·기능조합으로 회수,NONE
DRY-CL-R-000445,docs/09_collection/ga10-final-collection-and-payoff-registry-v1.md#G10-M15,docs/09_collection/ga10-final-collection-and-payoff-registry-v1.md,G10-M15,Neutral Orpheus Refusal,RELATIONSHIP,C7|C8,중립 거부약속을 신뢰관계·구조권한·공동의무로 회수,NONE
DRY-CL-R-000446,docs/09_collection/ga10-final-collection-and-payoff-registry-v1.md#G10-M15,docs/09_collection/ga10-final-collection-and-payoff-registry-v1.md,G10-M15,Neutral Orpheus Refusal,CONTROL_CLAIM,C7|C8,중립 거부약속을 신뢰관계·구조권한·공동의무로 회수,NONE
DRY-CL-R-000447,docs/09_collection/ga10-final-collection-and-payoff-registry-v1.md#G10-M15,docs/09_collection/ga10-final-collection-and-payoff-registry-v1.md,G10-M15,Neutral Orpheus Refusal,STATE_TRANSITION,C7|C8,중립 거부약속을 신뢰관계·구조권한·공동의무로 회수,NONE
DRY-CL-R-000448,docs/09_collection/ga10-final-collection-and-payoff-registry-v1.md#G10-M15,docs/09_collection/ga10-final-collection-and-payoff-registry-v1.md,G10-M15,Neutral Orpheus Refusal,LOSS_OBLIGATION,C7|C8,중립 거부약속을 신뢰관계·구조권한·공동의무로 회수,NONE
DRY-CL-R-000449,docs/09_collection/ga10-final-collection-and-payoff-registry-v1.md#G10-M15,docs/09_collection/ga10-final-collection-and-payoff-registry-v1.md,G10-M15,Neutral Orpheus Refusal,NARRATIVE_PROMISE,C7|C8,중립 거부약속을 신뢰관계·구조권한·공동의무로 회수,NONE
DRY-CL-R-000450,docs/09_collection/ga10-final-collection-and-payoff-registry-v1.md#G10-M16,docs/09_collection/ga10-final-collection-and-payoff-registry-v1.md,G10-M16,Helix Standardization,RELATIONSHIP,C1|C6|C7,표준화 약속을 노동관계·통제권·안전책임 분산으로 회수,NONE
DRY-CL-R-000451,docs/09_collection/ga10-final-collection-and-payoff-registry-v1.md#G10-M16,docs/09_collection/ga10-final-collection-and-payoff-registry-v1.md,G10-M16,Helix Standardization,CONTROL_CLAIM,C1|C6|C7,표준화 약속을 노동관계·통제권·안전책임 분산으로 회수,NONE
DRY-CL-R-000452,docs/09_collection/ga10-final-collection-and-payoff-registry-v1.md#G10-M16,docs/09_collection/ga10-final-collection-and-payoff-registry-v1.md,G10-M16,Helix Standardization,STATE_TRANSITION,C1|C6|C7,표준화 약속을 노동관계·통제권·안전책임 분산으로 회수,NONE
DRY-CL-R-000453,docs/09_collection/ga10-final-collection-and-payoff-registry-v1.md#G10-M16,docs/09_collection/ga10-final-collection-and-payoff-registry-v1.md,G10-M16,Helix Standardization,LOSS_OBLIGATION,C1|C6|C7,표준화 약속을 노동관계·통제권·안전책임 분산으로 회수,NONE
DRY-CL-R-000454,docs/09_collection/ga10-final-collection-and-payoff-registry-v1.md#G10-M16,docs/09_collection/ga10-final-collection-and-payoff-registry-v1.md,G10-M16,Helix Standardization,NARRATIVE_PROMISE,C1|C6|C7,표준화 약속을 노동관계·통제권·안전책임 분산으로 회수,NONE
DRY-CL-R-000455,docs/09_collection/ga10-final-collection-and-payoff-registry-v1.md#G10-M17,docs/09_collection/ga10-final-collection-and-payoff-registry-v1.md,G10-M17,Ownership of Collected Legacy,RELATIONSHIP,C1|C2|C5|C6|C7,수집유산 약속을 소유권 대신 관계·책임·독립보관으로 회수,NONE
DRY-CL-R-000456,docs/09_collection/ga10-final-collection-and-payoff-registry-v1.md#G10-M17,docs/09_collection/ga10-final-collection-and-payoff-registry-v1.md,G10-M17,Ownership of Collected Legacy,CONTROL_CLAIM,C1|C2|C5|C6|C7,수집유산 약속을 소유권 대신 관계·책임·독립보관으로 회수,NONE
DRY-CL-R-000457,docs/09_collection/ga10-final-collection-and-payoff-registry-v1.md#G10-M17,docs/09_collection/ga10-final-collection-and-payoff-registry-v1.md,G10-M17,Ownership of Collected Legacy,STATE_TRANSITION,C1|C2|C5|C6|C7,수집유산 약속을 소유권 대신 관계·책임·독립보관으로 회수,NONE
DRY-CL-R-000458,docs/09_collection/ga10-final-collection-and-payoff-registry-v1.md#G10-M17,docs/09_collection/ga10-final-collection-and-payoff-registry-v1.md,G10-M17,Ownership of Collected Legacy,LOSS_OBLIGATION,C1|C2|C5|C6|C7,수집유산 약속을 소유권 대신 관계·책임·독립보관으로 회수,NONE
DRY-CL-R-000459,docs/09_collection/ga10-final-collection-and-payoff-registry-v1.md#G10-M17,docs/09_collection/ga10-final-collection-and-payoff-registry-v1.md,G10-M17,Ownership of Collected Legacy,NARRATIVE_PROMISE,C1|C2|C5|C6|C7,수집유산 약속을 소유권 대신 관계·책임·독립보관으로 회수,NONE
DRY-CL-R-000460,docs/09_collection/ga10-final-collection-and-payoff-registry-v1.md#G10-M17,docs/09_collection/ga10-final-collection-and-payoff-registry-v1.md,G10-M17,Ownership of Collected Legacy,SET,C1|C2|C5|C6|C7,수집유산 약속을 소유권 대신 관계·책임·독립보관으로 회수,NONE
DRY-CL-R-000461,docs/09_collection/ga10-final-collection-and-payoff-registry-v1.md#G10-M18,docs/09_collection/ga10-final-collection-and-payoff-registry-v1.md,G10-M18,Memory Contamination,CONTROL_CLAIM,C1|C6,기억오염 약속을 색인권 포기·영구기억손실로 회수,NONE
DRY-CL-R-000462,docs/09_collection/ga10-final-collection-and-payoff-registry-v1.md#G10-M18,docs/09_collection/ga10-final-collection-and-payoff-registry-v1.md,G10-M18,Memory Contamination,STATE_TRANSITION,C1|C6,기억오염 약속을 색인권 포기·영구기억손실로 회수,NONE
DRY-CL-R-000463,docs/09_collection/ga10-final-collection-and-payoff-registry-v1.md#G10-M18,docs/09_collection/ga10-final-collection-and-payoff-registry-v1.md,G10-M18,Memory Contamination,LOSS_OBLIGATION,C1|C6,기억오염 약속을 색인권 포기·영구기억손실로 회수,NONE
DRY-CL-R-000464,docs/09_collection/ga10-final-collection-and-payoff-registry-v1.md#G10-M18,docs/09_collection/ga10-final-collection-and-payoff-registry-v1.md,G10-M18,Memory Contamination,NARRATIVE_PROMISE,C1|C6,기억오염 약속을 색인권 포기·영구기억손실로 회수,NONE
DRY-CL-R-000465,docs/09_collection/ga10-final-collection-and-payoff-registry-v1.md#G10-M19,docs/09_collection/ga10-final-collection-and-payoff-registry-v1.md,G10-M19,Unlabeled People,ENTITY,C1|C7,무표식 인물약속을 자기기록권과 비순위 상태로 회수,NONE
DRY-CL-R-000466,docs/09_collection/ga10-final-collection-and-payoff-registry-v1.md#G10-M19,docs/09_collection/ga10-final-collection-and-payoff-registry-v1.md,G10-M19,Unlabeled People,CONTROL_CLAIM,C1|C7,무표식 인물약속을 자기기록권과 비순위 상태로 회수,NONE
DRY-CL-R-000467,docs/09_collection/ga10-final-collection-and-payoff-registry-v1.md#G10-M19,docs/09_collection/ga10-final-collection-and-payoff-registry-v1.md,G10-M19,Unlabeled People,STATE_TRANSITION,C1|C7,무표식 인물약속을 자기기록권과 비순위 상태로 회수,NONE
DRY-CL-R-000468,docs/09_collection/ga10-final-collection-and-payoff-registry-v1.md#G10-M19,docs/09_collection/ga10-final-collection-and-payoff-registry-v1.md,G10-M19,Unlabeled People,NARRATIVE_PROMISE,C1|C7,무표식 인물약속을 자기기록권과 비순위 상태로 회수,NONE
DRY-CL-R-000469,docs/09_collection/ga10-final-collection-and-payoff-registry-v1.md#G10-M20,docs/09_collection/ga10-final-collection-and-payoff-registry-v1.md,G10-M20,Can History Be Completed?,CONTROL_CLAIM,C1|C6|C7,역사완성 약속을 복수증거·해석권·미완결 세트로 회수,NONE
DRY-CL-R-000470,docs/09_collection/ga10-final-collection-and-payoff-registry-v1.md#G10-M20,docs/09_collection/ga10-final-collection-and-payoff-registry-v1.md,G10-M20,Can History Be Completed?,STATE_TRANSITION,C1|C6|C7,역사완성 약속을 복수증거·해석권·미완결 세트로 회수,NONE
DRY-CL-R-000471,docs/09_collection/ga10-final-collection-and-payoff-registry-v1.md#G10-M20,docs/09_collection/ga10-final-collection-and-payoff-registry-v1.md,G10-M20,Can History Be Completed?,LOSS_OBLIGATION,C1|C6|C7,역사완성 약속을 복수증거·해석권·미완결 세트로 회수,NONE
DRY-CL-R-000472,docs/09_collection/ga10-final-collection-and-payoff-registry-v1.md#G10-M20,docs/09_collection/ga10-final-collection-and-payoff-registry-v1.md,G10-M20,Can History Be Completed?,NARRATIVE_PROMISE,C1|C6|C7,역사완성 약속을 복수증거·해석권·미완결 세트로 회수,NONE
DRY-CL-R-000473,docs/09_collection/ga10-final-collection-and-payoff-registry-v1.md#G10-M20,docs/09_collection/ga10-final-collection-and-payoff-registry-v1.md,G10-M20,Can History Be Completed?,SET,C1|C6|C7,역사완성 약속을 복수증거·해석권·미완결 세트로 회수,NONE
