entry_id,source_row_id,source_key,source_file,source_line,arc,section,source_id,title,entry_kind,primary_domain,domain_tags,source_domain_tags,desire_phases,entity_id_candidate,subject_slot_candidate,subject_ids,host_id_candidate,current_holder,canon_tier,classification_basis,review_flags,canon_promotion
NC-CL-R-000001,NC-CL-S-000001,docs/09_collection/first-100-collectible-registry-v1.md#P-001,docs/09_collection/first-100-collectible-registry-v1.md,30,GA1,People & Relationship Records,P-001,H-001 / Future Blood Admiral,ENTITY,C1,C1,C1,DISCOVERY|ACQUISITION|SYNERGY|COMPLETION_LEGACY,UNRESOLVED,UNRESOLVED,UNRESOLVED,UNKNOWN,UNRESOLVED,UNRESOLVED,DRY_RUN_REVIEWED,PM_MERGE_REQUIRED,NONE
NC-CL-R-000002,NC-CL-S-000001,docs/09_collection/first-100-collectible-registry-v1.md#P-001,docs/09_collection/first-100-collectible-registry-v1.md,30,GA1,People & Relationship Records,P-001,H-001 / Future Blood Admiral,RELATIONSHIP,C1,C1,C1,DISCOVERY|ACQUISITION|SYNERGY|COMPLETION_LEGACY,UNRESOLVED,UNRESOLVED,UNRESOLVED,UNKNOWN,UNRESOLVED,UNRESOLVED,DRY_RUN_REVIEWED,PM_MERGE_REQUIRED,NONE
NC-CL-R-000003,NC-CL-S-000001,docs/09_collection/first-100-collectible-registry-v1.md#P-001,docs/09_collection/first-100-collectible-registry-v1.md,30,GA1,People & Relationship Records,P-001,H-001 / Future Blood Admiral,NARRATIVE_PROMISE,C1,C1,C1,DISCOVERY|ACQUISITION|SYNERGY|COMPLETION_LEGACY,UNRESOLVED,UNRESOLVED,UNRESOLVED,UNKNOWN,UNRESOLVED,UNRESOLVED,DRY_RUN_REVIEWED,PM_MERGE_REQUIRED,NONE
NC-CL-R-000004,NC-CL-S-000002,docs/09_collection/first-100-collectible-registry-v1.md#P-002,docs/09_collection/first-100-collectible-registry-v1.md,42,GA1,People & Relationship Records,P-002,H-002 / Future Fleet Designer,ENTITY,C1,C1,C1|C2|C6|C7,DISCOVERY|ACQUISITION|SYNERGY,UNRESOLVED,UNRESOLVED,UNRESOLVED,UNKNOWN,UNRESOLVED,UNRESOLVED,DRY_RUN_REVIEWED,PM_MERGE_REQUIRED,NONE
NC-CL-R-000005,NC-CL-S-000002,docs/09_collection/first-100-collectible-registry-v1.md#P-002,docs/09_collection/first-100-collectible-registry-v1.md,42,GA1,People & Relationship Records,P-002,H-002 / Future Fleet Designer,RELATIONSHIP,C1,C1|C7|C2|C6,C1|C2|C6|C7,DISCOVERY|ACQUISITION|SYNERGY,UNRESOLVED,UNRESOLVED,UNRESOLVED,UNKNOWN,UNRESOLVED,UNRESOLVED,DRY_RUN_REVIEWED,PM_MERGE_REQUIRED,NONE
NC-CL-R-000006,NC-CL-S-000002,docs/09_collection/first-100-collectible-registry-v1.md#P-002,docs/09_collection/first-100-collectible-registry-v1.md,42,GA1,People & Relationship Records,P-002,H-002 / Future Fleet Designer,CONTROL_CLAIM,C1,C1|C2|C6|C7,C1|C2|C6|C7,DISCOVERY|ACQUISITION|SYNERGY,UNRESOLVED,UNRESOLVED,UNRESOLVED,UNKNOWN,UNRESOLVED,UNRESOLVED,DRY_RUN_REVIEWED,PM_MERGE_REQUIRED,NONE
NC-CL-R-000007,NC-CL-S-000002,docs/09_collection/first-100-collectible-registry-v1.md#P-002,docs/09_collection/first-100-collectible-registry-v1.md,42,GA1,People & Relationship Records,P-002,H-002 / Future Fleet Designer,NARRATIVE_PROMISE,C1,C1|C2|C6|C7,C1|C2|C6|C7,DISCOVERY|ACQUISITION|SYNERGY,UNRESOLVED,UNRESOLVED,UNRESOLVED,UNKNOWN,UNRESOLVED,UNRESOLVED,DRY_RUN_REVIEWED,PM_MERGE_REQUIRED,NONE
NC-CL-R-000008,NC-CL-S-000003,docs/09_collection/first-100-collectible-registry-v1.md#P-003,docs/09_collection/first-100-collectible-registry-v1.md,53,GA1,People & Relationship Records,P-003,S-001 / Data and Audit Cadet,ENTITY,C1,C1,C1|C7,DISCOVERY|ACQUISITION|SYNERGY,UNRESOLVED,UNRESOLVED,UNRESOLVED,UNKNOWN,UNRESOLVED,UNRESOLVED,DRY_RUN_REVIEWED,PM_MERGE_REQUIRED,NONE
NC-CL-R-000009,NC-CL-S-000003,docs/09_collection/first-100-collectible-registry-v1.md#P-003,docs/09_collection/first-100-collectible-registry-v1.md,53,GA1,People & Relationship Records,P-003,S-001 / Data and Audit Cadet,RELATIONSHIP,C1,C1|C7,C1|C7,DISCOVERY|ACQUISITION|SYNERGY,UNRESOLVED,UNRESOLVED,UNRESOLVED,UNKNOWN,UNRESOLVED,UNRESOLVED,DRY_RUN_REVIEWED,PM_MERGE_REQUIRED,NONE
NC-CL-R-000010,NC-CL-S-000003,docs/09_collection/first-100-collectible-registry-v1.md#P-003,docs/09_collection/first-100-collectible-registry-v1.md,53,GA1,People & Relationship Records,P-003,S-001 / Data and Audit Cadet,CONTROL_CLAIM,C1,C1|C7,C1|C7,DISCOVERY|ACQUISITION|SYNERGY,UNRESOLVED,UNRESOLVED,UNRESOLVED,UNKNOWN,UNRESOLVED,UNRESOLVED,DRY_RUN_REVIEWED,PM_MERGE_REQUIRED,NONE
NC-CL-R-000011,NC-CL-S-000004,docs/09_collection/first-100-collectible-registry-v1.md#P-004,docs/09_collection/first-100-collectible-registry-v1.md,65,GA1,People & Relationship Records,P-004,M-001 / Medical and Rescue Cadet,ENTITY,C1,C1,C1|C7,DISCOVERY|ACQUISITION|SYNERGY,UNRESOLVED,UNRESOLVED,UNRESOLVED,UNKNOWN,UNRESOLVED,UNRESOLVED,DRY_RUN_REVIEWED,PM_MERGE_REQUIRED,NONE
NC-CL-R-000012,NC-CL-S-000004,docs/09_collection/first-100-collectible-registry-v1.md#P-004,docs/09_collection/first-100-collectible-registry-v1.md,65,GA1,People & Relationship Records,P-004,M-001 / Medical and Rescue Cadet,RELATIONSHIP,C1,C1|C7,C1|C7,DISCOVERY|ACQUISITION|SYNERGY,UNRESOLVED,UNRESOLVED,UNRESOLVED,UNKNOWN,UNRESOLVED,UNRESOLVED,DRY_RUN_REVIEWED,PM_MERGE_REQUIRED,NONE
NC-CL-R-000013,NC-CL-S-000004,docs/09_collection/first-100-collectible-registry-v1.md#P-004,docs/09_collection/first-100-collectible-registry-v1.md,65,GA1,People & Relationship Records,P-004,M-001 / Medical and Rescue Cadet,CONTROL_CLAIM,C1,C1|C7,C1|C7,DISCOVERY|ACQUISITION|SYNERGY,UNRESOLVED,UNRESOLVED,UNRESOLVED,UNKNOWN,UNRESOLVED,UNRESOLVED,DRY_RUN_REVIEWED,PM_MERGE_REQUIRED,NONE
NC-CL-R-000014,NC-CL-S-000005,docs/09_collection/first-100-collectible-registry-v1.md#P-005,docs/09_collection/first-100-collectible-registry-v1.md,76,GA1,People & Relationship Records,P-005,I-001 / Field Instructor,ENTITY,C1,C1,C1|C7,DISCOVERY|ACQUISITION|SYNERGY,UNRESOLVED,UNRESOLVED,UNRESOLVED,UNKNOWN,UNRESOLVED,UNRESOLVED,DRY_RUN_REVIEWED,PM_MERGE_REQUIRED,NONE
NC-CL-R-000015,NC-CL-S-000005,docs/09_collection/first-100-collectible-registry-v1.md#P-005,docs/09_collection/first-100-collectible-registry-v1.md,76,GA1,People & Relationship Records,P-005,I-001 / Field Instructor,RELATIONSHIP,C1,C1|C7,C1|C7,DISCOVERY|ACQUISITION|SYNERGY,UNRESOLVED,UNRESOLVED,UNRESOLVED,UNKNOWN,UNRESOLVED,UNRESOLVED,DRY_RUN_REVIEWED,PM_MERGE_REQUIRED,NONE
NC-CL-R-000016,NC-CL-S-000005,docs/09_collection/first-100-collectible-registry-v1.md#P-005,docs/09_collection/first-100-collectible-registry-v1.md,76,GA1,People & Relationship Records,P-005,I-001 / Field Instructor,CONTROL_CLAIM,C1,C1|C7,C1|C7,DISCOVERY|ACQUISITION|SYNERGY,UNRESOLVED,UNRESOLVED,UNRESOLVED,UNKNOWN,UNRESOLVED,UNRESOLVED,DRY_RUN_REVIEWED,PM_MERGE_REQUIRED,NONE
NC-CL-R-000017,NC-CL-S-000005,docs/09_collection/first-100-collectible-registry-v1.md#P-005,docs/09_collection/first-100-collectible-registry-v1.md,76,GA1,People & Relationship Records,P-005,I-001 / Field Instructor,STATE_TRANSITION,C1,C1|C7,C1|C7,DISCOVERY|ACQUISITION|SYNERGY,UNRESOLVED,UNRESOLVED,UNRESOLVED,UNKNOWN,UNRESOLVED,UNRESOLVED,DRY_RUN_REVIEWED,PM_MERGE_REQUIRED,NONE
NC-CL-R-000018,NC-CL-S-000006,docs/09_collection/first-100-collectible-registry-v1.md#P-006,docs/09_collection/first-100-collectible-registry-v1.md,88,GA1,People & Relationship Records,P-006,E-001 / White Dock Enemy Ace,ENTITY,C1,C1,C1,DISCOVERY|ACQUISITION|SYNERGY,UNRESOLVED,UNRESOLVED,UNRESOLVED,UNKNOWN,UNRESOLVED,UNRESOLVED,DRY_RUN_REVIEWED,PM_MERGE_REQUIRED,NONE
NC-CL-R-000019,NC-CL-S-000006,docs/09_collection/first-100-collectible-registry-v1.md#P-006,docs/09_collection/first-100-collectible-registry-v1.md,88,GA1,People & Relationship Records,P-006,E-001 / White Dock Enemy Ace,RELATIONSHIP,C1,C1,C1,DISCOVERY|ACQUISITION|SYNERGY,UNRESOLVED,UNRESOLVED,UNRESOLVED,UNKNOWN,UNRESOLVED,UNRESOLVED,DRY_RUN_REVIEWED,PM_MERGE_REQUIRED,NONE
NC-CL-R-000020,NC-CL-S-000006,docs/09_collection/first-100-collectible-registry-v1.md#P-006,docs/09_collection/first-100-collectible-registry-v1.md,88,GA1,People & Relationship Records,P-006,E-001 / White Dock Enemy Ace,NARRATIVE_PROMISE,C1,C1,C1,DISCOVERY|ACQUISITION|SYNERGY,UNRESOLVED,UNRESOLVED,UNRESOLVED,UNKNOWN,UNRESOLVED,UNRESOLVED,DRY_RUN_REVIEWED,PM_MERGE_REQUIRED,NONE
NC-CL-R-000021,NC-CL-S-000007,docs/09_collection/first-100-collectible-registry-v1.md#P-007,docs/09_collection/first-100-collectible-registry-v1.md,99,GA1,People & Relationship Records,P-007,R-IMP-001 / Imperial Observer,ENTITY,C1,C1,C1|C2|C7,DISCOVERY|ACQUISITION|SYNERGY,UNRESOLVED,UNRESOLVED,UNRESOLVED,UNKNOWN,UNRESOLVED,UNRESOLVED,DRY_RUN_REVIEWED,PM_MERGE_REQUIRED,NONE
NC-CL-R-000022,NC-CL-S-000007,docs/09_collection/first-100-collectible-registry-v1.md#P-007,docs/09_collection/first-100-collectible-registry-v1.md,99,GA1,People & Relationship Records,P-007,R-IMP-001 / Imperial Observer,RELATIONSHIP,C1,C1|C7|C2,C1|C2|C7,DISCOVERY|ACQUISITION|SYNERGY,UNRESOLVED,UNRESOLVED,UNRESOLVED,UNKNOWN,UNRESOLVED,UNRESOLVED,DRY_RUN_REVIEWED,PM_MERGE_REQUIRED,NONE
NC-CL-R-000023,NC-CL-S-000007,docs/09_collection/first-100-collectible-registry-v1.md#P-007,docs/09_collection/first-100-collectible-registry-v1.md,99,GA1,People & Relationship Records,P-007,R-IMP-001 / Imperial Observer,CONTROL_CLAIM,C1,C1|C2|C7,C1|C2|C7,DISCOVERY|ACQUISITION|SYNERGY,UNRESOLVED,UNRESOLVED,UNRESOLVED,UNKNOWN,UNRESOLVED,UNRESOLVED,DRY_RUN_REVIEWED,PM_MERGE_REQUIRED,NONE
NC-CL-R-000024,NC-CL-S-000008,docs/09_collection/first-100-collectible-registry-v1.md#P-008,docs/09_collection/first-100-collectible-registry-v1.md,110,GA1,People & Relationship Records,P-008,R-NEU-001 / Neutral Rescue and Claims Officer,ENTITY,C1,C1,C1|C7,DISCOVERY|ACQUISITION|SYNERGY,UNRESOLVED,UNRESOLVED,UNRESOLVED,UNKNOWN,UNRESOLVED,UNRESOLVED,DRY_RUN_REVIEWED,PM_MERGE_REQUIRED,NONE
NC-CL-R-000025,NC-CL-S-000008,docs/09_collection/first-100-collectible-registry-v1.md#P-008,docs/09_collection/first-100-collectible-registry-v1.md,110,GA1,People & Relationship Records,P-008,R-NEU-001 / Neutral Rescue and Claims Officer,RELATIONSHIP,C1,C1|C7,C1|C7,DISCOVERY|ACQUISITION|SYNERGY,UNRESOLVED,UNRESOLVED,UNRESOLVED,UNKNOWN,UNRESOLVED,UNRESOLVED,DRY_RUN_REVIEWED,PM_MERGE_REQUIRED,NONE
NC-CL-R-000026,NC-CL-S-000008,docs/09_collection/first-100-collectible-registry-v1.md#P-008,docs/09_collection/first-100-collectible-registry-v1.md,110,GA1,People & Relationship Records,P-008,R-NEU-001 / Neutral Rescue and Claims Officer,CONTROL_CLAIM,C1,C1|C7,C1|C7,DISCOVERY|ACQUISITION|SYNERGY,UNRESOLVED,UNRESOLVED,UNRESOLVED,UNKNOWN,UNRESOLVED,UNRESOLVED,DRY_RUN_REVIEWED,PM_MERGE_REQUIRED,NONE
NC-CL-R-000027,NC-CL-S-000008,docs/09_collection/first-100-collectible-registry-v1.md#P-008,docs/09_collection/first-100-collectible-registry-v1.md,110,GA1,People & Relationship Records,P-008,R-NEU-001 / Neutral Rescue and Claims Officer,LOSS_OBLIGATION,C1,C1|C7,C1|C7,DISCOVERY|ACQUISITION|SYNERGY,UNRESOLVED,UNRESOLVED,UNRESOLVED,UNKNOWN,UNRESOLVED,UNRESOLVED,DRY_RUN_REVIEWED,PM_MERGE_REQUIRED,NONE
NC-CL-R-000028,NC-CL-S-000009,docs/09_collection/first-100-collectible-registry-v1.md#P-009,docs/09_collection/first-100-collectible-registry-v1.md,120,GA1,People & Relationship Records,P-009,R-HEL-001 / Helix Evaluator,ENTITY,C1,C1,C1|C2|C3|C7,DISCOVERY|ACQUISITION|SYNERGY,UNRESOLVED,UNRESOLVED,UNRESOLVED,UNKNOWN,UNRESOLVED,UNRESOLVED,DRY_RUN_REVIEWED,PM_MERGE_REQUIRED,NONE
NC-CL-R-000029,NC-CL-S-000009,docs/09_collection/first-100-collectible-registry-v1.md#P-009,docs/09_collection/first-100-collectible-registry-v1.md,120,GA1,People & Relationship Records,P-009,R-HEL-001 / Helix Evaluator,RELATIONSHIP,C1,C1|C7|C2|C3,C1|C2|C3|C7,DISCOVERY|ACQUISITION|SYNERGY,UNRESOLVED,UNRESOLVED,UNRESOLVED,UNKNOWN,UNRESOLVED,UNRESOLVED,DRY_RUN_REVIEWED,PM_MERGE_REQUIRED,NONE
NC-CL-R-000030,NC-CL-S-000009,docs/09_collection/first-100-collectible-registry-v1.md#P-009,docs/09_collection/first-100-collectible-registry-v1.md,120,GA1,People & Relationship Records,P-009,R-HEL-001 / Helix Evaluator,CONTROL_CLAIM,C1,C1|C2|C3|C7,C1|C2|C3|C7,DISCOVERY|ACQUISITION|SYNERGY,UNRESOLVED,UNRESOLVED,UNRESOLVED,UNKNOWN,UNRESOLVED,UNRESOLVED,DRY_RUN_REVIEWED,PM_MERGE_REQUIRED,NONE
NC-CL-R-000031,NC-CL-S-000009,docs/09_collection/first-100-collectible-registry-v1.md#P-009,docs/09_collection/first-100-collectible-registry-v1.md,120,GA1,People & Relationship Records,P-009,R-HEL-001 / Helix Evaluator,LOSS_OBLIGATION,C1,C1|C2|C3|C7,C1|C2|C3|C7,DISCOVERY|ACQUISITION|SYNERGY,UNRESOLVED,UNRESOLVED,UNRESOLVED,UNKNOWN,UNRESOLVED,UNRESOLVED,DRY_RUN_REVIEWED,PM_MERGE_REQUIRED,NONE
NC-CL-R-000032,NC-CL-S-000010,docs/09_collection/first-100-collectible-registry-v1.md#P-010,docs/09_collection/first-100-collectible-registry-v1.md,130,GA1,People & Relationship Records,P-010,AI-W001 / Black Ward Witness Interface,ENTITY,C1,C1,C1|C6|C7,DISCOVERY|ACQUISITION|SYNERGY,UNRESOLVED,UNRESOLVED,UNRESOLVED,UNKNOWN,UNRESOLVED,UNRESOLVED,DRY_RUN_REVIEWED,PM_MERGE_REQUIRED,NONE
NC-CL-R-000033,NC-CL-S-000010,docs/09_collection/first-100-collectible-registry-v1.md#P-010,docs/09_collection/first-100-collectible-registry-v1.md,130,GA1,People & Relationship Records,P-010,AI-W001 / Black Ward Witness Interface,RELATIONSHIP,C1,C1|C7|C6,C1|C6|C7,DISCOVERY|ACQUISITION|SYNERGY,UNRESOLVED,UNRESOLVED,UNRESOLVED,UNKNOWN,UNRESOLVED,UNRESOLVED,DRY_RUN_REVIEWED,PM_MERGE_REQUIRED,NONE
NC-CL-R-000034,NC-CL-S-000010,docs/09_collection/first-100-collectible-registry-v1.md#P-010,docs/09_collection/first-100-collectible-registry-v1.md,130,GA1,People & Relationship Records,P-010,AI-W001 / Black Ward Witness Interface,CONTROL_CLAIM,C1,C1|C6|C7,C1|C6|C7,DISCOVERY|ACQUISITION|SYNERGY,UNRESOLVED,UNRESOLVED,UNRESOLVED,UNKNOWN,UNRESOLVED,UNRESOLVED,DRY_RUN_REVIEWED,PM_MERGE_REQUIRED,NONE
NC-CL-R-000035,NC-CL-S-000010,docs/09_collection/first-100-collectible-registry-v1.md#P-010,docs/09_collection/first-100-collectible-registry-v1.md,130,GA1,People & Relationship Records,P-010,AI-W001 / Black Ward Witness Interface,NARRATIVE_PROMISE,C1,C1|C6|C7,C1|C6|C7,DISCOVERY|ACQUISITION|SYNERGY,UNRESOLVED,UNRESOLVED,UNRESOLVED,UNKNOWN,UNRESOLVED,UNRESOLVED,DRY_RUN_REVIEWED,PM_MERGE_REQUIRED,NONE
NC-CL-R-000036,NC-CL-S-000011,docs/09_collection/first-100-collectible-registry-v1.md#P-011,docs/09_collection/first-100-collectible-registry-v1.md,141,GA1,People & Relationship Records,P-011,Protector/Community Focal Network,ENTITY,C1,C1,C1|C7,DISCOVERY|ACQUISITION|SYNERGY,UNRESOLVED,UNRESOLVED,UNRESOLVED,UNKNOWN,UNRESOLVED,UNRESOLVED,DRY_RUN_REVIEWED,PM_MERGE_REQUIRED,NONE
NC-CL-R-000037,NC-CL-S-000011,docs/09_collection/first-100-collectible-registry-v1.md#P-011,docs/09_collection/first-100-collectible-registry-v1.md,141,GA1,People & Relationship Records,P-011,Protector/Community Focal Network,RELATIONSHIP,C1,C1|C7,C1|C7,DISCOVERY|ACQUISITION|SYNERGY,UNRESOLVED,UNRESOLVED,UNRESOLVED,UNKNOWN,UNRESOLVED,UNRESOLVED,DRY_RUN_REVIEWED,PM_MERGE_REQUIRED,NONE
NC-CL-R-000038,NC-CL-S-000011,docs/09_collection/first-100-collectible-registry-v1.md#P-011,docs/09_collection/first-100-collectible-registry-v1.md,141,GA1,People & Relationship Records,P-011,Protector/Community Focal Network,CONTROL_CLAIM,C1,C1|C7,C1|C7,DISCOVERY|ACQUISITION|SYNERGY,UNRESOLVED,UNRESOLVED,UNRESOLVED,UNKNOWN,UNRESOLVED,UNRESOLVED,DRY_RUN_REVIEWED,PM_MERGE_REQUIRED,NONE
NC-CL-R-000039,NC-CL-S-000012,docs/09_collection/first-100-collectible-registry-v1.md#F-001,docs/09_collection/first-100-collectible-registry-v1.md,159,GA1,"07호 Frame, Tools and Service-Key Set",F-001,07 Core / AUXILIA Inspection Kernel,ENTITY,C2,C2,C2|C6,DISCOVERY|ACQUISITION|SYNERGY,UNRESOLVED,UNRESOLVED,UNRESOLVED,CANON:AUX-07,UNRESOLVED,UNRESOLVED,DRY_RUN_REVIEWED,PM_MERGE_REQUIRED,NONE
NC-CL-R-000040,NC-CL-S-000012,docs/09_collection/first-100-collectible-registry-v1.md#F-001,docs/09_collection/first-100-collectible-registry-v1.md,159,GA1,"07호 Frame, Tools and Service-Key Set",F-001,07 Core / AUXILIA Inspection Kernel,CONTROL_CLAIM,C2,C2|C6,C2|C6,DISCOVERY|ACQUISITION|SYNERGY,UNRESOLVED,UNRESOLVED,UNRESOLVED,CANON:AUX-07,UNRESOLVED,UNRESOLVED,DRY_RUN_REVIEWED,PM_MERGE_REQUIRED,NONE
NC-CL-R-000041,NC-CL-S-000012,docs/09_collection/first-100-collectible-registry-v1.md#F-001,docs/09_collection/first-100-collectible-registry-v1.md,159,GA1,"07호 Frame, Tools and Service-Key Set",F-001,07 Core / AUXILIA Inspection Kernel,STATE_TRANSITION,C2,C2|C6,C2|C6,DISCOVERY|ACQUISITION|SYNERGY,UNRESOLVED,UNRESOLVED,UNRESOLVED,CANON:AUX-07,UNRESOLVED,UNRESOLVED,DRY_RUN_REVIEWED,PM_MERGE_REQUIRED,NONE
NC-CL-R-000042,NC-CL-S-000013,docs/09_collection/first-100-collectible-registry-v1.md#F-002,docs/09_collection/first-100-collectible-registry-v1.md,168,GA1,"07호 Frame, Tools and Service-Key Set",F-002,Asymmetric Radiator Wing,ENTITY,C2,C2,C2|C7,DISCOVERY|ACQUISITION|SYNERGY,UNRESOLVED,UNRESOLVED,UNRESOLVED,CANON:AUX-07,UNRESOLVED,UNRESOLVED,DRY_RUN_REVIEWED,PM_MERGE_REQUIRED,NONE
NC-CL-R-000043,NC-CL-S-000013,docs/09_collection/first-100-collectible-registry-v1.md#F-002,docs/09_collection/first-100-collectible-registry-v1.md,168,GA1,"07호 Frame, Tools and Service-Key Set",F-002,Asymmetric Radiator Wing,CONTROL_CLAIM,C2,C2|C7,C2|C7,DISCOVERY|ACQUISITION|SYNERGY,UNRESOLVED,UNRESOLVED,UNRESOLVED,CANON:AUX-07,UNRESOLVED,UNRESOLVED,DRY_RUN_REVIEWED,PM_MERGE_REQUIRED,NONE
NC-CL-R-000044,NC-CL-S-000013,docs/09_collection/first-100-collectible-registry-v1.md#F-002,docs/09_collection/first-100-collectible-registry-v1.md,168,GA1,"07호 Frame, Tools and Service-Key Set",F-002,Asymmetric Radiator Wing,LOSS_OBLIGATION,C2,C2|C7,C2|C7,DISCOVERY|ACQUISITION|SYNERGY,UNRESOLVED,UNRESOLVED,UNRESOLVED,CANON:AUX-07,UNRESOLVED,UNRESOLVED,DRY_RUN_REVIEWED,PM_MERGE_REQUIRED,NONE
NC-CL-R-000045,NC-CL-S-000014,docs/09_collection/first-100-collectible-registry-v1.md#F-003,docs/09_collection/first-100-collectible-registry-v1.md,176,GA1,"07호 Frame, Tools and Service-Key Set",F-003,Industrial Manipulator Arm,ENTITY,C2,C2,C2|C3|C7,DISCOVERY|ACQUISITION|SYNERGY,UNRESOLVED,UNRESOLVED,UNRESOLVED,CANON:AUX-07,UNRESOLVED,UNRESOLVED,DRY_RUN_REVIEWED,PM_MERGE_REQUIRED,NONE
NC-CL-R-000046,NC-CL-S-000014,docs/09_collection/first-100-collectible-registry-v1.md#F-003,docs/09_collection/first-100-collectible-registry-v1.md,176,GA1,"07호 Frame, Tools and Service-Key Set",F-003,Industrial Manipulator Arm,CONTROL_CLAIM,C2,C2|C3|C7,C2|C3|C7,DISCOVERY|ACQUISITION|SYNERGY,UNRESOLVED,UNRESOLVED,UNRESOLVED,CANON:AUX-07,UNRESOLVED,UNRESOLVED,DRY_RUN_REVIEWED,PM_MERGE_REQUIRED,NONE
NC-CL-R-000047,NC-CL-S-000015,docs/09_collection/first-100-collectible-registry-v1.md#F-004,docs/09_collection/first-100-collectible-registry-v1.md,184,GA1,"07호 Frame, Tools and Service-Key Set",F-004,Anchor Shield Plate,ENTITY,C3,C3,C3|C7,DISCOVERY|SYNERGY,UNRESOLVED,UNRESOLVED,UNRESOLVED,CANON:AUX-07,UNRESOLVED,UNRESOLVED,DRY_RUN_REVIEWED,PM_MERGE_REQUIRED,NONE
NC-CL-R-000048,NC-CL-S-000015,docs/09_collection/first-100-collectible-registry-v1.md#F-004,docs/09_collection/first-100-collectible-registry-v1.md,184,GA1,"07호 Frame, Tools and Service-Key Set",F-004,Anchor Shield Plate,CONTROL_CLAIM,C3,C3|C7,C3|C7,DISCOVERY|SYNERGY,UNRESOLVED,UNRESOLVED,UNRESOLVED,CANON:AUX-07,UNRESOLVED,UNRESOLVED,DRY_RUN_REVIEWED,PM_MERGE_REQUIRED,NONE
NC-CL-R-000049,NC-CL-S-000016,docs/09_collection/first-100-collectible-registry-v1.md#F-005,docs/09_collection/first-100-collectible-registry-v1.md,192,GA1,"07호 Frame, Tools and Service-Key Set",F-005,Mixed Leg Pair,ENTITY,C2,C2,C2,DISCOVERY|SYNERGY,UNRESOLVED,UNRESOLVED,UNRESOLVED,CANON:AUX-07,UNRESOLVED,UNRESOLVED,DRY_RUN_REVIEWED,PM_MERGE_REQUIRED,NONE
NC-CL-R-000050,NC-CL-S-000016,docs/09_collection/first-100-collectible-registry-v1.md#F-005,docs/09_collection/first-100-collectible-registry-v1.md,192,GA1,"07호 Frame, Tools and Service-Key Set",F-005,Mixed Leg Pair,STATE_TRANSITION,C2,C2,C2,DISCOVERY|SYNERGY,UNRESOLVED,UNRESOLVED,UNRESOLVED,CANON:AUX-07,UNRESOLVED,UNRESOLVED,DRY_RUN_REVIEWED,PM_MERGE_REQUIRED,NONE
NC-CL-R-000051,NC-CL-S-000017,docs/09_collection/first-100-collectible-registry-v1.md#F-006,docs/09_collection/first-100-collectible-registry-v1.md,200,GA1,"07호 Frame, Tools and Service-Key Set",F-006,Utility Sensor Head,ENTITY,C2,C2,C2,DISCOVERY|SYNERGY,UNRESOLVED,UNRESOLVED,UNRESOLVED,CANON:AUX-07,UNRESOLVED,UNRESOLVED,DRY_RUN_REVIEWED,PM_MERGE_REQUIRED,NONE
NC-CL-R-000052,NC-CL-S-000017,docs/09_collection/first-100-collectible-registry-v1.md#F-006,docs/09_collection/first-100-collectible-registry-v1.md,200,GA1,"07호 Frame, Tools and Service-Key Set",F-006,Utility Sensor Head,STATE_TRANSITION,C2,C2,C2,DISCOVERY|SYNERGY,UNRESOLVED,UNRESOLVED,UNRESOLVED,CANON:AUX-07,UNRESOLVED,UNRESOLVED,DRY_RUN_REVIEWED,PM_MERGE_REQUIRED,NONE
NC-CL-R-000053,NC-CL-S-000018,docs/09_collection/first-100-collectible-registry-v1.md#F-007,docs/09_collection/first-100-collectible-registry-v1.md,208,GA1,"07호 Frame, Tools and Service-Key Set",F-007,Thermal Cutter Lance,ENTITY,C3,C3,C3,DISCOVERY|ACQUISITION|SYNERGY,UNRESOLVED,UNRESOLVED,UNRESOLVED,CANON:AUX-07,UNRESOLVED,UNRESOLVED,DRY_RUN_REVIEWED,PM_MERGE_REQUIRED,NONE
NC-CL-R-000054,NC-CL-S-000019,docs/09_collection/first-100-collectible-registry-v1.md#F-008,docs/09_collection/first-100-collectible-registry-v1.md,216,GA1,"07호 Frame, Tools and Service-Key Set",F-008,Rescue Tether/Cable Launcher,ENTITY,C3,C3,C3,DISCOVERY|SYNERGY,UNRESOLVED,UNRESOLVED,UNRESOLVED,CANON:AUX-07,UNRESOLVED,UNRESOLVED,DRY_RUN_REVIEWED,PM_MERGE_REQUIRED,NONE
NC-CL-R-000055,NC-CL-S-000020,docs/09_collection/first-100-collectible-registry-v1.md#F-009,docs/09_collection/first-100-collectible-registry-v1.md,224,GA1,"07호 Frame, Tools and Service-Key Set",F-009,Sensor-Tag Projector,ENTITY,C3,C3,C3,DISCOVERY|SYNERGY,UNRESOLVED,UNRESOLVED,UNRESOLVED,CANON:AUX-07,UNRESOLVED,UNRESOLVED,DRY_RUN_REVIEWED,PM_MERGE_REQUIRED,NONE
NC-CL-R-000056,NC-CL-S-000020,docs/09_collection/first-100-collectible-registry-v1.md#F-009,docs/09_collection/first-100-collectible-registry-v1.md,224,GA1,"07호 Frame, Tools and Service-Key Set",F-009,Sensor-Tag Projector,STATE_TRANSITION,C3,C3,C3,DISCOVERY|SYNERGY,UNRESOLVED,UNRESOLVED,UNRESOLVED,CANON:AUX-07,UNRESOLVED,UNRESOLVED,DRY_RUN_REVIEWED,PM_MERGE_REQUIRED,NONE
NC-CL-R-000057,NC-CL-S-000021,docs/09_collection/first-100-collectible-registry-v1.md#F-010,docs/09_collection/first-100-collectible-registry-v1.md,232,GA1,"07호 Frame, Tools and Service-Key Set",F-010,H-002 Calibration Toolset,ENTITY,C1,C1|C6,C1|C3|C6|C7,DISCOVERY|ACQUISITION|SYNERGY,UNRESOLVED,UNRESOLVED,UNRESOLVED,UNKNOWN,UNRESOLVED,UNRESOLVED,DRY_RUN_REVIEWED,PM_MERGE_REQUIRED,NONE
NC-CL-R-000058,NC-CL-S-000021,docs/09_collection/first-100-collectible-registry-v1.md#F-010,docs/09_collection/first-100-collectible-registry-v1.md,232,GA1,"07호 Frame, Tools and Service-Key Set",F-010,H-002 Calibration Toolset,CONTROL_CLAIM,C1,C1|C3|C6|C7,C1|C3|C6|C7,DISCOVERY|ACQUISITION|SYNERGY,UNRESOLVED,UNRESOLVED,UNRESOLVED,UNKNOWN,UNRESOLVED,UNRESOLVED,DRY_RUN_REVIEWED,PM_MERGE_REQUIRED,NONE
NC-CL-R-000059,NC-CL-S-000021,docs/09_collection/first-100-collectible-registry-v1.md#F-010,docs/09_collection/first-100-collectible-registry-v1.md,232,GA1,"07호 Frame, Tools and Service-Key Set",F-010,H-002 Calibration Toolset,LOSS_OBLIGATION,C1,C1|C3|C6|C7,C1|C3|C6|C7,DISCOVERY|ACQUISITION|SYNERGY,UNRESOLVED,UNRESOLVED,UNRESOLVED,UNKNOWN,UNRESOLVED,UNRESOLVED,DRY_RUN_REVIEWED,PM_MERGE_REQUIRED,NONE
NC-CL-R-000060,NC-CL-S-000022,docs/09_collection/first-100-collectible-registry-v1.md#F-011,docs/09_collection/first-100-collectible-registry-v1.md,240,GA1,"07호 Frame, Tools and Service-Key Set",F-011,Service Authority Key A,ENTITY,C4,C4,C4|C6|C8,DISCOVERY|ACQUISITION|SYNERGY,UNRESOLVED,UNRESOLVED,UNRESOLVED,UNKNOWN,UNRESOLVED,UNRESOLVED,DRY_RUN_REVIEWED,PM_MERGE_REQUIRED,NONE
NC-CL-R-000061,NC-CL-S-000022,docs/09_collection/first-100-collectible-registry-v1.md#F-011,docs/09_collection/first-100-collectible-registry-v1.md,240,GA1,"07호 Frame, Tools and Service-Key Set",F-011,Service Authority Key A,CONTROL_CLAIM,C4,C4|C6|C8,C4|C6|C8,DISCOVERY|ACQUISITION|SYNERGY,UNRESOLVED,UNRESOLVED,UNRESOLVED,UNKNOWN,UNRESOLVED,UNRESOLVED,DRY_RUN_REVIEWED,PM_MERGE_REQUIRED,NONE
NC-CL-R-000062,NC-CL-S-000022,docs/09_collection/first-100-collectible-registry-v1.md#F-011,docs/09_collection/first-100-collectible-registry-v1.md,240,GA1,"07호 Frame, Tools and Service-Key Set",F-011,Service Authority Key A,NARRATIVE_PROMISE,C4,C4|C6|C8,C4|C6|C8,DISCOVERY|ACQUISITION|SYNERGY,UNRESOLVED,UNRESOLVED,UNRESOLVED,UNKNOWN,UNRESOLVED,UNRESOLVED,DRY_RUN_REVIEWED,PM_MERGE_REQUIRED,NONE
NC-CL-R-000063,NC-CL-S-000023,docs/09_collection/first-100-collectible-registry-v1.md#F-012,docs/09_collection/first-100-collectible-registry-v1.md,247,GA1,"07호 Frame, Tools and Service-Key Set",F-012,Service Authority Key B,ENTITY,C2,C2|C4|C7,C2|C4|C6|C7,DISCOVERY|ACQUISITION|SYNERGY,UNRESOLVED,UNRESOLVED,UNRESOLVED,UNKNOWN,UNRESOLVED,UNRESOLVED,DRY_RUN_REVIEWED,PM_MERGE_REQUIRED,NONE
NC-CL-R-000064,NC-CL-S-000023,docs/09_collection/first-100-collectible-registry-v1.md#F-012,docs/09_collection/first-100-collectible-registry-v1.md,247,GA1,"07호 Frame, Tools and Service-Key Set",F-012,Service Authority Key B,CONTROL_CLAIM,C2,C2|C4|C6|C7,C2|C4|C6|C7,DISCOVERY|ACQUISITION|SYNERGY,UNRESOLVED,UNRESOLVED,UNRESOLVED,UNKNOWN,UNRESOLVED,UNRESOLVED,DRY_RUN_REVIEWED,PM_MERGE_REQUIRED,NONE
NC-CL-R-000065,NC-CL-S-000023,docs/09_collection/first-100-collectible-registry-v1.md#F-012,docs/09_collection/first-100-collectible-registry-v1.md,247,GA1,"07호 Frame, Tools and Service-Key Set",F-012,Service Authority Key B,NARRATIVE_PROMISE,C2,C2|C4|C6|C7,C2|C4|C6|C7,DISCOVERY|ACQUISITION|SYNERGY,UNRESOLVED,UNRESOLVED,UNRESOLVED,UNKNOWN,UNRESOLVED,UNRESOLVED,DRY_RUN_REVIEWED,PM_MERGE_REQUIRED,NONE
NC-CL-R-000066,NC-CL-S-000024,docs/09_collection/first-100-collectible-registry-v1.md#F-013,docs/09_collection/first-100-collectible-registry-v1.md,255,GA1,"07호 Frame, Tools and Service-Key Set",F-013,Service Authority Key C,CONTROL_CLAIM,C1,C1|C6|C7,C1|C6|C7,DISCOVERY|ACQUISITION|SYNERGY,UNRESOLVED,UNRESOLVED,UNRESOLVED,UNKNOWN,UNRESOLVED,UNRESOLVED,DRY_RUN_REVIEWED,PM_MERGE_REQUIRED,NONE
NC-CL-R-000067,NC-CL-S-000024,docs/09_collection/first-100-collectible-registry-v1.md#F-013,docs/09_collection/first-100-collectible-registry-v1.md,255,GA1,"07호 Frame, Tools and Service-Key Set",F-013,Service Authority Key C,STATE_TRANSITION,C1,C1|C6|C7,C1|C6|C7,DISCOVERY|ACQUISITION|SYNERGY,UNRESOLVED,UNRESOLVED,UNRESOLVED,UNKNOWN,UNRESOLVED,UNRESOLVED,DRY_RUN_REVIEWED,PM_MERGE_REQUIRED,NONE
NC-CL-R-000068,NC-CL-S-000024,docs/09_collection/first-100-collectible-registry-v1.md#F-013,docs/09_collection/first-100-collectible-registry-v1.md,255,GA1,"07호 Frame, Tools and Service-Key Set",F-013,Service Authority Key C,NARRATIVE_PROMISE,C1,C1|C6|C7,C1|C6|C7,DISCOVERY|ACQUISITION|SYNERGY,UNRESOLVED,UNRESOLVED,UNRESOLVED,UNKNOWN,UNRESOLVED,UNRESOLVED,DRY_RUN_REVIEWED,PM_MERGE_REQUIRED,NONE
NC-CL-R-000069,NC-CL-S-000025,docs/09_collection/first-100-collectible-registry-v1.md#F-014,docs/09_collection/first-100-collectible-registry-v1.md,267,GA1,"07호 Frame, Tools and Service-Key Set",F-014,Previous Technician Logs,ENTITY,C2,C2,C2|C4|C6,DISCOVERY|ACQUISITION|SYNERGY,UNRESOLVED,UNRESOLVED,UNRESOLVED,UNKNOWN,UNRESOLVED,UNRESOLVED,DRY_RUN_REVIEWED,PM_MERGE_REQUIRED,NONE
NC-CL-R-000070,NC-CL-S-000025,docs/09_collection/first-100-collectible-registry-v1.md#F-014,docs/09_collection/first-100-collectible-registry-v1.md,267,GA1,"07호 Frame, Tools and Service-Key Set",F-014,Previous Technician Logs,CONTROL_CLAIM,C2,C2|C4|C6,C2|C4|C6,DISCOVERY|ACQUISITION|SYNERGY,UNRESOLVED,UNRESOLVED,UNRESOLVED,UNKNOWN,UNRESOLVED,UNRESOLVED,DRY_RUN_REVIEWED,PM_MERGE_REQUIRED,NONE
NC-CL-R-000071,NC-CL-S-000025,docs/09_collection/first-100-collectible-registry-v1.md#F-014,docs/09_collection/first-100-collectible-registry-v1.md,267,GA1,"07호 Frame, Tools and Service-Key Set",F-014,Previous Technician Logs,NARRATIVE_PROMISE,C2,C2|C4|C6,C2|C4|C6,DISCOVERY|ACQUISITION|SYNERGY,UNRESOLVED,UNRESOLVED,UNRESOLVED,UNKNOWN,UNRESOLVED,UNRESOLVED,DRY_RUN_REVIEWED,PM_MERGE_REQUIRED,NONE
NC-CL-R-000072,NC-CL-S-000025,docs/09_collection/first-100-collectible-registry-v1.md#F-014,docs/09_collection/first-100-collectible-registry-v1.md,267,GA1,"07호 Frame, Tools and Service-Key Set",F-014,Previous Technician Logs,SET,C2,C2|C4|C6,C2|C4|C6,DISCOVERY|ACQUISITION|SYNERGY,UNRESOLVED,UNRESOLVED,UNRESOLVED,UNKNOWN,UNRESOLVED,UNRESOLVED,DRY_RUN_REVIEWED,PM_MERGE_REQUIRED,NONE
NC-CL-R-000073,NC-CL-S-000026,docs/09_collection/first-100-collectible-registry-v1.md#R-001,docs/09_collection/first-100-collectible-registry-v1.md,285,GA1,"Records, Rights and Legal Collection",R-001,Betrayal-Trial Relay Fragment,ENTITY,C4,C4,C4|C7,DISCOVERY|SYNERGY,UNRESOLVED,UNRESOLVED,UNRESOLVED,UNKNOWN,UNRESOLVED,UNRESOLVED,DRY_RUN_REVIEWED,PM_MERGE_REQUIRED,NONE
NC-CL-R-000074,NC-CL-S-000026,docs/09_collection/first-100-collectible-registry-v1.md#R-001,docs/09_collection/first-100-collectible-registry-v1.md,285,GA1,"Records, Rights and Legal Collection",R-001,Betrayal-Trial Relay Fragment,CONTROL_CLAIM,C4,C4|C7,C4|C7,DISCOVERY|SYNERGY,UNRESOLVED,UNRESOLVED,UNRESOLVED,UNKNOWN,UNRESOLVED,UNRESOLVED,DRY_RUN_REVIEWED,PM_MERGE_REQUIRED,NONE
NC-CL-R-000075,NC-CL-S-000026,docs/09_collection/first-100-collectible-registry-v1.md#R-001,docs/09_collection/first-100-collectible-registry-v1.md,285,GA1,"Records, Rights and Legal Collection",R-001,Betrayal-Trial Relay Fragment,NARRATIVE_PROMISE,C4,C4|C7,C4|C7,DISCOVERY|SYNERGY,UNRESOLVED,UNRESOLVED,UNRESOLVED,UNKNOWN,UNRESOLVED,UNRESOLVED,DRY_RUN_REVIEWED,PM_MERGE_REQUIRED,NONE
NC-CL-R-000076,NC-CL-S-000027,docs/09_collection/first-100-collectible-registry-v1.md#R-002,docs/09_collection/first-100-collectible-registry-v1.md,292,GA1,"Records, Rights and Legal Collection",R-002,Student/Family Custody Manifest Fragments,ENTITY,C1,C1|C7,C1|C4|C7,DISCOVERY|ACQUISITION|SYNERGY,UNRESOLVED,UNRESOLVED,UNRESOLVED,UNKNOWN,UNRESOLVED,UNRESOLVED,DRY_RUN_REVIEWED,PM_MERGE_REQUIRED,NONE
NC-CL-R-000077,NC-CL-S-000027,docs/09_collection/first-100-collectible-registry-v1.md#R-002,docs/09_collection/first-100-collectible-registry-v1.md,292,GA1,"Records, Rights and Legal Collection",R-002,Student/Family Custody Manifest Fragments,CONTROL_CLAIM,C1,C1|C4|C7,C1|C4|C7,DISCOVERY|ACQUISITION|SYNERGY,UNRESOLVED,UNRESOLVED,UNRESOLVED,UNKNOWN,UNRESOLVED,UNRESOLVED,DRY_RUN_REVIEWED,PM_MERGE_REQUIRED,NONE
NC-CL-R-000078,NC-CL-S-000027,docs/09_collection/first-100-collectible-registry-v1.md#R-002,docs/09_collection/first-100-collectible-registry-v1.md,292,GA1,"Records, Rights and Legal Collection",R-002,Student/Family Custody Manifest Fragments,STATE_TRANSITION,C1,C1|C4|C7,C1|C4|C7,DISCOVERY|ACQUISITION|SYNERGY,UNRESOLVED,UNRESOLVED,UNRESOLVED,UNKNOWN,UNRESOLVED,UNRESOLVED,DRY_RUN_REVIEWED,PM_MERGE_REQUIRED,NONE
NC-CL-R-000079,NC-CL-S-000027,docs/09_collection/first-100-collectible-registry-v1.md#R-002,docs/09_collection/first-100-collectible-registry-v1.md,292,GA1,"Records, Rights and Legal Collection",R-002,Student/Family Custody Manifest Fragments,LOSS_OBLIGATION,C1,C1|C4|C7,C1|C4|C7,DISCOVERY|ACQUISITION|SYNERGY,UNRESOLVED,UNRESOLVED,UNRESOLVED,UNKNOWN,UNRESOLVED,UNRESOLVED,DRY_RUN_REVIEWED,PM_MERGE_REQUIRED,NONE
NC-CL-R-000080,NC-CL-S-000027,docs/09_collection/first-100-collectible-registry-v1.md#R-002,docs/09_collection/first-100-collectible-registry-v1.md,292,GA1,"Records, Rights and Legal Collection",R-002,Student/Family Custody Manifest Fragments,SET,C1,C1|C4|C7,C1|C4|C7,DISCOVERY|ACQUISITION|SYNERGY,UNRESOLVED,UNRESOLVED,UNRESOLVED,UNKNOWN,UNRESOLVED,UNRESOLVED,DRY_RUN_REVIEWED,PM_MERGE_REQUIRED,NONE
NC-CL-R-000081,NC-CL-S-000028,docs/09_collection/first-100-collectible-registry-v1.md#R-003,docs/09_collection/first-100-collectible-registry-v1.md,300,GA1,"Records, Rights and Legal Collection",R-003,Medical/Administrative Death Records,ENTITY,C1,C1,C1|C4|C7,DISCOVERY|SYNERGY,UNRESOLVED,UNRESOLVED,UNRESOLVED,UNKNOWN,UNRESOLVED,UNRESOLVED,DRY_RUN_REVIEWED,PM_MERGE_REQUIRED,NONE
NC-CL-R-000082,NC-CL-S-000028,docs/09_collection/first-100-collectible-registry-v1.md#R-003,docs/09_collection/first-100-collectible-registry-v1.md,300,GA1,"Records, Rights and Legal Collection",R-003,Medical/Administrative Death Records,CONTROL_CLAIM,C1,C1|C4|C7,C1|C4|C7,DISCOVERY|SYNERGY,UNRESOLVED,UNRESOLVED,UNRESOLVED,UNKNOWN,UNRESOLVED,UNRESOLVED,DRY_RUN_REVIEWED,PM_MERGE_REQUIRED,NONE
NC-CL-R-000083,NC-CL-S-000028,docs/09_collection/first-100-collectible-registry-v1.md#R-003,docs/09_collection/first-100-collectible-registry-v1.md,300,GA1,"Records, Rights and Legal Collection",R-003,Medical/Administrative Death Records,NARRATIVE_PROMISE,C1,C1|C4|C7,C1|C4|C7,DISCOVERY|SYNERGY,UNRESOLVED,UNRESOLVED,UNRESOLVED,UNKNOWN,UNRESOLVED,UNRESOLVED,DRY_RUN_REVIEWED,PM_MERGE_REQUIRED,NONE
NC-CL-R-000084,NC-CL-S-000028,docs/09_collection/first-100-collectible-registry-v1.md#R-003,docs/09_collection/first-100-collectible-registry-v1.md,300,GA1,"Records, Rights and Legal Collection",R-003,Medical/Administrative Death Records,SET,C1,C1|C4|C7,C1|C4|C7,DISCOVERY|SYNERGY,UNRESOLVED,UNRESOLVED,UNRESOLVED,UNKNOWN,UNRESOLVED,UNRESOLVED,DRY_RUN_REVIEWED,PM_MERGE_REQUIRED,NONE
NC-CL-R-000085,NC-CL-S-000029,docs/09_collection/first-100-collectible-registry-v1.md#R-004,docs/09_collection/first-100-collectible-registry-v1.md,308,GA1,"Records, Rights and Legal Collection",R-004,Neutral Medical Protection Clause,CONTROL_CLAIM,C1,C1|C7,C1|C7,DISCOVERY|ACQUISITION|SYNERGY,UNRESOLVED,UNRESOLVED,UNRESOLVED,UNKNOWN,UNRESOLVED,UNRESOLVED,DRY_RUN_REVIEWED,PM_MERGE_REQUIRED,NONE
NC-CL-R-000086,NC-CL-S-000029,docs/09_collection/first-100-collectible-registry-v1.md#R-004,docs/09_collection/first-100-collectible-registry-v1.md,308,GA1,"Records, Rights and Legal Collection",R-004,Neutral Medical Protection Clause,LOSS_OBLIGATION,C1,C1|C7,C1|C7,DISCOVERY|ACQUISITION|SYNERGY,UNRESOLVED,UNRESOLVED,UNRESOLVED,UNKNOWN,UNRESOLVED,UNRESOLVED,DRY_RUN_REVIEWED,PM_MERGE_REQUIRED,NONE
NC-CL-R-000087,NC-CL-S-000030,docs/09_collection/first-100-collectible-registry-v1.md#R-005,docs/09_collection/first-100-collectible-registry-v1.md,315,GA1,"Records, Rights and Legal Collection",R-005,White Dock Joint-Custody/Evidence Order,CONTROL_CLAIM,C2,C2|C3|C7,C2|C3|C7,ACQUISITION|SYNERGY,UNRESOLVED,UNRESOLVED,UNRESOLVED,UNKNOWN,UNRESOLVED,UNRESOLVED,DRY_RUN_REVIEWED,PM_MERGE_REQUIRED,NONE
NC-CL-R-000088,NC-CL-S-000030,docs/09_collection/first-100-collectible-registry-v1.md#R-005,docs/09_collection/first-100-collectible-registry-v1.md,315,GA1,"Records, Rights and Legal Collection",R-005,White Dock Joint-Custody/Evidence Order,STATE_TRANSITION,C2,C2|C3|C7,C2|C3|C7,ACQUISITION|SYNERGY,UNRESOLVED,UNRESOLVED,UNRESOLVED,UNKNOWN,UNRESOLVED,UNRESOLVED,DRY_RUN_REVIEWED,PM_MERGE_REQUIRED,NONE
NC-CL-R-000089,NC-CL-S-000030,docs/09_collection/first-100-collectible-registry-v1.md#R-005,docs/09_collection/first-100-collectible-registry-v1.md,315,GA1,"Records, Rights and Legal Collection",R-005,White Dock Joint-Custody/Evidence Order,LOSS_OBLIGATION,C2,C2|C3|C7,C2|C3|C7,ACQUISITION|SYNERGY,UNRESOLVED,UNRESOLVED,UNRESOLVED,UNKNOWN,UNRESOLVED,UNRESOLVED,DRY_RUN_REVIEWED,PM_MERGE_REQUIRED,NONE
NC-CL-R-000090,NC-CL-S-000031,docs/09_collection/first-100-collectible-registry-v1.md#R-006,docs/09_collection/first-100-collectible-registry-v1.md,322,GA1,"Records, Rights and Legal Collection",R-006,Student Mutual Guarantee Fund,ENTITY,C1,C1,C1|C7,DISCOVERY|SYNERGY,UNRESOLVED,UNRESOLVED,UNRESOLVED,UNKNOWN,UNRESOLVED,UNRESOLVED,DRY_RUN_REVIEWED,PM_MERGE_REQUIRED,NONE
NC-CL-R-000091,NC-CL-S-000031,docs/09_collection/first-100-collectible-registry-v1.md#R-006,docs/09_collection/first-100-collectible-registry-v1.md,322,GA1,"Records, Rights and Legal Collection",R-006,Student Mutual Guarantee Fund,RELATIONSHIP,C1,C1|C7,C1|C7,DISCOVERY|SYNERGY,UNRESOLVED,UNRESOLVED,UNRESOLVED,UNKNOWN,UNRESOLVED,UNRESOLVED,DRY_RUN_REVIEWED,PM_MERGE_REQUIRED,NONE
NC-CL-R-000092,NC-CL-S-000031,docs/09_collection/first-100-collectible-registry-v1.md#R-006,docs/09_collection/first-100-collectible-registry-v1.md,322,GA1,"Records, Rights and Legal Collection",R-006,Student Mutual Guarantee Fund,CONTROL_CLAIM,C1,C1|C7,C1|C7,DISCOVERY|SYNERGY,UNRESOLVED,UNRESOLVED,UNRESOLVED,UNKNOWN,UNRESOLVED,UNRESOLVED,DRY_RUN_REVIEWED,PM_MERGE_REQUIRED,NONE
NC-CL-R-000093,NC-CL-S-000031,docs/09_collection/first-100-collectible-registry-v1.md#R-006,docs/09_collection/first-100-collectible-registry-v1.md,322,GA1,"Records, Rights and Legal Collection",R-006,Student Mutual Guarantee Fund,LOSS_OBLIGATION,C1,C1|C7,C1|C7,DISCOVERY|SYNERGY,UNRESOLVED,UNRESOLVED,UNRESOLVED,UNKNOWN,UNRESOLVED,UNRESOLVED,DRY_RUN_REVIEWED,PM_MERGE_REQUIRED,NONE
NC-CL-R-000094,NC-CL-S-000032,docs/09_collection/first-100-collectible-registry-v1.md#R-007,docs/09_collection/first-100-collectible-registry-v1.md,329,GA1,"Records, Rights and Legal Collection",R-007,H-002 Maintenance and Design-Rights Agreement,RELATIONSHIP,C1,C1|C7|C2|C6,C1|C2|C6|C7,DISCOVERY|ACQUISITION|SYNERGY,UNRESOLVED,UNRESOLVED,UNRESOLVED,UNKNOWN,UNRESOLVED,UNRESOLVED,DRY_RUN_REVIEWED,PM_MERGE_REQUIRED,NONE
NC-CL-R-000095,NC-CL-S-000032,docs/09_collection/first-100-collectible-registry-v1.md#R-007,docs/09_collection/first-100-collectible-registry-v1.md,329,GA1,"Records, Rights and Legal Collection",R-007,H-002 Maintenance and Design-Rights Agreement,CONTROL_CLAIM,C1,C1|C2|C6|C7,C1|C2|C6|C7,DISCOVERY|ACQUISITION|SYNERGY,UNRESOLVED,UNRESOLVED,UNRESOLVED,UNKNOWN,UNRESOLVED,UNRESOLVED,DRY_RUN_REVIEWED,PM_MERGE_REQUIRED,NONE
NC-CL-R-000096,NC-CL-S-000032,docs/09_collection/first-100-collectible-registry-v1.md#R-007,docs/09_collection/first-100-collectible-registry-v1.md,329,GA1,"Records, Rights and Legal Collection",R-007,H-002 Maintenance and Design-Rights Agreement,LOSS_OBLIGATION,C1,C1|C2|C6|C7,C1|C2|C6|C7,DISCOVERY|ACQUISITION|SYNERGY,UNRESOLVED,UNRESOLVED,UNRESOLVED,UNKNOWN,UNRESOLVED,UNRESOLVED,DRY_RUN_REVIEWED,PM_MERGE_REQUIRED,NONE
NC-CL-R-000097,NC-CL-S-000033,docs/09_collection/first-100-collectible-registry-v1.md#R-008,docs/09_collection/first-100-collectible-registry-v1.md,337,GA1,"Records, Rights and Legal Collection",R-008,External Mission License,CONTROL_CLAIM,C1,C1|C5|C7,C1|C5|C7,DISCOVERY|ACQUISITION|SYNERGY,UNRESOLVED,UNRESOLVED,UNRESOLVED,UNKNOWN,UNRESOLVED,UNRESOLVED,DRY_RUN_REVIEWED,PM_MERGE_REQUIRED,NONE
NC-CL-R-000098,NC-CL-S-000033,docs/09_collection/first-100-collectible-registry-v1.md#R-008,docs/09_collection/first-100-collectible-registry-v1.md,337,GA1,"Records, Rights and Legal Collection",R-008,External Mission License,STATE_TRANSITION,C1,C1|C5|C7,C1|C5|C7,DISCOVERY|ACQUISITION|SYNERGY,UNRESOLVED,UNRESOLVED,UNRESOLVED,UNKNOWN,UNRESOLVED,UNRESOLVED,DRY_RUN_REVIEWED,PM_MERGE_REQUIRED,NONE
NC-CL-R-000099,NC-CL-S-000033,docs/09_collection/first-100-collectible-registry-v1.md#R-008,docs/09_collection/first-100-collectible-registry-v1.md,337,GA1,"Records, Rights and Legal Collection",R-008,External Mission License,LOSS_OBLIGATION,C1,C1|C5|C7,C1|C5|C7,DISCOVERY|ACQUISITION|SYNERGY,UNRESOLVED,UNRESOLVED,UNRESOLVED,UNKNOWN,UNRESOLVED,UNRESOLVED,DRY_RUN_REVIEWED,PM_MERGE_REQUIRED,NONE
NC-CL-R-000100,NC-CL-S-000034,docs/09_collection/first-100-collectible-registry-v1.md#R-009,docs/09_collection/first-100-collectible-registry-v1.md,345,GA1,"Records, Rights and Legal Collection",R-009,Patient Consent and Data-Access Protocol,CONTROL_CLAIM,C1,C1|C6|C7,C1|C6|C7,ACQUISITION|SYNERGY,UNRESOLVED,UNRESOLVED,UNRESOLVED,UNKNOWN,UNRESOLVED,UNRESOLVED,DRY_RUN_REVIEWED,PM_MERGE_REQUIRED,NONE
NC-CL-R-000101,NC-CL-S-000034,docs/09_collection/first-100-collectible-registry-v1.md#R-009,docs/09_collection/first-100-collectible-registry-v1.md,345,GA1,"Records, Rights and Legal Collection",R-009,Patient Consent and Data-Access Protocol,LOSS_OBLIGATION,C1,C1|C6|C7,C1|C6|C7,ACQUISITION|SYNERGY,UNRESOLVED,UNRESOLVED,UNRESOLVED,UNKNOWN,UNRESOLVED,UNRESOLVED,DRY_RUN_REVIEWED,PM_MERGE_REQUIRED,NONE
NC-CL-R-000102,NC-CL-S-000035,docs/09_collection/first-100-collectible-registry-v1.md#R-010,docs/09_collection/first-100-collectible-registry-v1.md,352,GA1,"Records, Rights and Legal Collection",R-010,Student/Staff Preference and Representation Record,CONTROL_CLAIM,C1,C1|C7,C1|C7,SYNERGY|COMPLETION_LEGACY,UNRESOLVED,UNRESOLVED,UNRESOLVED,UNKNOWN,UNRESOLVED,UNRESOLVED,DRY_RUN_REVIEWED,PM_MERGE_REQUIRED,NONE
NC-CL-R-000103,NC-CL-S-000036,docs/09_collection/first-100-collectible-registry-v1.md#R-011,docs/09_collection/first-100-collectible-registry-v1.md,359,GA1,"Records, Rights and Legal Collection",R-011,제13학원 임시공동운영·보호헌장,RELATIONSHIP,C1,C1|C7,C1|C7,DISCOVERY|ACQUISITION|SYNERGY,UNRESOLVED,UNRESOLVED,UNRESOLVED,UNKNOWN,UNRESOLVED,UNRESOLVED,DRY_RUN_REVIEWED,PM_MERGE_REQUIRED,NONE
NC-CL-R-000104,NC-CL-S-000036,docs/09_collection/first-100-collectible-registry-v1.md#R-011,docs/09_collection/first-100-collectible-registry-v1.md,359,GA1,"Records, Rights and Legal Collection",R-011,제13학원 임시공동운영·보호헌장,CONTROL_CLAIM,C1,C1|C7,C1|C7,DISCOVERY|ACQUISITION|SYNERGY,UNRESOLVED,UNRESOLVED,UNRESOLVED,UNKNOWN,UNRESOLVED,UNRESOLVED,DRY_RUN_REVIEWED,PM_MERGE_REQUIRED,NONE
NC-CL-R-000105,NC-CL-S-000036,docs/09_collection/first-100-collectible-registry-v1.md#R-011,docs/09_collection/first-100-collectible-registry-v1.md,359,GA1,"Records, Rights and Legal Collection",R-011,제13학원 임시공동운영·보호헌장,LOSS_OBLIGATION,C1,C1|C7,C1|C7,DISCOVERY|ACQUISITION|SYNERGY,UNRESOLVED,UNRESOLVED,UNRESOLVED,UNKNOWN,UNRESOLVED,UNRESOLVED,DRY_RUN_REVIEWED,PM_MERGE_REQUIRED,NONE
NC-CL-R-000106,NC-CL-S-000037,docs/09_collection/first-100-collectible-registry-v1.md#R-012,docs/09_collection/first-100-collectible-registry-v1.md,367,GA1,"Records, Rights and Legal Collection",R-012,07 Multi-Party Custody and Command Key Scheme,RELATIONSHIP,C7,C7|C2,C2|C7,ACQUISITION|SYNERGY,UNRESOLVED,UNRESOLVED,UNRESOLVED,UNKNOWN,UNRESOLVED,UNRESOLVED,DRY_RUN_REVIEWED,PM_MERGE_REQUIRED,NONE
NC-CL-R-000107,NC-CL-S-000037,docs/09_collection/first-100-collectible-registry-v1.md#R-012,docs/09_collection/first-100-collectible-registry-v1.md,367,GA1,"Records, Rights and Legal Collection",R-012,07 Multi-Party Custody and Command Key Scheme,CONTROL_CLAIM,C2,C2|C7,C2|C7,ACQUISITION|SYNERGY,UNRESOLVED,UNRESOLVED,UNRESOLVED,UNKNOWN,UNRESOLVED,UNRESOLVED,DRY_RUN_REVIEWED,PM_MERGE_REQUIRED,NONE
NC-CL-R-000108,NC-CL-S-000037,docs/09_collection/first-100-collectible-registry-v1.md#R-012,docs/09_collection/first-100-collectible-registry-v1.md,367,GA1,"Records, Rights and Legal Collection",R-012,07 Multi-Party Custody and Command Key Scheme,LOSS_OBLIGATION,C2,C2|C7,C2|C7,ACQUISITION|SYNERGY,UNRESOLVED,UNRESOLVED,UNRESOLVED,UNKNOWN,UNRESOLVED,UNRESOLVED,DRY_RUN_REVIEWED,PM_MERGE_REQUIRED,NONE
NC-CL-R-000109,NC-CL-S-000037,docs/09_collection/first-100-collectible-registry-v1.md#R-012,docs/09_collection/first-100-collectible-registry-v1.md,367,GA1,"Records, Rights and Legal Collection",R-012,07 Multi-Party Custody and Command Key Scheme,SET,C2,C2|C7,C2|C7,ACQUISITION|SYNERGY,UNRESOLVED,UNRESOLVED,UNRESOLVED,UNKNOWN,UNRESOLVED,UNRESOLVED,DRY_RUN_REVIEWED,PM_MERGE_REQUIRED,NONE
NC-CL-R-000110,NC-CL-S-000038,docs/09_collection/first-100-collectible-registry-v1.md#I-001,docs/09_collection/first-100-collectible-registry-v1.md,378,GA1,Institutions and Collective Assets,I-001,Student Mutual Network / Assembly Seed,ENTITY,C1,C1|C7,C1|C7,DISCOVERY|SYNERGY,UNRESOLVED,UNRESOLVED,UNRESOLVED,UNKNOWN,UNRESOLVED,UNRESOLVED,DRY_RUN_REVIEWED,PM_MERGE_REQUIRED,NONE
NC-CL-R-000111,NC-CL-S-000038,docs/09_collection/first-100-collectible-registry-v1.md#I-001,docs/09_collection/first-100-collectible-registry-v1.md,378,GA1,Institutions and Collective Assets,I-001,Student Mutual Network / Assembly Seed,RELATIONSHIP,C1,C1|C7,C1|C7,DISCOVERY|SYNERGY,UNRESOLVED,UNRESOLVED,UNRESOLVED,UNKNOWN,UNRESOLVED,UNRESOLVED,DRY_RUN_REVIEWED,PM_MERGE_REQUIRED,NONE
NC-CL-R-000112,NC-CL-S-000039,docs/09_collection/first-100-collectible-registry-v1.md#I-002,docs/09_collection/first-100-collectible-registry-v1.md,386,GA1,Institutions and Collective Assets,I-002,Open-Service Workshop Seed,ENTITY,C3,C3,C3|C6|C7,DISCOVERY|ACQUISITION|SYNERGY,UNRESOLVED,UNRESOLVED,UNRESOLVED,UNKNOWN,UNRESOLVED,UNRESOLVED,DRY_RUN_REVIEWED,PM_MERGE_REQUIRED,NONE
NC-CL-R-000113,NC-CL-S-000039,docs/09_collection/first-100-collectible-registry-v1.md#I-002,docs/09_collection/first-100-collectible-registry-v1.md,386,GA1,Institutions and Collective Assets,I-002,Open-Service Workshop Seed,CONTROL_CLAIM,C3,C3|C6|C7,C3|C6|C7,DISCOVERY|ACQUISITION|SYNERGY,UNRESOLVED,UNRESOLVED,UNRESOLVED,UNKNOWN,UNRESOLVED,UNRESOLVED,DRY_RUN_REVIEWED,PM_MERGE_REQUIRED,NONE
NC-CL-R-000114,NC-CL-S-000039,docs/09_collection/first-100-collectible-registry-v1.md#I-002,docs/09_collection/first-100-collectible-registry-v1.md,386,GA1,Institutions and Collective Assets,I-002,Open-Service Workshop Seed,LOSS_OBLIGATION,C3,C3|C6|C7,C3|C6|C7,DISCOVERY|ACQUISITION|SYNERGY,UNRESOLVED,UNRESOLVED,UNRESOLVED,UNKNOWN,UNRESOLVED,UNRESOLVED,DRY_RUN_REVIEWED,PM_MERGE_REQUIRED,NONE
NC-CL-R-000115,NC-CL-S-000040,docs/09_collection/first-100-collectible-registry-v1.md#I-003,docs/09_collection/first-100-collectible-registry-v1.md,394,GA1,Institutions and Collective Assets,I-003,Multi-Party Medical Oversight,ENTITY,C1,C1,C1|C7,SYNERGY,UNRESOLVED,UNRESOLVED,UNRESOLVED,UNKNOWN,UNRESOLVED,UNRESOLVED,DRY_RUN_REVIEWED,PM_MERGE_REQUIRED,NONE
NC-CL-R-000116,NC-CL-S-000040,docs/09_collection/first-100-collectible-registry-v1.md#I-003,docs/09_collection/first-100-collectible-registry-v1.md,394,GA1,Institutions and Collective Assets,I-003,Multi-Party Medical Oversight,RELATIONSHIP,C1,C1|C7,C1|C7,SYNERGY,UNRESOLVED,UNRESOLVED,UNRESOLVED,UNKNOWN,UNRESOLVED,UNRESOLVED,DRY_RUN_REVIEWED,PM_MERGE_REQUIRED,NONE
NC-CL-R-000117,NC-CL-S-000040,docs/09_collection/first-100-collectible-registry-v1.md#I-003,docs/09_collection/first-100-collectible-registry-v1.md,394,GA1,Institutions and Collective Assets,I-003,Multi-Party Medical Oversight,CONTROL_CLAIM,C1,C1|C7,C1|C7,SYNERGY,UNRESOLVED,UNRESOLVED,UNRESOLVED,UNKNOWN,UNRESOLVED,UNRESOLVED,DRY_RUN_REVIEWED,PM_MERGE_REQUIRED,NONE
NC-CL-R-000118,NC-CL-S-000040,docs/09_collection/first-100-collectible-registry-v1.md#I-003,docs/09_collection/first-100-collectible-registry-v1.md,394,GA1,Institutions and Collective Assets,I-003,Multi-Party Medical Oversight,LOSS_OBLIGATION,C1,C1|C7,C1|C7,SYNERGY,UNRESOLVED,UNRESOLVED,UNRESOLVED,UNKNOWN,UNRESOLVED,UNRESOLVED,DRY_RUN_REVIEWED,PM_MERGE_REQUIRED,NONE
NC-CL-R-000119,NC-CL-S-000041,docs/09_collection/first-100-collectible-registry-v1.md#I-004,docs/09_collection/first-100-collectible-registry-v1.md,401,GA1,Institutions and Collective Assets,I-004,Fifth-Answer Myth,STATE_TRANSITION,C1,C1|C7,C1|C7,DISCOVERY|SYNERGY|COMPLETION_LEGACY,UNRESOLVED,UNRESOLVED,UNRESOLVED,UNKNOWN,UNRESOLVED,UNRESOLVED,DRY_RUN_REVIEWED,PM_MERGE_REQUIRED,NONE
NC-CL-R-000120,NC-CL-S-000041,docs/09_collection/first-100-collectible-registry-v1.md#I-004,docs/09_collection/first-100-collectible-registry-v1.md,401,GA1,Institutions and Collective Assets,I-004,Fifth-Answer Myth,NARRATIVE_PROMISE,C1,C1|C7,C1|C7,DISCOVERY|SYNERGY|COMPLETION_LEGACY,UNRESOLVED,UNRESOLVED,UNRESOLVED,UNKNOWN,UNRESOLVED,UNRESOLVED,DRY_RUN_REVIEWED,PM_MERGE_REQUIRED,NONE
NC-CL-R-000121,NC-CL-S-000042,docs/09_collection/first-100-collectible-registry-v1.md#I-005,docs/09_collection/first-100-collectible-registry-v1.md,410,GA1,Institutions and Collective Assets,I-005,Academy Alumni/External Mission Cell,ENTITY,C1,C1,C1|C5|C7,ACQUISITION|SYNERGY,UNRESOLVED,UNRESOLVED,UNRESOLVED,UNKNOWN,UNRESOLVED,UNRESOLVED,DRY_RUN_REVIEWED,PM_MERGE_REQUIRED,NONE
NC-CL-R-000122,NC-CL-S-000042,docs/09_collection/first-100-collectible-registry-v1.md#I-005,docs/09_collection/first-100-collectible-registry-v1.md,410,GA1,Institutions and Collective Assets,I-005,Academy Alumni/External Mission Cell,RELATIONSHIP,C1,C1|C7|C5,C1|C5|C7,ACQUISITION|SYNERGY,UNRESOLVED,UNRESOLVED,UNRESOLVED,UNKNOWN,UNRESOLVED,UNRESOLVED,DRY_RUN_REVIEWED,PM_MERGE_REQUIRED,NONE
NC-CL-R-000123,NC-CL-S-000042,docs/09_collection/first-100-collectible-registry-v1.md#I-005,docs/09_collection/first-100-collectible-registry-v1.md,410,GA1,Institutions and Collective Assets,I-005,Academy Alumni/External Mission Cell,CONTROL_CLAIM,C1,C1|C5|C7,C1|C5|C7,ACQUISITION|SYNERGY,UNRESOLVED,UNRESOLVED,UNRESOLVED,UNKNOWN,UNRESOLVED,UNRESOLVED,DRY_RUN_REVIEWED,PM_MERGE_REQUIRED,NONE
NC-CL-R-000124,NC-CL-S-000043,docs/09_collection/ga2-collection-registry-v1.md#G2-P01,docs/09_collection/ga2-collection-registry-v1.md,31,GA2,Crew and Relationship Targets,G2-P01,CAP-001 / Ship Master,ENTITY,C1,C1|C5,C1|C5|C7,DISCOVERY|ACQUISITION|SYNERGY|COMPLETION_LEGACY,UNRESOLVED,UNRESOLVED,UNRESOLVED,UNKNOWN,UNRESOLVED,UNRESOLVED,HEURISTIC_PROVISIONAL,CATEGORY_REVIEW_REQUIRED|ENTITY_MERGE_REQUIRED,NONE
NC-CL-R-000125,NC-CL-S-000043,docs/09_collection/ga2-collection-registry-v1.md#G2-P01,docs/09_collection/ga2-collection-registry-v1.md,31,GA2,Crew and Relationship Targets,G2-P01,CAP-001 / Ship Master,RELATIONSHIP,C1,C1|C7|C5,C1|C5|C7,DISCOVERY|ACQUISITION|SYNERGY|COMPLETION_LEGACY,UNRESOLVED,UNRESOLVED,UNRESOLVED,UNKNOWN,UNRESOLVED,UNRESOLVED,HEURISTIC_PROVISIONAL,CATEGORY_REVIEW_REQUIRED|ENTITY_MERGE_REQUIRED,NONE
NC-CL-R-000126,NC-CL-S-000043,docs/09_collection/ga2-collection-registry-v1.md#G2-P01,docs/09_collection/ga2-collection-registry-v1.md,31,GA2,Crew and Relationship Targets,G2-P01,CAP-001 / Ship Master,STATE_TRANSITION,C1,C1|C5|C7,C1|C5|C7,DISCOVERY|ACQUISITION|SYNERGY|COMPLETION_LEGACY,UNRESOLVED,UNRESOLVED,UNRESOLVED,UNKNOWN,UNRESOLVED,UNRESOLVED,HEURISTIC_PROVISIONAL,CATEGORY_REVIEW_REQUIRED|ENTITY_MERGE_REQUIRED,NONE
NC-CL-R-000127,NC-CL-S-000043,docs/09_collection/ga2-collection-registry-v1.md#G2-P01,docs/09_collection/ga2-collection-registry-v1.md,31,GA2,Crew and Relationship Targets,G2-P01,CAP-001 / Ship Master,LOSS_OBLIGATION,C1,C1|C5|C7,C1|C5|C7,DISCOVERY|ACQUISITION|SYNERGY|COMPLETION_LEGACY,UNRESOLVED,UNRESOLVED,UNRESOLVED,UNKNOWN,UNRESOLVED,UNRESOLVED,HEURISTIC_PROVISIONAL,CATEGORY_REVIEW_REQUIRED|ENTITY_MERGE_REQUIRED,NONE
NC-CL-R-000128,NC-CL-S-000044,docs/09_collection/ga2-collection-registry-v1.md#G2-P02,docs/09_collection/ga2-collection-registry-v1.md,51,GA2,Crew and Relationship Targets,G2-P02,ENG-001 / Chief Engineer,ENTITY,C1,C1,C1,DISCOVERY|ACQUISITION|SYNERGY|COMPLETION_LEGACY,UNRESOLVED,UNRESOLVED,UNRESOLVED,UNKNOWN,UNRESOLVED,UNRESOLVED,HEURISTIC_PROVISIONAL,CATEGORY_REVIEW_REQUIRED|ENTITY_MERGE_REQUIRED,NONE
NC-CL-R-000129,NC-CL-S-000044,docs/09_collection/ga2-collection-registry-v1.md#G2-P02,docs/09_collection/ga2-collection-registry-v1.md,51,GA2,Crew and Relationship Targets,G2-P02,ENG-001 / Chief Engineer,RELATIONSHIP,C1,C1,C1,DISCOVERY|ACQUISITION|SYNERGY|COMPLETION_LEGACY,UNRESOLVED,UNRESOLVED,UNRESOLVED,UNKNOWN,UNRESOLVED,UNRESOLVED,HEURISTIC_PROVISIONAL,CATEGORY_REVIEW_REQUIRED|ENTITY_MERGE_REQUIRED,NONE
NC-CL-R-000130,NC-CL-S-000044,docs/09_collection/ga2-collection-registry-v1.md#G2-P02,docs/09_collection/ga2-collection-registry-v1.md,51,GA2,Crew and Relationship Targets,G2-P02,ENG-001 / Chief Engineer,STATE_TRANSITION,C1,C1,C1,DISCOVERY|ACQUISITION|SYNERGY|COMPLETION_LEGACY,UNRESOLVED,UNRESOLVED,UNRESOLVED,UNKNOWN,UNRESOLVED,UNRESOLVED,HEURISTIC_PROVISIONAL,CATEGORY_REVIEW_REQUIRED|ENTITY_MERGE_REQUIRED,NONE
NC-CL-R-000131,NC-CL-S-000044,docs/09_collection/ga2-collection-registry-v1.md#G2-P02,docs/09_collection/ga2-collection-registry-v1.md,51,GA2,Crew and Relationship Targets,G2-P02,ENG-001 / Chief Engineer,LOSS_OBLIGATION,C1,C1,C1,DISCOVERY|ACQUISITION|SYNERGY|COMPLETION_LEGACY,UNRESOLVED,UNRESOLVED,UNRESOLVED,UNKNOWN,UNRESOLVED,UNRESOLVED,HEURISTIC_PROVISIONAL,CATEGORY_REVIEW_REQUIRED|ENTITY_MERGE_REQUIRED,NONE
NC-CL-R-000132,NC-CL-S-000045,docs/09_collection/ga2-collection-registry-v1.md#G2-P03,docs/09_collection/ga2-collection-registry-v1.md,68,GA2,Crew and Relationship Targets,G2-P03,NAV-001 / Route Pilot,ENTITY,C1,C1|C8,C1|C8,ACQUISITION|SYNERGY|COMPLETION_LEGACY,UNRESOLVED,UNRESOLVED,UNRESOLVED,UNKNOWN,UNRESOLVED,UNRESOLVED,HEURISTIC_PROVISIONAL,CATEGORY_REVIEW_REQUIRED|ENTITY_MERGE_REQUIRED,NONE
NC-CL-R-000133,NC-CL-S-000045,docs/09_collection/ga2-collection-registry-v1.md#G2-P03,docs/09_collection/ga2-collection-registry-v1.md,68,GA2,Crew and Relationship Targets,G2-P03,NAV-001 / Route Pilot,RELATIONSHIP,C1,C1|C8,C1|C8,ACQUISITION|SYNERGY|COMPLETION_LEGACY,UNRESOLVED,UNRESOLVED,UNRESOLVED,UNKNOWN,UNRESOLVED,UNRESOLVED,HEURISTIC_PROVISIONAL,CATEGORY_REVIEW_REQUIRED|ENTITY_MERGE_REQUIRED,NONE
NC-CL-R-000134,NC-CL-S-000045,docs/09_collection/ga2-collection-registry-v1.md#G2-P03,docs/09_collection/ga2-collection-registry-v1.md,68,GA2,Crew and Relationship Targets,G2-P03,NAV-001 / Route Pilot,STATE_TRANSITION,C1,C1|C8,C1|C8,ACQUISITION|SYNERGY|COMPLETION_LEGACY,UNRESOLVED,UNRESOLVED,UNRESOLVED,UNKNOWN,UNRESOLVED,UNRESOLVED,HEURISTIC_PROVISIONAL,CATEGORY_REVIEW_REQUIRED|ENTITY_MERGE_REQUIRED,NONE
NC-CL-R-000135,NC-CL-S-000045,docs/09_collection/ga2-collection-registry-v1.md#G2-P03,docs/09_collection/ga2-collection-registry-v1.md,68,GA2,Crew and Relationship Targets,G2-P03,NAV-001 / Route Pilot,LOSS_OBLIGATION,C1,C1|C8,C1|C8,ACQUISITION|SYNERGY|COMPLETION_LEGACY,UNRESOLVED,UNRESOLVED,UNRESOLVED,UNKNOWN,UNRESOLVED,UNRESOLVED,HEURISTIC_PROVISIONAL,CATEGORY_REVIEW_REQUIRED|ENTITY_MERGE_REQUIRED,NONE
NC-CL-R-000136,NC-CL-S-000046,docs/09_collection/ga2-collection-registry-v1.md#G2-P04,docs/09_collection/ga2-collection-registry-v1.md,82,GA2,Crew and Relationship Targets,G2-P04,Q-001 / Quartermaster-Claims Officer,ENTITY,C1,C1,C1,ACQUISITION|SYNERGY|COMPLETION_LEGACY,UNRESOLVED,UNRESOLVED,UNRESOLVED,UNKNOWN,UNRESOLVED,UNRESOLVED,HEURISTIC_PROVISIONAL,CATEGORY_REVIEW_REQUIRED|ENTITY_MERGE_REQUIRED,NONE
NC-CL-R-000137,NC-CL-S-000046,docs/09_collection/ga2-collection-registry-v1.md#G2-P04,docs/09_collection/ga2-collection-registry-v1.md,82,GA2,Crew and Relationship Targets,G2-P04,Q-001 / Quartermaster-Claims Officer,RELATIONSHIP,C1,C1,C1,ACQUISITION|SYNERGY|COMPLETION_LEGACY,UNRESOLVED,UNRESOLVED,UNRESOLVED,UNKNOWN,UNRESOLVED,UNRESOLVED,HEURISTIC_PROVISIONAL,CATEGORY_REVIEW_REQUIRED|ENTITY_MERGE_REQUIRED,NONE
NC-CL-R-000138,NC-CL-S-000046,docs/09_collection/ga2-collection-registry-v1.md#G2-P04,docs/09_collection/ga2-collection-registry-v1.md,82,GA2,Crew and Relationship Targets,G2-P04,Q-001 / Quartermaster-Claims Officer,STATE_TRANSITION,C1,C1,C1,ACQUISITION|SYNERGY|COMPLETION_LEGACY,UNRESOLVED,UNRESOLVED,UNRESOLVED,UNKNOWN,UNRESOLVED,UNRESOLVED,HEURISTIC_PROVISIONAL,CATEGORY_REVIEW_REQUIRED|ENTITY_MERGE_REQUIRED,NONE
NC-CL-R-000139,NC-CL-S-000046,docs/09_collection/ga2-collection-registry-v1.md#G2-P04,docs/09_collection/ga2-collection-registry-v1.md,82,GA2,Crew and Relationship Targets,G2-P04,Q-001 / Quartermaster-Claims Officer,LOSS_OBLIGATION,C1,C1,C1,ACQUISITION|SYNERGY|COMPLETION_LEGACY,UNRESOLVED,UNRESOLVED,UNRESOLVED,UNKNOWN,UNRESOLVED,UNRESOLVED,HEURISTIC_PROVISIONAL,CATEGORY_REVIEW_REQUIRED|ENTITY_MERGE_REQUIRED,NONE
NC-CL-R-000140,NC-CL-S-000047,docs/09_collection/ga2-collection-registry-v1.md#G2-P05,docs/09_collection/ga2-collection-registry-v1.md,96,GA2,Crew and Relationship Targets,G2-P05,Old Crew/Worker Claimants,ENTITY,C1,C1,C1,DISCOVERY|ACQUISITION|SYNERGY|COMPLETION_LEGACY,UNRESOLVED,UNRESOLVED,UNRESOLVED,UNKNOWN,UNRESOLVED,UNRESOLVED,HEURISTIC_PROVISIONAL,CATEGORY_REVIEW_REQUIRED|ENTITY_MERGE_REQUIRED,NONE
NC-CL-R-000141,NC-CL-S-000047,docs/09_collection/ga2-collection-registry-v1.md#G2-P05,docs/09_collection/ga2-collection-registry-v1.md,96,GA2,Crew and Relationship Targets,G2-P05,Old Crew/Worker Claimants,RELATIONSHIP,C1,C1,C1,DISCOVERY|ACQUISITION|SYNERGY|COMPLETION_LEGACY,UNRESOLVED,UNRESOLVED,UNRESOLVED,UNKNOWN,UNRESOLVED,UNRESOLVED,HEURISTIC_PROVISIONAL,CATEGORY_REVIEW_REQUIRED|ENTITY_MERGE_REQUIRED,NONE
NC-CL-R-000142,NC-CL-S-000047,docs/09_collection/ga2-collection-registry-v1.md#G2-P05,docs/09_collection/ga2-collection-registry-v1.md,96,GA2,Crew and Relationship Targets,G2-P05,Old Crew/Worker Claimants,STATE_TRANSITION,C1,C1,C1,DISCOVERY|ACQUISITION|SYNERGY|COMPLETION_LEGACY,UNRESOLVED,UNRESOLVED,UNRESOLVED,UNKNOWN,UNRESOLVED,UNRESOLVED,HEURISTIC_PROVISIONAL,CATEGORY_REVIEW_REQUIRED|ENTITY_MERGE_REQUIRED,NONE
NC-CL-R-000143,NC-CL-S-000047,docs/09_collection/ga2-collection-registry-v1.md#G2-P05,docs/09_collection/ga2-collection-registry-v1.md,96,GA2,Crew and Relationship Targets,G2-P05,Old Crew/Worker Claimants,LOSS_OBLIGATION,C1,C1,C1,DISCOVERY|ACQUISITION|SYNERGY|COMPLETION_LEGACY,UNRESOLVED,UNRESOLVED,UNRESOLVED,UNKNOWN,UNRESOLVED,UNRESOLVED,HEURISTIC_PROVISIONAL,CATEGORY_REVIEW_REQUIRED|ENTITY_MERGE_REQUIRED,NONE
NC-CL-R-000144,NC-CL-S-000048,docs/09_collection/ga2-collection-registry-v1.md#G2-P06,docs/09_collection/ga2-collection-registry-v1.md,116,GA2,Crew and Relationship Targets,G2-P06,Ghost-Caravan Residents/Workers,RELATIONSHIP,C1,C1,C1,DISCOVERY|ACQUISITION|SYNERGY|COMPLETION_LEGACY,UNRESOLVED,UNRESOLVED,UNRESOLVED,UNKNOWN,UNRESOLVED,UNRESOLVED,HEURISTIC_PROVISIONAL,CATEGORY_REVIEW_REQUIRED|ENTITY_MERGE_REQUIRED,NONE
NC-CL-R-000145,NC-CL-S-000048,docs/09_collection/ga2-collection-registry-v1.md#G2-P06,docs/09_collection/ga2-collection-registry-v1.md,116,GA2,Crew and Relationship Targets,G2-P06,Ghost-Caravan Residents/Workers,STATE_TRANSITION,C1,C1,C1,DISCOVERY|ACQUISITION|SYNERGY|COMPLETION_LEGACY,UNRESOLVED,UNRESOLVED,UNRESOLVED,UNKNOWN,UNRESOLVED,UNRESOLVED,HEURISTIC_PROVISIONAL,CATEGORY_REVIEW_REQUIRED|ENTITY_MERGE_REQUIRED,NONE
NC-CL-R-000146,NC-CL-S-000048,docs/09_collection/ga2-collection-registry-v1.md#G2-P06,docs/09_collection/ga2-collection-registry-v1.md,116,GA2,Crew and Relationship Targets,G2-P06,Ghost-Caravan Residents/Workers,LOSS_OBLIGATION,C1,C1,C1,DISCOVERY|ACQUISITION|SYNERGY|COMPLETION_LEGACY,UNRESOLVED,UNRESOLVED,UNRESOLVED,UNKNOWN,UNRESOLVED,UNRESOLVED,HEURISTIC_PROVISIONAL,CATEGORY_REVIEW_REQUIRED|ENTITY_MERGE_REQUIRED,NONE
NC-CL-R-000147,NC-CL-S-000049,docs/09_collection/ga2-collection-registry-v1.md#G2-P07,docs/09_collection/ga2-collection-registry-v1.md,133,GA2,Crew and Relationship Targets,G2-P07,Brann–Neris Standards/Worker Council,ENTITY,C1,C1|C7,C1|C7,DISCOVERY|ACQUISITION|SYNERGY|COMPLETION_LEGACY,UNRESOLVED,UNRESOLVED,UNRESOLVED,UNKNOWN,UNRESOLVED,UNRESOLVED,HEURISTIC_PROVISIONAL,CATEGORY_REVIEW_REQUIRED|ENTITY_MERGE_REQUIRED,NONE
NC-CL-R-000148,NC-CL-S-000049,docs/09_collection/ga2-collection-registry-v1.md#G2-P07,docs/09_collection/ga2-collection-registry-v1.md,133,GA2,Crew and Relationship Targets,G2-P07,Brann–Neris Standards/Worker Council,RELATIONSHIP,C1,C1|C7,C1|C7,DISCOVERY|ACQUISITION|SYNERGY|COMPLETION_LEGACY,UNRESOLVED,UNRESOLVED,UNRESOLVED,UNKNOWN,UNRESOLVED,UNRESOLVED,HEURISTIC_PROVISIONAL,CATEGORY_REVIEW_REQUIRED|ENTITY_MERGE_REQUIRED,NONE
NC-CL-R-000149,NC-CL-S-000049,docs/09_collection/ga2-collection-registry-v1.md#G2-P07,docs/09_collection/ga2-collection-registry-v1.md,133,GA2,Crew and Relationship Targets,G2-P07,Brann–Neris Standards/Worker Council,STATE_TRANSITION,C1,C1|C7,C1|C7,DISCOVERY|ACQUISITION|SYNERGY|COMPLETION_LEGACY,UNRESOLVED,UNRESOLVED,UNRESOLVED,UNKNOWN,UNRESOLVED,UNRESOLVED,HEURISTIC_PROVISIONAL,CATEGORY_REVIEW_REQUIRED|ENTITY_MERGE_REQUIRED,NONE
NC-CL-R-000150,NC-CL-S-000049,docs/09_collection/ga2-collection-registry-v1.md#G2-P07,docs/09_collection/ga2-collection-registry-v1.md,133,GA2,Crew and Relationship Targets,G2-P07,Brann–Neris Standards/Worker Council,LOSS_OBLIGATION,C1,C1|C7,C1|C7,DISCOVERY|ACQUISITION|SYNERGY|COMPLETION_LEGACY,UNRESOLVED,UNRESOLVED,UNRESOLVED,UNKNOWN,UNRESOLVED,UNRESOLVED,HEURISTIC_PROVISIONAL,CATEGORY_REVIEW_REQUIRED|ENTITY_MERGE_REQUIRED,NONE
NC-CL-R-000151,NC-CL-S-000050,docs/09_collection/ga2-collection-registry-v1.md#G2-P08,docs/09_collection/ga2-collection-registry-v1.md,150,GA2,Crew and Relationship Targets,G2-P08,Community Destination Groups,ENTITY,C1,C1|C8,C1|C8,SYNERGY|COMPLETION_LEGACY,UNRESOLVED,UNRESOLVED,UNRESOLVED,UNKNOWN,UNRESOLVED,UNRESOLVED,HEURISTIC_PROVISIONAL,CATEGORY_REVIEW_REQUIRED|ENTITY_MERGE_REQUIRED,NONE
NC-CL-R-000152,NC-CL-S-000050,docs/09_collection/ga2-collection-registry-v1.md#G2-P08,docs/09_collection/ga2-collection-registry-v1.md,150,GA2,Crew and Relationship Targets,G2-P08,Community Destination Groups,RELATIONSHIP,C1,C1|C8,C1|C8,SYNERGY|COMPLETION_LEGACY,UNRESOLVED,UNRESOLVED,UNRESOLVED,UNKNOWN,UNRESOLVED,UNRESOLVED,HEURISTIC_PROVISIONAL,CATEGORY_REVIEW_REQUIRED|ENTITY_MERGE_REQUIRED,NONE
NC-CL-R-000153,NC-CL-S-000050,docs/09_collection/ga2-collection-registry-v1.md#G2-P08,docs/09_collection/ga2-collection-registry-v1.md,150,GA2,Crew and Relationship Targets,G2-P08,Community Destination Groups,STATE_TRANSITION,C1,C1|C8,C1|C8,SYNERGY|COMPLETION_LEGACY,UNRESOLVED,UNRESOLVED,UNRESOLVED,UNKNOWN,UNRESOLVED,UNRESOLVED,HEURISTIC_PROVISIONAL,CATEGORY_REVIEW_REQUIRED|ENTITY_MERGE_REQUIRED,NONE
NC-CL-R-000154,NC-CL-S-000050,docs/09_collection/ga2-collection-registry-v1.md#G2-P08,docs/09_collection/ga2-collection-registry-v1.md,150,GA2,Crew and Relationship Targets,G2-P08,Community Destination Groups,LOSS_OBLIGATION,C1,C1|C8,C1|C8,SYNERGY|COMPLETION_LEGACY,UNRESOLVED,UNRESOLVED,UNRESOLVED,UNKNOWN,UNRESOLVED,UNRESOLVED,HEURISTIC_PROVISIONAL,CATEGORY_REVIEW_REQUIRED|ENTITY_MERGE_REQUIRED,NONE
NC-CL-R-000155,NC-CL-S-000051,docs/09_collection/ga2-collection-registry-v1.md#G2-P09,docs/09_collection/ga2-collection-registry-v1.md,172,GA2,Crew and Relationship Targets,G2-P09,Regional Helix Manufacturing/Service Dissenters,RELATIONSHIP,C1,C1,C1,DISCOVERY|ACQUISITION|SYNERGY|COMPLETION_LEGACY,UNRESOLVED,UNRESOLVED,UNRESOLVED,UNKNOWN,UNRESOLVED,UNRESOLVED,HEURISTIC_PROVISIONAL,CATEGORY_REVIEW_REQUIRED|ENTITY_MERGE_REQUIRED,NONE
NC-CL-R-000156,NC-CL-S-000051,docs/09_collection/ga2-collection-registry-v1.md#G2-P09,docs/09_collection/ga2-collection-registry-v1.md,172,GA2,Crew and Relationship Targets,G2-P09,Regional Helix Manufacturing/Service Dissenters,STATE_TRANSITION,C1,C1,C1,DISCOVERY|ACQUISITION|SYNERGY|COMPLETION_LEGACY,UNRESOLVED,UNRESOLVED,UNRESOLVED,UNKNOWN,UNRESOLVED,UNRESOLVED,HEURISTIC_PROVISIONAL,CATEGORY_REVIEW_REQUIRED|ENTITY_MERGE_REQUIRED,NONE
NC-CL-R-000157,NC-CL-S-000051,docs/09_collection/ga2-collection-registry-v1.md#G2-P09,docs/09_collection/ga2-collection-registry-v1.md,172,GA2,Crew and Relationship Targets,G2-P09,Regional Helix Manufacturing/Service Dissenters,LOSS_OBLIGATION,C1,C1,C1,DISCOVERY|ACQUISITION|SYNERGY|COMPLETION_LEGACY,UNRESOLVED,UNRESOLVED,UNRESOLVED,UNKNOWN,UNRESOLVED,UNRESOLVED,HEURISTIC_PROVISIONAL,CATEGORY_REVIEW_REQUIRED|ENTITY_MERGE_REQUIRED,NONE
NC-CL-R-000158,NC-CL-S-000052,docs/09_collection/ga2-collection-registry-v1.md#G2-P10,docs/09_collection/ga2-collection-registry-v1.md,189,GA2,Crew and Relationship Targets,G2-P10,Local Silex/Ardis Operators,RELATIONSHIP,C1,C1,C1,DISCOVERY|ACQUISITION|SYNERGY|COMPLETION_LEGACY,UNRESOLVED,UNRESOLVED,UNRESOLVED,UNKNOWN,UNRESOLVED,UNRESOLVED,HEURISTIC_PROVISIONAL,CATEGORY_REVIEW_REQUIRED|ENTITY_MERGE_REQUIRED,NONE
NC-CL-R-000159,NC-CL-S-000052,docs/09_collection/ga2-collection-registry-v1.md#G2-P10,docs/09_collection/ga2-collection-registry-v1.md,189,GA2,Crew and Relationship Targets,G2-P10,Local Silex/Ardis Operators,STATE_TRANSITION,C1,C1,C1,DISCOVERY|ACQUISITION|SYNERGY|COMPLETION_LEGACY,UNRESOLVED,UNRESOLVED,UNRESOLVED,UNKNOWN,UNRESOLVED,UNRESOLVED,HEURISTIC_PROVISIONAL,CATEGORY_REVIEW_REQUIRED|ENTITY_MERGE_REQUIRED,NONE
NC-CL-R-000160,NC-CL-S-000052,docs/09_collection/ga2-collection-registry-v1.md#G2-P10,docs/09_collection/ga2-collection-registry-v1.md,189,GA2,Crew and Relationship Targets,G2-P10,Local Silex/Ardis Operators,LOSS_OBLIGATION,C1,C1,C1,DISCOVERY|ACQUISITION|SYNERGY|COMPLETION_LEGACY,UNRESOLVED,UNRESOLVED,UNRESOLVED,UNKNOWN,UNRESOLVED,UNRESOLVED,HEURISTIC_PROVISIONAL,CATEGORY_REVIEW_REQUIRED|ENTITY_MERGE_REQUIRED,NONE
NC-CL-R-000161,NC-CL-S-000053,docs/09_collection/ga2-collection-registry-v1.md#G2-S01,docs/09_collection/ga2-collection-registry-v1.md,210,GA2,"First Ship Hull, Module and Systems Targets",G2-S01,NR72-118 Mission Trust / Operational Hull,ENTITY,C5,C5,C5,DISCOVERY|ACQUISITION|SYNERGY|COMPLETION_LEGACY,UNRESOLVED,UNRESOLVED,UNRESOLVED,UNKNOWN,UNRESOLVED,UNRESOLVED,HEURISTIC_PROVISIONAL,CATEGORY_REVIEW_REQUIRED|ENTITY_MERGE_REQUIRED,NONE
NC-CL-R-000162,NC-CL-S-000053,docs/09_collection/ga2-collection-registry-v1.md#G2-S01,docs/09_collection/ga2-collection-registry-v1.md,210,GA2,"First Ship Hull, Module and Systems Targets",G2-S01,NR72-118 Mission Trust / Operational Hull,RELATIONSHIP,C5,C5,C5,DISCOVERY|ACQUISITION|SYNERGY|COMPLETION_LEGACY,UNRESOLVED,UNRESOLVED,UNRESOLVED,UNKNOWN,UNRESOLVED,UNRESOLVED,HEURISTIC_PROVISIONAL,CATEGORY_REVIEW_REQUIRED|ENTITY_MERGE_REQUIRED,NONE
NC-CL-R-000163,NC-CL-S-000053,docs/09_collection/ga2-collection-registry-v1.md#G2-S01,docs/09_collection/ga2-collection-registry-v1.md,210,GA2,"First Ship Hull, Module and Systems Targets",G2-S01,NR72-118 Mission Trust / Operational Hull,STATE_TRANSITION,C5,C5,C5,DISCOVERY|ACQUISITION|SYNERGY|COMPLETION_LEGACY,UNRESOLVED,UNRESOLVED,UNRESOLVED,UNKNOWN,UNRESOLVED,UNRESOLVED,HEURISTIC_PROVISIONAL,CATEGORY_REVIEW_REQUIRED|ENTITY_MERGE_REQUIRED,NONE
NC-CL-R-000164,NC-CL-S-000053,docs/09_collection/ga2-collection-registry-v1.md#G2-S01,docs/09_collection/ga2-collection-registry-v1.md,210,GA2,"First Ship Hull, Module and Systems Targets",G2-S01,NR72-118 Mission Trust / Operational Hull,LOSS_OBLIGATION,C5,C5,C5,DISCOVERY|ACQUISITION|SYNERGY|COMPLETION_LEGACY,UNRESOLVED,UNRESOLVED,UNRESOLVED,UNKNOWN,UNRESOLVED,UNRESOLVED,HEURISTIC_PROVISIONAL,CATEGORY_REVIEW_REQUIRED|ENTITY_MERGE_REQUIRED,NONE
NC-CL-R-000165,NC-CL-S-000054,docs/09_collection/ga2-collection-registry-v1.md#G2-S02,docs/09_collection/ga2-collection-registry-v1.md,230,GA2,"First Ship Hull, Module and Systems Targets",G2-S02,Ship Command Charter,CONTROL_CLAIM,C5,C5|C7,C5|C7,SYNERGY|COMPLETION_LEGACY,UNRESOLVED,UNRESOLVED,UNRESOLVED,UNKNOWN,UNRESOLVED,UNRESOLVED,HEURISTIC_PROVISIONAL,CATEGORY_REVIEW_REQUIRED|ENTITY_MERGE_REQUIRED,NONE
NC-CL-R-000166,NC-CL-S-000054,docs/09_collection/ga2-collection-registry-v1.md#G2-S02,docs/09_collection/ga2-collection-registry-v1.md,230,GA2,"First Ship Hull, Module and Systems Targets",G2-S02,Ship Command Charter,STATE_TRANSITION,C5,C5|C7,C5|C7,SYNERGY|COMPLETION_LEGACY,UNRESOLVED,UNRESOLVED,UNRESOLVED,UNKNOWN,UNRESOLVED,UNRESOLVED,HEURISTIC_PROVISIONAL,CATEGORY_REVIEW_REQUIRED|ENTITY_MERGE_REQUIRED,NONE
NC-CL-R-000167,NC-CL-S-000054,docs/09_collection/ga2-collection-registry-v1.md#G2-S02,docs/09_collection/ga2-collection-registry-v1.md,230,GA2,"First Ship Hull, Module and Systems Targets",G2-S02,Ship Command Charter,LOSS_OBLIGATION,C5,C5|C7,C5|C7,SYNERGY|COMPLETION_LEGACY,UNRESOLVED,UNRESOLVED,UNRESOLVED,UNKNOWN,UNRESOLVED,UNRESOLVED,HEURISTIC_PROVISIONAL,CATEGORY_REVIEW_REQUIRED|ENTITY_MERGE_REQUIRED,NONE
NC-CL-R-000168,NC-CL-S-000055,docs/09_collection/ga2-collection-registry-v1.md#G2-S03,docs/09_collection/ga2-collection-registry-v1.md,244,GA2,"First Ship Hull, Module and Systems Targets",G2-S03,Reactor A Transit Certification,STATE_TRANSITION,C3,C3|C5|C6,C3|C5|C6,SYNERGY|COMPLETION_LEGACY,UNRESOLVED,UNRESOLVED,UNRESOLVED,UNKNOWN,UNRESOLVED,UNRESOLVED,HEURISTIC_PROVISIONAL,CATEGORY_REVIEW_REQUIRED|ENTITY_MERGE_REQUIRED,NONE
NC-CL-R-000169,NC-CL-S-000055,docs/09_collection/ga2-collection-registry-v1.md#G2-S03,docs/09_collection/ga2-collection-registry-v1.md,244,GA2,"First Ship Hull, Module and Systems Targets",G2-S03,Reactor A Transit Certification,LOSS_OBLIGATION,C3,C3|C5|C6,C3|C5|C6,SYNERGY|COMPLETION_LEGACY,UNRESOLVED,UNRESOLVED,UNRESOLVED,UNKNOWN,UNRESOLVED,UNRESOLVED,HEURISTIC_PROVISIONAL,CATEGORY_REVIEW_REQUIRED|ENTITY_MERGE_REQUIRED,NONE
NC-CL-R-000170,NC-CL-S-000056,docs/09_collection/ga2-collection-registry-v1.md#G2-S04,docs/09_collection/ga2-collection-registry-v1.md,258,GA2,"First Ship Hull, Module and Systems Targets",G2-S04,Reactor B Restricted Peak Support,STATE_TRANSITION,C3,C3|C5|C6,C3|C5|C6,DISCOVERY|SYNERGY|COMPLETION_LEGACY,UNRESOLVED,UNRESOLVED,UNRESOLVED,UNKNOWN,UNRESOLVED,UNRESOLVED,HEURISTIC_PROVISIONAL,CATEGORY_REVIEW_REQUIRED|ENTITY_MERGE_REQUIRED,NONE
NC-CL-R-000171,NC-CL-S-000056,docs/09_collection/ga2-collection-registry-v1.md#G2-S04,docs/09_collection/ga2-collection-registry-v1.md,258,GA2,"First Ship Hull, Module and Systems Targets",G2-S04,Reactor B Restricted Peak Support,LOSS_OBLIGATION,C3,C3|C5|C6,C3|C5|C6,DISCOVERY|SYNERGY|COMPLETION_LEGACY,UNRESOLVED,UNRESOLVED,UNRESOLVED,UNKNOWN,UNRESOLVED,UNRESOLVED,HEURISTIC_PROVISIONAL,CATEGORY_REVIEW_REQUIRED|ENTITY_MERGE_REQUIRED,NONE
NC-CL-R-000172,NC-CL-S-000057,docs/09_collection/ga2-collection-registry-v1.md#G2-S05,docs/09_collection/ga2-collection-registry-v1.md,272,GA2,"First Ship Hull, Module and Systems Targets",G2-S05,Common-Coolant Bypass,STATE_TRANSITION,C3,C3|C5,C3|C5,SYNERGY|COMPLETION_LEGACY,UNRESOLVED,UNRESOLVED,UNRESOLVED,UNKNOWN,UNRESOLVED,UNRESOLVED,HEURISTIC_PROVISIONAL,CATEGORY_REVIEW_REQUIRED|ENTITY_MERGE_REQUIRED,NONE
NC-CL-R-000173,NC-CL-S-000057,docs/09_collection/ga2-collection-registry-v1.md#G2-S05,docs/09_collection/ga2-collection-registry-v1.md,272,GA2,"First Ship Hull, Module and Systems Targets",G2-S05,Common-Coolant Bypass,LOSS_OBLIGATION,C3,C3|C5,C3|C5,SYNERGY|COMPLETION_LEGACY,UNRESOLVED,UNRESOLVED,UNRESOLVED,UNKNOWN,UNRESOLVED,UNRESOLVED,HEURISTIC_PROVISIONAL,CATEGORY_REVIEW_REQUIRED|ENTITY_MERGE_REQUIRED,NONE
NC-CL-R-000174,NC-CL-S-000058,docs/09_collection/ga2-collection-registry-v1.md#G2-S06,docs/09_collection/ga2-collection-registry-v1.md,286,GA2,"First Ship Hull, Module and Systems Targets",G2-S06,Frame Bay 1 / 07 Cradle,ENTITY,C5,C5|C2,C5|C2,SYNERGY|COMPLETION_LEGACY,UNRESOLVED,UNRESOLVED,UNRESOLVED,UNKNOWN,UNRESOLVED,UNRESOLVED,SPECIALIST_CORRECTED,PM_MERGE_REQUIRED|ENTITY_MERGE_REQUIRED,NONE
NC-CL-R-000175,NC-CL-S-000058,docs/09_collection/ga2-collection-registry-v1.md#G2-S06,docs/09_collection/ga2-collection-registry-v1.md,286,GA2,"First Ship Hull, Module and Systems Targets",G2-S06,Frame Bay 1 / 07 Cradle,STATE_TRANSITION,C5,C5|C2,C5|C2,SYNERGY|COMPLETION_LEGACY,UNRESOLVED,UNRESOLVED,UNRESOLVED,UNKNOWN,UNRESOLVED,UNRESOLVED,SPECIALIST_CORRECTED,PM_MERGE_REQUIRED|ENTITY_MERGE_REQUIRED,NONE
NC-CL-R-000176,NC-CL-S-000058,docs/09_collection/ga2-collection-registry-v1.md#G2-S06,docs/09_collection/ga2-collection-registry-v1.md,286,GA2,"First Ship Hull, Module and Systems Targets",G2-S06,Frame Bay 1 / 07 Cradle,LOSS_OBLIGATION,C5,C5|C2,C5|C2,SYNERGY|COMPLETION_LEGACY,UNRESOLVED,UNRESOLVED,UNRESOLVED,UNKNOWN,UNRESOLVED,UNRESOLVED,SPECIALIST_CORRECTED,PM_MERGE_REQUIRED|ENTITY_MERGE_REQUIRED,NONE
NC-CL-R-000177,NC-CL-S-000059,docs/09_collection/ga2-collection-registry-v1.md#G2-S07,docs/09_collection/ga2-collection-registry-v1.md,300,GA2,"First Ship Hull, Module and Systems Targets",G2-S07,Partial Bay 2 / Relay-Service Collar,ENTITY,C3,C3,C3|C5,DISCOVERY|ACQUISITION|SYNERGY|COMPLETION_LEGACY,UNRESOLVED,UNRESOLVED,UNRESOLVED,UNKNOWN,UNRESOLVED,UNRESOLVED,HEURISTIC_PROVISIONAL,CATEGORY_REVIEW_REQUIRED|ENTITY_MERGE_REQUIRED,NONE
NC-CL-R-000178,NC-CL-S-000059,docs/09_collection/ga2-collection-registry-v1.md#G2-S07,docs/09_collection/ga2-collection-registry-v1.md,300,GA2,"First Ship Hull, Module and Systems Targets",G2-S07,Partial Bay 2 / Relay-Service Collar,STATE_TRANSITION,C3,C3|C5,C3|C5,DISCOVERY|ACQUISITION|SYNERGY|COMPLETION_LEGACY,UNRESOLVED,UNRESOLVED,UNRESOLVED,UNKNOWN,UNRESOLVED,UNRESOLVED,HEURISTIC_PROVISIONAL,CATEGORY_REVIEW_REQUIRED|ENTITY_MERGE_REQUIRED,NONE
NC-CL-R-000179,NC-CL-S-000059,docs/09_collection/ga2-collection-registry-v1.md#G2-S07,docs/09_collection/ga2-collection-registry-v1.md,300,GA2,"First Ship Hull, Module and Systems Targets",G2-S07,Partial Bay 2 / Relay-Service Collar,LOSS_OBLIGATION,C3,C3|C5,C3|C5,DISCOVERY|ACQUISITION|SYNERGY|COMPLETION_LEGACY,UNRESOLVED,UNRESOLVED,UNRESOLVED,UNKNOWN,UNRESOLVED,UNRESOLVED,HEURISTIC_PROVISIONAL,CATEGORY_REVIEW_REQUIRED|ENTITY_MERGE_REQUIRED,NONE
NC-CL-R-000180,NC-CL-S-000060,docs/09_collection/ga2-collection-registry-v1.md#G2-S08,docs/09_collection/ga2-collection-registry-v1.md,317,GA2,"First Ship Hull, Module and Systems Targets",G2-S08,Workshop Module,ENTITY,C3,C3,C3|C5,SYNERGY|COMPLETION_LEGACY,UNRESOLVED,UNRESOLVED,UNRESOLVED,UNKNOWN,UNRESOLVED,UNRESOLVED,HEURISTIC_PROVISIONAL,CATEGORY_REVIEW_REQUIRED|ENTITY_MERGE_REQUIRED,NONE
NC-CL-R-000181,NC-CL-S-000060,docs/09_collection/ga2-collection-registry-v1.md#G2-S08,docs/09_collection/ga2-collection-registry-v1.md,317,GA2,"First Ship Hull, Module and Systems Targets",G2-S08,Workshop Module,STATE_TRANSITION,C3,C3|C5,C3|C5,SYNERGY|COMPLETION_LEGACY,UNRESOLVED,UNRESOLVED,UNRESOLVED,UNKNOWN,UNRESOLVED,UNRESOLVED,HEURISTIC_PROVISIONAL,CATEGORY_REVIEW_REQUIRED|ENTITY_MERGE_REQUIRED,NONE
NC-CL-R-000182,NC-CL-S-000060,docs/09_collection/ga2-collection-registry-v1.md#G2-S08,docs/09_collection/ga2-collection-registry-v1.md,317,GA2,"First Ship Hull, Module and Systems Targets",G2-S08,Workshop Module,LOSS_OBLIGATION,C3,C3|C5,C3|C5,SYNERGY|COMPLETION_LEGACY,UNRESOLVED,UNRESOLVED,UNRESOLVED,UNKNOWN,UNRESOLVED,UNRESOLVED,HEURISTIC_PROVISIONAL,CATEGORY_REVIEW_REQUIRED|ENTITY_MERGE_REQUIRED,NONE
NC-CL-R-000183,NC-CL-S-000061,docs/09_collection/ga2-collection-registry-v1.md#G2-S09,docs/09_collection/ga2-collection-registry-v1.md,331,GA2,"First Ship Hull, Module and Systems Targets",G2-S09,Medical/Refugee Conversion Package,STATE_TRANSITION,C3,C3|C5,C3|C5,DISCOVERY|SYNERGY|COMPLETION_LEGACY,UNRESOLVED,UNRESOLVED,UNRESOLVED,UNKNOWN,UNRESOLVED,UNRESOLVED,HEURISTIC_PROVISIONAL,CATEGORY_REVIEW_REQUIRED|ENTITY_MERGE_REQUIRED,NONE
NC-CL-R-000184,NC-CL-S-000061,docs/09_collection/ga2-collection-registry-v1.md#G2-S09,docs/09_collection/ga2-collection-registry-v1.md,331,GA2,"First Ship Hull, Module and Systems Targets",G2-S09,Medical/Refugee Conversion Package,LOSS_OBLIGATION,C3,C3|C5,C3|C5,DISCOVERY|SYNERGY|COMPLETION_LEGACY,UNRESOLVED,UNRESOLVED,UNRESOLVED,UNKNOWN,UNRESOLVED,UNRESOLVED,HEURISTIC_PROVISIONAL,CATEGORY_REVIEW_REQUIRED|ENTITY_MERGE_REQUIRED,NONE
NC-CL-R-000185,NC-CL-S-000062,docs/09_collection/ga2-collection-registry-v1.md#G2-S10,docs/09_collection/ga2-collection-registry-v1.md,348,GA2,"First Ship Hull, Module and Systems Targets",G2-S10,Relay Calibration Package,ENTITY,C3,C3|C6,C3|C5|C6,DISCOVERY|ACQUISITION|SYNERGY|COMPLETION_LEGACY,UNRESOLVED,UNRESOLVED,UNRESOLVED,UNKNOWN,UNRESOLVED,UNRESOLVED,HEURISTIC_PROVISIONAL,CATEGORY_REVIEW_REQUIRED|ENTITY_MERGE_REQUIRED,NONE
NC-CL-R-000186,NC-CL-S-000062,docs/09_collection/ga2-collection-registry-v1.md#G2-S10,docs/09_collection/ga2-collection-registry-v1.md,348,GA2,"First Ship Hull, Module and Systems Targets",G2-S10,Relay Calibration Package,STATE_TRANSITION,C3,C3|C5|C6,C3|C5|C6,DISCOVERY|ACQUISITION|SYNERGY|COMPLETION_LEGACY,UNRESOLVED,UNRESOLVED,UNRESOLVED,UNKNOWN,UNRESOLVED,UNRESOLVED,HEURISTIC_PROVISIONAL,CATEGORY_REVIEW_REQUIRED|ENTITY_MERGE_REQUIRED,NONE
NC-CL-R-000187,NC-CL-S-000062,docs/09_collection/ga2-collection-registry-v1.md#G2-S10,docs/09_collection/ga2-collection-registry-v1.md,348,GA2,"First Ship Hull, Module and Systems Targets",G2-S10,Relay Calibration Package,LOSS_OBLIGATION,C3,C3|C5|C6,C3|C5|C6,DISCOVERY|ACQUISITION|SYNERGY|COMPLETION_LEGACY,UNRESOLVED,UNRESOLVED,UNRESOLVED,UNKNOWN,UNRESOLVED,UNRESOLVED,HEURISTIC_PROVISIONAL,CATEGORY_REVIEW_REQUIRED|ENTITY_MERGE_REQUIRED,NONE
NC-CL-R-000188,NC-CL-S-000063,docs/09_collection/ga2-collection-registry-v1.md#G2-S11,docs/09_collection/ga2-collection-registry-v1.md,365,GA2,"First Ship Hull, Module and Systems Targets",G2-S11,Multi-Signature Comms and Identity Overlay,STATE_TRANSITION,C5,C5,C5,SYNERGY|COMPLETION_LEGACY,UNRESOLVED,UNRESOLVED,UNRESOLVED,UNKNOWN,UNRESOLVED,UNRESOLVED,HEURISTIC_PROVISIONAL,CATEGORY_REVIEW_REQUIRED|ENTITY_MERGE_REQUIRED,NONE
NC-CL-R-000189,NC-CL-S-000063,docs/09_collection/ga2-collection-registry-v1.md#G2-S11,docs/09_collection/ga2-collection-registry-v1.md,365,GA2,"First Ship Hull, Module and Systems Targets",G2-S11,Multi-Signature Comms and Identity Overlay,LOSS_OBLIGATION,C5,C5,C5,SYNERGY|COMPLETION_LEGACY,UNRESOLVED,UNRESOLVED,UNRESOLVED,UNKNOWN,UNRESOLVED,UNRESOLVED,HEURISTIC_PROVISIONAL,CATEGORY_REVIEW_REQUIRED|ENTITY_MERGE_REQUIRED,NONE
NC-CL-R-000190,NC-CL-S-000063,docs/09_collection/ga2-collection-registry-v1.md#G2-S11,docs/09_collection/ga2-collection-registry-v1.md,365,GA2,"First Ship Hull, Module and Systems Targets",G2-S11,Multi-Signature Comms and Identity Overlay,NARRATIVE_PROMISE,C5,C5,C5,SYNERGY|COMPLETION_LEGACY,UNRESOLVED,UNRESOLVED,UNRESOLVED,UNKNOWN,UNRESOLVED,UNRESOLVED,HEURISTIC_PROVISIONAL,CATEGORY_REVIEW_REQUIRED|ENTITY_MERGE_REQUIRED,NONE
NC-CL-R-000191,NC-CL-S-000064,docs/09_collection/ga2-collection-registry-v1.md#G2-S12,docs/09_collection/ga2-collection-registry-v1.md,379,GA2,"First Ship Hull, Module and Systems Targets",G2-S12,Recycler Upgrade or Vela Biological Module,ENTITY,C3,C3,C3|C5,DISCOVERY|SYNERGY|COMPLETION_LEGACY,UNRESOLVED,UNRESOLVED,UNRESOLVED,UNKNOWN,UNRESOLVED,UNRESOLVED,HEURISTIC_PROVISIONAL,CATEGORY_REVIEW_REQUIRED|ENTITY_MERGE_REQUIRED,NONE
NC-CL-R-000192,NC-CL-S-000064,docs/09_collection/ga2-collection-registry-v1.md#G2-S12,docs/09_collection/ga2-collection-registry-v1.md,379,GA2,"First Ship Hull, Module and Systems Targets",G2-S12,Recycler Upgrade or Vela Biological Module,STATE_TRANSITION,C3,C3|C5,C3|C5,DISCOVERY|SYNERGY|COMPLETION_LEGACY,UNRESOLVED,UNRESOLVED,UNRESOLVED,UNKNOWN,UNRESOLVED,UNRESOLVED,HEURISTIC_PROVISIONAL,CATEGORY_REVIEW_REQUIRED|ENTITY_MERGE_REQUIRED,NONE
NC-CL-R-000193,NC-CL-S-000064,docs/09_collection/ga2-collection-registry-v1.md#G2-S12,docs/09_collection/ga2-collection-registry-v1.md,379,GA2,"First Ship Hull, Module and Systems Targets",G2-S12,Recycler Upgrade or Vela Biological Module,LOSS_OBLIGATION,C3,C3|C5,C3|C5,DISCOVERY|SYNERGY|COMPLETION_LEGACY,UNRESOLVED,UNRESOLVED,UNRESOLVED,UNKNOWN,UNRESOLVED,UNRESOLVED,HEURISTIC_PROVISIONAL,CATEGORY_REVIEW_REQUIRED|ENTITY_MERGE_REQUIRED,NONE
NC-CL-R-000194,NC-CL-S-000065,docs/09_collection/ga2-collection-registry-v1.md#G2-S13,docs/09_collection/ga2-collection-registry-v1.md,396,GA2,"First Ship Hull, Module and Systems Targets",G2-S13,Point-Defense Restoration,STATE_TRANSITION,C3,C3|C5,C3|C5,DISCOVERY|ACQUISITION|SYNERGY|COMPLETION_LEGACY,UNRESOLVED,UNRESOLVED,UNRESOLVED,UNKNOWN,UNRESOLVED,UNRESOLVED,HEURISTIC_PROVISIONAL,CATEGORY_REVIEW_REQUIRED|ENTITY_MERGE_REQUIRED,NONE
NC-CL-R-000195,NC-CL-S-000065,docs/09_collection/ga2-collection-registry-v1.md#G2-S13,docs/09_collection/ga2-collection-registry-v1.md,396,GA2,"First Ship Hull, Module and Systems Targets",G2-S13,Point-Defense Restoration,LOSS_OBLIGATION,C3,C3|C5,C3|C5,DISCOVERY|ACQUISITION|SYNERGY|COMPLETION_LEGACY,UNRESOLVED,UNRESOLVED,UNRESOLVED,UNKNOWN,UNRESOLVED,UNRESOLVED,HEURISTIC_PROVISIONAL,CATEGORY_REVIEW_REQUIRED|ENTITY_MERGE_REQUIRED,NONE
NC-CL-R-000196,NC-CL-S-000066,docs/09_collection/ga2-collection-registry-v1.md#G2-S14,docs/09_collection/ga2-collection-registry-v1.md,413,GA2,"First Ship Hull, Module and Systems Targets",G2-S14,Crew Drum/Bunks/Habitation Repair,STATE_TRANSITION,C1,C1|C3|C5|C6,C1|C3|C5|C6,SYNERGY|COMPLETION_LEGACY,UNRESOLVED,UNRESOLVED,UNRESOLVED,UNKNOWN,UNRESOLVED,UNRESOLVED,HEURISTIC_PROVISIONAL,CATEGORY_REVIEW_REQUIRED|ENTITY_MERGE_REQUIRED,NONE
NC-CL-R-000197,NC-CL-S-000066,docs/09_collection/ga2-collection-registry-v1.md#G2-S14,docs/09_collection/ga2-collection-registry-v1.md,413,GA2,"First Ship Hull, Module and Systems Targets",G2-S14,Crew Drum/Bunks/Habitation Repair,LOSS_OBLIGATION,C1,C1|C3|C5|C6,C1|C3|C5|C6,SYNERGY|COMPLETION_LEGACY,UNRESOLVED,UNRESOLVED,UNRESOLVED,UNKNOWN,UNRESOLVED,UNRESOLVED,HEURISTIC_PROVISIONAL,CATEGORY_REVIEW_REQUIRED|ENTITY_MERGE_REQUIRED,NONE
NC-CL-R-000198,NC-CL-S-000067,docs/09_collection/ga2-collection-registry-v1.md#G2-G01,docs/09_collection/ga2-collection-registry-v1.md,434,GA2,"Ghost Ship, AUXILIA and Provenance Targets",G2-G01,NR72-061 Duplicate Transponder,STATE_TRANSITION,C5,C5,C5,DISCOVERY|ACQUISITION|SYNERGY|COMPLETION_LEGACY,UNRESOLVED,UNRESOLVED,UNRESOLVED,UNKNOWN,UNRESOLVED,UNRESOLVED,HEURISTIC_PROVISIONAL,CATEGORY_REVIEW_REQUIRED|ENTITY_MERGE_REQUIRED,NONE
NC-CL-R-000199,NC-CL-S-000067,docs/09_collection/ga2-collection-registry-v1.md#G2-G01,docs/09_collection/ga2-collection-registry-v1.md,434,GA2,"Ghost Ship, AUXILIA and Provenance Targets",G2-G01,NR72-061 Duplicate Transponder,LOSS_OBLIGATION,C5,C5,C5,DISCOVERY|ACQUISITION|SYNERGY|COMPLETION_LEGACY,UNRESOLVED,UNRESOLVED,UNRESOLVED,UNKNOWN,UNRESOLVED,UNRESOLVED,HEURISTIC_PROVISIONAL,CATEGORY_REVIEW_REQUIRED|ENTITY_MERGE_REQUIRED,NONE
NC-CL-R-000200,NC-CL-S-000068,docs/09_collection/ga2-collection-registry-v1.md#G2-G02,docs/09_collection/ga2-collection-registry-v1.md,454,GA2,"Ghost Ship, AUXILIA and Provenance Targets",G2-G02,061 Crew/Wage/Rescue Ledger,ENTITY,C1,C1,C1|C5,ACQUISITION|SYNERGY|COMPLETION_LEGACY,UNRESOLVED,UNRESOLVED,UNRESOLVED,UNKNOWN,UNRESOLVED,UNRESOLVED,HEURISTIC_PROVISIONAL,CATEGORY_REVIEW_REQUIRED|ENTITY_MERGE_REQUIRED,NONE
NC-CL-R-000201,NC-CL-S-000068,docs/09_collection/ga2-collection-registry-v1.md#G2-G02,docs/09_collection/ga2-collection-registry-v1.md,454,GA2,"Ghost Ship, AUXILIA and Provenance Targets",G2-G02,061 Crew/Wage/Rescue Ledger,RELATIONSHIP,C1,C1|C5,C1|C5,ACQUISITION|SYNERGY|COMPLETION_LEGACY,UNRESOLVED,UNRESOLVED,UNRESOLVED,UNKNOWN,UNRESOLVED,UNRESOLVED,HEURISTIC_PROVISIONAL,CATEGORY_REVIEW_REQUIRED|ENTITY_MERGE_REQUIRED,NONE
NC-CL-R-000202,NC-CL-S-000068,docs/09_collection/ga2-collection-registry-v1.md#G2-G02,docs/09_collection/ga2-collection-registry-v1.md,454,GA2,"Ghost Ship, AUXILIA and Provenance Targets",G2-G02,061 Crew/Wage/Rescue Ledger,STATE_TRANSITION,C1,C1|C5,C1|C5,ACQUISITION|SYNERGY|COMPLETION_LEGACY,UNRESOLVED,UNRESOLVED,UNRESOLVED,UNKNOWN,UNRESOLVED,UNRESOLVED,HEURISTIC_PROVISIONAL,CATEGORY_REVIEW_REQUIRED|ENTITY_MERGE_REQUIRED,NONE
NC-CL-R-000203,NC-CL-S-000068,docs/09_collection/ga2-collection-registry-v1.md#G2-G02,docs/09_collection/ga2-collection-registry-v1.md,454,GA2,"Ghost Ship, AUXILIA and Provenance Targets",G2-G02,061 Crew/Wage/Rescue Ledger,LOSS_OBLIGATION,C1,C1|C5,C1|C5,ACQUISITION|SYNERGY|COMPLETION_LEGACY,UNRESOLVED,UNRESOLVED,UNRESOLVED,UNKNOWN,UNRESOLVED,UNRESOLVED,HEURISTIC_PROVISIONAL,CATEGORY_REVIEW_REQUIRED|ENTITY_MERGE_REQUIRED,NONE
NC-CL-R-000204,NC-CL-S-000069,docs/09_collection/ga2-collection-registry-v1.md#G2-G03,docs/09_collection/ga2-collection-registry-v1.md,468,GA2,"Ghost Ship, AUXILIA and Provenance Targets",G2-G03,Genuine Service Collar Core,STATE_TRANSITION,C5,C5,C5,ACQUISITION|SYNERGY|COMPLETION_LEGACY,UNRESOLVED,UNRESOLVED,UNRESOLVED,UNKNOWN,UNRESOLVED,UNRESOLVED,HEURISTIC_PROVISIONAL,CATEGORY_REVIEW_REQUIRED|ENTITY_MERGE_REQUIRED,NONE
NC-CL-R-000205,NC-CL-S-000069,docs/09_collection/ga2-collection-registry-v1.md#G2-G03,docs/09_collection/ga2-collection-registry-v1.md,468,GA2,"Ghost Ship, AUXILIA and Provenance Targets",G2-G03,Genuine Service Collar Core,LOSS_OBLIGATION,C5,C5,C5,ACQUISITION|SYNERGY|COMPLETION_LEGACY,UNRESOLVED,UNRESOLVED,UNRESOLVED,UNKNOWN,UNRESOLVED,UNRESOLVED,HEURISTIC_PROVISIONAL,CATEGORY_REVIEW_REQUIRED|ENTITY_MERGE_REQUIRED,NONE
NC-CL-R-000206,NC-CL-S-000070,docs/09_collection/ga2-collection-registry-v1.md#G2-G04,docs/09_collection/ga2-collection-registry-v1.md,482,GA2,"Ghost Ship, AUXILIA and Provenance Targets",G2-G04,Forged/Reconstructed Legacy Controller,STATE_TRANSITION,C5,C5,C5,DISCOVERY|SYNERGY|COMPLETION_LEGACY,UNRESOLVED,UNRESOLVED,UNRESOLVED,UNKNOWN,UNRESOLVED,UNRESOLVED,HEURISTIC_PROVISIONAL,CATEGORY_REVIEW_REQUIRED|ENTITY_MERGE_REQUIRED,NONE
NC-CL-R-000207,NC-CL-S-000071,docs/09_collection/ga2-collection-registry-v1.md#G2-G05,docs/09_collection/ga2-collection-registry-v1.md,496,GA2,"Ghost Ship, AUXILIA and Provenance Targets",G2-G05,Service Authority D / Relay Maintenance Authority,ENTITY,C5,C5|C7,C5|C7,DISCOVERY|ACQUISITION|SYNERGY|COMPLETION_LEGACY,UNRESOLVED,UNRESOLVED,UNRESOLVED,UNKNOWN,UNRESOLVED,UNRESOLVED,HEURISTIC_PROVISIONAL,CATEGORY_REVIEW_REQUIRED|ENTITY_MERGE_REQUIRED,NONE
NC-CL-R-000208,NC-CL-S-000071,docs/09_collection/ga2-collection-registry-v1.md#G2-G05,docs/09_collection/ga2-collection-registry-v1.md,496,GA2,"Ghost Ship, AUXILIA and Provenance Targets",G2-G05,Service Authority D / Relay Maintenance Authority,CONTROL_CLAIM,C5,C5|C7,C5|C7,DISCOVERY|ACQUISITION|SYNERGY|COMPLETION_LEGACY,UNRESOLVED,UNRESOLVED,UNRESOLVED,UNKNOWN,UNRESOLVED,UNRESOLVED,HEURISTIC_PROVISIONAL,CATEGORY_REVIEW_REQUIRED|ENTITY_MERGE_REQUIRED,NONE
NC-CL-R-000209,NC-CL-S-000071,docs/09_collection/ga2-collection-registry-v1.md#G2-G05,docs/09_collection/ga2-collection-registry-v1.md,496,GA2,"Ghost Ship, AUXILIA and Provenance Targets",G2-G05,Service Authority D / Relay Maintenance Authority,STATE_TRANSITION,C5,C5|C7,C5|C7,DISCOVERY|ACQUISITION|SYNERGY|COMPLETION_LEGACY,UNRESOLVED,UNRESOLVED,UNRESOLVED,UNKNOWN,UNRESOLVED,UNRESOLVED,HEURISTIC_PROVISIONAL,CATEGORY_REVIEW_REQUIRED|ENTITY_MERGE_REQUIRED,NONE
NC-CL-R-000210,NC-CL-S-000071,docs/09_collection/ga2-collection-registry-v1.md#G2-G05,docs/09_collection/ga2-collection-registry-v1.md,496,GA2,"Ghost Ship, AUXILIA and Provenance Targets",G2-G05,Service Authority D / Relay Maintenance Authority,LOSS_OBLIGATION,C5,C5|C7,C5|C7,DISCOVERY|ACQUISITION|SYNERGY|COMPLETION_LEGACY,UNRESOLVED,UNRESOLVED,UNRESOLVED,UNKNOWN,UNRESOLVED,UNRESOLVED,HEURISTIC_PROVISIONAL,CATEGORY_REVIEW_REQUIRED|ENTITY_MERGE_REQUIRED,NONE
NC-CL-R-000211,NC-CL-S-000072,docs/09_collection/ga2-collection-registry-v1.md#G2-G06,docs/09_collection/ga2-collection-registry-v1.md,513,GA2,"Ghost Ship, AUXILIA and Provenance Targets",G2-G06,Open-Service Lineage Map,STATE_TRANSITION,C5,C5,C5,SYNERGY|COMPLETION_LEGACY,UNRESOLVED,UNRESOLVED,UNRESOLVED,UNKNOWN,UNRESOLVED,UNRESOLVED,HEURISTIC_PROVISIONAL,CATEGORY_REVIEW_REQUIRED|ENTITY_MERGE_REQUIRED,NONE
NC-CL-R-000212,NC-CL-S-000072,docs/09_collection/ga2-collection-registry-v1.md#G2-G06,docs/09_collection/ga2-collection-registry-v1.md,513,GA2,"Ghost Ship, AUXILIA and Provenance Targets",G2-G06,Open-Service Lineage Map,LOSS_OBLIGATION,C5,C5,C5,SYNERGY|COMPLETION_LEGACY,UNRESOLVED,UNRESOLVED,UNRESOLVED,UNKNOWN,UNRESOLVED,UNRESOLVED,HEURISTIC_PROVISIONAL,CATEGORY_REVIEW_REQUIRED|ENTITY_MERGE_REQUIRED,NONE
NC-CL-R-000213,NC-CL-S-000072,docs/09_collection/ga2-collection-registry-v1.md#G2-G06,docs/09_collection/ga2-collection-registry-v1.md,513,GA2,"Ghost Ship, AUXILIA and Provenance Targets",G2-G06,Open-Service Lineage Map,SET,C5,C5,C5,SYNERGY|COMPLETION_LEGACY,UNRESOLVED,UNRESOLVED,UNRESOLVED,UNKNOWN,UNRESOLVED,UNRESOLVED,HEURISTIC_PROVISIONAL,CATEGORY_REVIEW_REQUIRED|ENTITY_MERGE_REQUIRED,NONE
NC-CL-R-000214,NC-CL-S-000073,docs/09_collection/ga2-collection-registry-v1.md#G2-R01,docs/09_collection/ga2-collection-registry-v1.md,531,GA2,"Community, Route, Legal and Standard Targets",G2-R01,Minimum Transit Certificate,RELATIONSHIP,C7,C7|C6|C8,C6|C7|C8,SYNERGY|COMPLETION_LEGACY,UNRESOLVED,UNRESOLVED,UNRESOLVED,UNKNOWN,UNRESOLVED,UNRESOLVED,HEURISTIC_PROVISIONAL,CATEGORY_REVIEW_REQUIRED|ENTITY_MERGE_REQUIRED,NONE
NC-CL-R-000215,NC-CL-S-000073,docs/09_collection/ga2-collection-registry-v1.md#G2-R01,docs/09_collection/ga2-collection-registry-v1.md,531,GA2,"Community, Route, Legal and Standard Targets",G2-R01,Minimum Transit Certificate,CONTROL_CLAIM,C6,C6|C7|C8,C6|C7|C8,SYNERGY|COMPLETION_LEGACY,UNRESOLVED,UNRESOLVED,UNRESOLVED,UNKNOWN,UNRESOLVED,UNRESOLVED,HEURISTIC_PROVISIONAL,CATEGORY_REVIEW_REQUIRED|ENTITY_MERGE_REQUIRED,NONE
NC-CL-R-000216,NC-CL-S-000073,docs/09_collection/ga2-collection-registry-v1.md#G2-R01,docs/09_collection/ga2-collection-registry-v1.md,531,GA2,"Community, Route, Legal and Standard Targets",G2-R01,Minimum Transit Certificate,STATE_TRANSITION,C6,C6|C7|C8,C6|C7|C8,SYNERGY|COMPLETION_LEGACY,UNRESOLVED,UNRESOLVED,UNRESOLVED,UNKNOWN,UNRESOLVED,UNRESOLVED,HEURISTIC_PROVISIONAL,CATEGORY_REVIEW_REQUIRED|ENTITY_MERGE_REQUIRED,NONE
NC-CL-R-000217,NC-CL-S-000073,docs/09_collection/ga2-collection-registry-v1.md#G2-R01,docs/09_collection/ga2-collection-registry-v1.md,531,GA2,"Community, Route, Legal and Standard Targets",G2-R01,Minimum Transit Certificate,LOSS_OBLIGATION,C6,C6|C7|C8,C6|C7|C8,SYNERGY|COMPLETION_LEGACY,UNRESOLVED,UNRESOLVED,UNRESOLVED,UNKNOWN,UNRESOLVED,UNRESOLVED,HEURISTIC_PROVISIONAL,CATEGORY_REVIEW_REQUIRED|ENTITY_MERGE_REQUIRED,NONE
NC-CL-R-000218,NC-CL-S-000074,docs/09_collection/ga2-collection-registry-v1.md#G2-R02,docs/09_collection/ga2-collection-registry-v1.md,545,GA2,"Community, Route, Legal and Standard Targets",G2-R02,First Mission/Revenue Contract,RELATIONSHIP,C7,C7|C6|C8,C6|C7|C8,SYNERGY|COMPLETION_LEGACY,UNRESOLVED,UNRESOLVED,UNRESOLVED,UNKNOWN,UNRESOLVED,UNRESOLVED,HEURISTIC_PROVISIONAL,CATEGORY_REVIEW_REQUIRED|ENTITY_MERGE_REQUIRED,NONE
NC-CL-R-000219,NC-CL-S-000074,docs/09_collection/ga2-collection-registry-v1.md#G2-R02,docs/09_collection/ga2-collection-registry-v1.md,545,GA2,"Community, Route, Legal and Standard Targets",G2-R02,First Mission/Revenue Contract,CONTROL_CLAIM,C6,C6|C7|C8,C6|C7|C8,SYNERGY|COMPLETION_LEGACY,UNRESOLVED,UNRESOLVED,UNRESOLVED,UNKNOWN,UNRESOLVED,UNRESOLVED,HEURISTIC_PROVISIONAL,CATEGORY_REVIEW_REQUIRED|ENTITY_MERGE_REQUIRED,NONE
NC-CL-R-000220,NC-CL-S-000074,docs/09_collection/ga2-collection-registry-v1.md#G2-R02,docs/09_collection/ga2-collection-registry-v1.md,545,GA2,"Community, Route, Legal and Standard Targets",G2-R02,First Mission/Revenue Contract,STATE_TRANSITION,C6,C6|C7|C8,C6|C7|C8,SYNERGY|COMPLETION_LEGACY,UNRESOLVED,UNRESOLVED,UNRESOLVED,UNKNOWN,UNRESOLVED,UNRESOLVED,HEURISTIC_PROVISIONAL,CATEGORY_REVIEW_REQUIRED|ENTITY_MERGE_REQUIRED,NONE
NC-CL-R-000221,NC-CL-S-000074,docs/09_collection/ga2-collection-registry-v1.md#G2-R02,docs/09_collection/ga2-collection-registry-v1.md,545,GA2,"Community, Route, Legal and Standard Targets",G2-R02,First Mission/Revenue Contract,LOSS_OBLIGATION,C6,C6|C7|C8,C6|C7|C8,SYNERGY|COMPLETION_LEGACY,UNRESOLVED,UNRESOLVED,UNRESOLVED,UNKNOWN,UNRESOLVED,UNRESOLVED,HEURISTIC_PROVISIONAL,CATEGORY_REVIEW_REQUIRED|ENTITY_MERGE_REQUIRED,NONE
NC-CL-R-000222,NC-CL-S-000075,docs/09_collection/ga2-collection-registry-v1.md#G2-R03,docs/09_collection/ga2-collection-registry-v1.md,559,GA2,"Community, Route, Legal and Standard Targets",G2-R03,Ghost Salvage Joint-Claim Agreement,RELATIONSHIP,C7,C7,C7,ACQUISITION|SYNERGY|COMPLETION_LEGACY,UNRESOLVED,UNRESOLVED,UNRESOLVED,UNKNOWN,UNRESOLVED,UNRESOLVED,HEURISTIC_PROVISIONAL,CATEGORY_REVIEW_REQUIRED|ENTITY_MERGE_REQUIRED,NONE
NC-CL-R-000223,NC-CL-S-000075,docs/09_collection/ga2-collection-registry-v1.md#G2-R03,docs/09_collection/ga2-collection-registry-v1.md,559,GA2,"Community, Route, Legal and Standard Targets",G2-R03,Ghost Salvage Joint-Claim Agreement,CONTROL_CLAIM,C7,C7,C7,ACQUISITION|SYNERGY|COMPLETION_LEGACY,UNRESOLVED,UNRESOLVED,UNRESOLVED,UNKNOWN,UNRESOLVED,UNRESOLVED,HEURISTIC_PROVISIONAL,CATEGORY_REVIEW_REQUIRED|ENTITY_MERGE_REQUIRED,NONE
NC-CL-R-000224,NC-CL-S-000075,docs/09_collection/ga2-collection-registry-v1.md#G2-R03,docs/09_collection/ga2-collection-registry-v1.md,559,GA2,"Community, Route, Legal and Standard Targets",G2-R03,Ghost Salvage Joint-Claim Agreement,STATE_TRANSITION,C7,C7,C7,ACQUISITION|SYNERGY|COMPLETION_LEGACY,UNRESOLVED,UNRESOLVED,UNRESOLVED,UNKNOWN,UNRESOLVED,UNRESOLVED,HEURISTIC_PROVISIONAL,CATEGORY_REVIEW_REQUIRED|ENTITY_MERGE_REQUIRED,NONE
NC-CL-R-000225,NC-CL-S-000075,docs/09_collection/ga2-collection-registry-v1.md#G2-R03,docs/09_collection/ga2-collection-registry-v1.md,559,GA2,"Community, Route, Legal and Standard Targets",G2-R03,Ghost Salvage Joint-Claim Agreement,LOSS_OBLIGATION,C7,C7,C7,ACQUISITION|SYNERGY|COMPLETION_LEGACY,UNRESOLVED,UNRESOLVED,UNRESOLVED,UNKNOWN,UNRESOLVED,UNRESOLVED,HEURISTIC_PROVISIONAL,CATEGORY_REVIEW_REQUIRED|ENTITY_MERGE_REQUIRED,NONE
NC-CL-R-000226,NC-CL-S-000076,docs/09_collection/ga2-collection-registry-v1.md#G2-R04,docs/09_collection/ga2-collection-registry-v1.md,573,GA2,"Community, Route, Legal and Standard Targets",G2-R04,Community Split Manifest and Consent Record,ENTITY,C8,C8,C8,SYNERGY|COMPLETION_LEGACY,UNRESOLVED,UNRESOLVED,UNRESOLVED,UNKNOWN,UNRESOLVED,UNRESOLVED,HEURISTIC_PROVISIONAL,CATEGORY_REVIEW_REQUIRED|ENTITY_MERGE_REQUIRED,NONE
NC-CL-R-000227,NC-CL-S-000076,docs/09_collection/ga2-collection-registry-v1.md#G2-R04,docs/09_collection/ga2-collection-registry-v1.md,573,GA2,"Community, Route, Legal and Standard Targets",G2-R04,Community Split Manifest and Consent Record,RELATIONSHIP,C8,C8,C8,SYNERGY|COMPLETION_LEGACY,UNRESOLVED,UNRESOLVED,UNRESOLVED,UNKNOWN,UNRESOLVED,UNRESOLVED,HEURISTIC_PROVISIONAL,CATEGORY_REVIEW_REQUIRED|ENTITY_MERGE_REQUIRED,NONE
NC-CL-R-000228,NC-CL-S-000076,docs/09_collection/ga2-collection-registry-v1.md#G2-R04,docs/09_collection/ga2-collection-registry-v1.md,573,GA2,"Community, Route, Legal and Standard Targets",G2-R04,Community Split Manifest and Consent Record,CONTROL_CLAIM,C8,C8,C8,SYNERGY|COMPLETION_LEGACY,UNRESOLVED,UNRESOLVED,UNRESOLVED,UNKNOWN,UNRESOLVED,UNRESOLVED,HEURISTIC_PROVISIONAL,CATEGORY_REVIEW_REQUIRED|ENTITY_MERGE_REQUIRED,NONE
NC-CL-R-000229,NC-CL-S-000076,docs/09_collection/ga2-collection-registry-v1.md#G2-R04,docs/09_collection/ga2-collection-registry-v1.md,573,GA2,"Community, Route, Legal and Standard Targets",G2-R04,Community Split Manifest and Consent Record,STATE_TRANSITION,C8,C8,C8,SYNERGY|COMPLETION_LEGACY,UNRESOLVED,UNRESOLVED,UNRESOLVED,UNKNOWN,UNRESOLVED,UNRESOLVED,HEURISTIC_PROVISIONAL,CATEGORY_REVIEW_REQUIRED|ENTITY_MERGE_REQUIRED,NONE
NC-CL-R-000230,NC-CL-S-000076,docs/09_collection/ga2-collection-registry-v1.md#G2-R04,docs/09_collection/ga2-collection-registry-v1.md,573,GA2,"Community, Route, Legal and Standard Targets",G2-R04,Community Split Manifest and Consent Record,LOSS_OBLIGATION,C8,C8,C8,SYNERGY|COMPLETION_LEGACY,UNRESOLVED,UNRESOLVED,UNRESOLVED,UNKNOWN,UNRESOLVED,UNRESOLVED,HEURISTIC_PROVISIONAL,CATEGORY_REVIEW_REQUIRED|ENTITY_MERGE_REQUIRED,NONE
NC-CL-R-000231,NC-CL-S-000077,docs/09_collection/ga2-collection-registry-v1.md#G2-R05,docs/09_collection/ga2-collection-registry-v1.md,587,GA2,"Community, Route, Legal and Standard Targets",G2-R05,Route-Federation Minimum Obligations,ENTITY,C7,C7|C8,C7|C8,SYNERGY|COMPLETION_LEGACY,UNRESOLVED,UNRESOLVED,UNRESOLVED,UNKNOWN,UNRESOLVED,UNRESOLVED,HEURISTIC_PROVISIONAL,CATEGORY_REVIEW_REQUIRED|ENTITY_MERGE_REQUIRED,NONE
NC-CL-R-000232,NC-CL-S-000077,docs/09_collection/ga2-collection-registry-v1.md#G2-R05,docs/09_collection/ga2-collection-registry-v1.md,587,GA2,"Community, Route, Legal and Standard Targets",G2-R05,Route-Federation Minimum Obligations,RELATIONSHIP,C7,C7|C8,C7|C8,SYNERGY|COMPLETION_LEGACY,UNRESOLVED,UNRESOLVED,UNRESOLVED,UNKNOWN,UNRESOLVED,UNRESOLVED,HEURISTIC_PROVISIONAL,CATEGORY_REVIEW_REQUIRED|ENTITY_MERGE_REQUIRED,NONE
NC-CL-R-000233,NC-CL-S-000077,docs/09_collection/ga2-collection-registry-v1.md#G2-R05,docs/09_collection/ga2-collection-registry-v1.md,587,GA2,"Community, Route, Legal and Standard Targets",G2-R05,Route-Federation Minimum Obligations,CONTROL_CLAIM,C7,C7|C8,C7|C8,SYNERGY|COMPLETION_LEGACY,UNRESOLVED,UNRESOLVED,UNRESOLVED,UNKNOWN,UNRESOLVED,UNRESOLVED,HEURISTIC_PROVISIONAL,CATEGORY_REVIEW_REQUIRED|ENTITY_MERGE_REQUIRED,NONE
NC-CL-R-000234,NC-CL-S-000077,docs/09_collection/ga2-collection-registry-v1.md#G2-R05,docs/09_collection/ga2-collection-registry-v1.md,587,GA2,"Community, Route, Legal and Standard Targets",G2-R05,Route-Federation Minimum Obligations,STATE_TRANSITION,C7,C7|C8,C7|C8,SYNERGY|COMPLETION_LEGACY,UNRESOLVED,UNRESOLVED,UNRESOLVED,UNKNOWN,UNRESOLVED,UNRESOLVED,HEURISTIC_PROVISIONAL,CATEGORY_REVIEW_REQUIRED|ENTITY_MERGE_REQUIRED,NONE
NC-CL-R-000235,NC-CL-S-000077,docs/09_collection/ga2-collection-registry-v1.md#G2-R05,docs/09_collection/ga2-collection-registry-v1.md,587,GA2,"Community, Route, Legal and Standard Targets",G2-R05,Route-Federation Minimum Obligations,LOSS_OBLIGATION,C7,C7|C8,C7|C8,SYNERGY|COMPLETION_LEGACY,UNRESOLVED,UNRESOLVED,UNRESOLVED,UNKNOWN,UNRESOLVED,UNRESOLVED,HEURISTIC_PROVISIONAL,CATEGORY_REVIEW_REQUIRED|ENTITY_MERGE_REQUIRED,NONE
NC-CL-R-000236,NC-CL-S-000078,docs/09_collection/ga2-collection-registry-v1.md#G2-R06,docs/09_collection/ga2-collection-registry-v1.md,601,GA2,"Community, Route, Legal and Standard Targets",G2-R06,Emergency Open-Service Specification v0.1,ENTITY,C6,C6,C6|C7|C8,SYNERGY|COMPLETION_LEGACY,UNRESOLVED,UNRESOLVED,UNRESOLVED,UNKNOWN,UNRESOLVED,UNRESOLVED,HEURISTIC_PROVISIONAL,CATEGORY_REVIEW_REQUIRED|ENTITY_MERGE_REQUIRED,NONE
NC-CL-R-000237,NC-CL-S-000078,docs/09_collection/ga2-collection-registry-v1.md#G2-R06,docs/09_collection/ga2-collection-registry-v1.md,601,GA2,"Community, Route, Legal and Standard Targets",G2-R06,Emergency Open-Service Specification v0.1,RELATIONSHIP,C7,C7|C6|C8,C6|C7|C8,SYNERGY|COMPLETION_LEGACY,UNRESOLVED,UNRESOLVED,UNRESOLVED,UNKNOWN,UNRESOLVED,UNRESOLVED,HEURISTIC_PROVISIONAL,CATEGORY_REVIEW_REQUIRED|ENTITY_MERGE_REQUIRED,NONE
NC-CL-R-000238,NC-CL-S-000078,docs/09_collection/ga2-collection-registry-v1.md#G2-R06,docs/09_collection/ga2-collection-registry-v1.md,601,GA2,"Community, Route, Legal and Standard Targets",G2-R06,Emergency Open-Service Specification v0.1,CONTROL_CLAIM,C6,C6|C7|C8,C6|C7|C8,SYNERGY|COMPLETION_LEGACY,UNRESOLVED,UNRESOLVED,UNRESOLVED,UNKNOWN,UNRESOLVED,UNRESOLVED,HEURISTIC_PROVISIONAL,CATEGORY_REVIEW_REQUIRED|ENTITY_MERGE_REQUIRED,NONE
NC-CL-R-000239,NC-CL-S-000078,docs/09_collection/ga2-collection-registry-v1.md#G2-R06,docs/09_collection/ga2-collection-registry-v1.md,601,GA2,"Community, Route, Legal and Standard Targets",G2-R06,Emergency Open-Service Specification v0.1,STATE_TRANSITION,C6,C6|C7|C8,C6|C7|C8,SYNERGY|COMPLETION_LEGACY,UNRESOLVED,UNRESOLVED,UNRESOLVED,UNKNOWN,UNRESOLVED,UNRESOLVED,HEURISTIC_PROVISIONAL,CATEGORY_REVIEW_REQUIRED|ENTITY_MERGE_REQUIRED,NONE
NC-CL-R-000240,NC-CL-S-000078,docs/09_collection/ga2-collection-registry-v1.md#G2-R06,docs/09_collection/ga2-collection-registry-v1.md,601,GA2,"Community, Route, Legal and Standard Targets",G2-R06,Emergency Open-Service Specification v0.1,LOSS_OBLIGATION,C6,C6|C7|C8,C6|C7|C8,SYNERGY|COMPLETION_LEGACY,UNRESOLVED,UNRESOLVED,UNRESOLVED,UNKNOWN,UNRESOLVED,UNRESOLVED,HEURISTIC_PROVISIONAL,CATEGORY_REVIEW_REQUIRED|ENTITY_MERGE_REQUIRED,NONE
NC-CL-R-000241,NC-CL-S-000079,docs/09_collection/ga2-collection-registry-v1.md#G2-R07,docs/09_collection/ga2-collection-registry-v1.md,623,GA2,"Community, Route, Legal and Standard Targets",G2-R07,Multi-Certifier Standards Council,ENTITY,C7,C7,C7,SYNERGY|COMPLETION_LEGACY,UNRESOLVED,UNRESOLVED,UNRESOLVED,UNKNOWN,UNRESOLVED,UNRESOLVED,HEURISTIC_PROVISIONAL,CATEGORY_REVIEW_REQUIRED|ENTITY_MERGE_REQUIRED,NONE
NC-CL-R-000242,NC-CL-S-000079,docs/09_collection/ga2-collection-registry-v1.md#G2-R07,docs/09_collection/ga2-collection-registry-v1.md,623,GA2,"Community, Route, Legal and Standard Targets",G2-R07,Multi-Certifier Standards Council,RELATIONSHIP,C7,C7,C7,SYNERGY|COMPLETION_LEGACY,UNRESOLVED,UNRESOLVED,UNRESOLVED,UNKNOWN,UNRESOLVED,UNRESOLVED,HEURISTIC_PROVISIONAL,CATEGORY_REVIEW_REQUIRED|ENTITY_MERGE_REQUIRED,NONE
NC-CL-R-000243,NC-CL-S-000079,docs/09_collection/ga2-collection-registry-v1.md#G2-R07,docs/09_collection/ga2-collection-registry-v1.md,623,GA2,"Community, Route, Legal and Standard Targets",G2-R07,Multi-Certifier Standards Council,CONTROL_CLAIM,C7,C7,C7,SYNERGY|COMPLETION_LEGACY,UNRESOLVED,UNRESOLVED,UNRESOLVED,UNKNOWN,UNRESOLVED,UNRESOLVED,HEURISTIC_PROVISIONAL,CATEGORY_REVIEW_REQUIRED|ENTITY_MERGE_REQUIRED,NONE
NC-CL-R-000244,NC-CL-S-000079,docs/09_collection/ga2-collection-registry-v1.md#G2-R07,docs/09_collection/ga2-collection-registry-v1.md,623,GA2,"Community, Route, Legal and Standard Targets",G2-R07,Multi-Certifier Standards Council,STATE_TRANSITION,C7,C7,C7,SYNERGY|COMPLETION_LEGACY,UNRESOLVED,UNRESOLVED,UNRESOLVED,UNKNOWN,UNRESOLVED,UNRESOLVED,HEURISTIC_PROVISIONAL,CATEGORY_REVIEW_REQUIRED|ENTITY_MERGE_REQUIRED,NONE
NC-CL-R-000245,NC-CL-S-000079,docs/09_collection/ga2-collection-registry-v1.md#G2-R07,docs/09_collection/ga2-collection-registry-v1.md,623,GA2,"Community, Route, Legal and Standard Targets",G2-R07,Multi-Certifier Standards Council,LOSS_OBLIGATION,C7,C7,C7,SYNERGY|COMPLETION_LEGACY,UNRESOLVED,UNRESOLVED,UNRESOLVED,UNKNOWN,UNRESOLVED,UNRESOLVED,HEURISTIC_PROVISIONAL,CATEGORY_REVIEW_REQUIRED|ENTITY_MERGE_REQUIRED,NONE
NC-CL-R-000246,NC-CL-S-000080,docs/09_collection/ga2-collection-registry-v1.md#G2-R08,docs/09_collection/ga2-collection-registry-v1.md,640,GA2,"Community, Route, Legal and Standard Targets",G2-R08,Silex Limited Access and Repair Trust,RELATIONSHIP,C6,C6|C8,C6|C8,ACQUISITION|SYNERGY|COMPLETION_LEGACY,UNRESOLVED,UNRESOLVED,UNRESOLVED,UNKNOWN,UNRESOLVED,UNRESOLVED,HEURISTIC_PROVISIONAL,CATEGORY_REVIEW_REQUIRED|ENTITY_MERGE_REQUIRED,NONE
NC-CL-R-000247,NC-CL-S-000080,docs/09_collection/ga2-collection-registry-v1.md#G2-R08,docs/09_collection/ga2-collection-registry-v1.md,640,GA2,"Community, Route, Legal and Standard Targets",G2-R08,Silex Limited Access and Repair Trust,CONTROL_CLAIM,C6,C6|C8,C6|C8,ACQUISITION|SYNERGY|COMPLETION_LEGACY,UNRESOLVED,UNRESOLVED,UNRESOLVED,UNKNOWN,UNRESOLVED,UNRESOLVED,HEURISTIC_PROVISIONAL,CATEGORY_REVIEW_REQUIRED|ENTITY_MERGE_REQUIRED,NONE
NC-CL-R-000248,NC-CL-S-000080,docs/09_collection/ga2-collection-registry-v1.md#G2-R08,docs/09_collection/ga2-collection-registry-v1.md,640,GA2,"Community, Route, Legal and Standard Targets",G2-R08,Silex Limited Access and Repair Trust,STATE_TRANSITION,C6,C6|C8,C6|C8,ACQUISITION|SYNERGY|COMPLETION_LEGACY,UNRESOLVED,UNRESOLVED,UNRESOLVED,UNKNOWN,UNRESOLVED,UNRESOLVED,HEURISTIC_PROVISIONAL,CATEGORY_REVIEW_REQUIRED|ENTITY_MERGE_REQUIRED,NONE
NC-CL-R-000249,NC-CL-S-000080,docs/09_collection/ga2-collection-registry-v1.md#G2-R08,docs/09_collection/ga2-collection-registry-v1.md,640,GA2,"Community, Route, Legal and Standard Targets",G2-R08,Silex Limited Access and Repair Trust,LOSS_OBLIGATION,C6,C6|C8,C6|C8,ACQUISITION|SYNERGY|COMPLETION_LEGACY,UNRESOLVED,UNRESOLVED,UNRESOLVED,UNKNOWN,UNRESOLVED,UNRESOLVED,HEURISTIC_PROVISIONAL,CATEGORY_REVIEW_REQUIRED|ENTITY_MERGE_REQUIRED,NONE
NC-CL-R-000250,NC-CL-S-000081,docs/09_collection/ga2-collection-registry-v1.md#G2-R09,docs/09_collection/ga2-collection-registry-v1.md,654,GA2,"Community, Route, Legal and Standard Targets",G2-R09,Ardis Service/Defense Invitation,RELATIONSHIP,C7,C7|C6|C8,C6|C7|C8,SYNERGY|COMPLETION_LEGACY,UNRESOLVED,UNRESOLVED,UNRESOLVED,UNKNOWN,UNRESOLVED,UNRESOLVED,HEURISTIC_PROVISIONAL,CATEGORY_REVIEW_REQUIRED|ENTITY_MERGE_REQUIRED,NONE
NC-CL-R-000251,NC-CL-S-000081,docs/09_collection/ga2-collection-registry-v1.md#G2-R09,docs/09_collection/ga2-collection-registry-v1.md,654,GA2,"Community, Route, Legal and Standard Targets",G2-R09,Ardis Service/Defense Invitation,CONTROL_CLAIM,C6,C6|C7|C8,C6|C7|C8,SYNERGY|COMPLETION_LEGACY,UNRESOLVED,UNRESOLVED,UNRESOLVED,UNKNOWN,UNRESOLVED,UNRESOLVED,HEURISTIC_PROVISIONAL,CATEGORY_REVIEW_REQUIRED|ENTITY_MERGE_REQUIRED,NONE
NC-CL-R-000252,NC-CL-S-000081,docs/09_collection/ga2-collection-registry-v1.md#G2-R09,docs/09_collection/ga2-collection-registry-v1.md,654,GA2,"Community, Route, Legal and Standard Targets",G2-R09,Ardis Service/Defense Invitation,STATE_TRANSITION,C6,C6|C7|C8,C6|C7|C8,SYNERGY|COMPLETION_LEGACY,UNRESOLVED,UNRESOLVED,UNRESOLVED,UNKNOWN,UNRESOLVED,UNRESOLVED,HEURISTIC_PROVISIONAL,CATEGORY_REVIEW_REQUIRED|ENTITY_MERGE_REQUIRED,NONE
NC-CL-R-000253,NC-CL-S-000081,docs/09_collection/ga2-collection-registry-v1.md#G2-R09,docs/09_collection/ga2-collection-registry-v1.md,654,GA2,"Community, Route, Legal and Standard Targets",G2-R09,Ardis Service/Defense Invitation,LOSS_OBLIGATION,C6,C6|C7|C8,C6|C7|C8,SYNERGY|COMPLETION_LEGACY,UNRESOLVED,UNRESOLVED,UNRESOLVED,UNKNOWN,UNRESOLVED,UNRESOLVED,HEURISTIC_PROVISIONAL,CATEGORY_REVIEW_REQUIRED|ENTITY_MERGE_REQUIRED,NONE
NC-CL-R-000254,NC-CL-S-000082,docs/09_collection/ga2-collection-registry-v1.md#G2-R10,docs/09_collection/ga2-collection-registry-v1.md,668,GA2,"Community, Route, Legal and Standard Targets",G2-R10,Regional Embargo and Liability Dossier,RELATIONSHIP,C7,C7|C6|C8,C6|C7|C8,ACQUISITION|SYNERGY|COMPLETION_LEGACY,UNRESOLVED,UNRESOLVED,UNRESOLVED,UNKNOWN,UNRESOLVED,UNRESOLVED,HEURISTIC_PROVISIONAL,CATEGORY_REVIEW_REQUIRED|ENTITY_MERGE_REQUIRED,NONE
NC-CL-R-000255,NC-CL-S-000082,docs/09_collection/ga2-collection-registry-v1.md#G2-R10,docs/09_collection/ga2-collection-registry-v1.md,668,GA2,"Community, Route, Legal and Standard Targets",G2-R10,Regional Embargo and Liability Dossier,CONTROL_CLAIM,C6,C6|C7|C8,C6|C7|C8,ACQUISITION|SYNERGY|COMPLETION_LEGACY,UNRESOLVED,UNRESOLVED,UNRESOLVED,UNKNOWN,UNRESOLVED,UNRESOLVED,HEURISTIC_PROVISIONAL,CATEGORY_REVIEW_REQUIRED|ENTITY_MERGE_REQUIRED,NONE
NC-CL-R-000256,NC-CL-S-000082,docs/09_collection/ga2-collection-registry-v1.md#G2-R10,docs/09_collection/ga2-collection-registry-v1.md,668,GA2,"Community, Route, Legal and Standard Targets",G2-R10,Regional Embargo and Liability Dossier,STATE_TRANSITION,C6,C6|C7|C8,C6|C7|C8,ACQUISITION|SYNERGY|COMPLETION_LEGACY,UNRESOLVED,UNRESOLVED,UNRESOLVED,UNKNOWN,UNRESOLVED,UNRESOLVED,HEURISTIC_PROVISIONAL,CATEGORY_REVIEW_REQUIRED|ENTITY_MERGE_REQUIRED,NONE
NC-CL-R-000257,NC-CL-S-000082,docs/09_collection/ga2-collection-registry-v1.md#G2-R10,docs/09_collection/ga2-collection-registry-v1.md,668,GA2,"Community, Route, Legal and Standard Targets",G2-R10,Regional Embargo and Liability Dossier,LOSS_OBLIGATION,C6,C6|C7|C8,C6|C7|C8,ACQUISITION|SYNERGY|COMPLETION_LEGACY,UNRESOLVED,UNRESOLVED,UNRESOLVED,UNKNOWN,UNRESOLVED,UNRESOLVED,HEURISTIC_PROVISIONAL,CATEGORY_REVIEW_REQUIRED|ENTITY_MERGE_REQUIRED,NONE
NC-CL-R-000258,NC-CL-S-000083,docs/09_collection/ga2-collection-registry-v1.md#G2-I01,docs/09_collection/ga2-collection-registry-v1.md,689,GA2,Institutional/Symbolic Collection States,G2-I01,First Ship Crew and Mission Trust,ENTITY,C1,C1|C5,C1|C4|C5|C7,SYNERGY,UNRESOLVED,UNRESOLVED,UNRESOLVED,UNKNOWN,UNRESOLVED,UNRESOLVED,HEURISTIC_PROVISIONAL,CATEGORY_REVIEW_REQUIRED|ENTITY_MERGE_REQUIRED,NONE
NC-CL-R-000259,NC-CL-S-000083,docs/09_collection/ga2-collection-registry-v1.md#G2-I01,docs/09_collection/ga2-collection-registry-v1.md,689,GA2,Institutional/Symbolic Collection States,G2-I01,First Ship Crew and Mission Trust,RELATIONSHIP,C1,C1|C7|C4|C5,C1|C4|C5|C7,SYNERGY,UNRESOLVED,UNRESOLVED,UNRESOLVED,UNKNOWN,UNRESOLVED,UNRESOLVED,HEURISTIC_PROVISIONAL,CATEGORY_REVIEW_REQUIRED|ENTITY_MERGE_REQUIRED,NONE
NC-CL-R-000260,NC-CL-S-000083,docs/09_collection/ga2-collection-registry-v1.md#G2-I01,docs/09_collection/ga2-collection-registry-v1.md,689,GA2,Institutional/Symbolic Collection States,G2-I01,First Ship Crew and Mission Trust,STATE_TRANSITION,C1,C1|C4|C5|C7,C1|C4|C5|C7,SYNERGY,UNRESOLVED,UNRESOLVED,UNRESOLVED,UNKNOWN,UNRESOLVED,UNRESOLVED,HEURISTIC_PROVISIONAL,CATEGORY_REVIEW_REQUIRED|ENTITY_MERGE_REQUIRED,NONE
NC-CL-R-000261,NC-CL-S-000083,docs/09_collection/ga2-collection-registry-v1.md#G2-I01,docs/09_collection/ga2-collection-registry-v1.md,689,GA2,Institutional/Symbolic Collection States,G2-I01,First Ship Crew and Mission Trust,LOSS_OBLIGATION,C1,C1|C4|C5|C7,C1|C4|C5|C7,SYNERGY,UNRESOLVED,UNRESOLVED,UNRESOLVED,UNKNOWN,UNRESOLVED,UNRESOLVED,HEURISTIC_PROVISIONAL,CATEGORY_REVIEW_REQUIRED|ENTITY_MERGE_REQUIRED,NONE
NC-CL-R-000262,NC-CL-S-000084,docs/09_collection/ga2-collection-registry-v1.md#G2-I02,docs/09_collection/ga2-collection-registry-v1.md,703,GA2,Institutional/Symbolic Collection States,G2-I02,Distributed Home / Route Federation Seed,ENTITY,C4,C4|C7|C8,C4|C7|C8,SYNERGY,UNRESOLVED,UNRESOLVED,UNRESOLVED,UNKNOWN,UNRESOLVED,UNRESOLVED,HEURISTIC_PROVISIONAL,CATEGORY_REVIEW_REQUIRED|ENTITY_MERGE_REQUIRED,NONE
NC-CL-R-000263,NC-CL-S-000084,docs/09_collection/ga2-collection-registry-v1.md#G2-I02,docs/09_collection/ga2-collection-registry-v1.md,703,GA2,Institutional/Symbolic Collection States,G2-I02,Distributed Home / Route Federation Seed,STATE_TRANSITION,C4,C4|C7|C8,C4|C7|C8,SYNERGY,UNRESOLVED,UNRESOLVED,UNRESOLVED,UNKNOWN,UNRESOLVED,UNRESOLVED,HEURISTIC_PROVISIONAL,CATEGORY_REVIEW_REQUIRED|ENTITY_MERGE_REQUIRED,NONE
NC-CL-R-000264,NC-CL-S-000084,docs/09_collection/ga2-collection-registry-v1.md#G2-I02,docs/09_collection/ga2-collection-registry-v1.md,703,GA2,Institutional/Symbolic Collection States,G2-I02,Distributed Home / Route Federation Seed,LOSS_OBLIGATION,C4,C4|C7|C8,C4|C7|C8,SYNERGY,UNRESOLVED,UNRESOLVED,UNRESOLVED,UNKNOWN,UNRESOLVED,UNRESOLVED,HEURISTIC_PROVISIONAL,CATEGORY_REVIEW_REQUIRED|ENTITY_MERGE_REQUIRED,NONE
NC-CL-R-000265,NC-CL-S-000085,docs/09_collection/ga2-collection-registry-v1.md#G2-I03,docs/09_collection/ga2-collection-registry-v1.md,717,GA2,Institutional/Symbolic Collection States,G2-I03,Open-Service Worker Network,ENTITY,C1,C1|C6,C1|C6,SYNERGY,UNRESOLVED,UNRESOLVED,UNRESOLVED,UNKNOWN,UNRESOLVED,UNRESOLVED,HEURISTIC_PROVISIONAL,CATEGORY_REVIEW_REQUIRED|ENTITY_MERGE_REQUIRED,NONE
NC-CL-R-000266,NC-CL-S-000085,docs/09_collection/ga2-collection-registry-v1.md#G2-I03,docs/09_collection/ga2-collection-registry-v1.md,717,GA2,Institutional/Symbolic Collection States,G2-I03,Open-Service Worker Network,STATE_TRANSITION,C1,C1|C6,C1|C6,SYNERGY,UNRESOLVED,UNRESOLVED,UNRESOLVED,UNKNOWN,UNRESOLVED,UNRESOLVED,HEURISTIC_PROVISIONAL,CATEGORY_REVIEW_REQUIRED|ENTITY_MERGE_REQUIRED,NONE
NC-CL-R-000267,NC-CL-S-000085,docs/09_collection/ga2-collection-registry-v1.md#G2-I03,docs/09_collection/ga2-collection-registry-v1.md,717,GA2,Institutional/Symbolic Collection States,G2-I03,Open-Service Worker Network,LOSS_OBLIGATION,C1,C1|C6,C1|C6,SYNERGY,UNRESOLVED,UNRESOLVED,UNRESOLVED,UNKNOWN,UNRESOLVED,UNRESOLVED,HEURISTIC_PROVISIONAL,CATEGORY_REVIEW_REQUIRED|ENTITY_MERGE_REQUIRED,NONE
NC-CL-R-000268,NC-CL-S-000086,docs/09_collection/ga2-collection-registry-v1.md#G2-I04,docs/09_collection/ga2-collection-registry-v1.md,731,GA2,Institutional/Symbolic Collection States,G2-I04,“Ghost Ship” Public Story,ENTITY,C4,C4|C5,C4|C5,DISCOVERY,UNRESOLVED,UNRESOLVED,UNRESOLVED,UNKNOWN,UNRESOLVED,UNRESOLVED,HEURISTIC_PROVISIONAL,CATEGORY_REVIEW_REQUIRED|ENTITY_MERGE_REQUIRED,NONE
NC-CL-R-000269,NC-CL-S-000086,docs/09_collection/ga2-collection-registry-v1.md#G2-I04,docs/09_collection/ga2-collection-registry-v1.md,731,GA2,Institutional/Symbolic Collection States,G2-I04,“Ghost Ship” Public Story,STATE_TRANSITION,C4,C4|C5,C4|C5,DISCOVERY,UNRESOLVED,UNRESOLVED,UNRESOLVED,UNKNOWN,UNRESOLVED,UNRESOLVED,HEURISTIC_PROVISIONAL,CATEGORY_REVIEW_REQUIRED|ENTITY_MERGE_REQUIRED,NONE
NC-CL-R-000270,NC-CL-S-000086,docs/09_collection/ga2-collection-registry-v1.md#G2-I04,docs/09_collection/ga2-collection-registry-v1.md,731,GA2,Institutional/Symbolic Collection States,G2-I04,“Ghost Ship” Public Story,LOSS_OBLIGATION,C4,C4|C5,C4|C5,DISCOVERY,UNRESOLVED,UNRESOLVED,UNRESOLVED,UNKNOWN,UNRESOLVED,UNRESOLVED,HEURISTIC_PROVISIONAL,CATEGORY_REVIEW_REQUIRED|ENTITY_MERGE_REQUIRED,NONE
NC-CL-R-000271,NC-CL-S-000086,docs/09_collection/ga2-collection-registry-v1.md#G2-I04,docs/09_collection/ga2-collection-registry-v1.md,731,GA2,Institutional/Symbolic Collection States,G2-I04,“Ghost Ship” Public Story,NARRATIVE_PROMISE,C4,C4|C5,C4|C5,DISCOVERY,UNRESOLVED,UNRESOLVED,UNRESOLVED,UNKNOWN,UNRESOLVED,UNRESOLVED,HEURISTIC_PROVISIONAL,CATEGORY_REVIEW_REQUIRED|ENTITY_MERGE_REQUIRED,NONE
NC-CL-R-000272,NC-CL-S-000087,docs/09_collection/ga2-collection-registry-v1.md#G2-I05,docs/09_collection/ga2-collection-registry-v1.md,745,GA2,Institutional/Symbolic Collection States,G2-I05,Regional Standard War Precedent,ENTITY,C4,C4|C6,C4|C6|C7,SYNERGY,UNRESOLVED,UNRESOLVED,UNRESOLVED,UNKNOWN,UNRESOLVED,UNRESOLVED,HEURISTIC_PROVISIONAL,CATEGORY_REVIEW_REQUIRED|ENTITY_MERGE_REQUIRED,NONE
NC-CL-R-000273,NC-CL-S-000087,docs/09_collection/ga2-collection-registry-v1.md#G2-I05,docs/09_collection/ga2-collection-registry-v1.md,745,GA2,Institutional/Symbolic Collection States,G2-I05,Regional Standard War Precedent,CONTROL_CLAIM,C4,C4|C6|C7,C4|C6|C7,SYNERGY,UNRESOLVED,UNRESOLVED,UNRESOLVED,UNKNOWN,UNRESOLVED,UNRESOLVED,HEURISTIC_PROVISIONAL,CATEGORY_REVIEW_REQUIRED|ENTITY_MERGE_REQUIRED,NONE
NC-CL-R-000274,NC-CL-S-000087,docs/09_collection/ga2-collection-registry-v1.md#G2-I05,docs/09_collection/ga2-collection-registry-v1.md,745,GA2,Institutional/Symbolic Collection States,G2-I05,Regional Standard War Precedent,STATE_TRANSITION,C4,C4|C6|C7,C4|C6|C7,SYNERGY,UNRESOLVED,UNRESOLVED,UNRESOLVED,UNKNOWN,UNRESOLVED,UNRESOLVED,HEURISTIC_PROVISIONAL,CATEGORY_REVIEW_REQUIRED|ENTITY_MERGE_REQUIRED,NONE
NC-CL-R-000275,NC-CL-S-000087,docs/09_collection/ga2-collection-registry-v1.md#G2-I05,docs/09_collection/ga2-collection-registry-v1.md,745,GA2,Institutional/Symbolic Collection States,G2-I05,Regional Standard War Precedent,LOSS_OBLIGATION,C4,C4|C6|C7,C4|C6|C7,SYNERGY,UNRESOLVED,UNRESOLVED,UNRESOLVED,UNKNOWN,UNRESOLVED,UNRESOLVED,HEURISTIC_PROVISIONAL,CATEGORY_REVIEW_REQUIRED|ENTITY_MERGE_REQUIRED,NONE
NC-CL-R-000276,NC-CL-S-000087,docs/09_collection/ga2-collection-registry-v1.md#G2-I05,docs/09_collection/ga2-collection-registry-v1.md,745,GA2,Institutional/Symbolic Collection States,G2-I05,Regional Standard War Precedent,NARRATIVE_PROMISE,C4,C4|C6|C7,C4|C6|C7,SYNERGY,UNRESOLVED,UNRESOLVED,UNRESOLVED,UNKNOWN,UNRESOLVED,UNRESOLVED,HEURISTIC_PROVISIONAL,CATEGORY_REVIEW_REQUIRED|ENTITY_MERGE_REQUIRED,NONE
NC-CL-R-000277,NC-CL-S-000088,docs/09_collection/ga3-collection-registry-v1.md#G3-P01,docs/09_collection/ga3-collection-registry-v1.md,30,GA3,Local People and Faction Relationships,G3-P01,AR-CIV-001 / Civic Continuity Leader,ENTITY,C1,C1,C1,ACQUISITION|SYNERGY|COMPLETION_LEGACY,UNRESOLVED,UNRESOLVED,UNRESOLVED,UNKNOWN,UNRESOLVED,UNRESOLVED,HEURISTIC_PROVISIONAL,CATEGORY_REVIEW_REQUIRED|ENTITY_MERGE_REQUIRED,NONE
NC-CL-R-000278,NC-CL-S-000088,docs/09_collection/ga3-collection-registry-v1.md#G3-P01,docs/09_collection/ga3-collection-registry-v1.md,30,GA3,Local People and Faction Relationships,G3-P01,AR-CIV-001 / Civic Continuity Leader,RELATIONSHIP,C1,C1,C1,ACQUISITION|SYNERGY|COMPLETION_LEGACY,UNRESOLVED,UNRESOLVED,UNRESOLVED,UNKNOWN,UNRESOLVED,UNRESOLVED,HEURISTIC_PROVISIONAL,CATEGORY_REVIEW_REQUIRED|ENTITY_MERGE_REQUIRED,NONE
NC-CL-R-000279,NC-CL-S-000088,docs/09_collection/ga3-collection-registry-v1.md#G3-P01,docs/09_collection/ga3-collection-registry-v1.md,30,GA3,Local People and Faction Relationships,G3-P01,AR-CIV-001 / Civic Continuity Leader,STATE_TRANSITION,C1,C1,C1,ACQUISITION|SYNERGY|COMPLETION_LEGACY,UNRESOLVED,UNRESOLVED,UNRESOLVED,UNKNOWN,UNRESOLVED,UNRESOLVED,HEURISTIC_PROVISIONAL,CATEGORY_REVIEW_REQUIRED|ENTITY_MERGE_REQUIRED,NONE
NC-CL-R-000280,NC-CL-S-000088,docs/09_collection/ga3-collection-registry-v1.md#G3-P01,docs/09_collection/ga3-collection-registry-v1.md,30,GA3,Local People and Faction Relationships,G3-P01,AR-CIV-001 / Civic Continuity Leader,LOSS_OBLIGATION,C1,C1,C1,ACQUISITION|SYNERGY|COMPLETION_LEGACY,UNRESOLVED,UNRESOLVED,UNRESOLVED,UNKNOWN,UNRESOLVED,UNRESOLVED,HEURISTIC_PROVISIONAL,CATEGORY_REVIEW_REQUIRED|ENTITY_MERGE_REQUIRED,NONE
NC-CL-R-000281,NC-CL-S-000089,docs/09_collection/ga3-collection-registry-v1.md#G3-P02,docs/09_collection/ga3-collection-registry-v1.md,47,GA3,Local People and Faction Relationships,G3-P02,AR-WRK-001 / Foundry Compact Leader,ENTITY,C1,C1|C7,C1|C7,ACQUISITION|SYNERGY,UNRESOLVED,UNRESOLVED,UNRESOLVED,UNKNOWN,UNRESOLVED,UNRESOLVED,HEURISTIC_PROVISIONAL,CATEGORY_REVIEW_REQUIRED|ENTITY_MERGE_REQUIRED,NONE
NC-CL-R-000282,NC-CL-S-000089,docs/09_collection/ga3-collection-registry-v1.md#G3-P02,docs/09_collection/ga3-collection-registry-v1.md,47,GA3,Local People and Faction Relationships,G3-P02,AR-WRK-001 / Foundry Compact Leader,RELATIONSHIP,C1,C1|C7,C1|C7,ACQUISITION|SYNERGY,UNRESOLVED,UNRESOLVED,UNRESOLVED,UNKNOWN,UNRESOLVED,UNRESOLVED,HEURISTIC_PROVISIONAL,CATEGORY_REVIEW_REQUIRED|ENTITY_MERGE_REQUIRED,NONE
NC-CL-R-000283,NC-CL-S-000089,docs/09_collection/ga3-collection-registry-v1.md#G3-P02,docs/09_collection/ga3-collection-registry-v1.md,47,GA3,Local People and Faction Relationships,G3-P02,AR-WRK-001 / Foundry Compact Leader,STATE_TRANSITION,C1,C1|C7,C1|C7,ACQUISITION|SYNERGY,UNRESOLVED,UNRESOLVED,UNRESOLVED,UNKNOWN,UNRESOLVED,UNRESOLVED,HEURISTIC_PROVISIONAL,CATEGORY_REVIEW_REQUIRED|ENTITY_MERGE_REQUIRED,NONE
NC-CL-R-000284,NC-CL-S-000089,docs/09_collection/ga3-collection-registry-v1.md#G3-P02,docs/09_collection/ga3-collection-registry-v1.md,47,GA3,Local People and Faction Relationships,G3-P02,AR-WRK-001 / Foundry Compact Leader,LOSS_OBLIGATION,C1,C1|C7,C1|C7,ACQUISITION|SYNERGY,UNRESOLVED,UNRESOLVED,UNRESOLVED,UNKNOWN,UNRESOLVED,UNRESOLVED,HEURISTIC_PROVISIONAL,CATEGORY_REVIEW_REQUIRED|ENTITY_MERGE_REQUIRED,NONE
NC-CL-R-000285,NC-CL-S-000090,docs/09_collection/ga3-collection-registry-v1.md#G3-P03,docs/09_collection/ga3-collection-registry-v1.md,61,GA3,Local People and Faction Relationships,G3-P03,AR-NOD-001 / Node Custodian Leader,ENTITY,C1,C1|C8,C1|C8,ACQUISITION|SYNERGY,UNRESOLVED,UNRESOLVED,UNRESOLVED,UNKNOWN,UNRESOLVED,UNRESOLVED,HEURISTIC_PROVISIONAL,CATEGORY_REVIEW_REQUIRED|ENTITY_MERGE_REQUIRED,NONE
NC-CL-R-000286,NC-CL-S-000090,docs/09_collection/ga3-collection-registry-v1.md#G3-P03,docs/09_collection/ga3-collection-registry-v1.md,61,GA3,Local People and Faction Relationships,G3-P03,AR-NOD-001 / Node Custodian Leader,RELATIONSHIP,C1,C1|C8,C1|C8,ACQUISITION|SYNERGY,UNRESOLVED,UNRESOLVED,UNRESOLVED,UNKNOWN,UNRESOLVED,UNRESOLVED,HEURISTIC_PROVISIONAL,CATEGORY_REVIEW_REQUIRED|ENTITY_MERGE_REQUIRED,NONE
NC-CL-R-000287,NC-CL-S-000090,docs/09_collection/ga3-collection-registry-v1.md#G3-P03,docs/09_collection/ga3-collection-registry-v1.md,61,GA3,Local People and Faction Relationships,G3-P03,AR-NOD-001 / Node Custodian Leader,STATE_TRANSITION,C1,C1|C8,C1|C8,ACQUISITION|SYNERGY,UNRESOLVED,UNRESOLVED,UNRESOLVED,UNKNOWN,UNRESOLVED,UNRESOLVED,HEURISTIC_PROVISIONAL,CATEGORY_REVIEW_REQUIRED|ENTITY_MERGE_REQUIRED,NONE
NC-CL-R-000288,NC-CL-S-000090,docs/09_collection/ga3-collection-registry-v1.md#G3-P03,docs/09_collection/ga3-collection-registry-v1.md,61,GA3,Local People and Faction Relationships,G3-P03,AR-NOD-001 / Node Custodian Leader,LOSS_OBLIGATION,C1,C1|C8,C1|C8,ACQUISITION|SYNERGY,UNRESOLVED,UNRESOLVED,UNRESOLVED,UNKNOWN,UNRESOLVED,UNRESOLVED,HEURISTIC_PROVISIONAL,CATEGORY_REVIEW_REQUIRED|ENTITY_MERGE_REQUIRED,NONE
NC-CL-R-000289,NC-CL-S-000091,docs/09_collection/ga3-collection-registry-v1.md#G3-P04,docs/09_collection/ga3-collection-registry-v1.md,75,GA3,Local People and Faction Relationships,G3-P04,AR-TRN-001 / Transit Assembly Delegate,ENTITY,C1,C1|C7,C1|C7,ACQUISITION|SYNERGY,UNRESOLVED,UNRESOLVED,UNRESOLVED,UNKNOWN,UNRESOLVED,UNRESOLVED,HEURISTIC_PROVISIONAL,CATEGORY_REVIEW_REQUIRED|ENTITY_MERGE_REQUIRED,NONE
NC-CL-R-000290,NC-CL-S-000091,docs/09_collection/ga3-collection-registry-v1.md#G3-P04,docs/09_collection/ga3-collection-registry-v1.md,75,GA3,Local People and Faction Relationships,G3-P04,AR-TRN-001 / Transit Assembly Delegate,RELATIONSHIP,C1,C1|C7,C1|C7,ACQUISITION|SYNERGY,UNRESOLVED,UNRESOLVED,UNRESOLVED,UNKNOWN,UNRESOLVED,UNRESOLVED,HEURISTIC_PROVISIONAL,CATEGORY_REVIEW_REQUIRED|ENTITY_MERGE_REQUIRED,NONE
NC-CL-R-000291,NC-CL-S-000091,docs/09_collection/ga3-collection-registry-v1.md#G3-P04,docs/09_collection/ga3-collection-registry-v1.md,75,GA3,Local People and Faction Relationships,G3-P04,AR-TRN-001 / Transit Assembly Delegate,STATE_TRANSITION,C1,C1|C7,C1|C7,ACQUISITION|SYNERGY,UNRESOLVED,UNRESOLVED,UNRESOLVED,UNKNOWN,UNRESOLVED,UNRESOLVED,HEURISTIC_PROVISIONAL,CATEGORY_REVIEW_REQUIRED|ENTITY_MERGE_REQUIRED,NONE
NC-CL-R-000292,NC-CL-S-000091,docs/09_collection/ga3-collection-registry-v1.md#G3-P04,docs/09_collection/ga3-collection-registry-v1.md,75,GA3,Local People and Faction Relationships,G3-P04,AR-TRN-001 / Transit Assembly Delegate,LOSS_OBLIGATION,C1,C1|C7,C1|C7,ACQUISITION|SYNERGY,UNRESOLVED,UNRESOLVED,UNRESOLVED,UNKNOWN,UNRESOLVED,UNRESOLVED,HEURISTIC_PROVISIONAL,CATEGORY_REVIEW_REQUIRED|ENTITY_MERGE_REQUIRED,NONE
NC-CL-R-000293,NC-CL-S-000092,docs/09_collection/ga3-collection-registry-v1.md#G3-P05,docs/09_collection/ga3-collection-registry-v1.md,89,GA3,Local People and Faction Relationships,G3-P05,AR-FED-001 / Federalist Leader,ENTITY,C1,C1,C1,ACQUISITION|SYNERGY,UNRESOLVED,UNRESOLVED,UNRESOLVED,UNKNOWN,UNRESOLVED,UNRESOLVED,HEURISTIC_PROVISIONAL,CATEGORY_REVIEW_REQUIRED|ENTITY_MERGE_REQUIRED,NONE
NC-CL-R-000294,NC-CL-S-000092,docs/09_collection/ga3-collection-registry-v1.md#G3-P05,docs/09_collection/ga3-collection-registry-v1.md,89,GA3,Local People and Faction Relationships,G3-P05,AR-FED-001 / Federalist Leader,RELATIONSHIP,C1,C1,C1,ACQUISITION|SYNERGY,UNRESOLVED,UNRESOLVED,UNRESOLVED,UNKNOWN,UNRESOLVED,UNRESOLVED,HEURISTIC_PROVISIONAL,CATEGORY_REVIEW_REQUIRED|ENTITY_MERGE_REQUIRED,NONE
NC-CL-R-000295,NC-CL-S-000092,docs/09_collection/ga3-collection-registry-v1.md#G3-P05,docs/09_collection/ga3-collection-registry-v1.md,89,GA3,Local People and Faction Relationships,G3-P05,AR-FED-001 / Federalist Leader,STATE_TRANSITION,C1,C1,C1,ACQUISITION|SYNERGY,UNRESOLVED,UNRESOLVED,UNRESOLVED,UNKNOWN,UNRESOLVED,UNRESOLVED,HEURISTIC_PROVISIONAL,CATEGORY_REVIEW_REQUIRED|ENTITY_MERGE_REQUIRED,NONE
NC-CL-R-000296,NC-CL-S-000092,docs/09_collection/ga3-collection-registry-v1.md#G3-P05,docs/09_collection/ga3-collection-registry-v1.md,89,GA3,Local People and Faction Relationships,G3-P05,AR-FED-001 / Federalist Leader,LOSS_OBLIGATION,C1,C1,C1,ACQUISITION|SYNERGY,UNRESOLVED,UNRESOLVED,UNRESOLVED,UNKNOWN,UNRESOLVED,UNRESOLVED,HEURISTIC_PROVISIONAL,CATEGORY_REVIEW_REQUIRED|ENTITY_MERGE_REQUIRED,NONE
NC-CL-R-000297,NC-CL-S-000093,docs/09_collection/ga3-collection-registry-v1.md#G3-P06,docs/09_collection/ga3-collection-registry-v1.md,103,GA3,Local People and Faction Relationships,G3-P06,AR-HEL-001 / Helix Recovery Director,STATE_TRANSITION,C1,C1,C1,ACQUISITION|SYNERGY,UNRESOLVED,UNRESOLVED,UNRESOLVED,UNKNOWN,UNRESOLVED,UNRESOLVED,HEURISTIC_PROVISIONAL,CATEGORY_REVIEW_REQUIRED|ENTITY_MERGE_REQUIRED,NONE
NC-CL-R-000298,NC-CL-S-000093,docs/09_collection/ga3-collection-registry-v1.md#G3-P06,docs/09_collection/ga3-collection-registry-v1.md,103,GA3,Local People and Faction Relationships,G3-P06,AR-HEL-001 / Helix Recovery Director,LOSS_OBLIGATION,C1,C1,C1,ACQUISITION|SYNERGY,UNRESOLVED,UNRESOLVED,UNRESOLVED,UNKNOWN,UNRESOLVED,UNRESOLVED,HEURISTIC_PROVISIONAL,CATEGORY_REVIEW_REQUIRED|ENTITY_MERGE_REQUIRED,NONE
NC-CL-R-000299,NC-CL-S-000094,docs/09_collection/ga3-collection-registry-v1.md#G3-P07,docs/09_collection/ga3-collection-registry-v1.md,117,GA3,Local People and Faction Relationships,G3-P07,AR-DEF-001 / Local Defense Commander,ENTITY,C1,C1,C1,ACQUISITION|SYNERGY,UNRESOLVED,UNRESOLVED,UNRESOLVED,UNKNOWN,UNRESOLVED,UNRESOLVED,HEURISTIC_PROVISIONAL,CATEGORY_REVIEW_REQUIRED|ENTITY_MERGE_REQUIRED,NONE
NC-CL-R-000300,NC-CL-S-000094,docs/09_collection/ga3-collection-registry-v1.md#G3-P07,docs/09_collection/ga3-collection-registry-v1.md,117,GA3,Local People and Faction Relationships,G3-P07,AR-DEF-001 / Local Defense Commander,STATE_TRANSITION,C1,C1,C1,ACQUISITION|SYNERGY,UNRESOLVED,UNRESOLVED,UNRESOLVED,UNKNOWN,UNRESOLVED,UNRESOLVED,HEURISTIC_PROVISIONAL,CATEGORY_REVIEW_REQUIRED|ENTITY_MERGE_REQUIRED,NONE
NC-CL-R-000301,NC-CL-S-000094,docs/09_collection/ga3-collection-registry-v1.md#G3-P07,docs/09_collection/ga3-collection-registry-v1.md,117,GA3,Local People and Faction Relationships,G3-P07,AR-DEF-001 / Local Defense Commander,LOSS_OBLIGATION,C1,C1,C1,ACQUISITION|SYNERGY,UNRESOLVED,UNRESOLVED,UNRESOLVED,UNKNOWN,UNRESOLVED,UNRESOLVED,HEURISTIC_PROVISIONAL,CATEGORY_REVIEW_REQUIRED|ENTITY_MERGE_REQUIRED,NONE
NC-CL-R-000302,NC-CL-S-000095,docs/09_collection/ga3-collection-registry-v1.md#G3-P08,docs/09_collection/ga3-collection-registry-v1.md,131,GA3,Local People and Faction Relationships,G3-P08,Garden/Care Service Network,ENTITY,C1,C1|C6,C1|C6,DISCOVERY|SYNERGY,UNRESOLVED,UNRESOLVED,UNRESOLVED,UNKNOWN,UNRESOLVED,UNRESOLVED,HEURISTIC_PROVISIONAL,CATEGORY_REVIEW_REQUIRED|ENTITY_MERGE_REQUIRED,NONE
NC-CL-R-000303,NC-CL-S-000095,docs/09_collection/ga3-collection-registry-v1.md#G3-P08,docs/09_collection/ga3-collection-registry-v1.md,131,GA3,Local People and Faction Relationships,G3-P08,Garden/Care Service Network,STATE_TRANSITION,C1,C1|C6,C1|C6,DISCOVERY|SYNERGY,UNRESOLVED,UNRESOLVED,UNRESOLVED,UNKNOWN,UNRESOLVED,UNRESOLVED,HEURISTIC_PROVISIONAL,CATEGORY_REVIEW_REQUIRED|ENTITY_MERGE_REQUIRED,NONE
NC-CL-R-000304,NC-CL-S-000095,docs/09_collection/ga3-collection-registry-v1.md#G3-P08,docs/09_collection/ga3-collection-registry-v1.md,131,GA3,Local People and Faction Relationships,G3-P08,Garden/Care Service Network,LOSS_OBLIGATION,C1,C1|C6,C1|C6,DISCOVERY|SYNERGY,UNRESOLVED,UNRESOLVED,UNRESOLVED,UNKNOWN,UNRESOLVED,UNRESOLVED,HEURISTIC_PROVISIONAL,CATEGORY_REVIEW_REQUIRED|ENTITY_MERGE_REQUIRED,NONE
NC-CL-R-000305,NC-CL-S-000096,docs/09_collection/ga3-collection-registry-v1.md#G3-P09,docs/09_collection/ga3-collection-registry-v1.md,148,GA3,Local People and Faction Relationships,G3-P09,Local Utility-Frame/Operator Teams,ENTITY,C1,C1|C2,C1|C2,ACQUISITION|SYNERGY,UNRESOLVED,UNRESOLVED,UNRESOLVED,UNKNOWN,UNRESOLVED,UNRESOLVED,SPECIALIST_CORRECTED,PM_MERGE_REQUIRED|ENTITY_MERGE_REQUIRED,NONE
NC-CL-R-000306,NC-CL-S-000096,docs/09_collection/ga3-collection-registry-v1.md#G3-P09,docs/09_collection/ga3-collection-registry-v1.md,148,GA3,Local People and Faction Relationships,G3-P09,Local Utility-Frame/Operator Teams,STATE_TRANSITION,C1,C1|C2,C1|C2,ACQUISITION|SYNERGY,UNRESOLVED,UNRESOLVED,UNRESOLVED,UNKNOWN,UNRESOLVED,UNRESOLVED,SPECIALIST_CORRECTED,PM_MERGE_REQUIRED|ENTITY_MERGE_REQUIRED,NONE
NC-CL-R-000307,NC-CL-S-000096,docs/09_collection/ga3-collection-registry-v1.md#G3-P09,docs/09_collection/ga3-collection-registry-v1.md,148,GA3,Local People and Faction Relationships,G3-P09,Local Utility-Frame/Operator Teams,LOSS_OBLIGATION,C1,C1|C2,C1|C2,ACQUISITION|SYNERGY,UNRESOLVED,UNRESOLVED,UNRESOLVED,UNKNOWN,UNRESOLVED,UNRESOLVED,SPECIALIST_CORRECTED,PM_MERGE_REQUIRED|ENTITY_MERGE_REQUIRED,NONE
NC-CL-R-000308,NC-CL-S-000097,docs/09_collection/ga3-collection-registry-v1.md#G3-P10,docs/09_collection/ga3-collection-registry-v1.md,162,GA3,Local People and Faction Relationships,G3-P10,Ardis-Linked Community/Destination Group,ENTITY,C1,C1|C8,C1|C8,ACQUISITION|SYNERGY,UNRESOLVED,UNRESOLVED,UNRESOLVED,UNKNOWN,UNRESOLVED,UNRESOLVED,HEURISTIC_PROVISIONAL,CATEGORY_REVIEW_REQUIRED|ENTITY_MERGE_REQUIRED,NONE
NC-CL-R-000309,NC-CL-S-000097,docs/09_collection/ga3-collection-registry-v1.md#G3-P10,docs/09_collection/ga3-collection-registry-v1.md,162,GA3,Local People and Faction Relationships,G3-P10,Ardis-Linked Community/Destination Group,RELATIONSHIP,C1,C1|C8,C1|C8,ACQUISITION|SYNERGY,UNRESOLVED,UNRESOLVED,UNRESOLVED,UNKNOWN,UNRESOLVED,UNRESOLVED,HEURISTIC_PROVISIONAL,CATEGORY_REVIEW_REQUIRED|ENTITY_MERGE_REQUIRED,NONE
NC-CL-R-000310,NC-CL-S-000097,docs/09_collection/ga3-collection-registry-v1.md#G3-P10,docs/09_collection/ga3-collection-registry-v1.md,162,GA3,Local People and Faction Relationships,G3-P10,Ardis-Linked Community/Destination Group,STATE_TRANSITION,C1,C1|C8,C1|C8,ACQUISITION|SYNERGY,UNRESOLVED,UNRESOLVED,UNRESOLVED,UNKNOWN,UNRESOLVED,UNRESOLVED,HEURISTIC_PROVISIONAL,CATEGORY_REVIEW_REQUIRED|ENTITY_MERGE_REQUIRED,NONE
NC-CL-R-000311,NC-CL-S-000097,docs/09_collection/ga3-collection-registry-v1.md#G3-P10,docs/09_collection/ga3-collection-registry-v1.md,162,GA3,Local People and Faction Relationships,G3-P10,Ardis-Linked Community/Destination Group,LOSS_OBLIGATION,C1,C1|C8,C1|C8,ACQUISITION|SYNERGY,UNRESOLVED,UNRESOLVED,UNRESOLVED,UNKNOWN,UNRESOLVED,UNRESOLVED,HEURISTIC_PROVISIONAL,CATEGORY_REVIEW_REQUIRED|ENTITY_MERGE_REQUIRED,NONE
NC-CL-R-000312,NC-CL-S-000098,docs/09_collection/ga3-collection-registry-v1.md#G3-N01,docs/09_collection/ga3-collection-registry-v1.md,180,GA3,Node and Infrastructure Targets,G3-N01,Public Ardis Failure Map,STATE_TRANSITION,C8,C8,C8,ACQUISITION|SYNERGY|COMPLETION_LEGACY,UNRESOLVED,UNRESOLVED,UNRESOLVED,UNKNOWN,UNRESOLVED,UNRESOLVED,HEURISTIC_PROVISIONAL,CATEGORY_REVIEW_REQUIRED|ENTITY_MERGE_REQUIRED,NONE
NC-CL-R-000313,NC-CL-S-000098,docs/09_collection/ga3-collection-registry-v1.md#G3-N01,docs/09_collection/ga3-collection-registry-v1.md,180,GA3,Node and Infrastructure Targets,G3-N01,Public Ardis Failure Map,LOSS_OBLIGATION,C8,C8,C8,ACQUISITION|SYNERGY|COMPLETION_LEGACY,UNRESOLVED,UNRESOLVED,UNRESOLVED,UNKNOWN,UNRESOLVED,UNRESOLVED,HEURISTIC_PROVISIONAL,CATEGORY_REVIEW_REQUIRED|ENTITY_MERGE_REQUIRED,NONE
NC-CL-R-000314,NC-CL-S-000099,docs/09_collection/ga3-collection-registry-v1.md#G3-N02,docs/09_collection/ga3-collection-registry-v1.md,194,GA3,Node and Infrastructure Targets,G3-N02,Spine A Stable Core Access,CONTROL_CLAIM,C8,C8,C8,ACQUISITION|SYNERGY|COMPLETION_LEGACY,UNRESOLVED,UNRESOLVED,UNRESOLVED,UNKNOWN,UNRESOLVED,UNRESOLVED,HEURISTIC_PROVISIONAL,CATEGORY_REVIEW_REQUIRED|ENTITY_MERGE_REQUIRED,NONE
NC-CL-R-000315,NC-CL-S-000099,docs/09_collection/ga3-collection-registry-v1.md#G3-N02,docs/09_collection/ga3-collection-registry-v1.md,194,GA3,Node and Infrastructure Targets,G3-N02,Spine A Stable Core Access,STATE_TRANSITION,C8,C8,C8,ACQUISITION|SYNERGY|COMPLETION_LEGACY,UNRESOLVED,UNRESOLVED,UNRESOLVED,UNKNOWN,UNRESOLVED,UNRESOLVED,HEURISTIC_PROVISIONAL,CATEGORY_REVIEW_REQUIRED|ENTITY_MERGE_REQUIRED,NONE
NC-CL-R-000316,NC-CL-S-000099,docs/09_collection/ga3-collection-registry-v1.md#G3-N02,docs/09_collection/ga3-collection-registry-v1.md,194,GA3,Node and Infrastructure Targets,G3-N02,Spine A Stable Core Access,LOSS_OBLIGATION,C8,C8,C8,ACQUISITION|SYNERGY|COMPLETION_LEGACY,UNRESOLVED,UNRESOLVED,UNRESOLVED,UNKNOWN,UNRESOLVED,UNRESOLVED,HEURISTIC_PROVISIONAL,CATEGORY_REVIEW_REQUIRED|ENTITY_MERGE_REQUIRED,NONE
NC-CL-R-000317,NC-CL-S-000100,docs/09_collection/ga3-collection-registry-v1.md#G3-N03,docs/09_collection/ga3-collection-registry-v1.md,208,GA3,Node and Infrastructure Targets,G3-N03,Spine B Open-Service Restoration,STATE_TRANSITION,C8,C8|C6,C8|C6,SYNERGY|COMPLETION_LEGACY,UNRESOLVED,UNRESOLVED,UNRESOLVED,UNKNOWN,UNRESOLVED,UNRESOLVED,SPECIALIST_CORRECTED,PM_MERGE_REQUIRED|ENTITY_MERGE_REQUIRED,NONE
NC-CL-R-000318,NC-CL-S-000100,docs/09_collection/ga3-collection-registry-v1.md#G3-N03,docs/09_collection/ga3-collection-registry-v1.md,208,GA3,Node and Infrastructure Targets,G3-N03,Spine B Open-Service Restoration,LOSS_OBLIGATION,C8,C8|C6,C8|C6,SYNERGY|COMPLETION_LEGACY,UNRESOLVED,UNRESOLVED,UNRESOLVED,UNKNOWN,UNRESOLVED,UNRESOLVED,SPECIALIST_CORRECTED,PM_MERGE_REQUIRED|ENTITY_MERGE_REQUIRED,NONE
NC-CL-R-000319,NC-CL-S-000101,docs/09_collection/ga3-collection-registry-v1.md#G3-N04,docs/09_collection/ga3-collection-registry-v1.md,222,GA3,Node and Infrastructure Targets,G3-N04,Spine C Emergency/Legacy Recovery,STATE_TRANSITION,C8,C8,C8,DISCOVERY|ACQUISITION|SYNERGY|COMPLETION_LEGACY,UNRESOLVED,UNRESOLVED,UNRESOLVED,UNKNOWN,UNRESOLVED,UNRESOLVED,HEURISTIC_PROVISIONAL,CATEGORY_REVIEW_REQUIRED|ENTITY_MERGE_REQUIRED,NONE
NC-CL-R-000320,NC-CL-S-000101,docs/09_collection/ga3-collection-registry-v1.md#G3-N04,docs/09_collection/ga3-collection-registry-v1.md,222,GA3,Node and Infrastructure Targets,G3-N04,Spine C Emergency/Legacy Recovery,LOSS_OBLIGATION,C8,C8,C8,DISCOVERY|ACQUISITION|SYNERGY|COMPLETION_LEGACY,UNRESOLVED,UNRESOLVED,UNRESOLVED,UNKNOWN,UNRESOLVED,UNRESOLVED,HEURISTIC_PROVISIONAL,CATEGORY_REVIEW_REQUIRED|ENTITY_MERGE_REQUIRED,NONE
NC-CL-R-000321,NC-CL-S-000102,docs/09_collection/ga3-collection-registry-v1.md#G3-N05,docs/09_collection/ga3-collection-registry-v1.md,239,GA3,Node and Infrastructure Targets,G3-N05,Service Authority E / Local Node Custody,ENTITY,C7,C7,C7|C8,ACQUISITION|SYNERGY|COMPLETION_LEGACY,UNRESOLVED,UNRESOLVED,UNRESOLVED,UNKNOWN,UNRESOLVED,UNRESOLVED,HEURISTIC_PROVISIONAL,CATEGORY_REVIEW_REQUIRED|ENTITY_MERGE_REQUIRED,NONE
NC-CL-R-000322,NC-CL-S-000102,docs/09_collection/ga3-collection-registry-v1.md#G3-N05,docs/09_collection/ga3-collection-registry-v1.md,239,GA3,Node and Infrastructure Targets,G3-N05,Service Authority E / Local Node Custody,CONTROL_CLAIM,C7,C7|C8,C7|C8,ACQUISITION|SYNERGY|COMPLETION_LEGACY,UNRESOLVED,UNRESOLVED,UNRESOLVED,UNKNOWN,UNRESOLVED,UNRESOLVED,HEURISTIC_PROVISIONAL,CATEGORY_REVIEW_REQUIRED|ENTITY_MERGE_REQUIRED,NONE
NC-CL-R-000323,NC-CL-S-000102,docs/09_collection/ga3-collection-registry-v1.md#G3-N05,docs/09_collection/ga3-collection-registry-v1.md,239,GA3,Node and Infrastructure Targets,G3-N05,Service Authority E / Local Node Custody,STATE_TRANSITION,C7,C7|C8,C7|C8,ACQUISITION|SYNERGY|COMPLETION_LEGACY,UNRESOLVED,UNRESOLVED,UNRESOLVED,UNKNOWN,UNRESOLVED,UNRESOLVED,HEURISTIC_PROVISIONAL,CATEGORY_REVIEW_REQUIRED|ENTITY_MERGE_REQUIRED,NONE
NC-CL-R-000324,NC-CL-S-000102,docs/09_collection/ga3-collection-registry-v1.md#G3-N05,docs/09_collection/ga3-collection-registry-v1.md,239,GA3,Node and Infrastructure Targets,G3-N05,Service Authority E / Local Node Custody,LOSS_OBLIGATION,C7,C7|C8,C7|C8,ACQUISITION|SYNERGY|COMPLETION_LEGACY,UNRESOLVED,UNRESOLVED,UNRESOLVED,UNKNOWN,UNRESOLVED,UNRESOLVED,HEURISTIC_PROVISIONAL,CATEGORY_REVIEW_REQUIRED|ENTITY_MERGE_REQUIRED,NONE
NC-CL-R-000325,NC-CL-S-000103,docs/09_collection/ga3-collection-registry-v1.md#G3-N06,docs/09_collection/ga3-collection-registry-v1.md,253,GA3,Node and Infrastructure Targets,G3-N06,Thermal Reserve Allocation System,STATE_TRANSITION,C6,C6|C8,C6|C8,SYNERGY|COMPLETION_LEGACY,UNRESOLVED,UNRESOLVED,UNRESOLVED,UNKNOWN,UNRESOLVED,UNRESOLVED,HEURISTIC_PROVISIONAL,CATEGORY_REVIEW_REQUIRED|ENTITY_MERGE_REQUIRED,NONE
NC-CL-R-000326,NC-CL-S-000103,docs/09_collection/ga3-collection-registry-v1.md#G3-N06,docs/09_collection/ga3-collection-registry-v1.md,253,GA3,Node and Infrastructure Targets,G3-N06,Thermal Reserve Allocation System,LOSS_OBLIGATION,C6,C6|C8,C6|C8,SYNERGY|COMPLETION_LEGACY,UNRESOLVED,UNRESOLVED,UNRESOLVED,UNKNOWN,UNRESOLVED,UNRESOLVED,HEURISTIC_PROVISIONAL,CATEGORY_REVIEW_REQUIRED|ENTITY_MERGE_REQUIRED,NONE
NC-CL-R-000327,NC-CL-S-000104,docs/09_collection/ga3-collection-registry-v1.md#G3-N07,docs/09_collection/ga3-collection-registry-v1.md,267,GA3,Node and Infrastructure Targets,G3-N07,Multi-Signature Authentication Bridge,CONTROL_CLAIM,C6,C6|C8,C6|C8,SYNERGY|COMPLETION_LEGACY,UNRESOLVED,UNRESOLVED,UNRESOLVED,UNKNOWN,UNRESOLVED,UNRESOLVED,HEURISTIC_PROVISIONAL,CATEGORY_REVIEW_REQUIRED|ENTITY_MERGE_REQUIRED,NONE
NC-CL-R-000328,NC-CL-S-000104,docs/09_collection/ga3-collection-registry-v1.md#G3-N07,docs/09_collection/ga3-collection-registry-v1.md,267,GA3,Node and Infrastructure Targets,G3-N07,Multi-Signature Authentication Bridge,STATE_TRANSITION,C6,C6|C8,C6|C8,SYNERGY|COMPLETION_LEGACY,UNRESOLVED,UNRESOLVED,UNRESOLVED,UNKNOWN,UNRESOLVED,UNRESOLVED,HEURISTIC_PROVISIONAL,CATEGORY_REVIEW_REQUIRED|ENTITY_MERGE_REQUIRED,NONE
NC-CL-R-000329,NC-CL-S-000104,docs/09_collection/ga3-collection-registry-v1.md#G3-N07,docs/09_collection/ga3-collection-registry-v1.md,267,GA3,Node and Infrastructure Targets,G3-N07,Multi-Signature Authentication Bridge,LOSS_OBLIGATION,C6,C6|C8,C6|C8,SYNERGY|COMPLETION_LEGACY,UNRESOLVED,UNRESOLVED,UNRESOLVED,UNKNOWN,UNRESOLVED,UNRESOLVED,HEURISTIC_PROVISIONAL,CATEGORY_REVIEW_REQUIRED|ENTITY_MERGE_REQUIRED,NONE
NC-CL-R-000330,NC-CL-S-000104,docs/09_collection/ga3-collection-registry-v1.md#G3-N07,docs/09_collection/ga3-collection-registry-v1.md,267,GA3,Node and Infrastructure Targets,G3-N07,Multi-Signature Authentication Bridge,NARRATIVE_PROMISE,C6,C6|C8,C6|C8,SYNERGY|COMPLETION_LEGACY,UNRESOLVED,UNRESOLVED,UNRESOLVED,UNKNOWN,UNRESOLVED,UNRESOLVED,HEURISTIC_PROVISIONAL,CATEGORY_REVIEW_REQUIRED|ENTITY_MERGE_REQUIRED,NONE
NC-CL-R-000331,NC-CL-S-000105,docs/09_collection/ga3-collection-registry-v1.md#G3-N08,docs/09_collection/ga3-collection-registry-v1.md,281,GA3,Node and Infrastructure Targets,G3-N08,Distributed Denial/Scuttle Authority,CONTROL_CLAIM,C7,C7|C8,C7|C8,DISCOVERY|SYNERGY|COMPLETION_LEGACY,UNRESOLVED,UNRESOLVED,UNRESOLVED,UNKNOWN,UNRESOLVED,UNRESOLVED,HEURISTIC_PROVISIONAL,CATEGORY_REVIEW_REQUIRED|ENTITY_MERGE_REQUIRED,NONE
NC-CL-R-000332,NC-CL-S-000105,docs/09_collection/ga3-collection-registry-v1.md#G3-N08,docs/09_collection/ga3-collection-registry-v1.md,281,GA3,Node and Infrastructure Targets,G3-N08,Distributed Denial/Scuttle Authority,STATE_TRANSITION,C7,C7|C8,C7|C8,DISCOVERY|SYNERGY|COMPLETION_LEGACY,UNRESOLVED,UNRESOLVED,UNRESOLVED,UNKNOWN,UNRESOLVED,UNRESOLVED,HEURISTIC_PROVISIONAL,CATEGORY_REVIEW_REQUIRED|ENTITY_MERGE_REQUIRED,NONE
NC-CL-R-000333,NC-CL-S-000105,docs/09_collection/ga3-collection-registry-v1.md#G3-N08,docs/09_collection/ga3-collection-registry-v1.md,281,GA3,Node and Infrastructure Targets,G3-N08,Distributed Denial/Scuttle Authority,LOSS_OBLIGATION,C7,C7|C8,C7|C8,DISCOVERY|SYNERGY|COMPLETION_LEGACY,UNRESOLVED,UNRESOLVED,UNRESOLVED,UNKNOWN,UNRESOLVED,UNRESOLVED,HEURISTIC_PROVISIONAL,CATEGORY_REVIEW_REQUIRED|ENTITY_MERGE_REQUIRED,NONE
NC-CL-R-000334,NC-CL-S-000106,docs/09_collection/ga3-collection-registry-v1.md#G3-N09,docs/09_collection/ga3-collection-registry-v1.md,298,GA3,Node and Infrastructure Targets,G3-N09,Limited A+B+C Joint Reference Window,STATE_TRANSITION,C8,C8,C8,SYNERGY|COMPLETION_LEGACY,UNRESOLVED,UNRESOLVED,UNRESOLVED,UNKNOWN,UNRESOLVED,UNRESOLVED,HEURISTIC_PROVISIONAL,CATEGORY_REVIEW_REQUIRED|ENTITY_MERGE_REQUIRED,NONE
NC-CL-R-000335,NC-CL-S-000106,docs/09_collection/ga3-collection-registry-v1.md#G3-N09,docs/09_collection/ga3-collection-registry-v1.md,298,GA3,Node and Infrastructure Targets,G3-N09,Limited A+B+C Joint Reference Window,LOSS_OBLIGATION,C8,C8,C8,SYNERGY|COMPLETION_LEGACY,UNRESOLVED,UNRESOLVED,UNRESOLVED,UNKNOWN,UNRESOLVED,UNRESOLVED,HEURISTIC_PROVISIONAL,CATEGORY_REVIEW_REQUIRED|ENTITY_MERGE_REQUIRED,NONE
NC-CL-R-000336,NC-CL-S-000107,docs/09_collection/ga3-collection-registry-v1.md#G3-N10,docs/09_collection/ga3-collection-registry-v1.md,312,GA3,Node and Infrastructure Targets,G3-N10,L2 Candidate Path,STATE_TRANSITION,C8,C8,C8,DISCOVERY|SYNERGY|COMPLETION_LEGACY,UNRESOLVED,UNRESOLVED,UNRESOLVED,UNKNOWN,UNRESOLVED,UNRESOLVED,HEURISTIC_PROVISIONAL,CATEGORY_REVIEW_REQUIRED|ENTITY_MERGE_REQUIRED,NONE
NC-CL-R-000337,NC-CL-S-000107,docs/09_collection/ga3-collection-registry-v1.md#G3-N10,docs/09_collection/ga3-collection-registry-v1.md,312,GA3,Node and Infrastructure Targets,G3-N10,L2 Candidate Path,LOSS_OBLIGATION,C8,C8,C8,DISCOVERY|SYNERGY|COMPLETION_LEGACY,UNRESOLVED,UNRESOLVED,UNRESOLVED,UNKNOWN,UNRESOLVED,UNRESOLVED,HEURISTIC_PROVISIONAL,CATEGORY_REVIEW_REQUIRED|ENTITY_MERGE_REQUIRED,NONE
NC-CL-R-000338,NC-CL-S-000108,docs/09_collection/ga3-collection-registry-v1.md#G3-R01,docs/09_collection/ga3-collection-registry-v1.md,333,GA3,"Public-Service, Rights and Governance Targets",G3-R01,72-Hour Emergency Service Permit,CONTROL_CLAIM,C7,C7,C7,SYNERGY|COMPLETION_LEGACY,UNRESOLVED,UNRESOLVED,UNRESOLVED,UNKNOWN,UNRESOLVED,UNRESOLVED,HEURISTIC_PROVISIONAL,CATEGORY_REVIEW_REQUIRED|ENTITY_MERGE_REQUIRED,NONE
NC-CL-R-000339,NC-CL-S-000108,docs/09_collection/ga3-collection-registry-v1.md#G3-R01,docs/09_collection/ga3-collection-registry-v1.md,333,GA3,"Public-Service, Rights and Governance Targets",G3-R01,72-Hour Emergency Service Permit,STATE_TRANSITION,C7,C7,C7,SYNERGY|COMPLETION_LEGACY,UNRESOLVED,UNRESOLVED,UNRESOLVED,UNKNOWN,UNRESOLVED,UNRESOLVED,HEURISTIC_PROVISIONAL,CATEGORY_REVIEW_REQUIRED|ENTITY_MERGE_REQUIRED,NONE
NC-CL-R-000340,NC-CL-S-000108,docs/09_collection/ga3-collection-registry-v1.md#G3-R01,docs/09_collection/ga3-collection-registry-v1.md,333,GA3,"Public-Service, Rights and Governance Targets",G3-R01,72-Hour Emergency Service Permit,LOSS_OBLIGATION,C7,C7,C7,SYNERGY|COMPLETION_LEGACY,UNRESOLVED,UNRESOLVED,UNRESOLVED,UNKNOWN,UNRESOLVED,UNRESOLVED,HEURISTIC_PROVISIONAL,CATEGORY_REVIEW_REQUIRED|ENTITY_MERGE_REQUIRED,NONE
NC-CL-R-000341,NC-CL-S-000109,docs/09_collection/ga3-collection-registry-v1.md#G3-R02,docs/09_collection/ga3-collection-registry-v1.md,347,GA3,"Public-Service, Rights and Governance Targets",G3-R02,Citywide Data-Sharing and Clock Report,STATE_TRANSITION,C7,C7,C7,SYNERGY|COMPLETION_LEGACY,UNRESOLVED,UNRESOLVED,UNRESOLVED,UNKNOWN,UNRESOLVED,UNRESOLVED,HEURISTIC_PROVISIONAL,CATEGORY_REVIEW_REQUIRED|ENTITY_MERGE_REQUIRED,NONE
NC-CL-R-000342,NC-CL-S-000109,docs/09_collection/ga3-collection-registry-v1.md#G3-R02,docs/09_collection/ga3-collection-registry-v1.md,347,GA3,"Public-Service, Rights and Governance Targets",G3-R02,Citywide Data-Sharing and Clock Report,LOSS_OBLIGATION,C7,C7,C7,SYNERGY|COMPLETION_LEGACY,UNRESOLVED,UNRESOLVED,UNRESOLVED,UNKNOWN,UNRESOLVED,UNRESOLVED,HEURISTIC_PROVISIONAL,CATEGORY_REVIEW_REQUIRED|ENTITY_MERGE_REQUIRED,NONE
NC-CL-R-000343,NC-CL-S-000110,docs/09_collection/ga3-collection-registry-v1.md#G3-R03,docs/09_collection/ga3-collection-registry-v1.md,361,GA3,"Public-Service, Rights and Governance Targets",G3-R03,30-Day Minimum-Service Pact,CONTROL_CLAIM,C7,C7,C7,SYNERGY|COMPLETION_LEGACY,UNRESOLVED,UNRESOLVED,UNRESOLVED,UNKNOWN,UNRESOLVED,UNRESOLVED,HEURISTIC_PROVISIONAL,CATEGORY_REVIEW_REQUIRED|ENTITY_MERGE_REQUIRED,NONE
NC-CL-R-000344,NC-CL-S-000110,docs/09_collection/ga3-collection-registry-v1.md#G3-R03,docs/09_collection/ga3-collection-registry-v1.md,361,GA3,"Public-Service, Rights and Governance Targets",G3-R03,30-Day Minimum-Service Pact,STATE_TRANSITION,C7,C7,C7,SYNERGY|COMPLETION_LEGACY,UNRESOLVED,UNRESOLVED,UNRESOLVED,UNKNOWN,UNRESOLVED,UNRESOLVED,HEURISTIC_PROVISIONAL,CATEGORY_REVIEW_REQUIRED|ENTITY_MERGE_REQUIRED,NONE
NC-CL-R-000345,NC-CL-S-000110,docs/09_collection/ga3-collection-registry-v1.md#G3-R03,docs/09_collection/ga3-collection-registry-v1.md,361,GA3,"Public-Service, Rights and Governance Targets",G3-R03,30-Day Minimum-Service Pact,LOSS_OBLIGATION,C7,C7,C7,SYNERGY|COMPLETION_LEGACY,UNRESOLVED,UNRESOLVED,UNRESOLVED,UNKNOWN,UNRESOLVED,UNRESOLVED,HEURISTIC_PROVISIONAL,CATEGORY_REVIEW_REQUIRED|ENTITY_MERGE_REQUIRED,NONE
NC-CL-R-000346,NC-CL-S-000111,docs/09_collection/ga3-collection-registry-v1.md#G3-R04,docs/09_collection/ga3-collection-registry-v1.md,375,GA3,"Public-Service, Rights and Governance Targets",G3-R04,Foundry Essential-Production Protocol,CONTROL_CLAIM,C6,C6|C7,C6|C7,ACQUISITION|SYNERGY|COMPLETION_LEGACY,UNRESOLVED,UNRESOLVED,UNRESOLVED,UNKNOWN,UNRESOLVED,UNRESOLVED,HEURISTIC_PROVISIONAL,CATEGORY_REVIEW_REQUIRED|ENTITY_MERGE_REQUIRED,NONE
NC-CL-R-000347,NC-CL-S-000111,docs/09_collection/ga3-collection-registry-v1.md#G3-R04,docs/09_collection/ga3-collection-registry-v1.md,375,GA3,"Public-Service, Rights and Governance Targets",G3-R04,Foundry Essential-Production Protocol,STATE_TRANSITION,C6,C6|C7,C6|C7,ACQUISITION|SYNERGY|COMPLETION_LEGACY,UNRESOLVED,UNRESOLVED,UNRESOLVED,UNKNOWN,UNRESOLVED,UNRESOLVED,HEURISTIC_PROVISIONAL,CATEGORY_REVIEW_REQUIRED|ENTITY_MERGE_REQUIRED,NONE
NC-CL-R-000348,NC-CL-S-000111,docs/09_collection/ga3-collection-registry-v1.md#G3-R04,docs/09_collection/ga3-collection-registry-v1.md,375,GA3,"Public-Service, Rights and Governance Targets",G3-R04,Foundry Essential-Production Protocol,LOSS_OBLIGATION,C6,C6|C7,C6|C7,ACQUISITION|SYNERGY|COMPLETION_LEGACY,UNRESOLVED,UNRESOLVED,UNRESOLVED,UNKNOWN,UNRESOLVED,UNRESOLVED,HEURISTIC_PROVISIONAL,CATEGORY_REVIEW_REQUIRED|ENTITY_MERGE_REQUIRED,NONE
NC-CL-R-000349,NC-CL-S-000112,docs/09_collection/ga3-collection-registry-v1.md#G3-R05,docs/09_collection/ga3-collection-registry-v1.md,389,GA3,"Public-Service, Rights and Governance Targets",G3-R05,Provisional Service Residency,STATE_TRANSITION,C7,C7,C7,ACQUISITION|SYNERGY|COMPLETION_LEGACY,UNRESOLVED,UNRESOLVED,UNRESOLVED,UNKNOWN,UNRESOLVED,UNRESOLVED,HEURISTIC_PROVISIONAL,CATEGORY_REVIEW_REQUIRED|ENTITY_MERGE_REQUIRED,NONE
NC-CL-R-000350,NC-CL-S-000112,docs/09_collection/ga3-collection-registry-v1.md#G3-R05,docs/09_collection/ga3-collection-registry-v1.md,389,GA3,"Public-Service, Rights and Governance Targets",G3-R05,Provisional Service Residency,LOSS_OBLIGATION,C7,C7,C7,ACQUISITION|SYNERGY|COMPLETION_LEGACY,UNRESOLVED,UNRESOLVED,UNRESOLVED,UNKNOWN,UNRESOLVED,UNRESOLVED,HEURISTIC_PROVISIONAL,CATEGORY_REVIEW_REQUIRED|ENTITY_MERGE_REQUIRED,NONE
NC-CL-R-000351,NC-CL-S-000113,docs/09_collection/ga3-collection-registry-v1.md#G3-R06,docs/09_collection/ga3-collection-registry-v1.md,403,GA3,"Public-Service, Rights and Governance Targets",G3-R06,Three-Body Representation Board,STATE_TRANSITION,C7,C7,C7,SYNERGY|COMPLETION_LEGACY,UNRESOLVED,UNRESOLVED,UNRESOLVED,UNKNOWN,UNRESOLVED,UNRESOLVED,HEURISTIC_PROVISIONAL,CATEGORY_REVIEW_REQUIRED|ENTITY_MERGE_REQUIRED,NONE
NC-CL-R-000352,NC-CL-S-000113,docs/09_collection/ga3-collection-registry-v1.md#G3-R06,docs/09_collection/ga3-collection-registry-v1.md,403,GA3,"Public-Service, Rights and Governance Targets",G3-R06,Three-Body Representation Board,LOSS_OBLIGATION,C7,C7,C7,SYNERGY|COMPLETION_LEGACY,UNRESOLVED,UNRESOLVED,UNRESOLVED,UNKNOWN,UNRESOLVED,UNRESOLVED,HEURISTIC_PROVISIONAL,CATEGORY_REVIEW_REQUIRED|ENTITY_MERGE_REQUIRED,NONE
NC-CL-R-000353,NC-CL-S-000114,docs/09_collection/ga3-collection-registry-v1.md#G3-R07,docs/09_collection/ga3-collection-registry-v1.md,420,GA3,"Public-Service, Rights and Governance Targets",G3-R07,Segmented Civilian Defense Charter,CONTROL_CLAIM,C7,C7,C7,SYNERGY|COMPLETION_LEGACY,UNRESOLVED,UNRESOLVED,UNRESOLVED,UNKNOWN,UNRESOLVED,UNRESOLVED,HEURISTIC_PROVISIONAL,CATEGORY_REVIEW_REQUIRED|ENTITY_MERGE_REQUIRED,NONE
NC-CL-R-000354,NC-CL-S-000114,docs/09_collection/ga3-collection-registry-v1.md#G3-R07,docs/09_collection/ga3-collection-registry-v1.md,420,GA3,"Public-Service, Rights and Governance Targets",G3-R07,Segmented Civilian Defense Charter,STATE_TRANSITION,C7,C7,C7,SYNERGY|COMPLETION_LEGACY,UNRESOLVED,UNRESOLVED,UNRESOLVED,UNKNOWN,UNRESOLVED,UNRESOLVED,HEURISTIC_PROVISIONAL,CATEGORY_REVIEW_REQUIRED|ENTITY_MERGE_REQUIRED,NONE
NC-CL-R-000355,NC-CL-S-000114,docs/09_collection/ga3-collection-registry-v1.md#G3-R07,docs/09_collection/ga3-collection-registry-v1.md,420,GA3,"Public-Service, Rights and Governance Targets",G3-R07,Segmented Civilian Defense Charter,LOSS_OBLIGATION,C7,C7,C7,SYNERGY|COMPLETION_LEGACY,UNRESOLVED,UNRESOLVED,UNRESOLVED,UNKNOWN,UNRESOLVED,UNRESOLVED,HEURISTIC_PROVISIONAL,CATEGORY_REVIEW_REQUIRED|ENTITY_MERGE_REQUIRED,NONE
NC-CL-R-000356,NC-CL-S-000115,docs/09_collection/ga3-collection-registry-v1.md#G3-R08,docs/09_collection/ga3-collection-registry-v1.md,434,GA3,"Public-Service, Rights and Governance Targets",G3-R08,Helix Emergency Supply/Facility Agreement,CONTROL_CLAIM,C7,C7,C7,ACQUISITION|SYNERGY|COMPLETION_LEGACY,UNRESOLVED,UNRESOLVED,UNRESOLVED,UNKNOWN,UNRESOLVED,UNRESOLVED,HEURISTIC_PROVISIONAL,CATEGORY_REVIEW_REQUIRED|ENTITY_MERGE_REQUIRED,NONE
NC-CL-R-000357,NC-CL-S-000115,docs/09_collection/ga3-collection-registry-v1.md#G3-R08,docs/09_collection/ga3-collection-registry-v1.md,434,GA3,"Public-Service, Rights and Governance Targets",G3-R08,Helix Emergency Supply/Facility Agreement,STATE_TRANSITION,C7,C7,C7,ACQUISITION|SYNERGY|COMPLETION_LEGACY,UNRESOLVED,UNRESOLVED,UNRESOLVED,UNKNOWN,UNRESOLVED,UNRESOLVED,HEURISTIC_PROVISIONAL,CATEGORY_REVIEW_REQUIRED|ENTITY_MERGE_REQUIRED,NONE
NC-CL-R-000358,NC-CL-S-000115,docs/09_collection/ga3-collection-registry-v1.md#G3-R08,docs/09_collection/ga3-collection-registry-v1.md,434,GA3,"Public-Service, Rights and Governance Targets",G3-R08,Helix Emergency Supply/Facility Agreement,LOSS_OBLIGATION,C7,C7,C7,ACQUISITION|SYNERGY|COMPLETION_LEGACY,UNRESOLVED,UNRESOLVED,UNRESOLVED,UNKNOWN,UNRESOLVED,UNRESOLVED,HEURISTIC_PROVISIONAL,CATEGORY_REVIEW_REQUIRED|ENTITY_MERGE_REQUIRED,NONE
NC-CL-R-000359,NC-CL-S-000116,docs/09_collection/ga3-collection-registry-v1.md#G3-R09,docs/09_collection/ga3-collection-registry-v1.md,448,GA3,"Public-Service, Rights and Governance Targets",G3-R09,Narrow Imperial Coordination Accord,STATE_TRANSITION,C7,C7,C7,SYNERGY|COMPLETION_LEGACY,UNRESOLVED,UNRESOLVED,UNRESOLVED,UNKNOWN,UNRESOLVED,UNRESOLVED,HEURISTIC_PROVISIONAL,CATEGORY_REVIEW_REQUIRED|ENTITY_MERGE_REQUIRED,NONE
NC-CL-R-000360,NC-CL-S-000116,docs/09_collection/ga3-collection-registry-v1.md#G3-R09,docs/09_collection/ga3-collection-registry-v1.md,448,GA3,"Public-Service, Rights and Governance Targets",G3-R09,Narrow Imperial Coordination Accord,LOSS_OBLIGATION,C7,C7,C7,SYNERGY|COMPLETION_LEGACY,UNRESOLVED,UNRESOLVED,UNRESOLVED,UNKNOWN,UNRESOLVED,UNRESOLVED,HEURISTIC_PROVISIONAL,CATEGORY_REVIEW_REQUIRED|ENTITY_MERGE_REQUIRED,NONE
NC-CL-R-000361,NC-CL-S-000117,docs/09_collection/ga3-collection-registry-v1.md#G3-R10,docs/09_collection/ga3-collection-registry-v1.md,462,GA3,"Public-Service, Rights and Governance Targets",G3-R10,Delegated Standing Rules,STATE_TRANSITION,C7,C7,C7,SYNERGY|COMPLETION_LEGACY,UNRESOLVED,UNRESOLVED,UNRESOLVED,UNKNOWN,UNRESOLVED,UNRESOLVED,HEURISTIC_PROVISIONAL,CATEGORY_REVIEW_REQUIRED|ENTITY_MERGE_REQUIRED,NONE
NC-CL-R-000362,NC-CL-S-000117,docs/09_collection/ga3-collection-registry-v1.md#G3-R10,docs/09_collection/ga3-collection-registry-v1.md,462,GA3,"Public-Service, Rights and Governance Targets",G3-R10,Delegated Standing Rules,LOSS_OBLIGATION,C7,C7,C7,SYNERGY|COMPLETION_LEGACY,UNRESOLVED,UNRESOLVED,UNRESOLVED,UNKNOWN,UNRESOLVED,UNRESOLVED,HEURISTIC_PROVISIONAL,CATEGORY_REVIEW_REQUIRED|ENTITY_MERGE_REQUIRED,NONE
NC-CL-R-000363,NC-CL-S-000118,docs/09_collection/ga3-collection-registry-v1.md#G3-R11,docs/09_collection/ga3-collection-registry-v1.md,476,GA3,"Public-Service, Rights and Governance Targets",G3-R11,Ardis Node Joint Trust Charter,ENTITY,C7,C7|C8,C7|C8,SYNERGY|COMPLETION_LEGACY,UNRESOLVED,UNRESOLVED,UNRESOLVED,UNKNOWN,UNRESOLVED,UNRESOLVED,HEURISTIC_PROVISIONAL,CATEGORY_REVIEW_REQUIRED|ENTITY_MERGE_REQUIRED,NONE
NC-CL-R-000364,NC-CL-S-000118,docs/09_collection/ga3-collection-registry-v1.md#G3-R11,docs/09_collection/ga3-collection-registry-v1.md,476,GA3,"Public-Service, Rights and Governance Targets",G3-R11,Ardis Node Joint Trust Charter,RELATIONSHIP,C7,C7|C8,C7|C8,SYNERGY|COMPLETION_LEGACY,UNRESOLVED,UNRESOLVED,UNRESOLVED,UNKNOWN,UNRESOLVED,UNRESOLVED,HEURISTIC_PROVISIONAL,CATEGORY_REVIEW_REQUIRED|ENTITY_MERGE_REQUIRED,NONE
NC-CL-R-000365,NC-CL-S-000118,docs/09_collection/ga3-collection-registry-v1.md#G3-R11,docs/09_collection/ga3-collection-registry-v1.md,476,GA3,"Public-Service, Rights and Governance Targets",G3-R11,Ardis Node Joint Trust Charter,CONTROL_CLAIM,C7,C7|C8,C7|C8,SYNERGY|COMPLETION_LEGACY,UNRESOLVED,UNRESOLVED,UNRESOLVED,UNKNOWN,UNRESOLVED,UNRESOLVED,HEURISTIC_PROVISIONAL,CATEGORY_REVIEW_REQUIRED|ENTITY_MERGE_REQUIRED,NONE
NC-CL-R-000366,NC-CL-S-000118,docs/09_collection/ga3-collection-registry-v1.md#G3-R11,docs/09_collection/ga3-collection-registry-v1.md,476,GA3,"Public-Service, Rights and Governance Targets",G3-R11,Ardis Node Joint Trust Charter,STATE_TRANSITION,C7,C7|C8,C7|C8,SYNERGY|COMPLETION_LEGACY,UNRESOLVED,UNRESOLVED,UNRESOLVED,UNKNOWN,UNRESOLVED,UNRESOLVED,HEURISTIC_PROVISIONAL,CATEGORY_REVIEW_REQUIRED|ENTITY_MERGE_REQUIRED,NONE
NC-CL-R-000367,NC-CL-S-000118,docs/09_collection/ga3-collection-registry-v1.md#G3-R11,docs/09_collection/ga3-collection-registry-v1.md,476,GA3,"Public-Service, Rights and Governance Targets",G3-R11,Ardis Node Joint Trust Charter,LOSS_OBLIGATION,C7,C7|C8,C7|C8,SYNERGY|COMPLETION_LEGACY,UNRESOLVED,UNRESOLVED,UNRESOLVED,UNKNOWN,UNRESOLVED,UNRESOLVED,HEURISTIC_PROVISIONAL,CATEGORY_REVIEW_REQUIRED|ENTITY_MERGE_REQUIRED,NONE
NC-CL-R-000368,NC-CL-S-000119,docs/09_collection/ga3-collection-registry-v1.md#G3-R12,docs/09_collection/ga3-collection-registry-v1.md,501,GA3,"Public-Service, Rights and Governance Targets",G3-R12,Local Succession/Operator Training Program,CONTROL_CLAIM,C7,C7,C7,SYNERGY|COMPLETION_LEGACY,UNRESOLVED,UNRESOLVED,UNRESOLVED,UNKNOWN,UNRESOLVED,UNRESOLVED,HEURISTIC_PROVISIONAL,CATEGORY_REVIEW_REQUIRED|ENTITY_MERGE_REQUIRED,NONE
NC-CL-R-000369,NC-CL-S-000119,docs/09_collection/ga3-collection-registry-v1.md#G3-R12,docs/09_collection/ga3-collection-registry-v1.md,501,GA3,"Public-Service, Rights and Governance Targets",G3-R12,Local Succession/Operator Training Program,STATE_TRANSITION,C7,C7,C7,SYNERGY|COMPLETION_LEGACY,UNRESOLVED,UNRESOLVED,UNRESOLVED,UNKNOWN,UNRESOLVED,UNRESOLVED,HEURISTIC_PROVISIONAL,CATEGORY_REVIEW_REQUIRED|ENTITY_MERGE_REQUIRED,NONE
NC-CL-R-000370,NC-CL-S-000119,docs/09_collection/ga3-collection-registry-v1.md#G3-R12,docs/09_collection/ga3-collection-registry-v1.md,501,GA3,"Public-Service, Rights and Governance Targets",G3-R12,Local Succession/Operator Training Program,LOSS_OBLIGATION,C7,C7,C7,SYNERGY|COMPLETION_LEGACY,UNRESOLVED,UNRESOLVED,UNRESOLVED,UNKNOWN,UNRESOLVED,UNRESOLVED,HEURISTIC_PROVISIONAL,CATEGORY_REVIEW_REQUIRED|ENTITY_MERGE_REQUIRED,NONE
NC-CL-R-000371,NC-CL-S-000120,docs/09_collection/ga3-collection-registry-v1.md#G3-D01,docs/09_collection/ga3-collection-registry-v1.md,519,GA3,"Defense, Fleet and Production Targets",G3-D01,Public Defense Readiness Map,STATE_TRANSITION,C7,C7,C7,SYNERGY|COMPLETION_LEGACY,UNRESOLVED,UNRESOLVED,UNRESOLVED,UNKNOWN,UNRESOLVED,UNRESOLVED,HEURISTIC_PROVISIONAL,CATEGORY_REVIEW_REQUIRED|ENTITY_MERGE_REQUIRED,NONE
NC-CL-R-000372,NC-CL-S-000120,docs/09_collection/ga3-collection-registry-v1.md#G3-D01,docs/09_collection/ga3-collection-registry-v1.md,519,GA3,"Defense, Fleet and Production Targets",G3-D01,Public Defense Readiness Map,LOSS_OBLIGATION,C7,C7,C7,SYNERGY|COMPLETION_LEGACY,UNRESOLVED,UNRESOLVED,UNRESOLVED,UNKNOWN,UNRESOLVED,UNRESOLVED,HEURISTIC_PROVISIONAL,CATEGORY_REVIEW_REQUIRED|ENTITY_MERGE_REQUIRED,NONE
NC-CL-R-000373,NC-CL-S-000121,docs/09_collection/ga3-collection-registry-v1.md#G3-D02,docs/09_collection/ga3-collection-registry-v1.md,533,GA3,"Defense, Fleet and Production Targets",G3-D02,Local Utility-Frame Defense Network,ENTITY,C6,C6|C2,C6|C2,SYNERGY|COMPLETION_LEGACY,UNRESOLVED,UNRESOLVED,UNRESOLVED,UNKNOWN,UNRESOLVED,UNRESOLVED,SPECIALIST_CORRECTED,PM_MERGE_REQUIRED|ENTITY_MERGE_REQUIRED,NONE
NC-CL-R-000374,NC-CL-S-000121,docs/09_collection/ga3-collection-registry-v1.md#G3-D02,docs/09_collection/ga3-collection-registry-v1.md,533,GA3,"Defense, Fleet and Production Targets",G3-D02,Local Utility-Frame Defense Network,STATE_TRANSITION,C6,C6|C2,C6|C2,SYNERGY|COMPLETION_LEGACY,UNRESOLVED,UNRESOLVED,UNRESOLVED,UNKNOWN,UNRESOLVED,UNRESOLVED,SPECIALIST_CORRECTED,PM_MERGE_REQUIRED|ENTITY_MERGE_REQUIRED,NONE
NC-CL-R-000375,NC-CL-S-000121,docs/09_collection/ga3-collection-registry-v1.md#G3-D02,docs/09_collection/ga3-collection-registry-v1.md,533,GA3,"Defense, Fleet and Production Targets",G3-D02,Local Utility-Frame Defense Network,LOSS_OBLIGATION,C6,C6|C2,C6|C2,SYNERGY|COMPLETION_LEGACY,UNRESOLVED,UNRESOLVED,UNRESOLVED,UNKNOWN,UNRESOLVED,UNRESOLVED,SPECIALIST_CORRECTED,PM_MERGE_REQUIRED|ENTITY_MERGE_REQUIRED,NONE
NC-CL-R-000376,NC-CL-S-000122,docs/09_collection/ga3-collection-registry-v1.md#G3-D03,docs/09_collection/ga3-collection-registry-v1.md,547,GA3,"Defense, Fleet and Production Targets",G3-D03,Combined Approach/Convoy Plan,ENTITY,C5,C5,C5,SYNERGY|COMPLETION_LEGACY,UNRESOLVED,UNRESOLVED,UNRESOLVED,UNKNOWN,UNRESOLVED,UNRESOLVED,HEURISTIC_PROVISIONAL,CATEGORY_REVIEW_REQUIRED|ENTITY_MERGE_REQUIRED,NONE
NC-CL-R-000377,NC-CL-S-000122,docs/09_collection/ga3-collection-registry-v1.md#G3-D03,docs/09_collection/ga3-collection-registry-v1.md,547,GA3,"Defense, Fleet and Production Targets",G3-D03,Combined Approach/Convoy Plan,STATE_TRANSITION,C5,C5,C5,SYNERGY|COMPLETION_LEGACY,UNRESOLVED,UNRESOLVED,UNRESOLVED,UNKNOWN,UNRESOLVED,UNRESOLVED,HEURISTIC_PROVISIONAL,CATEGORY_REVIEW_REQUIRED|ENTITY_MERGE_REQUIRED,NONE
NC-CL-R-000378,NC-CL-S-000122,docs/09_collection/ga3-collection-registry-v1.md#G3-D03,docs/09_collection/ga3-collection-registry-v1.md,547,GA3,"Defense, Fleet and Production Targets",G3-D03,Combined Approach/Convoy Plan,LOSS_OBLIGATION,C5,C5,C5,SYNERGY|COMPLETION_LEGACY,UNRESOLVED,UNRESOLVED,UNRESOLVED,UNKNOWN,UNRESOLVED,UNRESOLVED,HEURISTIC_PROVISIONAL,CATEGORY_REVIEW_REQUIRED|ENTITY_MERGE_REQUIRED,NONE
NC-CL-R-000379,NC-CL-S-000123,docs/09_collection/ga3-collection-registry-v1.md#G3-D04,docs/09_collection/ga3-collection-registry-v1.md,561,GA3,"Defense, Fleet and Production Targets",G3-D04,Foundry Open-Production Cell,STATE_TRANSITION,C6,C6|C2,C6|C2,SYNERGY|COMPLETION_LEGACY,UNRESOLVED,UNRESOLVED,UNRESOLVED,UNKNOWN,UNRESOLVED,UNRESOLVED,SPECIALIST_CORRECTED,PM_MERGE_REQUIRED|ENTITY_MERGE_REQUIRED,NONE
NC-CL-R-000380,NC-CL-S-000123,docs/09_collection/ga3-collection-registry-v1.md#G3-D04,docs/09_collection/ga3-collection-registry-v1.md,561,GA3,"Defense, Fleet and Production Targets",G3-D04,Foundry Open-Production Cell,LOSS_OBLIGATION,C6,C6|C2,C6|C2,SYNERGY|COMPLETION_LEGACY,UNRESOLVED,UNRESOLVED,UNRESOLVED,UNKNOWN,UNRESOLVED,UNRESOLVED,SPECIALIST_CORRECTED,PM_MERGE_REQUIRED|ENTITY_MERGE_REQUIRED,NONE
NC-CL-R-000381,NC-CL-S-000124,docs/09_collection/ga3-collection-registry-v1.md#G3-D05,docs/09_collection/ga3-collection-registry-v1.md,575,GA3,"Defense, Fleet and Production Targets",G3-D05,Fixed Defense Segmentation,STATE_TRANSITION,C8,C8,C8,SYNERGY|COMPLETION_LEGACY,UNRESOLVED,UNRESOLVED,UNRESOLVED,UNKNOWN,UNRESOLVED,UNRESOLVED,HEURISTIC_PROVISIONAL,CATEGORY_REVIEW_REQUIRED|ENTITY_MERGE_REQUIRED,NONE
NC-CL-R-000382,NC-CL-S-000124,docs/09_collection/ga3-collection-registry-v1.md#G3-D05,docs/09_collection/ga3-collection-registry-v1.md,575,GA3,"Defense, Fleet and Production Targets",G3-D05,Fixed Defense Segmentation,LOSS_OBLIGATION,C8,C8,C8,SYNERGY|COMPLETION_LEGACY,UNRESOLVED,UNRESOLVED,UNRESOLVED,UNKNOWN,UNRESOLVED,UNRESOLVED,HEURISTIC_PROVISIONAL,CATEGORY_REVIEW_REQUIRED|ENTITY_MERGE_REQUIRED,NONE
NC-CL-R-000383,NC-CL-S-000125,docs/09_collection/ga3-collection-registry-v1.md#G3-D06,docs/09_collection/ga3-collection-registry-v1.md,589,GA3,"Defense, Fleet and Production Targets",G3-D06,Major Loss Record,CONTROL_CLAIM,C3,C3,C3,SYNERGY|COMPLETION_LEGACY,UNRESOLVED,UNRESOLVED,UNRESOLVED,UNKNOWN,UNRESOLVED,UNRESOLVED,HEURISTIC_PROVISIONAL,CATEGORY_REVIEW_REQUIRED|ENTITY_MERGE_REQUIRED,NONE
NC-CL-R-000384,NC-CL-S-000125,docs/09_collection/ga3-collection-registry-v1.md#G3-D06,docs/09_collection/ga3-collection-registry-v1.md,589,GA3,"Defense, Fleet and Production Targets",G3-D06,Major Loss Record,STATE_TRANSITION,C3,C3,C3,SYNERGY|COMPLETION_LEGACY,UNRESOLVED,UNRESOLVED,UNRESOLVED,UNKNOWN,UNRESOLVED,UNRESOLVED,HEURISTIC_PROVISIONAL,CATEGORY_REVIEW_REQUIRED|ENTITY_MERGE_REQUIRED,NONE
NC-CL-R-000385,NC-CL-S-000126,docs/09_collection/ga3-collection-registry-v1.md#G3-M01,docs/09_collection/ga3-collection-registry-v1.md,610,GA3,"Mystery, Identity and Symbolic Targets",G3-M01,Original Ardis Accident Record Fragments,CONTROL_CLAIM,C4,C4,C4,DISCOVERY|SYNERGY|COMPLETION_LEGACY,UNRESOLVED,UNRESOLVED,UNRESOLVED,UNKNOWN,UNRESOLVED,UNRESOLVED,HEURISTIC_PROVISIONAL,CATEGORY_REVIEW_REQUIRED|ENTITY_MERGE_REQUIRED,NONE
NC-CL-R-000386,NC-CL-S-000126,docs/09_collection/ga3-collection-registry-v1.md#G3-M01,docs/09_collection/ga3-collection-registry-v1.md,610,GA3,"Mystery, Identity and Symbolic Targets",G3-M01,Original Ardis Accident Record Fragments,STATE_TRANSITION,C4,C4,C4,DISCOVERY|SYNERGY|COMPLETION_LEGACY,UNRESOLVED,UNRESOLVED,UNRESOLVED,UNKNOWN,UNRESOLVED,UNRESOLVED,HEURISTIC_PROVISIONAL,CATEGORY_REVIEW_REQUIRED|ENTITY_MERGE_REQUIRED,NONE
NC-CL-R-000387,NC-CL-S-000126,docs/09_collection/ga3-collection-registry-v1.md#G3-M01,docs/09_collection/ga3-collection-registry-v1.md,610,GA3,"Mystery, Identity and Symbolic Targets",G3-M01,Original Ardis Accident Record Fragments,LOSS_OBLIGATION,C4,C4,C4,DISCOVERY|SYNERGY|COMPLETION_LEGACY,UNRESOLVED,UNRESOLVED,UNRESOLVED,UNKNOWN,UNRESOLVED,UNRESOLVED,HEURISTIC_PROVISIONAL,CATEGORY_REVIEW_REQUIRED|ENTITY_MERGE_REQUIRED,NONE
NC-CL-R-000388,NC-CL-S-000126,docs/09_collection/ga3-collection-registry-v1.md#G3-M01,docs/09_collection/ga3-collection-registry-v1.md,610,GA3,"Mystery, Identity and Symbolic Targets",G3-M01,Original Ardis Accident Record Fragments,NARRATIVE_PROMISE,C4,C4,C4,DISCOVERY|SYNERGY|COMPLETION_LEGACY,UNRESOLVED,UNRESOLVED,UNRESOLVED,UNKNOWN,UNRESOLVED,UNRESOLVED,HEURISTIC_PROVISIONAL,CATEGORY_REVIEW_REQUIRED|ENTITY_MERGE_REQUIRED,NONE
NC-CL-R-000389,NC-CL-S-000127,docs/09_collection/ga3-collection-registry-v1.md#G3-M02,docs/09_collection/ga3-collection-registry-v1.md,627,GA3,"Mystery, Identity and Symbolic Targets",G3-M02,Historically Impossible Ardis Restoration,STATE_TRANSITION,C4,C4,C4,DISCOVERY|SYNERGY|COMPLETION_LEGACY,UNRESOLVED,UNRESOLVED,UNRESOLVED,UNKNOWN,UNRESOLVED,UNRESOLVED,HEURISTIC_PROVISIONAL,CATEGORY_REVIEW_REQUIRED|ENTITY_MERGE_REQUIRED,NONE
NC-CL-R-000390,NC-CL-S-000127,docs/09_collection/ga3-collection-registry-v1.md#G3-M02,docs/09_collection/ga3-collection-registry-v1.md,627,GA3,"Mystery, Identity and Symbolic Targets",G3-M02,Historically Impossible Ardis Restoration,NARRATIVE_PROMISE,C4,C4,C4,DISCOVERY|SYNERGY|COMPLETION_LEGACY,UNRESOLVED,UNRESOLVED,UNRESOLVED,UNKNOWN,UNRESOLVED,UNRESOLVED,HEURISTIC_PROVISIONAL,CATEGORY_REVIEW_REQUIRED|ENTITY_MERGE_REQUIRED,NONE
NC-CL-R-000391,NC-CL-S-000128,docs/09_collection/ga3-collection-registry-v1.md#G3-M03,docs/09_collection/ga3-collection-registry-v1.md,641,GA3,"Mystery, Identity and Symbolic Targets",G3-M03,Multiple Valid Imperial Succession Protocols,CONTROL_CLAIM,C4,C4|C7,C4|C7,DISCOVERY|SYNERGY|COMPLETION_LEGACY,UNRESOLVED,UNRESOLVED,UNRESOLVED,UNKNOWN,UNRESOLVED,UNRESOLVED,HEURISTIC_PROVISIONAL,CATEGORY_REVIEW_REQUIRED|ENTITY_MERGE_REQUIRED,NONE
NC-CL-R-000392,NC-CL-S-000128,docs/09_collection/ga3-collection-registry-v1.md#G3-M03,docs/09_collection/ga3-collection-registry-v1.md,641,GA3,"Mystery, Identity and Symbolic Targets",G3-M03,Multiple Valid Imperial Succession Protocols,STATE_TRANSITION,C4,C4|C7,C4|C7,DISCOVERY|SYNERGY|COMPLETION_LEGACY,UNRESOLVED,UNRESOLVED,UNRESOLVED,UNKNOWN,UNRESOLVED,UNRESOLVED,HEURISTIC_PROVISIONAL,CATEGORY_REVIEW_REQUIRED|ENTITY_MERGE_REQUIRED,NONE
NC-CL-R-000393,NC-CL-S-000128,docs/09_collection/ga3-collection-registry-v1.md#G3-M03,docs/09_collection/ga3-collection-registry-v1.md,641,GA3,"Mystery, Identity and Symbolic Targets",G3-M03,Multiple Valid Imperial Succession Protocols,LOSS_OBLIGATION,C4,C4|C7,C4|C7,DISCOVERY|SYNERGY|COMPLETION_LEGACY,UNRESOLVED,UNRESOLVED,UNRESOLVED,UNKNOWN,UNRESOLVED,UNRESOLVED,HEURISTIC_PROVISIONAL,CATEGORY_REVIEW_REQUIRED|ENTITY_MERGE_REQUIRED,NONE
NC-CL-R-000394,NC-CL-S-000128,docs/09_collection/ga3-collection-registry-v1.md#G3-M03,docs/09_collection/ga3-collection-registry-v1.md,641,GA3,"Mystery, Identity and Symbolic Targets",G3-M03,Multiple Valid Imperial Succession Protocols,NARRATIVE_PROMISE,C4,C4|C7,C4|C7,DISCOVERY|SYNERGY|COMPLETION_LEGACY,UNRESOLVED,UNRESOLVED,UNRESOLVED,UNKNOWN,UNRESOLVED,UNRESOLVED,HEURISTIC_PROVISIONAL,CATEGORY_REVIEW_REQUIRED|ENTITY_MERGE_REQUIRED,NONE
NC-CL-R-000395,NC-CL-S-000129,docs/09_collection/ga3-collection-registry-v1.md#G3-I01,docs/09_collection/ga3-collection-registry-v1.md,658,GA3,"Mystery, Identity and Symbolic Targets",G3-I01,“City That Repairs What Others Abandon” Public Identity,ENTITY,C4,C4|C8,C4|C8,DISCOVERY|COMPLETION_LEGACY,UNRESOLVED,UNRESOLVED,UNRESOLVED,UNKNOWN,UNRESOLVED,UNRESOLVED,HEURISTIC_PROVISIONAL,CATEGORY_REVIEW_REQUIRED|ENTITY_MERGE_REQUIRED,NONE
NC-CL-R-000396,NC-CL-S-000129,docs/09_collection/ga3-collection-registry-v1.md#G3-I01,docs/09_collection/ga3-collection-registry-v1.md,658,GA3,"Mystery, Identity and Symbolic Targets",G3-I01,“City That Repairs What Others Abandon” Public Identity,STATE_TRANSITION,C4,C4|C8,C4|C8,DISCOVERY|COMPLETION_LEGACY,UNRESOLVED,UNRESOLVED,UNRESOLVED,UNKNOWN,UNRESOLVED,UNRESOLVED,HEURISTIC_PROVISIONAL,CATEGORY_REVIEW_REQUIRED|ENTITY_MERGE_REQUIRED,NONE
NC-CL-R-000397,NC-CL-S-000129,docs/09_collection/ga3-collection-registry-v1.md#G3-I01,docs/09_collection/ga3-collection-registry-v1.md,658,GA3,"Mystery, Identity and Symbolic Targets",G3-I01,“City That Repairs What Others Abandon” Public Identity,LOSS_OBLIGATION,C4,C4|C8,C4|C8,DISCOVERY|COMPLETION_LEGACY,UNRESOLVED,UNRESOLVED,UNRESOLVED,UNKNOWN,UNRESOLVED,UNRESOLVED,HEURISTIC_PROVISIONAL,CATEGORY_REVIEW_REQUIRED|ENTITY_MERGE_REQUIRED,NONE
NC-CL-R-000398,NC-CL-S-000129,docs/09_collection/ga3-collection-registry-v1.md#G3-I01,docs/09_collection/ga3-collection-registry-v1.md,658,GA3,"Mystery, Identity and Symbolic Targets",G3-I01,“City That Repairs What Others Abandon” Public Identity,NARRATIVE_PROMISE,C4,C4|C8,C4|C8,DISCOVERY|COMPLETION_LEGACY,UNRESOLVED,UNRESOLVED,UNRESOLVED,UNKNOWN,UNRESOLVED,UNRESOLVED,HEURISTIC_PROVISIONAL,CATEGORY_REVIEW_REQUIRED|ENTITY_MERGE_REQUIRED,NONE
NC-CL-R-000399,NC-CL-S-000130,docs/09_collection/ga3-collection-registry-v1.md#G3-I02,docs/09_collection/ga3-collection-registry-v1.md,669,GA3,"Mystery, Identity and Symbolic Targets",G3-I02,Ardis as Reproducible Governance Precedent,STATE_TRANSITION,C4,C4|C7,C4|C7,DISCOVERY|SYNERGY|COMPLETION_LEGACY,UNRESOLVED,UNRESOLVED,UNRESOLVED,UNKNOWN,UNRESOLVED,UNRESOLVED,HEURISTIC_PROVISIONAL,CATEGORY_REVIEW_REQUIRED|ENTITY_MERGE_REQUIRED,NONE
NC-CL-R-000400,NC-CL-S-000130,docs/09_collection/ga3-collection-registry-v1.md#G3-I02,docs/09_collection/ga3-collection-registry-v1.md,669,GA3,"Mystery, Identity and Symbolic Targets",G3-I02,Ardis as Reproducible Governance Precedent,LOSS_OBLIGATION,C4,C4|C7,C4|C7,DISCOVERY|SYNERGY|COMPLETION_LEGACY,UNRESOLVED,UNRESOLVED,UNRESOLVED,UNKNOWN,UNRESOLVED,UNRESOLVED,HEURISTIC_PROVISIONAL,CATEGORY_REVIEW_REQUIRED|ENTITY_MERGE_REQUIRED,NONE
NC-CL-R-000401,NC-CL-S-000130,docs/09_collection/ga3-collection-registry-v1.md#G3-I02,docs/09_collection/ga3-collection-registry-v1.md,669,GA3,"Mystery, Identity and Symbolic Targets",G3-I02,Ardis as Reproducible Governance Precedent,NARRATIVE_PROMISE,C4,C4|C7,C4|C7,DISCOVERY|SYNERGY|COMPLETION_LEGACY,UNRESOLVED,UNRESOLVED,UNRESOLVED,UNKNOWN,UNRESOLVED,UNRESOLVED,HEURISTIC_PROVISIONAL,CATEGORY_REVIEW_REQUIRED|ENTITY_MERGE_REQUIRED,NONE
NC-CL-R-000402,NC-CL-S-000131,docs/09_collection/ga4-collection-registry-v1.md#G4-P01,docs/09_collection/ga4-collection-registry-v1.md,30,GA4,Claimant and Institutional Relationships,G4-P01,Registered Heir Relationship,ENTITY,C1,C1,C1,ACQUISITION|SYNERGY,UNRESOLVED,UNRESOLVED,UNRESOLVED,UNKNOWN,UNRESOLVED,UNRESOLVED,HEURISTIC_PROVISIONAL,CATEGORY_REVIEW_REQUIRED|ENTITY_MERGE_REQUIRED,NONE
NC-CL-R-000403,NC-CL-S-000131,docs/09_collection/ga4-collection-registry-v1.md#G4-P01,docs/09_collection/ga4-collection-registry-v1.md,30,GA4,Claimant and Institutional Relationships,G4-P01,Registered Heir Relationship,RELATIONSHIP,C1,C1,C1,ACQUISITION|SYNERGY,UNRESOLVED,UNRESOLVED,UNRESOLVED,UNKNOWN,UNRESOLVED,UNRESOLVED,HEURISTIC_PROVISIONAL,CATEGORY_REVIEW_REQUIRED|ENTITY_MERGE_REQUIRED,NONE
NC-CL-R-000404,NC-CL-S-000131,docs/09_collection/ga4-collection-registry-v1.md#G4-P01,docs/09_collection/ga4-collection-registry-v1.md,30,GA4,Claimant and Institutional Relationships,G4-P01,Registered Heir Relationship,STATE_TRANSITION,C1,C1,C1,ACQUISITION|SYNERGY,UNRESOLVED,UNRESOLVED,UNRESOLVED,UNKNOWN,UNRESOLVED,UNRESOLVED,HEURISTIC_PROVISIONAL,CATEGORY_REVIEW_REQUIRED|ENTITY_MERGE_REQUIRED,NONE
NC-CL-R-000405,NC-CL-S-000131,docs/09_collection/ga4-collection-registry-v1.md#G4-P01,docs/09_collection/ga4-collection-registry-v1.md,30,GA4,Claimant and Institutional Relationships,G4-P01,Registered Heir Relationship,LOSS_OBLIGATION,C1,C1,C1,ACQUISITION|SYNERGY,UNRESOLVED,UNRESOLVED,UNRESOLVED,UNKNOWN,UNRESOLVED,UNRESOLVED,HEURISTIC_PROVISIONAL,CATEGORY_REVIEW_REQUIRED|ENTITY_MERGE_REQUIRED,NONE
NC-CL-R-000406,NC-CL-S-000132,docs/09_collection/ga4-collection-registry-v1.md#G4-P02,docs/09_collection/ga4-collection-registry-v1.md,44,GA4,Claimant and Institutional Relationships,G4-P02,Designated Regent Relationship,ENTITY,C1,C1,C1,ACQUISITION|SYNERGY,UNRESOLVED,UNRESOLVED,UNRESOLVED,UNKNOWN,UNRESOLVED,UNRESOLVED,HEURISTIC_PROVISIONAL,CATEGORY_REVIEW_REQUIRED|ENTITY_MERGE_REQUIRED,NONE
NC-CL-R-000407,NC-CL-S-000132,docs/09_collection/ga4-collection-registry-v1.md#G4-P02,docs/09_collection/ga4-collection-registry-v1.md,44,GA4,Claimant and Institutional Relationships,G4-P02,Designated Regent Relationship,RELATIONSHIP,C1,C1,C1,ACQUISITION|SYNERGY,UNRESOLVED,UNRESOLVED,UNRESOLVED,UNKNOWN,UNRESOLVED,UNRESOLVED,HEURISTIC_PROVISIONAL,CATEGORY_REVIEW_REQUIRED|ENTITY_MERGE_REQUIRED,NONE
NC-CL-R-000408,NC-CL-S-000132,docs/09_collection/ga4-collection-registry-v1.md#G4-P02,docs/09_collection/ga4-collection-registry-v1.md,44,GA4,Claimant and Institutional Relationships,G4-P02,Designated Regent Relationship,STATE_TRANSITION,C1,C1,C1,ACQUISITION|SYNERGY,UNRESOLVED,UNRESOLVED,UNRESOLVED,UNKNOWN,UNRESOLVED,UNRESOLVED,HEURISTIC_PROVISIONAL,CATEGORY_REVIEW_REQUIRED|ENTITY_MERGE_REQUIRED,NONE
NC-CL-R-000409,NC-CL-S-000132,docs/09_collection/ga4-collection-registry-v1.md#G4-P02,docs/09_collection/ga4-collection-registry-v1.md,44,GA4,Claimant and Institutional Relationships,G4-P02,Designated Regent Relationship,LOSS_OBLIGATION,C1,C1,C1,ACQUISITION|SYNERGY,UNRESOLVED,UNRESOLVED,UNRESOLVED,UNKNOWN,UNRESOLVED,UNRESOLVED,HEURISTIC_PROVISIONAL,CATEGORY_REVIEW_REQUIRED|ENTITY_MERGE_REQUIRED,NONE
NC-CL-R-000410,NC-CL-S-000133,docs/09_collection/ga4-collection-registry-v1.md#G4-P03,docs/09_collection/ga4-collection-registry-v1.md,58,GA4,Claimant and Institutional Relationships,G4-P03,Emergency Protector Relationship,ENTITY,C1,C1,C1,ACQUISITION|SYNERGY,UNRESOLVED,UNRESOLVED,UNRESOLVED,UNKNOWN,UNRESOLVED,UNRESOLVED,HEURISTIC_PROVISIONAL,CATEGORY_REVIEW_REQUIRED|ENTITY_MERGE_REQUIRED,NONE
NC-CL-R-000411,NC-CL-S-000133,docs/09_collection/ga4-collection-registry-v1.md#G4-P03,docs/09_collection/ga4-collection-registry-v1.md,58,GA4,Claimant and Institutional Relationships,G4-P03,Emergency Protector Relationship,RELATIONSHIP,C1,C1,C1,ACQUISITION|SYNERGY,UNRESOLVED,UNRESOLVED,UNRESOLVED,UNKNOWN,UNRESOLVED,UNRESOLVED,HEURISTIC_PROVISIONAL,CATEGORY_REVIEW_REQUIRED|ENTITY_MERGE_REQUIRED,NONE
NC-CL-R-000412,NC-CL-S-000133,docs/09_collection/ga4-collection-registry-v1.md#G4-P03,docs/09_collection/ga4-collection-registry-v1.md,58,GA4,Claimant and Institutional Relationships,G4-P03,Emergency Protector Relationship,STATE_TRANSITION,C1,C1,C1,ACQUISITION|SYNERGY,UNRESOLVED,UNRESOLVED,UNRESOLVED,UNKNOWN,UNRESOLVED,UNRESOLVED,HEURISTIC_PROVISIONAL,CATEGORY_REVIEW_REQUIRED|ENTITY_MERGE_REQUIRED,NONE
NC-CL-R-000413,NC-CL-S-000133,docs/09_collection/ga4-collection-registry-v1.md#G4-P03,docs/09_collection/ga4-collection-registry-v1.md,58,GA4,Claimant and Institutional Relationships,G4-P03,Emergency Protector Relationship,LOSS_OBLIGATION,C1,C1,C1,ACQUISITION|SYNERGY,UNRESOLVED,UNRESOLVED,UNRESOLVED,UNKNOWN,UNRESOLVED,UNRESOLVED,HEURISTIC_PROVISIONAL,CATEGORY_REVIEW_REQUIRED|ENTITY_MERGE_REQUIRED,NONE
NC-CL-R-000414,NC-CL-S-000134,docs/09_collection/ga4-collection-registry-v1.md#G4-P04,docs/09_collection/ga4-collection-registry-v1.md,72,GA4,Claimant and Institutional Relationships,G4-P04,Continuity Custodian Relationship,ENTITY,C1,C1,C1|C7,ACQUISITION|SYNERGY,UNRESOLVED,UNRESOLVED,UNRESOLVED,UNKNOWN,UNRESOLVED,UNRESOLVED,HEURISTIC_PROVISIONAL,CATEGORY_REVIEW_REQUIRED|ENTITY_MERGE_REQUIRED,NONE
NC-CL-R-000415,NC-CL-S-000134,docs/09_collection/ga4-collection-registry-v1.md#G4-P04,docs/09_collection/ga4-collection-registry-v1.md,72,GA4,Claimant and Institutional Relationships,G4-P04,Continuity Custodian Relationship,RELATIONSHIP,C1,C1|C7,C1|C7,ACQUISITION|SYNERGY,UNRESOLVED,UNRESOLVED,UNRESOLVED,UNKNOWN,UNRESOLVED,UNRESOLVED,HEURISTIC_PROVISIONAL,CATEGORY_REVIEW_REQUIRED|ENTITY_MERGE_REQUIRED,NONE
NC-CL-R-000416,NC-CL-S-000134,docs/09_collection/ga4-collection-registry-v1.md#G4-P04,docs/09_collection/ga4-collection-registry-v1.md,72,GA4,Claimant and Institutional Relationships,G4-P04,Continuity Custodian Relationship,STATE_TRANSITION,C1,C1|C7,C1|C7,ACQUISITION|SYNERGY,UNRESOLVED,UNRESOLVED,UNRESOLVED,UNKNOWN,UNRESOLVED,UNRESOLVED,HEURISTIC_PROVISIONAL,CATEGORY_REVIEW_REQUIRED|ENTITY_MERGE_REQUIRED,NONE
NC-CL-R-000417,NC-CL-S-000134,docs/09_collection/ga4-collection-registry-v1.md#G4-P04,docs/09_collection/ga4-collection-registry-v1.md,72,GA4,Claimant and Institutional Relationships,G4-P04,Continuity Custodian Relationship,LOSS_OBLIGATION,C1,C1|C7,C1|C7,ACQUISITION|SYNERGY,UNRESOLVED,UNRESOLVED,UNRESOLVED,UNKNOWN,UNRESOLVED,UNRESOLVED,HEURISTIC_PROVISIONAL,CATEGORY_REVIEW_REQUIRED|ENTITY_MERGE_REQUIRED,NONE
NC-CL-R-000418,NC-CL-S-000135,docs/09_collection/ga4-collection-registry-v1.md#G4-P05,docs/09_collection/ga4-collection-registry-v1.md,86,GA4,Claimant and Institutional Relationships,G4-P05,Provincial Compact Coalition,ENTITY,C7,C7,C7,ACQUISITION|SYNERGY,UNRESOLVED,UNRESOLVED,UNRESOLVED,UNKNOWN,UNRESOLVED,UNRESOLVED,HEURISTIC_PROVISIONAL,CATEGORY_REVIEW_REQUIRED|ENTITY_MERGE_REQUIRED,NONE
NC-CL-R-000419,NC-CL-S-000135,docs/09_collection/ga4-collection-registry-v1.md#G4-P05,docs/09_collection/ga4-collection-registry-v1.md,86,GA4,Claimant and Institutional Relationships,G4-P05,Provincial Compact Coalition,RELATIONSHIP,C7,C7,C7,ACQUISITION|SYNERGY,UNRESOLVED,UNRESOLVED,UNRESOLVED,UNKNOWN,UNRESOLVED,UNRESOLVED,HEURISTIC_PROVISIONAL,CATEGORY_REVIEW_REQUIRED|ENTITY_MERGE_REQUIRED,NONE
NC-CL-R-000420,NC-CL-S-000135,docs/09_collection/ga4-collection-registry-v1.md#G4-P05,docs/09_collection/ga4-collection-registry-v1.md,86,GA4,Claimant and Institutional Relationships,G4-P05,Provincial Compact Coalition,STATE_TRANSITION,C7,C7,C7,ACQUISITION|SYNERGY,UNRESOLVED,UNRESOLVED,UNRESOLVED,UNKNOWN,UNRESOLVED,UNRESOLVED,HEURISTIC_PROVISIONAL,CATEGORY_REVIEW_REQUIRED|ENTITY_MERGE_REQUIRED,NONE
NC-CL-R-000421,NC-CL-S-000135,docs/09_collection/ga4-collection-registry-v1.md#G4-P05,docs/09_collection/ga4-collection-registry-v1.md,86,GA4,Claimant and Institutional Relationships,G4-P05,Provincial Compact Coalition,LOSS_OBLIGATION,C7,C7,C7,ACQUISITION|SYNERGY,UNRESOLVED,UNRESOLVED,UNRESOLVED,UNKNOWN,UNRESOLVED,UNRESOLVED,HEURISTIC_PROVISIONAL,CATEGORY_REVIEW_REQUIRED|ENTITY_MERGE_REQUIRED,NONE
NC-CL-R-000422,NC-CL-S-000136,docs/09_collection/ga4-collection-registry-v1.md#G4-P06,docs/09_collection/ga4-collection-registry-v1.md,100,GA4,Claimant and Institutional Relationships,G4-P06,Founding Covenant Coalition,ENTITY,C7,C7,C7,ACQUISITION|SYNERGY,UNRESOLVED,UNRESOLVED,UNRESOLVED,UNKNOWN,UNRESOLVED,UNRESOLVED,HEURISTIC_PROVISIONAL,CATEGORY_REVIEW_REQUIRED|ENTITY_MERGE_REQUIRED,NONE
NC-CL-R-000423,NC-CL-S-000136,docs/09_collection/ga4-collection-registry-v1.md#G4-P06,docs/09_collection/ga4-collection-registry-v1.md,100,GA4,Claimant and Institutional Relationships,G4-P06,Founding Covenant Coalition,RELATIONSHIP,C7,C7,C7,ACQUISITION|SYNERGY,UNRESOLVED,UNRESOLVED,UNRESOLVED,UNKNOWN,UNRESOLVED,UNRESOLVED,HEURISTIC_PROVISIONAL,CATEGORY_REVIEW_REQUIRED|ENTITY_MERGE_REQUIRED,NONE
NC-CL-R-000424,NC-CL-S-000136,docs/09_collection/ga4-collection-registry-v1.md#G4-P06,docs/09_collection/ga4-collection-registry-v1.md,100,GA4,Claimant and Institutional Relationships,G4-P06,Founding Covenant Coalition,STATE_TRANSITION,C7,C7,C7,ACQUISITION|SYNERGY,UNRESOLVED,UNRESOLVED,UNRESOLVED,UNKNOWN,UNRESOLVED,UNRESOLVED,HEURISTIC_PROVISIONAL,CATEGORY_REVIEW_REQUIRED|ENTITY_MERGE_REQUIRED,NONE
NC-CL-R-000425,NC-CL-S-000136,docs/09_collection/ga4-collection-registry-v1.md#G4-P06,docs/09_collection/ga4-collection-registry-v1.md,100,GA4,Claimant and Institutional Relationships,G4-P06,Founding Covenant Coalition,LOSS_OBLIGATION,C7,C7,C7,ACQUISITION|SYNERGY,UNRESOLVED,UNRESOLVED,UNRESOLVED,UNKNOWN,UNRESOLVED,UNRESOLVED,HEURISTIC_PROVISIONAL,CATEGORY_REVIEW_REQUIRED|ENTITY_MERGE_REQUIRED,NONE
NC-CL-R-000426,NC-CL-S-000137,docs/09_collection/ga4-collection-registry-v1.md#G4-P07,docs/09_collection/ga4-collection-registry-v1.md,114,GA4,Claimant and Institutional Relationships,G4-P07,R-IMP-001 / Intelligence Field Network,ENTITY,C6,C6,C6,ACQUISITION|SYNERGY,UNRESOLVED,UNRESOLVED,UNRESOLVED,UNKNOWN,UNRESOLVED,UNRESOLVED,HEURISTIC_PROVISIONAL,CATEGORY_REVIEW_REQUIRED|ENTITY_MERGE_REQUIRED,NONE
NC-CL-R-000427,NC-CL-S-000137,docs/09_collection/ga4-collection-registry-v1.md#G4-P07,docs/09_collection/ga4-collection-registry-v1.md,114,GA4,Claimant and Institutional Relationships,G4-P07,R-IMP-001 / Intelligence Field Network,STATE_TRANSITION,C6,C6,C6,ACQUISITION|SYNERGY,UNRESOLVED,UNRESOLVED,UNRESOLVED,UNKNOWN,UNRESOLVED,UNRESOLVED,HEURISTIC_PROVISIONAL,CATEGORY_REVIEW_REQUIRED|ENTITY_MERGE_REQUIRED,NONE
NC-CL-R-000428,NC-CL-S-000137,docs/09_collection/ga4-collection-registry-v1.md#G4-P07,docs/09_collection/ga4-collection-registry-v1.md,114,GA4,Claimant and Institutional Relationships,G4-P07,R-IMP-001 / Intelligence Field Network,LOSS_OBLIGATION,C6,C6,C6,ACQUISITION|SYNERGY,UNRESOLVED,UNRESOLVED,UNRESOLVED,UNKNOWN,UNRESOLVED,UNRESOLVED,HEURISTIC_PROVISIONAL,CATEGORY_REVIEW_REQUIRED|ENTITY_MERGE_REQUIRED,NONE
NC-CL-R-000429,NC-CL-S-000138,docs/09_collection/ga4-collection-registry-v1.md#G4-P08,docs/09_collection/ga4-collection-registry-v1.md,128,GA4,Claimant and Institutional Relationships,G4-P08,Witness and Source Coalition,ENTITY,C1,C1|C7,C1|C7,ACQUISITION|SYNERGY,UNRESOLVED,UNRESOLVED,UNRESOLVED,UNKNOWN,UNRESOLVED,UNRESOLVED,HEURISTIC_PROVISIONAL,CATEGORY_REVIEW_REQUIRED|ENTITY_MERGE_REQUIRED,NONE
NC-CL-R-000430,NC-CL-S-000138,docs/09_collection/ga4-collection-registry-v1.md#G4-P08,docs/09_collection/ga4-collection-registry-v1.md,128,GA4,Claimant and Institutional Relationships,G4-P08,Witness and Source Coalition,RELATIONSHIP,C1,C1|C7,C1|C7,ACQUISITION|SYNERGY,UNRESOLVED,UNRESOLVED,UNRESOLVED,UNKNOWN,UNRESOLVED,UNRESOLVED,HEURISTIC_PROVISIONAL,CATEGORY_REVIEW_REQUIRED|ENTITY_MERGE_REQUIRED,NONE
NC-CL-R-000431,NC-CL-S-000138,docs/09_collection/ga4-collection-registry-v1.md#G4-P08,docs/09_collection/ga4-collection-registry-v1.md,128,GA4,Claimant and Institutional Relationships,G4-P08,Witness and Source Coalition,STATE_TRANSITION,C1,C1|C7,C1|C7,ACQUISITION|SYNERGY,UNRESOLVED,UNRESOLVED,UNRESOLVED,UNKNOWN,UNRESOLVED,UNRESOLVED,HEURISTIC_PROVISIONAL,CATEGORY_REVIEW_REQUIRED|ENTITY_MERGE_REQUIRED,NONE
NC-CL-R-000432,NC-CL-S-000138,docs/09_collection/ga4-collection-registry-v1.md#G4-P08,docs/09_collection/ga4-collection-registry-v1.md,128,GA4,Claimant and Institutional Relationships,G4-P08,Witness and Source Coalition,LOSS_OBLIGATION,C1,C1|C7,C1|C7,ACQUISITION|SYNERGY,UNRESOLVED,UNRESOLVED,UNRESOLVED,UNKNOWN,UNRESOLVED,UNRESOLVED,HEURISTIC_PROVISIONAL,CATEGORY_REVIEW_REQUIRED|ENTITY_MERGE_REQUIRED,NONE
NC-CL-R-000433,NC-CL-S-000139,docs/09_collection/ga4-collection-registry-v1.md#G4-E01,docs/09_collection/ga4-collection-registry-v1.md,146,GA4,Succession Evidence and Protocol Targets,G4-E01,Sovereign Medical/Incapacity Record,CONTROL_CLAIM,C7,C7,C7,DISCOVERY|SYNERGY|COMPLETION_LEGACY,UNRESOLVED,UNRESOLVED,UNRESOLVED,UNKNOWN,UNRESOLVED,UNRESOLVED,HEURISTIC_PROVISIONAL,CATEGORY_REVIEW_REQUIRED|ENTITY_MERGE_REQUIRED,NONE
NC-CL-R-000434,NC-CL-S-000139,docs/09_collection/ga4-collection-registry-v1.md#G4-E01,docs/09_collection/ga4-collection-registry-v1.md,146,GA4,Succession Evidence and Protocol Targets,G4-E01,Sovereign Medical/Incapacity Record,STATE_TRANSITION,C7,C7,C7,DISCOVERY|SYNERGY|COMPLETION_LEGACY,UNRESOLVED,UNRESOLVED,UNRESOLVED,UNKNOWN,UNRESOLVED,UNRESOLVED,HEURISTIC_PROVISIONAL,CATEGORY_REVIEW_REQUIRED|ENTITY_MERGE_REQUIRED,NONE
NC-CL-R-000435,NC-CL-S-000140,docs/09_collection/ga4-collection-registry-v1.md#G4-E02,docs/09_collection/ga4-collection-registry-v1.md,160,GA4,Succession Evidence and Protocol Targets,G4-E02,Final Designation Instrument,CONTROL_CLAIM,C1,C1,C1,SYNERGY|COMPLETION_LEGACY,UNRESOLVED,UNRESOLVED,UNRESOLVED,UNKNOWN,UNRESOLVED,UNRESOLVED,HEURISTIC_PROVISIONAL,CATEGORY_REVIEW_REQUIRED|ENTITY_MERGE_REQUIRED,NONE
NC-CL-R-000436,NC-CL-S-000140,docs/09_collection/ga4-collection-registry-v1.md#G4-E02,docs/09_collection/ga4-collection-registry-v1.md,160,GA4,Succession Evidence and Protocol Targets,G4-E02,Final Designation Instrument,STATE_TRANSITION,C1,C1,C1,SYNERGY|COMPLETION_LEGACY,UNRESOLVED,UNRESOLVED,UNRESOLVED,UNKNOWN,UNRESOLVED,UNRESOLVED,HEURISTIC_PROVISIONAL,CATEGORY_REVIEW_REQUIRED|ENTITY_MERGE_REQUIRED,NONE
NC-CL-R-000437,NC-CL-S-000141,docs/09_collection/ga4-collection-registry-v1.md#G4-E03,docs/09_collection/ga4-collection-registry-v1.md,171,GA4,Succession Evidence and Protocol Targets,G4-E03,Registry Lineage Snapshot,CONTROL_CLAIM,C1,C1,C1,SYNERGY|COMPLETION_LEGACY,UNRESOLVED,UNRESOLVED,UNRESOLVED,UNKNOWN,UNRESOLVED,UNRESOLVED,HEURISTIC_PROVISIONAL,CATEGORY_REVIEW_REQUIRED|ENTITY_MERGE_REQUIRED,NONE
NC-CL-R-000438,NC-CL-S-000141,docs/09_collection/ga4-collection-registry-v1.md#G4-E03,docs/09_collection/ga4-collection-registry-v1.md,171,GA4,Succession Evidence and Protocol Targets,G4-E03,Registry Lineage Snapshot,STATE_TRANSITION,C1,C1,C1,SYNERGY|COMPLETION_LEGACY,UNRESOLVED,UNRESOLVED,UNRESOLVED,UNKNOWN,UNRESOLVED,UNRESOLVED,HEURISTIC_PROVISIONAL,CATEGORY_REVIEW_REQUIRED|ENTITY_MERGE_REQUIRED,NONE
NC-CL-R-000439,NC-CL-S-000141,docs/09_collection/ga4-collection-registry-v1.md#G4-E03,docs/09_collection/ga4-collection-registry-v1.md,171,GA4,Succession Evidence and Protocol Targets,G4-E03,Registry Lineage Snapshot,SET,C1,C1,C1,SYNERGY|COMPLETION_LEGACY,UNRESOLVED,UNRESOLVED,UNRESOLVED,UNKNOWN,UNRESOLVED,UNRESOLVED,HEURISTIC_PROVISIONAL,CATEGORY_REVIEW_REQUIRED|ENTITY_MERGE_REQUIRED,NONE
NC-CL-R-000440,NC-CL-S-000142,docs/09_collection/ga4-collection-registry-v1.md#G4-E04,docs/09_collection/ga4-collection-registry-v1.md,182,GA4,Succession Evidence and Protocol Targets,G4-E04,General Staff Emergency Threshold Log,ENTITY,C4,C4,C4,SYNERGY|COMPLETION_LEGACY,UNRESOLVED,UNRESOLVED,UNRESOLVED,UNKNOWN,UNRESOLVED,UNRESOLVED,HEURISTIC_PROVISIONAL,CATEGORY_REVIEW_REQUIRED|ENTITY_MERGE_REQUIRED,NONE
NC-CL-R-000441,NC-CL-S-000142,docs/09_collection/ga4-collection-registry-v1.md#G4-E04,docs/09_collection/ga4-collection-registry-v1.md,182,GA4,Succession Evidence and Protocol Targets,G4-E04,General Staff Emergency Threshold Log,CONTROL_CLAIM,C4,C4,C4,SYNERGY|COMPLETION_LEGACY,UNRESOLVED,UNRESOLVED,UNRESOLVED,UNKNOWN,UNRESOLVED,UNRESOLVED,HEURISTIC_PROVISIONAL,CATEGORY_REVIEW_REQUIRED|ENTITY_MERGE_REQUIRED,NONE
NC-CL-R-000442,NC-CL-S-000142,docs/09_collection/ga4-collection-registry-v1.md#G4-E04,docs/09_collection/ga4-collection-registry-v1.md,182,GA4,Succession Evidence and Protocol Targets,G4-E04,General Staff Emergency Threshold Log,STATE_TRANSITION,C4,C4,C4,SYNERGY|COMPLETION_LEGACY,UNRESOLVED,UNRESOLVED,UNRESOLVED,UNKNOWN,UNRESOLVED,UNRESOLVED,HEURISTIC_PROVISIONAL,CATEGORY_REVIEW_REQUIRED|ENTITY_MERGE_REQUIRED,NONE
NC-CL-R-000443,NC-CL-S-000143,docs/09_collection/ga4-collection-registry-v1.md#G4-E05,docs/09_collection/ga4-collection-registry-v1.md,193,GA4,Succession Evidence and Protocol Targets,G4-E05,Continuity Conflict Hashes,CONTROL_CLAIM,C7,C7,C7,SYNERGY|COMPLETION_LEGACY,UNRESOLVED,UNRESOLVED,UNRESOLVED,UNKNOWN,UNRESOLVED,UNRESOLVED,HEURISTIC_PROVISIONAL,CATEGORY_REVIEW_REQUIRED|ENTITY_MERGE_REQUIRED,NONE
NC-CL-R-000444,NC-CL-S-000143,docs/09_collection/ga4-collection-registry-v1.md#G4-E05,docs/09_collection/ga4-collection-registry-v1.md,193,GA4,Succession Evidence and Protocol Targets,G4-E05,Continuity Conflict Hashes,STATE_TRANSITION,C7,C7,C7,SYNERGY|COMPLETION_LEGACY,UNRESOLVED,UNRESOLVED,UNRESOLVED,UNKNOWN,UNRESOLVED,UNRESOLVED,HEURISTIC_PROVISIONAL,CATEGORY_REVIEW_REQUIRED|ENTITY_MERGE_REQUIRED,NONE
NC-CL-R-000445,NC-CL-S-000144,docs/09_collection/ga4-collection-registry-v1.md#G4-E06,docs/09_collection/ga4-collection-registry-v1.md,204,GA4,Succession Evidence and Protocol Targets,G4-E06,Provincial Recognition Ledger,CONTROL_CLAIM,C7,C7,C7,SYNERGY|COMPLETION_LEGACY,UNRESOLVED,UNRESOLVED,UNRESOLVED,UNKNOWN,UNRESOLVED,UNRESOLVED,HEURISTIC_PROVISIONAL,CATEGORY_REVIEW_REQUIRED|ENTITY_MERGE_REQUIRED,NONE
NC-CL-R-000446,NC-CL-S-000144,docs/09_collection/ga4-collection-registry-v1.md#G4-E06,docs/09_collection/ga4-collection-registry-v1.md,204,GA4,Succession Evidence and Protocol Targets,G4-E06,Provincial Recognition Ledger,STATE_TRANSITION,C7,C7,C7,SYNERGY|COMPLETION_LEGACY,UNRESOLVED,UNRESOLVED,UNRESOLVED,UNKNOWN,UNRESOLVED,UNRESOLVED,HEURISTIC_PROVISIONAL,CATEGORY_REVIEW_REQUIRED|ENTITY_MERGE_REQUIRED,NONE
NC-CL-R-000447,NC-CL-S-000144,docs/09_collection/ga4-collection-registry-v1.md#G4-E06,docs/09_collection/ga4-collection-registry-v1.md,204,GA4,Succession Evidence and Protocol Targets,G4-E06,Provincial Recognition Ledger,LOSS_OBLIGATION,C7,C7,C7,SYNERGY|COMPLETION_LEGACY,UNRESOLVED,UNRESOLVED,UNRESOLVED,UNKNOWN,UNRESOLVED,UNRESOLVED,HEURISTIC_PROVISIONAL,CATEGORY_REVIEW_REQUIRED|ENTITY_MERGE_REQUIRED,NONE
NC-CL-R-000448,NC-CL-S-000145,docs/09_collection/ga4-collection-registry-v1.md#G4-E07,docs/09_collection/ga4-collection-registry-v1.md,218,GA4,Succession Evidence and Protocol Targets,G4-E07,Founding Covenant Originals/Lineage Map,CONTROL_CLAIM,C7,C7,C7,SYNERGY|COMPLETION_LEGACY,UNRESOLVED,UNRESOLVED,UNRESOLVED,UNKNOWN,UNRESOLVED,UNRESOLVED,HEURISTIC_PROVISIONAL,CATEGORY_REVIEW_REQUIRED|ENTITY_MERGE_REQUIRED,NONE
NC-CL-R-000449,NC-CL-S-000145,docs/09_collection/ga4-collection-registry-v1.md#G4-E07,docs/09_collection/ga4-collection-registry-v1.md,218,GA4,Succession Evidence and Protocol Targets,G4-E07,Founding Covenant Originals/Lineage Map,STATE_TRANSITION,C7,C7,C7,SYNERGY|COMPLETION_LEGACY,UNRESOLVED,UNRESOLVED,UNRESOLVED,UNKNOWN,UNRESOLVED,UNRESOLVED,HEURISTIC_PROVISIONAL,CATEGORY_REVIEW_REQUIRED|ENTITY_MERGE_REQUIRED,NONE
NC-CL-R-000450,NC-CL-S-000145,docs/09_collection/ga4-collection-registry-v1.md#G4-E07,docs/09_collection/ga4-collection-registry-v1.md,218,GA4,Succession Evidence and Protocol Targets,G4-E07,Founding Covenant Originals/Lineage Map,SET,C7,C7,C7,SYNERGY|COMPLETION_LEGACY,UNRESOLVED,UNRESOLVED,UNRESOLVED,UNKNOWN,UNRESOLVED,UNRESOLVED,HEURISTIC_PROVISIONAL,CATEGORY_REVIEW_REQUIRED|ENTITY_MERGE_REQUIRED,NONE
NC-CL-R-000451,NC-CL-S-000146,docs/09_collection/ga4-collection-registry-v1.md#G4-E08,docs/09_collection/ga4-collection-registry-v1.md,229,GA4,Succession Evidence and Protocol Targets,G4-E08,Ardis Multiple-Legitimacy Response,CONTROL_CLAIM,C7,C7,C7,SYNERGY|COMPLETION_LEGACY,UNRESOLVED,UNRESOLVED,UNRESOLVED,UNKNOWN,UNRESOLVED,UNRESOLVED,HEURISTIC_PROVISIONAL,CATEGORY_REVIEW_REQUIRED|ENTITY_MERGE_REQUIRED,NONE
NC-CL-R-000452,NC-CL-S-000146,docs/09_collection/ga4-collection-registry-v1.md#G4-E08,docs/09_collection/ga4-collection-registry-v1.md,229,GA4,Succession Evidence and Protocol Targets,G4-E08,Ardis Multiple-Legitimacy Response,STATE_TRANSITION,C7,C7,C7,SYNERGY|COMPLETION_LEGACY,UNRESOLVED,UNRESOLVED,UNRESOLVED,UNKNOWN,UNRESOLVED,UNRESOLVED,HEURISTIC_PROVISIONAL,CATEGORY_REVIEW_REQUIRED|ENTITY_MERGE_REQUIRED,NONE
NC-CL-R-000453,NC-CL-S-000146,docs/09_collection/ga4-collection-registry-v1.md#G4-E08,docs/09_collection/ga4-collection-registry-v1.md,229,GA4,Succession Evidence and Protocol Targets,G4-E08,Ardis Multiple-Legitimacy Response,LOSS_OBLIGATION,C7,C7,C7,SYNERGY|COMPLETION_LEGACY,UNRESOLVED,UNRESOLVED,UNRESOLVED,UNKNOWN,UNRESOLVED,UNRESOLVED,HEURISTIC_PROVISIONAL,CATEGORY_REVIEW_REQUIRED|ENTITY_MERGE_REQUIRED,NONE
NC-CL-R-000454,NC-CL-S-000147,docs/09_collection/ga4-collection-registry-v1.md#G4-E09,docs/09_collection/ga4-collection-registry-v1.md,243,GA4,Succession Evidence and Protocol Targets,G4-E09,Multiple Legitimacy Finding,CONTROL_CLAIM,C7,C7,C7,ACQUISITION|SYNERGY|COMPLETION_LEGACY,UNRESOLVED,UNRESOLVED,UNRESOLVED,UNKNOWN,UNRESOLVED,UNRESOLVED,HEURISTIC_PROVISIONAL,CATEGORY_REVIEW_REQUIRED|ENTITY_MERGE_REQUIRED,NONE
NC-CL-R-000455,NC-CL-S-000147,docs/09_collection/ga4-collection-registry-v1.md#G4-E09,docs/09_collection/ga4-collection-registry-v1.md,243,GA4,Succession Evidence and Protocol Targets,G4-E09,Multiple Legitimacy Finding,STATE_TRANSITION,C7,C7,C7,ACQUISITION|SYNERGY|COMPLETION_LEGACY,UNRESOLVED,UNRESOLVED,UNRESOLVED,UNKNOWN,UNRESOLVED,UNRESOLVED,HEURISTIC_PROVISIONAL,CATEGORY_REVIEW_REQUIRED|ENTITY_MERGE_REQUIRED,NONE
NC-CL-R-000456,NC-CL-S-000147,docs/09_collection/ga4-collection-registry-v1.md#G4-E09,docs/09_collection/ga4-collection-registry-v1.md,243,GA4,Succession Evidence and Protocol Targets,G4-E09,Multiple Legitimacy Finding,LOSS_OBLIGATION,C7,C7,C7,ACQUISITION|SYNERGY|COMPLETION_LEGACY,UNRESOLVED,UNRESOLVED,UNRESOLVED,UNKNOWN,UNRESOLVED,UNRESOLVED,HEURISTIC_PROVISIONAL,CATEGORY_REVIEW_REQUIRED|ENTITY_MERGE_REQUIRED,NONE
NC-CL-R-000457,NC-CL-S-000148,docs/09_collection/ga4-collection-registry-v1.md#G4-E10,docs/09_collection/ga4-collection-registry-v1.md,257,GA4,Succession Evidence and Protocol Targets,G4-E10,Plural Evidence Custody Map,CONTROL_CLAIM,C7,C7,C7,ACQUISITION|SYNERGY|COMPLETION_LEGACY,UNRESOLVED,UNRESOLVED,UNRESOLVED,UNKNOWN,UNRESOLVED,UNRESOLVED,HEURISTIC_PROVISIONAL,CATEGORY_REVIEW_REQUIRED|ENTITY_MERGE_REQUIRED,NONE
NC-CL-R-000458,NC-CL-S-000148,docs/09_collection/ga4-collection-registry-v1.md#G4-E10,docs/09_collection/ga4-collection-registry-v1.md,257,GA4,Succession Evidence and Protocol Targets,G4-E10,Plural Evidence Custody Map,STATE_TRANSITION,C7,C7,C7,ACQUISITION|SYNERGY|COMPLETION_LEGACY,UNRESOLVED,UNRESOLVED,UNRESOLVED,UNKNOWN,UNRESOLVED,UNRESOLVED,HEURISTIC_PROVISIONAL,CATEGORY_REVIEW_REQUIRED|ENTITY_MERGE_REQUIRED,NONE
NC-CL-R-000459,NC-CL-S-000148,docs/09_collection/ga4-collection-registry-v1.md#G4-E10,docs/09_collection/ga4-collection-registry-v1.md,257,GA4,Succession Evidence and Protocol Targets,G4-E10,Plural Evidence Custody Map,LOSS_OBLIGATION,C7,C7,C7,ACQUISITION|SYNERGY|COMPLETION_LEGACY,UNRESOLVED,UNRESOLVED,UNRESOLVED,UNKNOWN,UNRESOLVED,UNRESOLVED,HEURISTIC_PROVISIONAL,CATEGORY_REVIEW_REQUIRED|ENTITY_MERGE_REQUIRED,NONE
NC-CL-R-000460,NC-CL-S-000149,docs/09_collection/ga4-collection-registry-v1.md#G4-R01,docs/09_collection/ga4-collection-registry-v1.md,275,GA4,Public-Service and Administrative Targets,G4-R01,Emergency Service Payment Scheme,STATE_TRANSITION,C7,C7,C7,SYNERGY|COMPLETION_LEGACY,UNRESOLVED,UNRESOLVED,UNRESOLVED,UNKNOWN,UNRESOLVED,UNRESOLVED,HEURISTIC_PROVISIONAL,CATEGORY_REVIEW_REQUIRED|ENTITY_MERGE_REQUIRED,NONE
NC-CL-R-000461,NC-CL-S-000149,docs/09_collection/ga4-collection-registry-v1.md#G4-R01,docs/09_collection/ga4-collection-registry-v1.md,275,GA4,Public-Service and Administrative Targets,G4-R01,Emergency Service Payment Scheme,LOSS_OBLIGATION,C7,C7,C7,SYNERGY|COMPLETION_LEGACY,UNRESOLVED,UNRESOLVED,UNRESOLVED,UNKNOWN,UNRESOLVED,UNRESOLVED,HEURISTIC_PROVISIONAL,CATEGORY_REVIEW_REQUIRED|ENTITY_MERGE_REQUIRED,NONE
NC-CL-R-000462,NC-CL-S-000150,docs/09_collection/ga4-collection-registry-v1.md#G4-R02,docs/09_collection/ga4-collection-registry-v1.md,289,GA4,Public-Service and Administrative Targets,G4-R02,Partial Accession/Ceremonial Recognition,STATE_TRANSITION,C7,C7,C7,ACQUISITION|SYNERGY|COMPLETION_LEGACY,UNRESOLVED,UNRESOLVED,UNRESOLVED,UNKNOWN,UNRESOLVED,UNRESOLVED,HEURISTIC_PROVISIONAL,CATEGORY_REVIEW_REQUIRED|ENTITY_MERGE_REQUIRED,NONE
NC-CL-R-000463,NC-CL-S-000150,docs/09_collection/ga4-collection-registry-v1.md#G4-R02,docs/09_collection/ga4-collection-registry-v1.md,289,GA4,Public-Service and Administrative Targets,G4-R02,Partial Accession/Ceremonial Recognition,LOSS_OBLIGATION,C7,C7,C7,ACQUISITION|SYNERGY|COMPLETION_LEGACY,UNRESOLVED,UNRESOLVED,UNRESOLVED,UNKNOWN,UNRESOLVED,UNRESOLVED,HEURISTIC_PROVISIONAL,CATEGORY_REVIEW_REQUIRED|ENTITY_MERGE_REQUIRED,NONE
NC-CL-R-000464,NC-CL-S-000151,docs/09_collection/ga4-collection-registry-v1.md#G4-R03,docs/09_collection/ga4-collection-registry-v1.md,303,GA4,Public-Service and Administrative Targets,G4-R03,Provincial Consultation and Burden Mechanism,STATE_TRANSITION,C7,C7,C7,SYNERGY|COMPLETION_LEGACY,UNRESOLVED,UNRESOLVED,UNRESOLVED,UNKNOWN,UNRESOLVED,UNRESOLVED,HEURISTIC_PROVISIONAL,CATEGORY_REVIEW_REQUIRED|ENTITY_MERGE_REQUIRED,NONE
NC-CL-R-000465,NC-CL-S-000151,docs/09_collection/ga4-collection-registry-v1.md#G4-R03,docs/09_collection/ga4-collection-registry-v1.md,303,GA4,Public-Service and Administrative Targets,G4-R03,Provincial Consultation and Burden Mechanism,LOSS_OBLIGATION,C7,C7,C7,SYNERGY|COMPLETION_LEGACY,UNRESOLVED,UNRESOLVED,UNRESOLVED,UNKNOWN,UNRESOLVED,UNRESOLVED,HEURISTIC_PROVISIONAL,CATEGORY_REVIEW_REQUIRED|ENTITY_MERGE_REQUIRED,NONE
NC-CL-R-000466,NC-CL-S-000152,docs/09_collection/ga4-collection-registry-v1.md#G4-R04,docs/09_collection/ga4-collection-registry-v1.md,317,GA4,Public-Service and Administrative Targets,G4-R04,Audited Executive Regency,STATE_TRANSITION,C7,C7,C7,SYNERGY|COMPLETION_LEGACY,UNRESOLVED,UNRESOLVED,UNRESOLVED,UNKNOWN,UNRESOLVED,UNRESOLVED,HEURISTIC_PROVISIONAL,CATEGORY_REVIEW_REQUIRED|ENTITY_MERGE_REQUIRED,NONE
NC-CL-R-000467,NC-CL-S-000152,docs/09_collection/ga4-collection-registry-v1.md#G4-R04,docs/09_collection/ga4-collection-registry-v1.md,317,GA4,Public-Service and Administrative Targets,G4-R04,Audited Executive Regency,LOSS_OBLIGATION,C7,C7,C7,SYNERGY|COMPLETION_LEGACY,UNRESOLVED,UNRESOLVED,UNRESOLVED,UNKNOWN,UNRESOLVED,UNRESOLVED,HEURISTIC_PROVISIONAL,CATEGORY_REVIEW_REQUIRED|ENTITY_MERGE_REQUIRED,NONE
NC-CL-R-000468,NC-CL-S-000153,docs/09_collection/ga4-collection-registry-v1.md#G4-R05,docs/09_collection/ga4-collection-registry-v1.md,331,GA4,Public-Service and Administrative Targets,G4-R05,Military Protector Mandate,ENTITY,C1,C1|C7,C1|C7,SYNERGY|COMPLETION_LEGACY,UNRESOLVED,UNRESOLVED,UNRESOLVED,UNKNOWN,UNRESOLVED,UNRESOLVED,HEURISTIC_PROVISIONAL,CATEGORY_REVIEW_REQUIRED|ENTITY_MERGE_REQUIRED,NONE
NC-CL-R-000469,NC-CL-S-000153,docs/09_collection/ga4-collection-registry-v1.md#G4-R05,docs/09_collection/ga4-collection-registry-v1.md,331,GA4,Public-Service and Administrative Targets,G4-R05,Military Protector Mandate,CONTROL_CLAIM,C1,C1|C7,C1|C7,SYNERGY|COMPLETION_LEGACY,UNRESOLVED,UNRESOLVED,UNRESOLVED,UNKNOWN,UNRESOLVED,UNRESOLVED,HEURISTIC_PROVISIONAL,CATEGORY_REVIEW_REQUIRED|ENTITY_MERGE_REQUIRED,NONE
NC-CL-R-000470,NC-CL-S-000153,docs/09_collection/ga4-collection-registry-v1.md#G4-R05,docs/09_collection/ga4-collection-registry-v1.md,331,GA4,Public-Service and Administrative Targets,G4-R05,Military Protector Mandate,STATE_TRANSITION,C1,C1|C7,C1|C7,SYNERGY|COMPLETION_LEGACY,UNRESOLVED,UNRESOLVED,UNRESOLVED,UNKNOWN,UNRESOLVED,UNRESOLVED,HEURISTIC_PROVISIONAL,CATEGORY_REVIEW_REQUIRED|ENTITY_MERGE_REQUIRED,NONE
NC-CL-R-000471,NC-CL-S-000153,docs/09_collection/ga4-collection-registry-v1.md#G4-R05,docs/09_collection/ga4-collection-registry-v1.md,331,GA4,Public-Service and Administrative Targets,G4-R05,Military Protector Mandate,LOSS_OBLIGATION,C1,C1|C7,C1|C7,SYNERGY|COMPLETION_LEGACY,UNRESOLVED,UNRESOLVED,UNRESOLVED,UNKNOWN,UNRESOLVED,UNRESOLVED,HEURISTIC_PROVISIONAL,CATEGORY_REVIEW_REQUIRED|ENTITY_MERGE_REQUIRED,NONE
NC-CL-R-000472,NC-CL-S-000154,docs/09_collection/ga4-collection-registry-v1.md#G4-R06,docs/09_collection/ga4-collection-registry-v1.md,345,GA4,Public-Service and Administrative Targets,G4-R06,Bounded Continuity Verification Charter,CONTROL_CLAIM,C7,C7,C7,SYNERGY|COMPLETION_LEGACY,UNRESOLVED,UNRESOLVED,UNRESOLVED,UNKNOWN,UNRESOLVED,UNRESOLVED,HEURISTIC_PROVISIONAL,CATEGORY_REVIEW_REQUIRED|ENTITY_MERGE_REQUIRED,NONE
NC-CL-R-000473,NC-CL-S-000154,docs/09_collection/ga4-collection-registry-v1.md#G4-R06,docs/09_collection/ga4-collection-registry-v1.md,345,GA4,Public-Service and Administrative Targets,G4-R06,Bounded Continuity Verification Charter,STATE_TRANSITION,C7,C7,C7,SYNERGY|COMPLETION_LEGACY,UNRESOLVED,UNRESOLVED,UNRESOLVED,UNKNOWN,UNRESOLVED,UNRESOLVED,HEURISTIC_PROVISIONAL,CATEGORY_REVIEW_REQUIRED|ENTITY_MERGE_REQUIRED,NONE
NC-CL-R-000474,NC-CL-S-000154,docs/09_collection/ga4-collection-registry-v1.md#G4-R06,docs/09_collection/ga4-collection-registry-v1.md,345,GA4,Public-Service and Administrative Targets,G4-R06,Bounded Continuity Verification Charter,LOSS_OBLIGATION,C7,C7,C7,SYNERGY|COMPLETION_LEGACY,UNRESOLVED,UNRESOLVED,UNRESOLVED,UNKNOWN,UNRESOLVED,UNRESOLVED,HEURISTIC_PROVISIONAL,CATEGORY_REVIEW_REQUIRED|ENTITY_MERGE_REQUIRED,NONE
NC-CL-R-000475,NC-CL-S-000155,docs/09_collection/ga4-collection-registry-v1.md#G4-R07,docs/09_collection/ga4-collection-registry-v1.md,359,GA4,Public-Service and Administrative Targets,G4-R07,Public Findings and Protected-Source Protocol,CONTROL_CLAIM,C6,C6,C6,SYNERGY|COMPLETION_LEGACY,UNRESOLVED,UNRESOLVED,UNRESOLVED,UNKNOWN,UNRESOLVED,UNRESOLVED,HEURISTIC_PROVISIONAL,CATEGORY_REVIEW_REQUIRED|ENTITY_MERGE_REQUIRED,NONE
NC-CL-R-000476,NC-CL-S-000155,docs/09_collection/ga4-collection-registry-v1.md#G4-R07,docs/09_collection/ga4-collection-registry-v1.md,359,GA4,Public-Service and Administrative Targets,G4-R07,Public Findings and Protected-Source Protocol,STATE_TRANSITION,C6,C6,C6,SYNERGY|COMPLETION_LEGACY,UNRESOLVED,UNRESOLVED,UNRESOLVED,UNKNOWN,UNRESOLVED,UNRESOLVED,HEURISTIC_PROVISIONAL,CATEGORY_REVIEW_REQUIRED|ENTITY_MERGE_REQUIRED,NONE
NC-CL-R-000477,NC-CL-S-000155,docs/09_collection/ga4-collection-registry-v1.md#G4-R07,docs/09_collection/ga4-collection-registry-v1.md,359,GA4,Public-Service and Administrative Targets,G4-R07,Public Findings and Protected-Source Protocol,LOSS_OBLIGATION,C6,C6,C6,SYNERGY|COMPLETION_LEGACY,UNRESOLVED,UNRESOLVED,UNRESOLVED,UNKNOWN,UNRESOLVED,UNRESOLVED,HEURISTIC_PROVISIONAL,CATEGORY_REVIEW_REQUIRED|ENTITY_MERGE_REQUIRED,NONE
NC-CL-R-000478,NC-CL-S-000156,docs/09_collection/ga4-collection-registry-v1.md#G4-R08,docs/09_collection/ga4-collection-registry-v1.md,373,GA4,Public-Service and Administrative Targets,G4-R08,Imperial Continuity Compact Draft,RELATIONSHIP,C7,C7,C7,SYNERGY|COMPLETION_LEGACY,UNRESOLVED,UNRESOLVED,UNRESOLVED,UNKNOWN,UNRESOLVED,UNRESOLVED,HEURISTIC_PROVISIONAL,CATEGORY_REVIEW_REQUIRED|ENTITY_MERGE_REQUIRED,NONE
NC-CL-R-000479,NC-CL-S-000156,docs/09_collection/ga4-collection-registry-v1.md#G4-R08,docs/09_collection/ga4-collection-registry-v1.md,373,GA4,Public-Service and Administrative Targets,G4-R08,Imperial Continuity Compact Draft,STATE_TRANSITION,C7,C7,C7,SYNERGY|COMPLETION_LEGACY,UNRESOLVED,UNRESOLVED,UNRESOLVED,UNKNOWN,UNRESOLVED,UNRESOLVED,HEURISTIC_PROVISIONAL,CATEGORY_REVIEW_REQUIRED|ENTITY_MERGE_REQUIRED,NONE
NC-CL-R-000480,NC-CL-S-000156,docs/09_collection/ga4-collection-registry-v1.md#G4-R08,docs/09_collection/ga4-collection-registry-v1.md,373,GA4,Public-Service and Administrative Targets,G4-R08,Imperial Continuity Compact Draft,LOSS_OBLIGATION,C7,C7,C7,SYNERGY|COMPLETION_LEGACY,UNRESOLVED,UNRESOLVED,UNRESOLVED,UNKNOWN,UNRESOLVED,UNRESOLVED,HEURISTIC_PROVISIONAL,CATEGORY_REVIEW_REQUIRED|ENTITY_MERGE_REQUIRED,NONE
NC-CL-R-000481,NC-CL-S-000157,docs/09_collection/ga4-collection-registry-v1.md#G4-R09,docs/09_collection/ga4-collection-registry-v1.md,387,GA4,Public-Service and Administrative Targets,G4-R09,Imperial Continuity Compact,RELATIONSHIP,C7,C7,C7,SYNERGY|COMPLETION_LEGACY,UNRESOLVED,UNRESOLVED,UNRESOLVED,UNKNOWN,UNRESOLVED,UNRESOLVED,HEURISTIC_PROVISIONAL,CATEGORY_REVIEW_REQUIRED|ENTITY_MERGE_REQUIRED,NONE
NC-CL-R-000482,NC-CL-S-000157,docs/09_collection/ga4-collection-registry-v1.md#G4-R09,docs/09_collection/ga4-collection-registry-v1.md,387,GA4,Public-Service and Administrative Targets,G4-R09,Imperial Continuity Compact,STATE_TRANSITION,C7,C7,C7,SYNERGY|COMPLETION_LEGACY,UNRESOLVED,UNRESOLVED,UNRESOLVED,UNKNOWN,UNRESOLVED,UNRESOLVED,HEURISTIC_PROVISIONAL,CATEGORY_REVIEW_REQUIRED|ENTITY_MERGE_REQUIRED,NONE
NC-CL-R-000483,NC-CL-S-000157,docs/09_collection/ga4-collection-registry-v1.md#G4-R09,docs/09_collection/ga4-collection-registry-v1.md,387,GA4,Public-Service and Administrative Targets,G4-R09,Imperial Continuity Compact,LOSS_OBLIGATION,C7,C7,C7,SYNERGY|COMPLETION_LEGACY,UNRESOLVED,UNRESOLVED,UNRESOLVED,UNKNOWN,UNRESOLVED,UNRESOLVED,HEURISTIC_PROVISIONAL,CATEGORY_REVIEW_REQUIRED|ENTITY_MERGE_REQUIRED,NONE
NC-CL-R-000484,NC-CL-S-000158,docs/09_collection/ga4-collection-registry-v1.md#G4-R10,docs/09_collection/ga4-collection-registry-v1.md,406,GA4,Public-Service and Administrative Targets,G4-R10,Compact Sunset/Review/Removal Schedule,RELATIONSHIP,C7,C7,C7,SYNERGY|COMPLETION_LEGACY,UNRESOLVED,UNRESOLVED,UNRESOLVED,UNKNOWN,UNRESOLVED,UNRESOLVED,HEURISTIC_PROVISIONAL,CATEGORY_REVIEW_REQUIRED|ENTITY_MERGE_REQUIRED,NONE
NC-CL-R-000485,NC-CL-S-000158,docs/09_collection/ga4-collection-registry-v1.md#G4-R10,docs/09_collection/ga4-collection-registry-v1.md,406,GA4,Public-Service and Administrative Targets,G4-R10,Compact Sunset/Review/Removal Schedule,STATE_TRANSITION,C7,C7,C7,SYNERGY|COMPLETION_LEGACY,UNRESOLVED,UNRESOLVED,UNRESOLVED,UNKNOWN,UNRESOLVED,UNRESOLVED,HEURISTIC_PROVISIONAL,CATEGORY_REVIEW_REQUIRED|ENTITY_MERGE_REQUIRED,NONE
NC-CL-R-000486,NC-CL-S-000158,docs/09_collection/ga4-collection-registry-v1.md#G4-R10,docs/09_collection/ga4-collection-registry-v1.md,406,GA4,Public-Service and Administrative Targets,G4-R10,Compact Sunset/Review/Removal Schedule,LOSS_OBLIGATION,C7,C7,C7,SYNERGY|COMPLETION_LEGACY,UNRESOLVED,UNRESOLVED,UNRESOLVED,UNKNOWN,UNRESOLVED,UNRESOLVED,HEURISTIC_PROVISIONAL,CATEGORY_REVIEW_REQUIRED|ENTITY_MERGE_REQUIRED,NONE
NC-CL-R-000487,NC-CL-S-000159,docs/09_collection/ga4-collection-registry-v1.md#G4-M01,docs/09_collection/ga4-collection-registry-v1.md,424,GA4,"Military, Route and Industrial Targets",G4-M01,Core Force Alignment Map,STATE_TRANSITION,C8,C8,C8,SYNERGY|COMPLETION_LEGACY,UNRESOLVED,UNRESOLVED,UNRESOLVED,UNKNOWN,UNRESOLVED,UNRESOLVED,HEURISTIC_PROVISIONAL,CATEGORY_REVIEW_REQUIRED|ENTITY_MERGE_REQUIRED,NONE
NC-CL-R-000488,NC-CL-S-000159,docs/09_collection/ga4-collection-registry-v1.md#G4-M01,docs/09_collection/ga4-collection-registry-v1.md,424,GA4,"Military, Route and Industrial Targets",G4-M01,Core Force Alignment Map,LOSS_OBLIGATION,C8,C8,C8,SYNERGY|COMPLETION_LEGACY,UNRESOLVED,UNRESOLVED,UNRESOLVED,UNKNOWN,UNRESOLVED,UNRESOLVED,HEURISTIC_PROVISIONAL,CATEGORY_REVIEW_REQUIRED|ENTITY_MERGE_REQUIRED,NONE
NC-CL-R-000489,NC-CL-S-000160,docs/09_collection/ga4-collection-registry-v1.md#G4-M02,docs/09_collection/ga4-collection-registry-v1.md,438,GA4,"Military, Route and Industrial Targets",G4-M02,Bounded Common Military Intent,STATE_TRANSITION,C8,C8,C8,SYNERGY|COMPLETION_LEGACY,UNRESOLVED,UNRESOLVED,UNRESOLVED,UNKNOWN,UNRESOLVED,UNRESOLVED,HEURISTIC_PROVISIONAL,CATEGORY_REVIEW_REQUIRED|ENTITY_MERGE_REQUIRED,NONE
NC-CL-R-000490,NC-CL-S-000160,docs/09_collection/ga4-collection-registry-v1.md#G4-M02,docs/09_collection/ga4-collection-registry-v1.md,438,GA4,"Military, Route and Industrial Targets",G4-M02,Bounded Common Military Intent,LOSS_OBLIGATION,C8,C8,C8,SYNERGY|COMPLETION_LEGACY,UNRESOLVED,UNRESOLVED,UNRESOLVED,UNKNOWN,UNRESOLVED,UNRESOLVED,HEURISTIC_PROVISIONAL,CATEGORY_REVIEW_REQUIRED|ENTITY_MERGE_REQUIRED,NONE
NC-CL-R-000491,NC-CL-S-000161,docs/09_collection/ga4-collection-registry-v1.md#G4-M03,docs/09_collection/ga4-collection-registry-v1.md,452,GA4,"Military, Route and Industrial Targets",G4-M03,Meridian Anchor Split-Key Scheme,ENTITY,C4,C4,C4|C8,ACQUISITION|SYNERGY|COMPLETION_LEGACY,UNRESOLVED,UNRESOLVED,UNRESOLVED,UNKNOWN,UNRESOLVED,UNRESOLVED,HEURISTIC_PROVISIONAL,CATEGORY_REVIEW_REQUIRED|ENTITY_MERGE_REQUIRED,NONE
NC-CL-R-000492,NC-CL-S-000161,docs/09_collection/ga4-collection-registry-v1.md#G4-M03,docs/09_collection/ga4-collection-registry-v1.md,452,GA4,"Military, Route and Industrial Targets",G4-M03,Meridian Anchor Split-Key Scheme,STATE_TRANSITION,C4,C4|C8,C4|C8,ACQUISITION|SYNERGY|COMPLETION_LEGACY,UNRESOLVED,UNRESOLVED,UNRESOLVED,UNKNOWN,UNRESOLVED,UNRESOLVED,HEURISTIC_PROVISIONAL,CATEGORY_REVIEW_REQUIRED|ENTITY_MERGE_REQUIRED,NONE
NC-CL-R-000493,NC-CL-S-000161,docs/09_collection/ga4-collection-registry-v1.md#G4-M03,docs/09_collection/ga4-collection-registry-v1.md,452,GA4,"Military, Route and Industrial Targets",G4-M03,Meridian Anchor Split-Key Scheme,LOSS_OBLIGATION,C4,C4|C8,C4|C8,ACQUISITION|SYNERGY|COMPLETION_LEGACY,UNRESOLVED,UNRESOLVED,UNRESOLVED,UNKNOWN,UNRESOLVED,UNRESOLVED,HEURISTIC_PROVISIONAL,CATEGORY_REVIEW_REQUIRED|ENTITY_MERGE_REQUIRED,NONE
NC-CL-R-000494,NC-CL-S-000162,docs/09_collection/ga4-collection-registry-v1.md#G4-M04,docs/09_collection/ga4-collection-registry-v1.md,466,GA4,"Military, Route and Industrial Targets",G4-M04,Helios Shipyard Continuity Agreement,STATE_TRANSITION,C8,C8,C8,ACQUISITION|SYNERGY|COMPLETION_LEGACY,UNRESOLVED,UNRESOLVED,UNRESOLVED,UNKNOWN,UNRESOLVED,UNRESOLVED,HEURISTIC_PROVISIONAL,CATEGORY_REVIEW_REQUIRED|ENTITY_MERGE_REQUIRED,NONE
NC-CL-R-000495,NC-CL-S-000162,docs/09_collection/ga4-collection-registry-v1.md#G4-M04,docs/09_collection/ga4-collection-registry-v1.md,466,GA4,"Military, Route and Industrial Targets",G4-M04,Helios Shipyard Continuity Agreement,LOSS_OBLIGATION,C8,C8,C8,ACQUISITION|SYNERGY|COMPLETION_LEGACY,UNRESOLVED,UNRESOLVED,UNRESOLVED,UNKNOWN,UNRESOLVED,UNRESOLVED,HEURISTIC_PROVISIONAL,CATEGORY_REVIEW_REQUIRED|ENTITY_MERGE_REQUIRED,NONE
NC-CL-R-000496,NC-CL-S-000163,docs/09_collection/ga4-collection-registry-v1.md#G4-M05,docs/09_collection/ga4-collection-registry-v1.md,480,GA4,"Military, Route and Industrial Targets",G4-M05,Provincial/Core Courier and Safe-Passage Network,ENTITY,C6,C6|C8,C6|C8,SYNERGY|COMPLETION_LEGACY,UNRESOLVED,UNRESOLVED,UNRESOLVED,UNKNOWN,UNRESOLVED,UNRESOLVED,HEURISTIC_PROVISIONAL,CATEGORY_REVIEW_REQUIRED|ENTITY_MERGE_REQUIRED,NONE
NC-CL-R-000497,NC-CL-S-000163,docs/09_collection/ga4-collection-registry-v1.md#G4-M05,docs/09_collection/ga4-collection-registry-v1.md,480,GA4,"Military, Route and Industrial Targets",G4-M05,Provincial/Core Courier and Safe-Passage Network,STATE_TRANSITION,C6,C6|C8,C6|C8,SYNERGY|COMPLETION_LEGACY,UNRESOLVED,UNRESOLVED,UNRESOLVED,UNKNOWN,UNRESOLVED,UNRESOLVED,HEURISTIC_PROVISIONAL,CATEGORY_REVIEW_REQUIRED|ENTITY_MERGE_REQUIRED,NONE
NC-CL-R-000498,NC-CL-S-000163,docs/09_collection/ga4-collection-registry-v1.md#G4-M05,docs/09_collection/ga4-collection-registry-v1.md,480,GA4,"Military, Route and Industrial Targets",G4-M05,Provincial/Core Courier and Safe-Passage Network,LOSS_OBLIGATION,C6,C6|C8,C6|C8,SYNERGY|COMPLETION_LEGACY,UNRESOLVED,UNRESOLVED,UNRESOLVED,UNKNOWN,UNRESOLVED,UNRESOLVED,HEURISTIC_PROVISIONAL,CATEGORY_REVIEW_REQUIRED|ENTITY_MERGE_REQUIRED,NONE
NC-CL-R-000499,NC-CL-S-000164,docs/09_collection/ga4-collection-registry-v1.md#G4-M06,docs/09_collection/ga4-collection-registry-v1.md,494,GA4,"Military, Route and Industrial Targets",G4-M06,Strategically Recognized P-001 Coalition Status,ENTITY,C7,C7,C7|C8,SYNERGY|COMPLETION_LEGACY,UNRESOLVED,UNRESOLVED,UNRESOLVED,UNKNOWN,UNRESOLVED,UNRESOLVED,HEURISTIC_PROVISIONAL,CATEGORY_REVIEW_REQUIRED|ENTITY_MERGE_REQUIRED,NONE
NC-CL-R-000500,NC-CL-S-000164,docs/09_collection/ga4-collection-registry-v1.md#G4-M06,docs/09_collection/ga4-collection-registry-v1.md,494,GA4,"Military, Route and Industrial Targets",G4-M06,Strategically Recognized P-001 Coalition Status,RELATIONSHIP,C7,C7|C8,C7|C8,SYNERGY|COMPLETION_LEGACY,UNRESOLVED,UNRESOLVED,UNRESOLVED,UNKNOWN,UNRESOLVED,UNRESOLVED,HEURISTIC_PROVISIONAL,CATEGORY_REVIEW_REQUIRED|ENTITY_MERGE_REQUIRED,NONE
NC-CL-R-000501,NC-CL-S-000164,docs/09_collection/ga4-collection-registry-v1.md#G4-M06,docs/09_collection/ga4-collection-registry-v1.md,494,GA4,"Military, Route and Industrial Targets",G4-M06,Strategically Recognized P-001 Coalition Status,STATE_TRANSITION,C7,C7|C8,C7|C8,SYNERGY|COMPLETION_LEGACY,UNRESOLVED,UNRESOLVED,UNRESOLVED,UNKNOWN,UNRESOLVED,UNRESOLVED,HEURISTIC_PROVISIONAL,CATEGORY_REVIEW_REQUIRED|ENTITY_MERGE_REQUIRED,NONE
NC-CL-R-000502,NC-CL-S-000164,docs/09_collection/ga4-collection-registry-v1.md#G4-M06,docs/09_collection/ga4-collection-registry-v1.md,494,GA4,"Military, Route and Industrial Targets",G4-M06,Strategically Recognized P-001 Coalition Status,LOSS_OBLIGATION,C7,C7|C8,C7|C8,SYNERGY|COMPLETION_LEGACY,UNRESOLVED,UNRESOLVED,UNRESOLVED,UNKNOWN,UNRESOLVED,UNRESOLVED,HEURISTIC_PROVISIONAL,CATEGORY_REVIEW_REQUIRED|ENTITY_MERGE_REQUIRED,NONE
NC-CL-R-000503,NC-CL-S-000165,docs/09_collection/ga4-collection-registry-v1.md#G4-X01,docs/09_collection/ga4-collection-registry-v1.md,512,GA4,Mystery and Symbolic Targets,G4-X01,Curated Imperial Future History,STATE_TRANSITION,C4,C4,C4,DISCOVERY|ACQUISITION|SYNERGY|COMPLETION_LEGACY,UNRESOLVED,UNRESOLVED,UNRESOLVED,UNKNOWN,UNRESOLVED,UNRESOLVED,HEURISTIC_PROVISIONAL,CATEGORY_REVIEW_REQUIRED|ENTITY_MERGE_REQUIRED,NONE
NC-CL-R-000504,NC-CL-S-000165,docs/09_collection/ga4-collection-registry-v1.md#G4-X01,docs/09_collection/ga4-collection-registry-v1.md,512,GA4,Mystery and Symbolic Targets,G4-X01,Curated Imperial Future History,NARRATIVE_PROMISE,C4,C4,C4,DISCOVERY|ACQUISITION|SYNERGY|COMPLETION_LEGACY,UNRESOLVED,UNRESOLVED,UNRESOLVED,UNKNOWN,UNRESOLVED,UNRESOLVED,HEURISTIC_PROVISIONAL,CATEGORY_REVIEW_REQUIRED|ENTITY_MERGE_REQUIRED,NONE
NC-CL-R-000505,NC-CL-S-000166,docs/09_collection/ga4-collection-registry-v1.md#G4-X02,docs/09_collection/ga4-collection-registry-v1.md,523,GA4,Mystery and Symbolic Targets,G4-X02,P-001 Institutional Erasure Evidence,CONTROL_CLAIM,C4,C4,C4,DISCOVERY|SYNERGY|COMPLETION_LEGACY,UNRESOLVED,UNRESOLVED,UNRESOLVED,UNKNOWN,UNRESOLVED,UNRESOLVED,HEURISTIC_PROVISIONAL,CATEGORY_REVIEW_REQUIRED|ENTITY_MERGE_REQUIRED,NONE
NC-CL-R-000506,NC-CL-S-000166,docs/09_collection/ga4-collection-registry-v1.md#G4-X02,docs/09_collection/ga4-collection-registry-v1.md,523,GA4,Mystery and Symbolic Targets,G4-X02,P-001 Institutional Erasure Evidence,STATE_TRANSITION,C4,C4,C4,DISCOVERY|SYNERGY|COMPLETION_LEGACY,UNRESOLVED,UNRESOLVED,UNRESOLVED,UNKNOWN,UNRESOLVED,UNRESOLVED,HEURISTIC_PROVISIONAL,CATEGORY_REVIEW_REQUIRED|ENTITY_MERGE_REQUIRED,NONE
NC-CL-R-000507,NC-CL-S-000166,docs/09_collection/ga4-collection-registry-v1.md#G4-X02,docs/09_collection/ga4-collection-registry-v1.md,523,GA4,Mystery and Symbolic Targets,G4-X02,P-001 Institutional Erasure Evidence,NARRATIVE_PROMISE,C4,C4,C4,DISCOVERY|SYNERGY|COMPLETION_LEGACY,UNRESOLVED,UNRESOLVED,UNRESOLVED,UNKNOWN,UNRESOLVED,UNRESOLVED,HEURISTIC_PROVISIONAL,CATEGORY_REVIEW_REQUIRED|ENTITY_MERGE_REQUIRED,NONE
NC-CL-R-000508,NC-CL-S-000167,docs/09_collection/ga4-collection-registry-v1.md#G4-X03,docs/09_collection/ga4-collection-registry-v1.md,534,GA4,Mystery and Symbolic Targets,G4-X03,Continuity Office Public Legitimacy,ENTITY,C7,C7,C7,DISCOVERY|SYNERGY|COMPLETION_LEGACY,UNRESOLVED,UNRESOLVED,UNRESOLVED,UNKNOWN,UNRESOLVED,UNRESOLVED,HEURISTIC_PROVISIONAL,CATEGORY_REVIEW_REQUIRED|ENTITY_MERGE_REQUIRED,NONE
NC-CL-R-000509,NC-CL-S-000167,docs/09_collection/ga4-collection-registry-v1.md#G4-X03,docs/09_collection/ga4-collection-registry-v1.md,534,GA4,Mystery and Symbolic Targets,G4-X03,Continuity Office Public Legitimacy,STATE_TRANSITION,C7,C7,C7,DISCOVERY|SYNERGY|COMPLETION_LEGACY,UNRESOLVED,UNRESOLVED,UNRESOLVED,UNKNOWN,UNRESOLVED,UNRESOLVED,HEURISTIC_PROVISIONAL,CATEGORY_REVIEW_REQUIRED|ENTITY_MERGE_REQUIRED,NONE
NC-CL-R-000510,NC-CL-S-000167,docs/09_collection/ga4-collection-registry-v1.md#G4-X03,docs/09_collection/ga4-collection-registry-v1.md,534,GA4,Mystery and Symbolic Targets,G4-X03,Continuity Office Public Legitimacy,LOSS_OBLIGATION,C7,C7,C7,DISCOVERY|SYNERGY|COMPLETION_LEGACY,UNRESOLVED,UNRESOLVED,UNRESOLVED,UNKNOWN,UNRESOLVED,UNRESOLVED,HEURISTIC_PROVISIONAL,CATEGORY_REVIEW_REQUIRED|ENTITY_MERGE_REQUIRED,NONE
NC-CL-R-000511,NC-CL-S-000167,docs/09_collection/ga4-collection-registry-v1.md#G4-X03,docs/09_collection/ga4-collection-registry-v1.md,534,GA4,Mystery and Symbolic Targets,G4-X03,Continuity Office Public Legitimacy,NARRATIVE_PROMISE,C7,C7,C7,DISCOVERY|SYNERGY|COMPLETION_LEGACY,UNRESOLVED,UNRESOLVED,UNRESOLVED,UNKNOWN,UNRESOLVED,UNRESOLVED,HEURISTIC_PROVISIONAL,CATEGORY_REVIEW_REQUIRED|ENTITY_MERGE_REQUIRED,NONE
NC-CL-R-000512,NC-CL-S-000168,docs/09_collection/ga4-collection-registry-v1.md#G4-I01,docs/09_collection/ga4-collection-registry-v1.md,545,GA4,Mystery and Symbolic Targets,G4-I01,“True Heir” Public Myth,ENTITY,C1,C1|C4,C1|C4,DISCOVERY|ACQUISITION|COMPLETION_LEGACY,UNRESOLVED,UNRESOLVED,UNRESOLVED,UNKNOWN,UNRESOLVED,UNRESOLVED,HEURISTIC_PROVISIONAL,CATEGORY_REVIEW_REQUIRED|ENTITY_MERGE_REQUIRED,NONE
NC-CL-R-000513,NC-CL-S-000168,docs/09_collection/ga4-collection-registry-v1.md#G4-I01,docs/09_collection/ga4-collection-registry-v1.md,545,GA4,Mystery and Symbolic Targets,G4-I01,“True Heir” Public Myth,STATE_TRANSITION,C1,C1|C4,C1|C4,DISCOVERY|ACQUISITION|COMPLETION_LEGACY,UNRESOLVED,UNRESOLVED,UNRESOLVED,UNKNOWN,UNRESOLVED,UNRESOLVED,HEURISTIC_PROVISIONAL,CATEGORY_REVIEW_REQUIRED|ENTITY_MERGE_REQUIRED,NONE
NC-CL-R-000514,NC-CL-S-000168,docs/09_collection/ga4-collection-registry-v1.md#G4-I01,docs/09_collection/ga4-collection-registry-v1.md,545,GA4,Mystery and Symbolic Targets,G4-I01,“True Heir” Public Myth,LOSS_OBLIGATION,C1,C1|C4,C1|C4,DISCOVERY|ACQUISITION|COMPLETION_LEGACY,UNRESOLVED,UNRESOLVED,UNRESOLVED,UNKNOWN,UNRESOLVED,UNRESOLVED,HEURISTIC_PROVISIONAL,CATEGORY_REVIEW_REQUIRED|ENTITY_MERGE_REQUIRED,NONE
NC-CL-R-000515,NC-CL-S-000168,docs/09_collection/ga4-collection-registry-v1.md#G4-I01,docs/09_collection/ga4-collection-registry-v1.md,545,GA4,Mystery and Symbolic Targets,G4-I01,“True Heir” Public Myth,NARRATIVE_PROMISE,C1,C1|C4,C1|C4,DISCOVERY|ACQUISITION|COMPLETION_LEGACY,UNRESOLVED,UNRESOLVED,UNRESOLVED,UNKNOWN,UNRESOLVED,UNRESOLVED,HEURISTIC_PROVISIONAL,CATEGORY_REVIEW_REQUIRED|ENTITY_MERGE_REQUIRED,NONE
NC-CL-R-000516,NC-CL-S-000169,docs/09_collection/ga4-collection-registry-v1.md#G4-I02,docs/09_collection/ga4-collection-registry-v1.md,556,GA4,Mystery and Symbolic Targets,G4-I02,“Empire Without Emperor” Compact Narrative,RELATIONSHIP,C7,C7|C4,C4|C7,DISCOVERY|SYNERGY|COMPLETION_LEGACY,UNRESOLVED,UNRESOLVED,UNRESOLVED,UNKNOWN,UNRESOLVED,UNRESOLVED,HEURISTIC_PROVISIONAL,CATEGORY_REVIEW_REQUIRED|ENTITY_MERGE_REQUIRED,NONE
NC-CL-R-000517,NC-CL-S-000169,docs/09_collection/ga4-collection-registry-v1.md#G4-I02,docs/09_collection/ga4-collection-registry-v1.md,556,GA4,Mystery and Symbolic Targets,G4-I02,“Empire Without Emperor” Compact Narrative,STATE_TRANSITION,C4,C4|C7,C4|C7,DISCOVERY|SYNERGY|COMPLETION_LEGACY,UNRESOLVED,UNRESOLVED,UNRESOLVED,UNKNOWN,UNRESOLVED,UNRESOLVED,HEURISTIC_PROVISIONAL,CATEGORY_REVIEW_REQUIRED|ENTITY_MERGE_REQUIRED,NONE
NC-CL-R-000518,NC-CL-S-000169,docs/09_collection/ga4-collection-registry-v1.md#G4-I02,docs/09_collection/ga4-collection-registry-v1.md,556,GA4,Mystery and Symbolic Targets,G4-I02,“Empire Without Emperor” Compact Narrative,LOSS_OBLIGATION,C4,C4|C7,C4|C7,DISCOVERY|SYNERGY|COMPLETION_LEGACY,UNRESOLVED,UNRESOLVED,UNRESOLVED,UNKNOWN,UNRESOLVED,UNRESOLVED,HEURISTIC_PROVISIONAL,CATEGORY_REVIEW_REQUIRED|ENTITY_MERGE_REQUIRED,NONE
NC-CL-R-000519,NC-CL-S-000169,docs/09_collection/ga4-collection-registry-v1.md#G4-I02,docs/09_collection/ga4-collection-registry-v1.md,556,GA4,Mystery and Symbolic Targets,G4-I02,“Empire Without Emperor” Compact Narrative,NARRATIVE_PROMISE,C4,C4|C7,C4|C7,DISCOVERY|SYNERGY|COMPLETION_LEGACY,UNRESOLVED,UNRESOLVED,UNRESOLVED,UNKNOWN,UNRESOLVED,UNRESOLVED,HEURISTIC_PROVISIONAL,CATEGORY_REVIEW_REQUIRED|ENTITY_MERGE_REQUIRED,NONE
NC-CL-R-000520,NC-CL-S-000170,docs/09_collection/ga4-collection-registry-v1.md#G4-I03,docs/09_collection/ga4-collection-registry-v1.md,570,GA4,Mystery and Symbolic Targets,G4-I03,Ownerless Fleet Problem,STATE_TRANSITION,C4,C4,C4,DISCOVERY|SYNERGY|COMPLETION_LEGACY,UNRESOLVED,UNRESOLVED,UNRESOLVED,UNKNOWN,UNRESOLVED,UNRESOLVED,HEURISTIC_PROVISIONAL,CATEGORY_REVIEW_REQUIRED|ENTITY_MERGE_REQUIRED,NONE
NC-CL-R-000521,NC-CL-S-000170,docs/09_collection/ga4-collection-registry-v1.md#G4-I03,docs/09_collection/ga4-collection-registry-v1.md,570,GA4,Mystery and Symbolic Targets,G4-I03,Ownerless Fleet Problem,NARRATIVE_PROMISE,C4,C4,C4,DISCOVERY|SYNERGY|COMPLETION_LEGACY,UNRESOLVED,UNRESOLVED,UNRESOLVED,UNKNOWN,UNRESOLVED,UNRESOLVED,HEURISTIC_PROVISIONAL,CATEGORY_REVIEW_REQUIRED|ENTITY_MERGE_REQUIRED,NONE
NC-CL-R-000522,NC-CL-S-000171,docs/09_collection/ga5-collection-registry-v1.md#G5-P01,docs/09_collection/ga5-collection-registry-v1.md,30,GA5,"Commander, Crew and Formation Relationships",G5-P01,FC-001 / Vanguard Commander,ENTITY,C1,C1,C1,ACQUISITION|SYNERGY,UNRESOLVED,UNRESOLVED,UNRESOLVED,UNKNOWN,UNRESOLVED,UNRESOLVED,HEURISTIC_PROVISIONAL,CATEGORY_REVIEW_REQUIRED|ENTITY_MERGE_REQUIRED,NONE
NC-CL-R-000523,NC-CL-S-000171,docs/09_collection/ga5-collection-registry-v1.md#G5-P01,docs/09_collection/ga5-collection-registry-v1.md,30,GA5,"Commander, Crew and Formation Relationships",G5-P01,FC-001 / Vanguard Commander,RELATIONSHIP,C1,C1,C1,ACQUISITION|SYNERGY,UNRESOLVED,UNRESOLVED,UNRESOLVED,UNKNOWN,UNRESOLVED,UNRESOLVED,HEURISTIC_PROVISIONAL,CATEGORY_REVIEW_REQUIRED|ENTITY_MERGE_REQUIRED,NONE
NC-CL-R-000524,NC-CL-S-000171,docs/09_collection/ga5-collection-registry-v1.md#G5-P01,docs/09_collection/ga5-collection-registry-v1.md,30,GA5,"Commander, Crew and Formation Relationships",G5-P01,FC-001 / Vanguard Commander,STATE_TRANSITION,C1,C1,C1,ACQUISITION|SYNERGY,UNRESOLVED,UNRESOLVED,UNRESOLVED,UNKNOWN,UNRESOLVED,UNRESOLVED,HEURISTIC_PROVISIONAL,CATEGORY_REVIEW_REQUIRED|ENTITY_MERGE_REQUIRED,NONE
NC-CL-R-000525,NC-CL-S-000171,docs/09_collection/ga5-collection-registry-v1.md#G5-P01,docs/09_collection/ga5-collection-registry-v1.md,30,GA5,"Commander, Crew and Formation Relationships",G5-P01,FC-001 / Vanguard Commander,LOSS_OBLIGATION,C1,C1,C1,ACQUISITION|SYNERGY,UNRESOLVED,UNRESOLVED,UNRESOLVED,UNKNOWN,UNRESOLVED,UNRESOLVED,HEURISTIC_PROVISIONAL,CATEGORY_REVIEW_REQUIRED|ENTITY_MERGE_REQUIRED,NONE
NC-CL-R-000526,NC-CL-S-000172,docs/09_collection/ga5-collection-registry-v1.md#G5-P02,docs/09_collection/ga5-collection-registry-v1.md,44,GA5,"Commander, Crew and Formation Relationships",G5-P02,FC-002 / Provincial Commodore,RELATIONSHIP,C7,C7,C7,ACQUISITION|SYNERGY,UNRESOLVED,UNRESOLVED,UNRESOLVED,UNKNOWN,UNRESOLVED,UNRESOLVED,HEURISTIC_PROVISIONAL,CATEGORY_REVIEW_REQUIRED|ENTITY_MERGE_REQUIRED,NONE
NC-CL-R-000527,NC-CL-S-000172,docs/09_collection/ga5-collection-registry-v1.md#G5-P02,docs/09_collection/ga5-collection-registry-v1.md,44,GA5,"Commander, Crew and Formation Relationships",G5-P02,FC-002 / Provincial Commodore,STATE_TRANSITION,C7,C7,C7,ACQUISITION|SYNERGY,UNRESOLVED,UNRESOLVED,UNRESOLVED,UNKNOWN,UNRESOLVED,UNRESOLVED,HEURISTIC_PROVISIONAL,CATEGORY_REVIEW_REQUIRED|ENTITY_MERGE_REQUIRED,NONE
NC-CL-R-000528,NC-CL-S-000172,docs/09_collection/ga5-collection-registry-v1.md#G5-P02,docs/09_collection/ga5-collection-registry-v1.md,44,GA5,"Commander, Crew and Formation Relationships",G5-P02,FC-002 / Provincial Commodore,LOSS_OBLIGATION,C7,C7,C7,ACQUISITION|SYNERGY,UNRESOLVED,UNRESOLVED,UNRESOLVED,UNKNOWN,UNRESOLVED,UNRESOLVED,HEURISTIC_PROVISIONAL,CATEGORY_REVIEW_REQUIRED|ENTITY_MERGE_REQUIRED,NONE
NC-CL-R-000529,NC-CL-S-000173,docs/09_collection/ga5-collection-registry-v1.md#G5-P03,docs/09_collection/ga5-collection-registry-v1.md,58,GA5,"Commander, Crew and Formation Relationships",G5-P03,FC-003 / Crown Guard Captain,ENTITY,C1,C1,C1|C7,ACQUISITION|SYNERGY,UNRESOLVED,UNRESOLVED,UNRESOLVED,UNKNOWN,UNRESOLVED,UNRESOLVED,HEURISTIC_PROVISIONAL,CATEGORY_REVIEW_REQUIRED|ENTITY_MERGE_REQUIRED,NONE
NC-CL-R-000530,NC-CL-S-000173,docs/09_collection/ga5-collection-registry-v1.md#G5-P03,docs/09_collection/ga5-collection-registry-v1.md,58,GA5,"Commander, Crew and Formation Relationships",G5-P03,FC-003 / Crown Guard Captain,RELATIONSHIP,C1,C1|C7,C1|C7,ACQUISITION|SYNERGY,UNRESOLVED,UNRESOLVED,UNRESOLVED,UNKNOWN,UNRESOLVED,UNRESOLVED,HEURISTIC_PROVISIONAL,CATEGORY_REVIEW_REQUIRED|ENTITY_MERGE_REQUIRED,NONE
NC-CL-R-000531,NC-CL-S-000173,docs/09_collection/ga5-collection-registry-v1.md#G5-P03,docs/09_collection/ga5-collection-registry-v1.md,58,GA5,"Commander, Crew and Formation Relationships",G5-P03,FC-003 / Crown Guard Captain,STATE_TRANSITION,C1,C1|C7,C1|C7,ACQUISITION|SYNERGY,UNRESOLVED,UNRESOLVED,UNRESOLVED,UNKNOWN,UNRESOLVED,UNRESOLVED,HEURISTIC_PROVISIONAL,CATEGORY_REVIEW_REQUIRED|ENTITY_MERGE_REQUIRED,NONE
NC-CL-R-000532,NC-CL-S-000173,docs/09_collection/ga5-collection-registry-v1.md#G5-P03,docs/09_collection/ga5-collection-registry-v1.md,58,GA5,"Commander, Crew and Formation Relationships",G5-P03,FC-003 / Crown Guard Captain,LOSS_OBLIGATION,C1,C1|C7,C1|C7,ACQUISITION|SYNERGY,UNRESOLVED,UNRESOLVED,UNRESOLVED,UNKNOWN,UNRESOLVED,UNRESOLVED,HEURISTIC_PROVISIONAL,CATEGORY_REVIEW_REQUIRED|ENTITY_MERGE_REQUIRED,NONE
NC-CL-R-000533,NC-CL-S-000174,docs/09_collection/ga5-collection-registry-v1.md#G5-P04,docs/09_collection/ga5-collection-registry-v1.md,72,GA5,"Commander, Crew and Formation Relationships",G5-P04,FC-004 / Yard Defense Commander,ENTITY,C1,C1|C8,C1|C8,ACQUISITION|SYNERGY,UNRESOLVED,UNRESOLVED,UNRESOLVED,UNKNOWN,UNRESOLVED,UNRESOLVED,HEURISTIC_PROVISIONAL,CATEGORY_REVIEW_REQUIRED|ENTITY_MERGE_REQUIRED,NONE
NC-CL-R-000534,NC-CL-S-000174,docs/09_collection/ga5-collection-registry-v1.md#G5-P04,docs/09_collection/ga5-collection-registry-v1.md,72,GA5,"Commander, Crew and Formation Relationships",G5-P04,FC-004 / Yard Defense Commander,RELATIONSHIP,C1,C1|C8,C1|C8,ACQUISITION|SYNERGY,UNRESOLVED,UNRESOLVED,UNRESOLVED,UNKNOWN,UNRESOLVED,UNRESOLVED,HEURISTIC_PROVISIONAL,CATEGORY_REVIEW_REQUIRED|ENTITY_MERGE_REQUIRED,NONE
NC-CL-R-000535,NC-CL-S-000174,docs/09_collection/ga5-collection-registry-v1.md#G5-P04,docs/09_collection/ga5-collection-registry-v1.md,72,GA5,"Commander, Crew and Formation Relationships",G5-P04,FC-004 / Yard Defense Commander,STATE_TRANSITION,C1,C1|C8,C1|C8,ACQUISITION|SYNERGY,UNRESOLVED,UNRESOLVED,UNRESOLVED,UNKNOWN,UNRESOLVED,UNRESOLVED,HEURISTIC_PROVISIONAL,CATEGORY_REVIEW_REQUIRED|ENTITY_MERGE_REQUIRED,NONE
NC-CL-R-000536,NC-CL-S-000174,docs/09_collection/ga5-collection-registry-v1.md#G5-P04,docs/09_collection/ga5-collection-registry-v1.md,72,GA5,"Commander, Crew and Formation Relationships",G5-P04,FC-004 / Yard Defense Commander,LOSS_OBLIGATION,C1,C1|C8,C1|C8,ACQUISITION|SYNERGY,UNRESOLVED,UNRESOLVED,UNRESOLVED,UNKNOWN,UNRESOLVED,UNRESOLVED,HEURISTIC_PROVISIONAL,CATEGORY_REVIEW_REQUIRED|ENTITY_MERGE_REQUIRED,NONE
NC-CL-R-000537,NC-CL-S-000175,docs/09_collection/ga5-collection-registry-v1.md#G5-P05,docs/09_collection/ga5-collection-registry-v1.md,86,GA5,"Commander, Crew and Formation Relationships",G5-P05,CR-001 / Crew-Oath Representative,ENTITY,C1,C1,C1,ACQUISITION|SYNERGY,UNRESOLVED,UNRESOLVED,UNRESOLVED,UNKNOWN,UNRESOLVED,UNRESOLVED,HEURISTIC_PROVISIONAL,CATEGORY_REVIEW_REQUIRED|ENTITY_MERGE_REQUIRED,NONE
NC-CL-R-000538,NC-CL-S-000175,docs/09_collection/ga5-collection-registry-v1.md#G5-P05,docs/09_collection/ga5-collection-registry-v1.md,86,GA5,"Commander, Crew and Formation Relationships",G5-P05,CR-001 / Crew-Oath Representative,RELATIONSHIP,C1,C1,C1,ACQUISITION|SYNERGY,UNRESOLVED,UNRESOLVED,UNRESOLVED,UNKNOWN,UNRESOLVED,UNRESOLVED,HEURISTIC_PROVISIONAL,CATEGORY_REVIEW_REQUIRED|ENTITY_MERGE_REQUIRED,NONE
NC-CL-R-000539,NC-CL-S-000175,docs/09_collection/ga5-collection-registry-v1.md#G5-P05,docs/09_collection/ga5-collection-registry-v1.md,86,GA5,"Commander, Crew and Formation Relationships",G5-P05,CR-001 / Crew-Oath Representative,STATE_TRANSITION,C1,C1,C1,ACQUISITION|SYNERGY,UNRESOLVED,UNRESOLVED,UNRESOLVED,UNKNOWN,UNRESOLVED,UNRESOLVED,HEURISTIC_PROVISIONAL,CATEGORY_REVIEW_REQUIRED|ENTITY_MERGE_REQUIRED,NONE
NC-CL-R-000540,NC-CL-S-000175,docs/09_collection/ga5-collection-registry-v1.md#G5-P05,docs/09_collection/ga5-collection-registry-v1.md,86,GA5,"Commander, Crew and Formation Relationships",G5-P05,CR-001 / Crew-Oath Representative,LOSS_OBLIGATION,C1,C1,C1,ACQUISITION|SYNERGY,UNRESOLVED,UNRESOLVED,UNRESOLVED,UNKNOWN,UNRESOLVED,UNRESOLVED,HEURISTIC_PROVISIONAL,CATEGORY_REVIEW_REQUIRED|ENTITY_MERGE_REQUIRED,NONE
NC-CL-R-000541,NC-CL-S-000176,docs/09_collection/ga5-collection-registry-v1.md#G5-P06,docs/09_collection/ga5-collection-registry-v1.md,100,GA5,"Commander, Crew and Formation Relationships",G5-P06,FC-005 / Outer Front Commander,ENTITY,C1,C1,C1|C7,ACQUISITION|SYNERGY,UNRESOLVED,UNRESOLVED,UNRESOLVED,UNKNOWN,UNRESOLVED,UNRESOLVED,HEURISTIC_PROVISIONAL,CATEGORY_REVIEW_REQUIRED|ENTITY_MERGE_REQUIRED,NONE
NC-CL-R-000542,NC-CL-S-000176,docs/09_collection/ga5-collection-registry-v1.md#G5-P06,docs/09_collection/ga5-collection-registry-v1.md,100,GA5,"Commander, Crew and Formation Relationships",G5-P06,FC-005 / Outer Front Commander,RELATIONSHIP,C1,C1|C7,C1|C7,ACQUISITION|SYNERGY,UNRESOLVED,UNRESOLVED,UNRESOLVED,UNKNOWN,UNRESOLVED,UNRESOLVED,HEURISTIC_PROVISIONAL,CATEGORY_REVIEW_REQUIRED|ENTITY_MERGE_REQUIRED,NONE
NC-CL-R-000543,NC-CL-S-000176,docs/09_collection/ga5-collection-registry-v1.md#G5-P06,docs/09_collection/ga5-collection-registry-v1.md,100,GA5,"Commander, Crew and Formation Relationships",G5-P06,FC-005 / Outer Front Commander,STATE_TRANSITION,C1,C1|C7,C1|C7,ACQUISITION|SYNERGY,UNRESOLVED,UNRESOLVED,UNRESOLVED,UNKNOWN,UNRESOLVED,UNRESOLVED,HEURISTIC_PROVISIONAL,CATEGORY_REVIEW_REQUIRED|ENTITY_MERGE_REQUIRED,NONE
NC-CL-R-000544,NC-CL-S-000176,docs/09_collection/ga5-collection-registry-v1.md#G5-P06,docs/09_collection/ga5-collection-registry-v1.md,100,GA5,"Commander, Crew and Formation Relationships",G5-P06,FC-005 / Outer Front Commander,LOSS_OBLIGATION,C1,C1|C7,C1|C7,ACQUISITION|SYNERGY,UNRESOLVED,UNRESOLVED,UNRESOLVED,UNKNOWN,UNRESOLVED,UNRESOLVED,HEURISTIC_PROVISIONAL,CATEGORY_REVIEW_REQUIRED|ENTITY_MERGE_REQUIRED,NONE
NC-CL-R-000545,NC-CL-S-000177,docs/09_collection/ga5-collection-registry-v1.md#G5-P07,docs/09_collection/ga5-collection-registry-v1.md,114,GA5,"Commander, Crew and Formation Relationships",G5-P07,Disputed Destroyer Crew,ENTITY,C1,C1|C5,C1|C5,DISCOVERY|ACQUISITION|SYNERGY,UNRESOLVED,UNRESOLVED,UNRESOLVED,UNKNOWN,UNRESOLVED,UNRESOLVED,HEURISTIC_PROVISIONAL,CATEGORY_REVIEW_REQUIRED|ENTITY_MERGE_REQUIRED,NONE
NC-CL-R-000546,NC-CL-S-000177,docs/09_collection/ga5-collection-registry-v1.md#G5-P07,docs/09_collection/ga5-collection-registry-v1.md,114,GA5,"Commander, Crew and Formation Relationships",G5-P07,Disputed Destroyer Crew,RELATIONSHIP,C1,C1|C5,C1|C5,DISCOVERY|ACQUISITION|SYNERGY,UNRESOLVED,UNRESOLVED,UNRESOLVED,UNKNOWN,UNRESOLVED,UNRESOLVED,HEURISTIC_PROVISIONAL,CATEGORY_REVIEW_REQUIRED|ENTITY_MERGE_REQUIRED,NONE
NC-CL-R-000547,NC-CL-S-000177,docs/09_collection/ga5-collection-registry-v1.md#G5-P07,docs/09_collection/ga5-collection-registry-v1.md,114,GA5,"Commander, Crew and Formation Relationships",G5-P07,Disputed Destroyer Crew,STATE_TRANSITION,C1,C1|C5,C1|C5,DISCOVERY|ACQUISITION|SYNERGY,UNRESOLVED,UNRESOLVED,UNRESOLVED,UNKNOWN,UNRESOLVED,UNRESOLVED,HEURISTIC_PROVISIONAL,CATEGORY_REVIEW_REQUIRED|ENTITY_MERGE_REQUIRED,NONE
NC-CL-R-000548,NC-CL-S-000177,docs/09_collection/ga5-collection-registry-v1.md#G5-P07,docs/09_collection/ga5-collection-registry-v1.md,114,GA5,"Commander, Crew and Formation Relationships",G5-P07,Disputed Destroyer Crew,LOSS_OBLIGATION,C1,C1|C5,C1|C5,DISCOVERY|ACQUISITION|SYNERGY,UNRESOLVED,UNRESOLVED,UNRESOLVED,UNKNOWN,UNRESOLVED,UNRESOLVED,HEURISTIC_PROVISIONAL,CATEGORY_REVIEW_REQUIRED|ENTITY_MERGE_REQUIRED,NONE
NC-CL-R-000549,NC-CL-S-000178,docs/09_collection/ga5-collection-registry-v1.md#G5-P08,docs/09_collection/ga5-collection-registry-v1.md,128,GA5,"Commander, Crew and Formation Relationships",G5-P08,Surrendered/Paroled Formation,RELATIONSHIP,C6,C6,C6,ACQUISITION|SYNERGY,UNRESOLVED,UNRESOLVED,UNRESOLVED,UNKNOWN,UNRESOLVED,UNRESOLVED,HEURISTIC_PROVISIONAL,CATEGORY_REVIEW_REQUIRED|ENTITY_MERGE_REQUIRED,NONE
NC-CL-R-000550,NC-CL-S-000178,docs/09_collection/ga5-collection-registry-v1.md#G5-P08,docs/09_collection/ga5-collection-registry-v1.md,128,GA5,"Commander, Crew and Formation Relationships",G5-P08,Surrendered/Paroled Formation,STATE_TRANSITION,C6,C6,C6,ACQUISITION|SYNERGY,UNRESOLVED,UNRESOLVED,UNRESOLVED,UNKNOWN,UNRESOLVED,UNRESOLVED,HEURISTIC_PROVISIONAL,CATEGORY_REVIEW_REQUIRED|ENTITY_MERGE_REQUIRED,NONE
NC-CL-R-000551,NC-CL-S-000178,docs/09_collection/ga5-collection-registry-v1.md#G5-P08,docs/09_collection/ga5-collection-registry-v1.md,128,GA5,"Commander, Crew and Formation Relationships",G5-P08,Surrendered/Paroled Formation,LOSS_OBLIGATION,C6,C6,C6,ACQUISITION|SYNERGY,UNRESOLVED,UNRESOLVED,UNRESOLVED,UNKNOWN,UNRESOLVED,UNRESOLVED,HEURISTIC_PROVISIONAL,CATEGORY_REVIEW_REQUIRED|ENTITY_MERGE_REQUIRED,NONE
NC-CL-R-000552,NC-CL-S-000179,docs/09_collection/ga5-collection-registry-v1.md#G5-P09,docs/09_collection/ga5-collection-registry-v1.md,142,GA5,"Commander, Crew and Formation Relationships",G5-P09,Yard/Repair Worker Network,ENTITY,C6,C6,C6|C8,SYNERGY,UNRESOLVED,UNRESOLVED,UNRESOLVED,UNKNOWN,UNRESOLVED,UNRESOLVED,HEURISTIC_PROVISIONAL,CATEGORY_REVIEW_REQUIRED|ENTITY_MERGE_REQUIRED,NONE
NC-CL-R-000553,NC-CL-S-000179,docs/09_collection/ga5-collection-registry-v1.md#G5-P09,docs/09_collection/ga5-collection-registry-v1.md,142,GA5,"Commander, Crew and Formation Relationships",G5-P09,Yard/Repair Worker Network,RELATIONSHIP,C6,C6|C8,C6|C8,SYNERGY,UNRESOLVED,UNRESOLVED,UNRESOLVED,UNKNOWN,UNRESOLVED,UNRESOLVED,HEURISTIC_PROVISIONAL,CATEGORY_REVIEW_REQUIRED|ENTITY_MERGE_REQUIRED,NONE
NC-CL-R-000554,NC-CL-S-000179,docs/09_collection/ga5-collection-registry-v1.md#G5-P09,docs/09_collection/ga5-collection-registry-v1.md,142,GA5,"Commander, Crew and Formation Relationships",G5-P09,Yard/Repair Worker Network,STATE_TRANSITION,C6,C6|C8,C6|C8,SYNERGY,UNRESOLVED,UNRESOLVED,UNRESOLVED,UNKNOWN,UNRESOLVED,UNRESOLVED,HEURISTIC_PROVISIONAL,CATEGORY_REVIEW_REQUIRED|ENTITY_MERGE_REQUIRED,NONE
NC-CL-R-000555,NC-CL-S-000179,docs/09_collection/ga5-collection-registry-v1.md#G5-P09,docs/09_collection/ga5-collection-registry-v1.md,142,GA5,"Commander, Crew and Formation Relationships",G5-P09,Yard/Repair Worker Network,LOSS_OBLIGATION,C6,C6|C8,C6|C8,SYNERGY,UNRESOLVED,UNRESOLVED,UNRESOLVED,UNKNOWN,UNRESOLVED,UNRESOLVED,HEURISTIC_PROVISIONAL,CATEGORY_REVIEW_REQUIRED|ENTITY_MERGE_REQUIRED,NONE
NC-CL-R-000556,NC-CL-S-000180,docs/09_collection/ga5-collection-registry-v1.md#G5-P10,docs/09_collection/ga5-collection-registry-v1.md,153,GA5,"Commander, Crew and Formation Relationships",G5-P10,Provincial/Civilian Route Stakeholders,ENTITY,C8,C8,C8,SYNERGY,UNRESOLVED,UNRESOLVED,UNRESOLVED,UNKNOWN,UNRESOLVED,UNRESOLVED,HEURISTIC_PROVISIONAL,CATEGORY_REVIEW_REQUIRED|ENTITY_MERGE_REQUIRED,NONE
NC-CL-R-000557,NC-CL-S-000180,docs/09_collection/ga5-collection-registry-v1.md#G5-P10,docs/09_collection/ga5-collection-registry-v1.md,153,GA5,"Commander, Crew and Formation Relationships",G5-P10,Provincial/Civilian Route Stakeholders,RELATIONSHIP,C8,C8,C8,SYNERGY,UNRESOLVED,UNRESOLVED,UNRESOLVED,UNKNOWN,UNRESOLVED,UNRESOLVED,HEURISTIC_PROVISIONAL,CATEGORY_REVIEW_REQUIRED|ENTITY_MERGE_REQUIRED,NONE
NC-CL-R-000558,NC-CL-S-000180,docs/09_collection/ga5-collection-registry-v1.md#G5-P10,docs/09_collection/ga5-collection-registry-v1.md,153,GA5,"Commander, Crew and Formation Relationships",G5-P10,Provincial/Civilian Route Stakeholders,STATE_TRANSITION,C8,C8,C8,SYNERGY,UNRESOLVED,UNRESOLVED,UNRESOLVED,UNKNOWN,UNRESOLVED,UNRESOLVED,HEURISTIC_PROVISIONAL,CATEGORY_REVIEW_REQUIRED|ENTITY_MERGE_REQUIRED,NONE
NC-CL-R-000559,NC-CL-S-000180,docs/09_collection/ga5-collection-registry-v1.md#G5-P10,docs/09_collection/ga5-collection-registry-v1.md,153,GA5,"Commander, Crew and Formation Relationships",G5-P10,Provincial/Civilian Route Stakeholders,LOSS_OBLIGATION,C8,C8,C8,SYNERGY,UNRESOLVED,UNRESOLVED,UNRESOLVED,UNKNOWN,UNRESOLVED,UNRESOLVED,HEURISTIC_PROVISIONAL,CATEGORY_REVIEW_REQUIRED|ENTITY_MERGE_REQUIRED,NONE
NC-CL-R-000560,NC-CL-S-000181,docs/09_collection/ga5-collection-registry-v1.md#G5-C01,docs/09_collection/ga5-collection-registry-v1.md,168,GA5,Fleet Charter and Command Targets,G5-C01,7–10 Day Vesper Shared Mandate,CONTROL_CLAIM,C7,C7,C7,SYNERGY|COMPLETION_LEGACY,UNRESOLVED,UNRESOLVED,UNRESOLVED,UNKNOWN,UNRESOLVED,UNRESOLVED,HEURISTIC_PROVISIONAL,CATEGORY_REVIEW_REQUIRED|ENTITY_MERGE_REQUIRED,NONE
NC-CL-R-000561,NC-CL-S-000181,docs/09_collection/ga5-collection-registry-v1.md#G5-C01,docs/09_collection/ga5-collection-registry-v1.md,168,GA5,Fleet Charter and Command Targets,G5-C01,7–10 Day Vesper Shared Mandate,STATE_TRANSITION,C7,C7,C7,SYNERGY|COMPLETION_LEGACY,UNRESOLVED,UNRESOLVED,UNRESOLVED,UNKNOWN,UNRESOLVED,UNRESOLVED,HEURISTIC_PROVISIONAL,CATEGORY_REVIEW_REQUIRED|ENTITY_MERGE_REQUIRED,NONE
NC-CL-R-000562,NC-CL-S-000181,docs/09_collection/ga5-collection-registry-v1.md#G5-C01,docs/09_collection/ga5-collection-registry-v1.md,168,GA5,Fleet Charter and Command Targets,G5-C01,7–10 Day Vesper Shared Mandate,LOSS_OBLIGATION,C7,C7,C7,SYNERGY|COMPLETION_LEGACY,UNRESOLVED,UNRESOLVED,UNRESOLVED,UNKNOWN,UNRESOLVED,UNRESOLVED,HEURISTIC_PROVISIONAL,CATEGORY_REVIEW_REQUIRED|ENTITY_MERGE_REQUIRED,NONE
NC-CL-R-000563,NC-CL-S-000182,docs/09_collection/ga5-collection-registry-v1.md#G5-C02,docs/09_collection/ga5-collection-registry-v1.md,182,GA5,Fleet Charter and Command Targets,G5-C02,Ship-Specific Oath and Mission Agreement,CONTROL_CLAIM,C5,C5|C7,C5|C7,ACQUISITION|SYNERGY|COMPLETION_LEGACY,UNRESOLVED,UNRESOLVED,UNRESOLVED,UNKNOWN,UNRESOLVED,UNRESOLVED,SPECIALIST_CORRECTED,PM_MERGE_REQUIRED|ENTITY_MERGE_REQUIRED,NONE
NC-CL-R-000564,NC-CL-S-000182,docs/09_collection/ga5-collection-registry-v1.md#G5-C02,docs/09_collection/ga5-collection-registry-v1.md,182,GA5,Fleet Charter and Command Targets,G5-C02,Ship-Specific Oath and Mission Agreement,STATE_TRANSITION,C5,C5|C7,C5|C7,ACQUISITION|SYNERGY|COMPLETION_LEGACY,UNRESOLVED,UNRESOLVED,UNRESOLVED,UNKNOWN,UNRESOLVED,UNRESOLVED,SPECIALIST_CORRECTED,PM_MERGE_REQUIRED|ENTITY_MERGE_REQUIRED,NONE
NC-CL-R-000565,NC-CL-S-000182,docs/09_collection/ga5-collection-registry-v1.md#G5-C02,docs/09_collection/ga5-collection-registry-v1.md,182,GA5,Fleet Charter and Command Targets,G5-C02,Ship-Specific Oath and Mission Agreement,LOSS_OBLIGATION,C5,C5|C7,C5|C7,ACQUISITION|SYNERGY|COMPLETION_LEGACY,UNRESOLVED,UNRESOLVED,UNRESOLVED,UNKNOWN,UNRESOLVED,UNRESOLVED,SPECIALIST_CORRECTED,PM_MERGE_REQUIRED|ENTITY_MERGE_REQUIRED,NONE
NC-CL-R-000566,NC-CL-S-000183,docs/09_collection/ga5-collection-registry-v1.md#G5-C03,docs/09_collection/ga5-collection-registry-v1.md,196,GA5,Fleet Charter and Command Targets,G5-C03,Standing Defensive Intent,CONTROL_CLAIM,C7,C7,C7,SYNERGY|COMPLETION_LEGACY,UNRESOLVED,UNRESOLVED,UNRESOLVED,UNKNOWN,UNRESOLVED,UNRESOLVED,SPECIALIST_CORRECTED,PM_MERGE_REQUIRED|ENTITY_MERGE_REQUIRED,NONE
NC-CL-R-000567,NC-CL-S-000183,docs/09_collection/ga5-collection-registry-v1.md#G5-C03,docs/09_collection/ga5-collection-registry-v1.md,196,GA5,Fleet Charter and Command Targets,G5-C03,Standing Defensive Intent,STATE_TRANSITION,C7,C7,C7,SYNERGY|COMPLETION_LEGACY,UNRESOLVED,UNRESOLVED,UNRESOLVED,UNKNOWN,UNRESOLVED,UNRESOLVED,SPECIALIST_CORRECTED,PM_MERGE_REQUIRED|ENTITY_MERGE_REQUIRED,NONE
NC-CL-R-000568,NC-CL-S-000183,docs/09_collection/ga5-collection-registry-v1.md#G5-C03,docs/09_collection/ga5-collection-registry-v1.md,196,GA5,Fleet Charter and Command Targets,G5-C03,Standing Defensive Intent,LOSS_OBLIGATION,C7,C7,C7,SYNERGY|COMPLETION_LEGACY,UNRESOLVED,UNRESOLVED,UNRESOLVED,UNKNOWN,UNRESOLVED,UNRESOLVED,SPECIALIST_CORRECTED,PM_MERGE_REQUIRED|ENTITY_MERGE_REQUIRED,NONE
NC-CL-R-000569,NC-CL-S-000184,docs/09_collection/ga5-collection-registry-v1.md#G5-C04,docs/09_collection/ga5-collection-registry-v1.md,210,GA5,Fleet Charter and Command Targets,G5-C04,Common Fleet Charter v0.1,CONTROL_CLAIM,C7,C7,C7,SYNERGY|COMPLETION_LEGACY,UNRESOLVED,UNRESOLVED,UNRESOLVED,UNKNOWN,UNRESOLVED,UNRESOLVED,HEURISTIC_PROVISIONAL,CATEGORY_REVIEW_REQUIRED|ENTITY_MERGE_REQUIRED,NONE
NC-CL-R-000570,NC-CL-S-000184,docs/09_collection/ga5-collection-registry-v1.md#G5-C04,docs/09_collection/ga5-collection-registry-v1.md,210,GA5,Fleet Charter and Command Targets,G5-C04,Common Fleet Charter v0.1,STATE_TRANSITION,C7,C7,C7,SYNERGY|COMPLETION_LEGACY,UNRESOLVED,UNRESOLVED,UNRESOLVED,UNKNOWN,UNRESOLVED,UNRESOLVED,HEURISTIC_PROVISIONAL,CATEGORY_REVIEW_REQUIRED|ENTITY_MERGE_REQUIRED,NONE
NC-CL-R-000571,NC-CL-S-000184,docs/09_collection/ga5-collection-registry-v1.md#G5-C04,docs/09_collection/ga5-collection-registry-v1.md,210,GA5,Fleet Charter and Command Targets,G5-C04,Common Fleet Charter v0.1,LOSS_OBLIGATION,C7,C7,C7,SYNERGY|COMPLETION_LEGACY,UNRESOLVED,UNRESOLVED,UNRESOLVED,UNKNOWN,UNRESOLVED,UNRESOLVED,HEURISTIC_PROVISIONAL,CATEGORY_REVIEW_REQUIRED|ENTITY_MERGE_REQUIRED,NONE
NC-CL-R-000572,NC-CL-S-000185,docs/09_collection/ga5-collection-registry-v1.md#G5-C05,docs/09_collection/ga5-collection-registry-v1.md,224,GA5,Fleet Charter and Command Targets,G5-C05,Crew Pay/Pension/Family Guarantee,ENTITY,C1,C1,C1,SYNERGY|COMPLETION_LEGACY,UNRESOLVED,UNRESOLVED,UNRESOLVED,UNKNOWN,UNRESOLVED,UNRESOLVED,HEURISTIC_PROVISIONAL,CATEGORY_REVIEW_REQUIRED|ENTITY_MERGE_REQUIRED,NONE
NC-CL-R-000573,NC-CL-S-000185,docs/09_collection/ga5-collection-registry-v1.md#G5-C05,docs/09_collection/ga5-collection-registry-v1.md,224,GA5,Fleet Charter and Command Targets,G5-C05,Crew Pay/Pension/Family Guarantee,RELATIONSHIP,C1,C1,C1,SYNERGY|COMPLETION_LEGACY,UNRESOLVED,UNRESOLVED,UNRESOLVED,UNKNOWN,UNRESOLVED,UNRESOLVED,HEURISTIC_PROVISIONAL,CATEGORY_REVIEW_REQUIRED|ENTITY_MERGE_REQUIRED,NONE
NC-CL-R-000574,NC-CL-S-000185,docs/09_collection/ga5-collection-registry-v1.md#G5-C05,docs/09_collection/ga5-collection-registry-v1.md,224,GA5,Fleet Charter and Command Targets,G5-C05,Crew Pay/Pension/Family Guarantee,CONTROL_CLAIM,C1,C1,C1,SYNERGY|COMPLETION_LEGACY,UNRESOLVED,UNRESOLVED,UNRESOLVED,UNKNOWN,UNRESOLVED,UNRESOLVED,HEURISTIC_PROVISIONAL,CATEGORY_REVIEW_REQUIRED|ENTITY_MERGE_REQUIRED,NONE
NC-CL-R-000575,NC-CL-S-000185,docs/09_collection/ga5-collection-registry-v1.md#G5-C05,docs/09_collection/ga5-collection-registry-v1.md,224,GA5,Fleet Charter and Command Targets,G5-C05,Crew Pay/Pension/Family Guarantee,STATE_TRANSITION,C1,C1,C1,SYNERGY|COMPLETION_LEGACY,UNRESOLVED,UNRESOLVED,UNRESOLVED,UNKNOWN,UNRESOLVED,UNRESOLVED,HEURISTIC_PROVISIONAL,CATEGORY_REVIEW_REQUIRED|ENTITY_MERGE_REQUIRED,NONE
NC-CL-R-000576,NC-CL-S-000185,docs/09_collection/ga5-collection-registry-v1.md#G5-C05,docs/09_collection/ga5-collection-registry-v1.md,224,GA5,Fleet Charter and Command Targets,G5-C05,Crew Pay/Pension/Family Guarantee,LOSS_OBLIGATION,C1,C1,C1,SYNERGY|COMPLETION_LEGACY,UNRESOLVED,UNRESOLVED,UNRESOLVED,UNKNOWN,UNRESOLVED,UNRESOLVED,HEURISTIC_PROVISIONAL,CATEGORY_REVIEW_REQUIRED|ENTITY_MERGE_REQUIRED,NONE
NC-CL-R-000577,NC-CL-S-000186,docs/09_collection/ga5-collection-registry-v1.md#G5-C06,docs/09_collection/ga5-collection-registry-v1.md,238,GA5,Fleet Charter and Command Targets,G5-C06,Rescue/Parole/Surrender Protocol,CONTROL_CLAIM,C6,C6,C6,ACQUISITION|SYNERGY|COMPLETION_LEGACY,UNRESOLVED,UNRESOLVED,UNRESOLVED,UNKNOWN,UNRESOLVED,UNRESOLVED,HEURISTIC_PROVISIONAL,CATEGORY_REVIEW_REQUIRED|ENTITY_MERGE_REQUIRED,NONE
NC-CL-R-000578,NC-CL-S-000186,docs/09_collection/ga5-collection-registry-v1.md#G5-C06,docs/09_collection/ga5-collection-registry-v1.md,238,GA5,Fleet Charter and Command Targets,G5-C06,Rescue/Parole/Surrender Protocol,STATE_TRANSITION,C6,C6,C6,ACQUISITION|SYNERGY|COMPLETION_LEGACY,UNRESOLVED,UNRESOLVED,UNRESOLVED,UNKNOWN,UNRESOLVED,UNRESOLVED,HEURISTIC_PROVISIONAL,CATEGORY_REVIEW_REQUIRED|ENTITY_MERGE_REQUIRED,NONE
NC-CL-R-000579,NC-CL-S-000186,docs/09_collection/ga5-collection-registry-v1.md#G5-C06,docs/09_collection/ga5-collection-registry-v1.md,238,GA5,Fleet Charter and Command Targets,G5-C06,Rescue/Parole/Surrender Protocol,LOSS_OBLIGATION,C6,C6,C6,ACQUISITION|SYNERGY|COMPLETION_LEGACY,UNRESOLVED,UNRESOLVED,UNRESOLVED,UNKNOWN,UNRESOLVED,UNRESOLVED,HEURISTIC_PROVISIONAL,CATEGORY_REVIEW_REQUIRED|ENTITY_MERGE_REQUIRED,NONE
NC-CL-R-000580,NC-CL-S-000187,docs/09_collection/ga5-collection-registry-v1.md#G5-C07,docs/09_collection/ga5-collection-registry-v1.md,252,GA5,Fleet Charter and Command Targets,G5-C07,Prize/Title Trust Rule,RELATIONSHIP,C6,C6,C6,SYNERGY|COMPLETION_LEGACY,UNRESOLVED,UNRESOLVED,UNRESOLVED,UNKNOWN,UNRESOLVED,UNRESOLVED,HEURISTIC_PROVISIONAL,CATEGORY_REVIEW_REQUIRED|ENTITY_MERGE_REQUIRED,NONE
NC-CL-R-000581,NC-CL-S-000187,docs/09_collection/ga5-collection-registry-v1.md#G5-C07,docs/09_collection/ga5-collection-registry-v1.md,252,GA5,Fleet Charter and Command Targets,G5-C07,Prize/Title Trust Rule,CONTROL_CLAIM,C6,C6,C6,SYNERGY|COMPLETION_LEGACY,UNRESOLVED,UNRESOLVED,UNRESOLVED,UNKNOWN,UNRESOLVED,UNRESOLVED,HEURISTIC_PROVISIONAL,CATEGORY_REVIEW_REQUIRED|ENTITY_MERGE_REQUIRED,NONE
NC-CL-R-000582,NC-CL-S-000187,docs/09_collection/ga5-collection-registry-v1.md#G5-C07,docs/09_collection/ga5-collection-registry-v1.md,252,GA5,Fleet Charter and Command Targets,G5-C07,Prize/Title Trust Rule,STATE_TRANSITION,C6,C6,C6,SYNERGY|COMPLETION_LEGACY,UNRESOLVED,UNRESOLVED,UNRESOLVED,UNKNOWN,UNRESOLVED,UNRESOLVED,HEURISTIC_PROVISIONAL,CATEGORY_REVIEW_REQUIRED|ENTITY_MERGE_REQUIRED,NONE
NC-CL-R-000583,NC-CL-S-000187,docs/09_collection/ga5-collection-registry-v1.md#G5-C07,docs/09_collection/ga5-collection-registry-v1.md,252,GA5,Fleet Charter and Command Targets,G5-C07,Prize/Title Trust Rule,LOSS_OBLIGATION,C6,C6,C6,SYNERGY|COMPLETION_LEGACY,UNRESOLVED,UNRESOLVED,UNRESOLVED,UNKNOWN,UNRESOLVED,UNRESOLVED,HEURISTIC_PROVISIONAL,CATEGORY_REVIEW_REQUIRED|ENTITY_MERGE_REQUIRED,NONE
NC-CL-R-000584,NC-CL-S-000188,docs/09_collection/ga5-collection-registry-v1.md#G5-C08,docs/09_collection/ga5-collection-registry-v1.md,266,GA5,Fleet Charter and Command Targets,G5-C08,Recall/Exit Framework,CONTROL_CLAIM,C7,C7,C7,SYNERGY|COMPLETION_LEGACY,UNRESOLVED,UNRESOLVED,UNRESOLVED,UNKNOWN,UNRESOLVED,UNRESOLVED,HEURISTIC_PROVISIONAL,CATEGORY_REVIEW_REQUIRED|ENTITY_MERGE_REQUIRED,NONE
NC-CL-R-000585,NC-CL-S-000188,docs/09_collection/ga5-collection-registry-v1.md#G5-C08,docs/09_collection/ga5-collection-registry-v1.md,266,GA5,Fleet Charter and Command Targets,G5-C08,Recall/Exit Framework,STATE_TRANSITION,C7,C7,C7,SYNERGY|COMPLETION_LEGACY,UNRESOLVED,UNRESOLVED,UNRESOLVED,UNKNOWN,UNRESOLVED,UNRESOLVED,HEURISTIC_PROVISIONAL,CATEGORY_REVIEW_REQUIRED|ENTITY_MERGE_REQUIRED,NONE
NC-CL-R-000586,NC-CL-S-000188,docs/09_collection/ga5-collection-registry-v1.md#G5-C08,docs/09_collection/ga5-collection-registry-v1.md,266,GA5,Fleet Charter and Command Targets,G5-C08,Recall/Exit Framework,LOSS_OBLIGATION,C7,C7,C7,SYNERGY|COMPLETION_LEGACY,UNRESOLVED,UNRESOLVED,UNRESOLVED,UNKNOWN,UNRESOLVED,UNRESOLVED,HEURISTIC_PROVISIONAL,CATEGORY_REVIEW_REQUIRED|ENTITY_MERGE_REQUIRED,NONE
NC-CL-R-000587,NC-CL-S-000189,docs/09_collection/ga5-collection-registry-v1.md#G5-C09,docs/09_collection/ga5-collection-registry-v1.md,280,GA5,Fleet Charter and Command Targets,G5-C09,Common Fleet Charter v0.2,CONTROL_CLAIM,C7,C7,C7,SYNERGY|COMPLETION_LEGACY,UNRESOLVED,UNRESOLVED,UNRESOLVED,UNKNOWN,UNRESOLVED,UNRESOLVED,HEURISTIC_PROVISIONAL,CATEGORY_REVIEW_REQUIRED|ENTITY_MERGE_REQUIRED,NONE
NC-CL-R-000588,NC-CL-S-000189,docs/09_collection/ga5-collection-registry-v1.md#G5-C09,docs/09_collection/ga5-collection-registry-v1.md,280,GA5,Fleet Charter and Command Targets,G5-C09,Common Fleet Charter v0.2,STATE_TRANSITION,C7,C7,C7,SYNERGY|COMPLETION_LEGACY,UNRESOLVED,UNRESOLVED,UNRESOLVED,UNKNOWN,UNRESOLVED,UNRESOLVED,HEURISTIC_PROVISIONAL,CATEGORY_REVIEW_REQUIRED|ENTITY_MERGE_REQUIRED,NONE
NC-CL-R-000589,NC-CL-S-000189,docs/09_collection/ga5-collection-registry-v1.md#G5-C09,docs/09_collection/ga5-collection-registry-v1.md,280,GA5,Fleet Charter and Command Targets,G5-C09,Common Fleet Charter v0.2,LOSS_OBLIGATION,C7,C7,C7,SYNERGY|COMPLETION_LEGACY,UNRESOLVED,UNRESOLVED,UNRESOLVED,UNKNOWN,UNRESOLVED,UNRESOLVED,HEURISTIC_PROVISIONAL,CATEGORY_REVIEW_REQUIRED|ENTITY_MERGE_REQUIRED,NONE
NC-CL-R-000590,NC-CL-S-000190,docs/09_collection/ga5-collection-registry-v1.md#G5-C10,docs/09_collection/ga5-collection-registry-v1.md,294,GA5,Fleet Charter and Command Targets,G5-C10,Delegated Formation Command and Standing Rules,CONTROL_CLAIM,C7,C7,C7,SYNERGY|COMPLETION_LEGACY,UNRESOLVED,UNRESOLVED,UNRESOLVED,UNKNOWN,UNRESOLVED,UNRESOLVED,HEURISTIC_PROVISIONAL,CATEGORY_REVIEW_REQUIRED|ENTITY_MERGE_REQUIRED,NONE
NC-CL-R-000591,NC-CL-S-000190,docs/09_collection/ga5-collection-registry-v1.md#G5-C10,docs/09_collection/ga5-collection-registry-v1.md,294,GA5,Fleet Charter and Command Targets,G5-C10,Delegated Formation Command and Standing Rules,STATE_TRANSITION,C7,C7,C7,SYNERGY|COMPLETION_LEGACY,UNRESOLVED,UNRESOLVED,UNRESOLVED,UNKNOWN,UNRESOLVED,UNRESOLVED,HEURISTIC_PROVISIONAL,CATEGORY_REVIEW_REQUIRED|ENTITY_MERGE_REQUIRED,NONE
NC-CL-R-000592,NC-CL-S-000190,docs/09_collection/ga5-collection-registry-v1.md#G5-C10,docs/09_collection/ga5-collection-registry-v1.md,294,GA5,Fleet Charter and Command Targets,G5-C10,Delegated Formation Command and Standing Rules,LOSS_OBLIGATION,C7,C7,C7,SYNERGY|COMPLETION_LEGACY,UNRESOLVED,UNRESOLVED,UNRESOLVED,UNKNOWN,UNRESOLVED,UNRESOLVED,HEURISTIC_PROVISIONAL,CATEGORY_REVIEW_REQUIRED|ENTITY_MERGE_REQUIRED,NONE
NC-CL-R-000593,NC-CL-S-000191,docs/09_collection/ga5-collection-registry-v1.md#G5-C11,docs/09_collection/ga5-collection-registry-v1.md,308,GA5,Fleet Charter and Command Targets,G5-C11,Common Fleet Charter v1.0,CONTROL_CLAIM,C7,C7,C7,COMPLETION_LEGACY,UNRESOLVED,UNRESOLVED,UNRESOLVED,UNKNOWN,UNRESOLVED,UNRESOLVED,HEURISTIC_PROVISIONAL,CATEGORY_REVIEW_REQUIRED|ENTITY_MERGE_REQUIRED,NONE
NC-CL-R-000594,NC-CL-S-000191,docs/09_collection/ga5-collection-registry-v1.md#G5-C11,docs/09_collection/ga5-collection-registry-v1.md,308,GA5,Fleet Charter and Command Targets,G5-C11,Common Fleet Charter v1.0,STATE_TRANSITION,C7,C7,C7,COMPLETION_LEGACY,UNRESOLVED,UNRESOLVED,UNRESOLVED,UNKNOWN,UNRESOLVED,UNRESOLVED,HEURISTIC_PROVISIONAL,CATEGORY_REVIEW_REQUIRED|ENTITY_MERGE_REQUIRED,NONE
NC-CL-R-000595,NC-CL-S-000191,docs/09_collection/ga5-collection-registry-v1.md#G5-C11,docs/09_collection/ga5-collection-registry-v1.md,308,GA5,Fleet Charter and Command Targets,G5-C11,Common Fleet Charter v1.0,LOSS_OBLIGATION,C7,C7,C7,COMPLETION_LEGACY,UNRESOLVED,UNRESOLVED,UNRESOLVED,UNKNOWN,UNRESOLVED,UNRESOLVED,HEURISTIC_PROVISIONAL,CATEGORY_REVIEW_REQUIRED|ENTITY_MERGE_REQUIRED,NONE
NC-CL-R-000596,NC-CL-S-000192,docs/09_collection/ga5-collection-registry-v1.md#G5-C12,docs/09_collection/ga5-collection-registry-v1.md,334,GA5,Fleet Charter and Command Targets,G5-C12,Bounded P-001 Theater/Task Command,CONTROL_CLAIM,C7,C7,C7,SYNERGY|COMPLETION_LEGACY,UNRESOLVED,UNRESOLVED,UNRESOLVED,UNKNOWN,UNRESOLVED,UNRESOLVED,HEURISTIC_PROVISIONAL,CATEGORY_REVIEW_REQUIRED|ENTITY_MERGE_REQUIRED,NONE
NC-CL-R-000597,NC-CL-S-000192,docs/09_collection/ga5-collection-registry-v1.md#G5-C12,docs/09_collection/ga5-collection-registry-v1.md,334,GA5,Fleet Charter and Command Targets,G5-C12,Bounded P-001 Theater/Task Command,STATE_TRANSITION,C7,C7,C7,SYNERGY|COMPLETION_LEGACY,UNRESOLVED,UNRESOLVED,UNRESOLVED,UNKNOWN,UNRESOLVED,UNRESOLVED,HEURISTIC_PROVISIONAL,CATEGORY_REVIEW_REQUIRED|ENTITY_MERGE_REQUIRED,NONE
NC-CL-R-000598,NC-CL-S-000192,docs/09_collection/ga5-collection-registry-v1.md#G5-C12,docs/09_collection/ga5-collection-registry-v1.md,334,GA5,Fleet Charter and Command Targets,G5-C12,Bounded P-001 Theater/Task Command,LOSS_OBLIGATION,C7,C7,C7,SYNERGY|COMPLETION_LEGACY,UNRESOLVED,UNRESOLVED,UNRESOLVED,UNKNOWN,UNRESOLVED,UNRESOLVED,HEURISTIC_PROVISIONAL,CATEGORY_REVIEW_REQUIRED|ENTITY_MERGE_REQUIRED,NONE
NC-CL-R-000599,NC-CL-S-000193,docs/09_collection/ga5-collection-registry-v1.md#G5-L01,docs/09_collection/ga5-collection-registry-v1.md,352,GA5,"Logistics, Repair and Readiness Targets",G5-L01,Vesper Depot Shared Access,CONTROL_CLAIM,C1,C1,C1,ACQUISITION|SYNERGY|COMPLETION_LEGACY,UNRESOLVED,UNRESOLVED,UNRESOLVED,UNKNOWN,UNRESOLVED,UNRESOLVED,HEURISTIC_PROVISIONAL,CATEGORY_REVIEW_REQUIRED|ENTITY_MERGE_REQUIRED,NONE
NC-CL-R-000600,NC-CL-S-000193,docs/09_collection/ga5-collection-registry-v1.md#G5-L01,docs/09_collection/ga5-collection-registry-v1.md,352,GA5,"Logistics, Repair and Readiness Targets",G5-L01,Vesper Depot Shared Access,STATE_TRANSITION,C1,C1,C1,ACQUISITION|SYNERGY|COMPLETION_LEGACY,UNRESOLVED,UNRESOLVED,UNRESOLVED,UNKNOWN,UNRESOLVED,UNRESOLVED,HEURISTIC_PROVISIONAL,CATEGORY_REVIEW_REQUIRED|ENTITY_MERGE_REQUIRED,NONE
NC-CL-R-000601,NC-CL-S-000193,docs/09_collection/ga5-collection-registry-v1.md#G5-L01,docs/09_collection/ga5-collection-registry-v1.md,352,GA5,"Logistics, Repair and Readiness Targets",G5-L01,Vesper Depot Shared Access,LOSS_OBLIGATION,C1,C1,C1,ACQUISITION|SYNERGY|COMPLETION_LEGACY,UNRESOLVED,UNRESOLVED,UNRESOLVED,UNKNOWN,UNRESOLVED,UNRESOLVED,HEURISTIC_PROVISIONAL,CATEGORY_REVIEW_REQUIRED|ENTITY_MERGE_REQUIRED,NONE
NC-CL-R-000602,NC-CL-S-000194,docs/09_collection/ga5-collection-registry-v1.md#G5-L02,docs/09_collection/ga5-collection-registry-v1.md,366,GA5,"Logistics, Repair and Readiness Targets",G5-L02,Mobile Repair Tender,ENTITY,C5,C5|C6,C5|C6,SYNERGY|COMPLETION_LEGACY,UNRESOLVED,UNRESOLVED,UNRESOLVED,UNKNOWN,UNRESOLVED,UNRESOLVED,SPECIALIST_CORRECTED,PM_MERGE_REQUIRED|ENTITY_MERGE_REQUIRED,NONE
NC-CL-R-000603,NC-CL-S-000194,docs/09_collection/ga5-collection-registry-v1.md#G5-L02,docs/09_collection/ga5-collection-registry-v1.md,366,GA5,"Logistics, Repair and Readiness Targets",G5-L02,Mobile Repair Tender,STATE_TRANSITION,C5,C5|C6,C5|C6,SYNERGY|COMPLETION_LEGACY,UNRESOLVED,UNRESOLVED,UNRESOLVED,UNKNOWN,UNRESOLVED,UNRESOLVED,SPECIALIST_CORRECTED,PM_MERGE_REQUIRED|ENTITY_MERGE_REQUIRED,NONE
NC-CL-R-000604,NC-CL-S-000194,docs/09_collection/ga5-collection-registry-v1.md#G5-L02,docs/09_collection/ga5-collection-registry-v1.md,366,GA5,"Logistics, Repair and Readiness Targets",G5-L02,Mobile Repair Tender,LOSS_OBLIGATION,C5,C5|C6,C5|C6,SYNERGY|COMPLETION_LEGACY,UNRESOLVED,UNRESOLVED,UNRESOLVED,UNKNOWN,UNRESOLVED,UNRESOLVED,SPECIALIST_CORRECTED,PM_MERGE_REQUIRED|ENTITY_MERGE_REQUIRED,NONE
NC-CL-R-000605,NC-CL-S-000195,docs/09_collection/ga5-collection-registry-v1.md#G5-L03,docs/09_collection/ga5-collection-registry-v1.md,380,GA5,"Logistics, Repair and Readiness Targets",G5-L03,Pooled Maintenance and Readiness Board,STATE_TRANSITION,C1,C1,C1,SYNERGY|COMPLETION_LEGACY,UNRESOLVED,UNRESOLVED,UNRESOLVED,UNKNOWN,UNRESOLVED,UNRESOLVED,HEURISTIC_PROVISIONAL,CATEGORY_REVIEW_REQUIRED|ENTITY_MERGE_REQUIRED,NONE
NC-CL-R-000606,NC-CL-S-000195,docs/09_collection/ga5-collection-registry-v1.md#G5-L03,docs/09_collection/ga5-collection-registry-v1.md,380,GA5,"Logistics, Repair and Readiness Targets",G5-L03,Pooled Maintenance and Readiness Board,LOSS_OBLIGATION,C1,C1,C1,SYNERGY|COMPLETION_LEGACY,UNRESOLVED,UNRESOLVED,UNRESOLVED,UNKNOWN,UNRESOLVED,UNRESOLVED,HEURISTIC_PROVISIONAL,CATEGORY_REVIEW_REQUIRED|ENTITY_MERGE_REQUIRED,NONE
NC-CL-R-000607,NC-CL-S-000196,docs/09_collection/ga5-collection-registry-v1.md#G5-L04,docs/09_collection/ga5-collection-registry-v1.md,394,GA5,"Logistics, Repair and Readiness Targets",G5-L04,Distributed Parts and Cannibalization Pool,STATE_TRANSITION,C6,C6,C6,SYNERGY|COMPLETION_LEGACY,UNRESOLVED,UNRESOLVED,UNRESOLVED,UNKNOWN,UNRESOLVED,UNRESOLVED,HEURISTIC_PROVISIONAL,CATEGORY_REVIEW_REQUIRED|ENTITY_MERGE_REQUIRED,NONE
NC-CL-R-000608,NC-CL-S-000196,docs/09_collection/ga5-collection-registry-v1.md#G5-L04,docs/09_collection/ga5-collection-registry-v1.md,394,GA5,"Logistics, Repair and Readiness Targets",G5-L04,Distributed Parts and Cannibalization Pool,LOSS_OBLIGATION,C6,C6,C6,SYNERGY|COMPLETION_LEGACY,UNRESOLVED,UNRESOLVED,UNRESOLVED,UNKNOWN,UNRESOLVED,UNRESOLVED,HEURISTIC_PROVISIONAL,CATEGORY_REVIEW_REQUIRED|ENTITY_MERGE_REQUIRED,NONE
NC-CL-R-000609,NC-CL-S-000197,docs/09_collection/ga5-collection-registry-v1.md#G5-L05,docs/09_collection/ga5-collection-registry-v1.md,408,GA5,"Logistics, Repair and Readiness Targets",G5-L05,Missile/Countermeasure Allocation Pool,ENTITY,C3,C3,C3,SYNERGY|COMPLETION_LEGACY,UNRESOLVED,UNRESOLVED,UNRESOLVED,UNKNOWN,UNRESOLVED,UNRESOLVED,HEURISTIC_PROVISIONAL,CATEGORY_REVIEW_REQUIRED|ENTITY_MERGE_REQUIRED,NONE
NC-CL-R-000610,NC-CL-S-000197,docs/09_collection/ga5-collection-registry-v1.md#G5-L05,docs/09_collection/ga5-collection-registry-v1.md,408,GA5,"Logistics, Repair and Readiness Targets",G5-L05,Missile/Countermeasure Allocation Pool,STATE_TRANSITION,C3,C3,C3,SYNERGY|COMPLETION_LEGACY,UNRESOLVED,UNRESOLVED,UNRESOLVED,UNKNOWN,UNRESOLVED,UNRESOLVED,HEURISTIC_PROVISIONAL,CATEGORY_REVIEW_REQUIRED|ENTITY_MERGE_REQUIRED,NONE
NC-CL-R-000611,NC-CL-S-000197,docs/09_collection/ga5-collection-registry-v1.md#G5-L05,docs/09_collection/ga5-collection-registry-v1.md,408,GA5,"Logistics, Repair and Readiness Targets",G5-L05,Missile/Countermeasure Allocation Pool,LOSS_OBLIGATION,C3,C3,C3,SYNERGY|COMPLETION_LEGACY,UNRESOLVED,UNRESOLVED,UNRESOLVED,UNKNOWN,UNRESOLVED,UNRESOLVED,HEURISTIC_PROVISIONAL,CATEGORY_REVIEW_REQUIRED|ENTITY_MERGE_REQUIRED,NONE
NC-CL-R-000612,NC-CL-S-000198,docs/09_collection/ga5-collection-registry-v1.md#G5-L06,docs/09_collection/ga5-collection-registry-v1.md,422,GA5,"Logistics, Repair and Readiness Targets",G5-L06,Multi-Authority Payroll and Family Ledger,CONTROL_CLAIM,C7,C7,C7,SYNERGY|COMPLETION_LEGACY,UNRESOLVED,UNRESOLVED,UNRESOLVED,UNKNOWN,UNRESOLVED,UNRESOLVED,HEURISTIC_PROVISIONAL,CATEGORY_REVIEW_REQUIRED|ENTITY_MERGE_REQUIRED,NONE
NC-CL-R-000613,NC-CL-S-000198,docs/09_collection/ga5-collection-registry-v1.md#G5-L06,docs/09_collection/ga5-collection-registry-v1.md,422,GA5,"Logistics, Repair and Readiness Targets",G5-L06,Multi-Authority Payroll and Family Ledger,STATE_TRANSITION,C7,C7,C7,SYNERGY|COMPLETION_LEGACY,UNRESOLVED,UNRESOLVED,UNRESOLVED,UNKNOWN,UNRESOLVED,UNRESOLVED,HEURISTIC_PROVISIONAL,CATEGORY_REVIEW_REQUIRED|ENTITY_MERGE_REQUIRED,NONE
NC-CL-R-000614,NC-CL-S-000198,docs/09_collection/ga5-collection-registry-v1.md#G5-L06,docs/09_collection/ga5-collection-registry-v1.md,422,GA5,"Logistics, Repair and Readiness Targets",G5-L06,Multi-Authority Payroll and Family Ledger,LOSS_OBLIGATION,C7,C7,C7,SYNERGY|COMPLETION_LEGACY,UNRESOLVED,UNRESOLVED,UNRESOLVED,UNKNOWN,UNRESOLVED,UNRESOLVED,HEURISTIC_PROVISIONAL,CATEGORY_REVIEW_REQUIRED|ENTITY_MERGE_REQUIRED,NONE
NC-CL-R-000615,NC-CL-S-000199,docs/09_collection/ga5-collection-registry-v1.md#G5-L07,docs/09_collection/ga5-collection-registry-v1.md,436,GA5,"Logistics, Repair and Readiness Targets",G5-L07,Fleet Authentication/Courier Mesh,CONTROL_CLAIM,C6,C6,C6,SYNERGY|COMPLETION_LEGACY,UNRESOLVED,UNRESOLVED,UNRESOLVED,UNKNOWN,UNRESOLVED,UNRESOLVED,HEURISTIC_PROVISIONAL,CATEGORY_REVIEW_REQUIRED|ENTITY_MERGE_REQUIRED,NONE
NC-CL-R-000616,NC-CL-S-000199,docs/09_collection/ga5-collection-registry-v1.md#G5-L07,docs/09_collection/ga5-collection-registry-v1.md,436,GA5,"Logistics, Repair and Readiness Targets",G5-L07,Fleet Authentication/Courier Mesh,STATE_TRANSITION,C6,C6,C6,SYNERGY|COMPLETION_LEGACY,UNRESOLVED,UNRESOLVED,UNRESOLVED,UNKNOWN,UNRESOLVED,UNRESOLVED,HEURISTIC_PROVISIONAL,CATEGORY_REVIEW_REQUIRED|ENTITY_MERGE_REQUIRED,NONE
NC-CL-R-000617,NC-CL-S-000199,docs/09_collection/ga5-collection-registry-v1.md#G5-L07,docs/09_collection/ga5-collection-registry-v1.md,436,GA5,"Logistics, Repair and Readiness Targets",G5-L07,Fleet Authentication/Courier Mesh,LOSS_OBLIGATION,C6,C6,C6,SYNERGY|COMPLETION_LEGACY,UNRESOLVED,UNRESOLVED,UNRESOLVED,UNKNOWN,UNRESOLVED,UNRESOLVED,HEURISTIC_PROVISIONAL,CATEGORY_REVIEW_REQUIRED|ENTITY_MERGE_REQUIRED,NONE
NC-CL-R-000618,NC-CL-S-000200,docs/09_collection/ga5-collection-registry-v1.md#G5-L08,docs/09_collection/ga5-collection-registry-v1.md,450,GA5,"Logistics, Repair and Readiness Targets",G5-L08,Civilian Convoy/Route Capacity,ENTITY,C5,C5|C8,C5|C8,SYNERGY|COMPLETION_LEGACY,UNRESOLVED,UNRESOLVED,UNRESOLVED,UNKNOWN,UNRESOLVED,UNRESOLVED,HEURISTIC_PROVISIONAL,CATEGORY_REVIEW_REQUIRED|ENTITY_MERGE_REQUIRED,NONE
NC-CL-R-000619,NC-CL-S-000200,docs/09_collection/ga5-collection-registry-v1.md#G5-L08,docs/09_collection/ga5-collection-registry-v1.md,450,GA5,"Logistics, Repair and Readiness Targets",G5-L08,Civilian Convoy/Route Capacity,STATE_TRANSITION,C5,C5|C8,C5|C8,SYNERGY|COMPLETION_LEGACY,UNRESOLVED,UNRESOLVED,UNRESOLVED,UNKNOWN,UNRESOLVED,UNRESOLVED,HEURISTIC_PROVISIONAL,CATEGORY_REVIEW_REQUIRED|ENTITY_MERGE_REQUIRED,NONE
NC-CL-R-000620,NC-CL-S-000200,docs/09_collection/ga5-collection-registry-v1.md#G5-L08,docs/09_collection/ga5-collection-registry-v1.md,450,GA5,"Logistics, Repair and Readiness Targets",G5-L08,Civilian Convoy/Route Capacity,LOSS_OBLIGATION,C5,C5|C8,C5|C8,SYNERGY|COMPLETION_LEGACY,UNRESOLVED,UNRESOLVED,UNRESOLVED,UNKNOWN,UNRESOLVED,UNRESOLVED,HEURISTIC_PROVISIONAL,CATEGORY_REVIEW_REQUIRED|ENTITY_MERGE_REQUIRED,NONE
NC-CL-R-000621,NC-CL-S-000201,docs/09_collection/ga5-collection-registry-v1.md#G5-L09,docs/09_collection/ga5-collection-registry-v1.md,464,GA5,"Logistics, Repair and Readiness Targets",G5-L09,Fleet Casualty and Repair Debt Ledger,STATE_TRANSITION,C6,C6,C6,SYNERGY|COMPLETION_LEGACY,UNRESOLVED,UNRESOLVED,UNRESOLVED,UNKNOWN,UNRESOLVED,UNRESOLVED,HEURISTIC_PROVISIONAL,CATEGORY_REVIEW_REQUIRED|ENTITY_MERGE_REQUIRED,NONE
NC-CL-R-000622,NC-CL-S-000201,docs/09_collection/ga5-collection-registry-v1.md#G5-L09,docs/09_collection/ga5-collection-registry-v1.md,464,GA5,"Logistics, Repair and Readiness Targets",G5-L09,Fleet Casualty and Repair Debt Ledger,LOSS_OBLIGATION,C6,C6,C6,SYNERGY|COMPLETION_LEGACY,UNRESOLVED,UNRESOLVED,UNRESOLVED,UNKNOWN,UNRESOLVED,UNRESOLVED,HEURISTIC_PROVISIONAL,CATEGORY_REVIEW_REQUIRED|ENTITY_MERGE_REQUIRED,NONE
NC-CL-R-000623,NC-CL-S-000202,docs/09_collection/ga5-collection-registry-v1.md#G5-F01,docs/09_collection/ga5-collection-registry-v1.md,482,GA5,Formation and Operational Targets,G5-F01,Initial Vesper Task Force,STATE_TRANSITION,C7,C7,C7,SYNERGY|COMPLETION_LEGACY,UNRESOLVED,UNRESOLVED,UNRESOLVED,UNKNOWN,UNRESOLVED,UNRESOLVED,HEURISTIC_PROVISIONAL,CATEGORY_REVIEW_REQUIRED|ENTITY_MERGE_REQUIRED,NONE
NC-CL-R-000624,NC-CL-S-000203,docs/09_collection/ga5-collection-registry-v1.md#G5-F02,docs/09_collection/ga5-collection-registry-v1.md,493,GA5,Formation and Operational Targets,G5-F02,Maintenance-Supported Charter Formation,CONTROL_CLAIM,C7,C7,C7,SYNERGY|COMPLETION_LEGACY,UNRESOLVED,UNRESOLVED,UNRESOLVED,UNKNOWN,UNRESOLVED,UNRESOLVED,HEURISTIC_PROVISIONAL,CATEGORY_REVIEW_REQUIRED|ENTITY_MERGE_REQUIRED,NONE
NC-CL-R-000625,NC-CL-S-000203,docs/09_collection/ga5-collection-registry-v1.md#G5-F02,docs/09_collection/ga5-collection-registry-v1.md,493,GA5,Formation and Operational Targets,G5-F02,Maintenance-Supported Charter Formation,STATE_TRANSITION,C7,C7,C7,SYNERGY|COMPLETION_LEGACY,UNRESOLVED,UNRESOLVED,UNRESOLVED,UNKNOWN,UNRESOLVED,UNRESOLVED,HEURISTIC_PROVISIONAL,CATEGORY_REVIEW_REQUIRED|ENTITY_MERGE_REQUIRED,NONE
NC-CL-R-000626,NC-CL-S-000203,docs/09_collection/ga5-collection-registry-v1.md#G5-F02,docs/09_collection/ga5-collection-registry-v1.md,493,GA5,Formation and Operational Targets,G5-F02,Maintenance-Supported Charter Formation,LOSS_OBLIGATION,C7,C7,C7,SYNERGY|COMPLETION_LEGACY,UNRESOLVED,UNRESOLVED,UNRESOLVED,UNKNOWN,UNRESOLVED,UNRESOLVED,HEURISTIC_PROVISIONAL,CATEGORY_REVIEW_REQUIRED|ENTITY_MERGE_REQUIRED,NONE
NC-CL-R-000627,NC-CL-S-000204,docs/09_collection/ga5-collection-registry-v1.md#G5-F03,docs/09_collection/ga5-collection-registry-v1.md,507,GA5,Formation and Operational Targets,G5-F03,Provincial Contribution Network,ENTITY,C6,C6,C6,SYNERGY|COMPLETION_LEGACY,UNRESOLVED,UNRESOLVED,UNRESOLVED,UNKNOWN,UNRESOLVED,UNRESOLVED,HEURISTIC_PROVISIONAL,CATEGORY_REVIEW_REQUIRED|ENTITY_MERGE_REQUIRED,NONE
NC-CL-R-000628,NC-CL-S-000204,docs/09_collection/ga5-collection-registry-v1.md#G5-F03,docs/09_collection/ga5-collection-registry-v1.md,507,GA5,Formation and Operational Targets,G5-F03,Provincial Contribution Network,STATE_TRANSITION,C6,C6,C6,SYNERGY|COMPLETION_LEGACY,UNRESOLVED,UNRESOLVED,UNRESOLVED,UNKNOWN,UNRESOLVED,UNRESOLVED,HEURISTIC_PROVISIONAL,CATEGORY_REVIEW_REQUIRED|ENTITY_MERGE_REQUIRED,NONE
NC-CL-R-000629,NC-CL-S-000204,docs/09_collection/ga5-collection-registry-v1.md#G5-F03,docs/09_collection/ga5-collection-registry-v1.md,507,GA5,Formation and Operational Targets,G5-F03,Provincial Contribution Network,LOSS_OBLIGATION,C6,C6,C6,SYNERGY|COMPLETION_LEGACY,UNRESOLVED,UNRESOLVED,UNRESOLVED,UNKNOWN,UNRESOLVED,UNRESOLVED,HEURISTIC_PROVISIONAL,CATEGORY_REVIEW_REQUIRED|ENTITY_MERGE_REQUIRED,NONE
NC-CL-R-000630,NC-CL-S-000205,docs/09_collection/ga5-collection-registry-v1.md#G5-F04,docs/09_collection/ga5-collection-registry-v1.md,521,GA5,Formation and Operational Targets,G5-F04,Outer Front Cooperation,STATE_TRANSITION,C7,C7,C7,SYNERGY|COMPLETION_LEGACY,UNRESOLVED,UNRESOLVED,UNRESOLVED,UNKNOWN,UNRESOLVED,UNRESOLVED,HEURISTIC_PROVISIONAL,CATEGORY_REVIEW_REQUIRED|ENTITY_MERGE_REQUIRED,NONE
NC-CL-R-000631,NC-CL-S-000205,docs/09_collection/ga5-collection-registry-v1.md#G5-F04,docs/09_collection/ga5-collection-registry-v1.md,521,GA5,Formation and Operational Targets,G5-F04,Outer Front Cooperation,LOSS_OBLIGATION,C7,C7,C7,SYNERGY|COMPLETION_LEGACY,UNRESOLVED,UNRESOLVED,UNRESOLVED,UNKNOWN,UNRESOLVED,UNRESOLVED,HEURISTIC_PROVISIONAL,CATEGORY_REVIEW_REQUIRED|ENTITY_MERGE_REQUIRED,NONE
NC-CL-R-000632,NC-CL-S-000206,docs/09_collection/ga5-collection-registry-v1.md#G5-F05,docs/09_collection/ga5-collection-registry-v1.md,535,GA5,Formation and Operational Targets,G5-F05,Crown/Civilian Escort Commitment,STATE_TRANSITION,C7,C7,C7,SYNERGY|COMPLETION_LEGACY,UNRESOLVED,UNRESOLVED,UNRESOLVED,UNKNOWN,UNRESOLVED,UNRESOLVED,HEURISTIC_PROVISIONAL,CATEGORY_REVIEW_REQUIRED|ENTITY_MERGE_REQUIRED,NONE
NC-CL-R-000633,NC-CL-S-000206,docs/09_collection/ga5-collection-registry-v1.md#G5-F05,docs/09_collection/ga5-collection-registry-v1.md,535,GA5,Formation and Operational Targets,G5-F05,Crown/Civilian Escort Commitment,LOSS_OBLIGATION,C7,C7,C7,SYNERGY|COMPLETION_LEGACY,UNRESOLVED,UNRESOLVED,UNRESOLVED,UNKNOWN,UNRESOLVED,UNRESOLVED,HEURISTIC_PROVISIONAL,CATEGORY_REVIEW_REQUIRED|ENTITY_MERGE_REQUIRED,NONE
NC-CL-R-000634,NC-CL-S-000207,docs/09_collection/ga5-collection-registry-v1.md#G5-F06,docs/09_collection/ga5-collection-registry-v1.md,549,GA5,Formation and Operational Targets,G5-F06,Ownerless Fleet Network,ENTITY,C5,C5,C5|C7,SYNERGY|COMPLETION_LEGACY,UNRESOLVED,UNRESOLVED,UNRESOLVED,UNKNOWN,UNRESOLVED,UNRESOLVED,SPECIALIST_CORRECTED,PM_MERGE_REQUIRED|ENTITY_MERGE_REQUIRED,NONE
NC-CL-R-000635,NC-CL-S-000207,docs/09_collection/ga5-collection-registry-v1.md#G5-F06,docs/09_collection/ga5-collection-registry-v1.md,549,GA5,Formation and Operational Targets,G5-F06,Ownerless Fleet Network,STATE_TRANSITION,C5,C5|C7,C5|C7,SYNERGY|COMPLETION_LEGACY,UNRESOLVED,UNRESOLVED,UNRESOLVED,UNKNOWN,UNRESOLVED,UNRESOLVED,SPECIALIST_CORRECTED,PM_MERGE_REQUIRED|ENTITY_MERGE_REQUIRED,NONE
NC-CL-R-000636,NC-CL-S-000207,docs/09_collection/ga5-collection-registry-v1.md#G5-F06,docs/09_collection/ga5-collection-registry-v1.md,549,GA5,Formation and Operational Targets,G5-F06,Ownerless Fleet Network,LOSS_OBLIGATION,C5,C5|C7,C5|C7,SYNERGY|COMPLETION_LEGACY,UNRESOLVED,UNRESOLVED,UNRESOLVED,UNKNOWN,UNRESOLVED,UNRESOLVED,SPECIALIST_CORRECTED,PM_MERGE_REQUIRED|ENTITY_MERGE_REQUIRED,NONE
NC-CL-R-000637,NC-CL-S-000208,docs/09_collection/ga5-collection-registry-v1.md#G5-F07,docs/09_collection/ga5-collection-registry-v1.md,566,GA5,Formation and Operational Targets,G5-F07,Autonomous Front Victory Record,CONTROL_CLAIM,C7,C7,C7,SYNERGY|COMPLETION_LEGACY,UNRESOLVED,UNRESOLVED,UNRESOLVED,UNKNOWN,UNRESOLVED,UNRESOLVED,HEURISTIC_PROVISIONAL,CATEGORY_REVIEW_REQUIRED|ENTITY_MERGE_REQUIRED,NONE
NC-CL-R-000638,NC-CL-S-000208,docs/09_collection/ga5-collection-registry-v1.md#G5-F07,docs/09_collection/ga5-collection-registry-v1.md,566,GA5,Formation and Operational Targets,G5-F07,Autonomous Front Victory Record,STATE_TRANSITION,C7,C7,C7,SYNERGY|COMPLETION_LEGACY,UNRESOLVED,UNRESOLVED,UNRESOLVED,UNKNOWN,UNRESOLVED,UNRESOLVED,HEURISTIC_PROVISIONAL,CATEGORY_REVIEW_REQUIRED|ENTITY_MERGE_REQUIRED,NONE
NC-CL-R-000639,NC-CL-S-000208,docs/09_collection/ga5-collection-registry-v1.md#G5-F07,docs/09_collection/ga5-collection-registry-v1.md,566,GA5,Formation and Operational Targets,G5-F07,Autonomous Front Victory Record,LOSS_OBLIGATION,C7,C7,C7,SYNERGY|COMPLETION_LEGACY,UNRESOLVED,UNRESOLVED,UNRESOLVED,UNKNOWN,UNRESOLVED,UNRESOLVED,HEURISTIC_PROVISIONAL,CATEGORY_REVIEW_REQUIRED|ENTITY_MERGE_REQUIRED,NONE
NC-CL-R-000640,NC-CL-S-000209,docs/09_collection/ga5-collection-registry-v1.md#G5-F08,docs/09_collection/ga5-collection-registry-v1.md,580,GA5,Formation and Operational Targets,G5-F08,Under-Resourced Front Loss,STATE_TRANSITION,C1,C1,C1,SYNERGY|COMPLETION_LEGACY,UNRESOLVED,UNRESOLVED,UNRESOLVED,UNKNOWN,UNRESOLVED,UNRESOLVED,HEURISTIC_PROVISIONAL,CATEGORY_REVIEW_REQUIRED|ENTITY_MERGE_REQUIRED,NONE
NC-CL-R-000641,NC-CL-S-000209,docs/09_collection/ga5-collection-registry-v1.md#G5-F08,docs/09_collection/ga5-collection-registry-v1.md,580,GA5,Formation and Operational Targets,G5-F08,Under-Resourced Front Loss,LOSS_OBLIGATION,C1,C1,C1,SYNERGY|COMPLETION_LEGACY,UNRESOLVED,UNRESOLVED,UNRESOLVED,UNKNOWN,UNRESOLVED,UNRESOLVED,HEURISTIC_PROVISIONAL,CATEGORY_REVIEW_REQUIRED|ENTITY_MERGE_REQUIRED,NONE
NC-CL-R-000642,NC-CL-S-000210,docs/09_collection/ga5-collection-registry-v1.md#G5-X01,docs/09_collection/ga5-collection-registry-v1.md,598,GA5,"Mystery, Symbolic and GA6 Bridge Targets",G5-X01,Future Hero-Fleet Compression,STATE_TRANSITION,C4,C4,C4,DISCOVERY|COMPLETION_LEGACY,UNRESOLVED,UNRESOLVED,UNRESOLVED,UNKNOWN,UNRESOLVED,UNRESOLVED,HEURISTIC_PROVISIONAL,CATEGORY_REVIEW_REQUIRED|ENTITY_MERGE_REQUIRED,NONE
NC-CL-R-000643,NC-CL-S-000210,docs/09_collection/ga5-collection-registry-v1.md#G5-X01,docs/09_collection/ga5-collection-registry-v1.md,598,GA5,"Mystery, Symbolic and GA6 Bridge Targets",G5-X01,Future Hero-Fleet Compression,NARRATIVE_PROMISE,C4,C4,C4,DISCOVERY|COMPLETION_LEGACY,UNRESOLVED,UNRESOLVED,UNRESOLVED,UNKNOWN,UNRESOLVED,UNRESOLVED,HEURISTIC_PROVISIONAL,CATEGORY_REVIEW_REQUIRED|ENTITY_MERGE_REQUIRED,NONE
NC-CL-R-000644,NC-CL-S-000211,docs/09_collection/ga5-collection-registry-v1.md#G5-X02,docs/09_collection/ga5-collection-registry-v1.md,609,GA5,"Mystery, Symbolic and GA6 Bridge Targets",G5-X02,Continuity Preference for Unified Command,CONTROL_CLAIM,C4,C4|C7,C4|C7,DISCOVERY|SYNERGY|COMPLETION_LEGACY,UNRESOLVED,UNRESOLVED,UNRESOLVED,UNKNOWN,UNRESOLVED,UNRESOLVED,HEURISTIC_PROVISIONAL,CATEGORY_REVIEW_REQUIRED|ENTITY_MERGE_REQUIRED,NONE
NC-CL-R-000645,NC-CL-S-000211,docs/09_collection/ga5-collection-registry-v1.md#G5-X02,docs/09_collection/ga5-collection-registry-v1.md,609,GA5,"Mystery, Symbolic and GA6 Bridge Targets",G5-X02,Continuity Preference for Unified Command,STATE_TRANSITION,C4,C4|C7,C4|C7,DISCOVERY|SYNERGY|COMPLETION_LEGACY,UNRESOLVED,UNRESOLVED,UNRESOLVED,UNKNOWN,UNRESOLVED,UNRESOLVED,HEURISTIC_PROVISIONAL,CATEGORY_REVIEW_REQUIRED|ENTITY_MERGE_REQUIRED,NONE
NC-CL-R-000646,NC-CL-S-000211,docs/09_collection/ga5-collection-registry-v1.md#G5-X02,docs/09_collection/ga5-collection-registry-v1.md,609,GA5,"Mystery, Symbolic and GA6 Bridge Targets",G5-X02,Continuity Preference for Unified Command,NARRATIVE_PROMISE,C4,C4|C7,C4|C7,DISCOVERY|SYNERGY|COMPLETION_LEGACY,UNRESOLVED,UNRESOLVED,UNRESOLVED,UNKNOWN,UNRESOLVED,UNRESOLVED,HEURISTIC_PROVISIONAL,CATEGORY_REVIEW_REQUIRED|ENTITY_MERGE_REQUIRED,NONE
NC-CL-R-000647,NC-CL-S-000212,docs/09_collection/ga5-collection-registry-v1.md#G5-X03,docs/09_collection/ga5-collection-registry-v1.md,620,GA5,"Mystery, Symbolic and GA6 Bridge Targets",G5-X03,P-001 Connective Command Pattern,CONTROL_CLAIM,C4,C4|C7,C4|C7,DISCOVERY|COMPLETION_LEGACY,UNRESOLVED,UNRESOLVED,UNRESOLVED,UNKNOWN,UNRESOLVED,UNRESOLVED,HEURISTIC_PROVISIONAL,CATEGORY_REVIEW_REQUIRED|ENTITY_MERGE_REQUIRED,NONE
NC-CL-R-000648,NC-CL-S-000212,docs/09_collection/ga5-collection-registry-v1.md#G5-X03,docs/09_collection/ga5-collection-registry-v1.md,620,GA5,"Mystery, Symbolic and GA6 Bridge Targets",G5-X03,P-001 Connective Command Pattern,STATE_TRANSITION,C4,C4|C7,C4|C7,DISCOVERY|COMPLETION_LEGACY,UNRESOLVED,UNRESOLVED,UNRESOLVED,UNKNOWN,UNRESOLVED,UNRESOLVED,HEURISTIC_PROVISIONAL,CATEGORY_REVIEW_REQUIRED|ENTITY_MERGE_REQUIRED,NONE
NC-CL-R-000649,NC-CL-S-000212,docs/09_collection/ga5-collection-registry-v1.md#G5-X03,docs/09_collection/ga5-collection-registry-v1.md,620,GA5,"Mystery, Symbolic and GA6 Bridge Targets",G5-X03,P-001 Connective Command Pattern,NARRATIVE_PROMISE,C4,C4|C7,C4|C7,DISCOVERY|COMPLETION_LEGACY,UNRESOLVED,UNRESOLVED,UNRESOLVED,UNKNOWN,UNRESOLVED,UNRESOLVED,HEURISTIC_PROVISIONAL,CATEGORY_REVIEW_REQUIRED|ENTITY_MERGE_REQUIRED,NONE
NC-CL-R-000650,NC-CL-S-000213,docs/09_collection/ga5-collection-registry-v1.md#G5-X04,docs/09_collection/ga5-collection-registry-v1.md,628,GA5,"Mystery, Symbolic and GA6 Bridge Targets",G5-X04,Original Orpheus Structural Match,STATE_TRANSITION,C4,C4,C4,DISCOVERY|COMPLETION_LEGACY,UNRESOLVED,UNRESOLVED,UNRESOLVED,UNKNOWN,UNRESOLVED,UNRESOLVED,HEURISTIC_PROVISIONAL,CATEGORY_REVIEW_REQUIRED|ENTITY_MERGE_REQUIRED,NONE
NC-CL-R-000651,NC-CL-S-000213,docs/09_collection/ga5-collection-registry-v1.md#G5-X04,docs/09_collection/ga5-collection-registry-v1.md,628,GA5,"Mystery, Symbolic and GA6 Bridge Targets",G5-X04,Original Orpheus Structural Match,NARRATIVE_PROMISE,C4,C4,C4,DISCOVERY|COMPLETION_LEGACY,UNRESOLVED,UNRESOLVED,UNRESOLVED,UNKNOWN,UNRESOLVED,UNRESOLVED,HEURISTIC_PROVISIONAL,CATEGORY_REVIEW_REQUIRED|ENTITY_MERGE_REQUIRED,NONE
NC-CL-R-000652,NC-CL-S-000214,docs/09_collection/ga5-collection-registry-v1.md#G5-I01,docs/09_collection/ga5-collection-registry-v1.md,636,GA5,"Mystery, Symbolic and GA6 Bridge Targets",G5-I01,“Ownerless Fleet” Public Narrative,STATE_TRANSITION,C4,C4,C4,DISCOVERY|COMPLETION_LEGACY,UNRESOLVED,UNRESOLVED,UNRESOLVED,UNKNOWN,UNRESOLVED,UNRESOLVED,HEURISTIC_PROVISIONAL,CATEGORY_REVIEW_REQUIRED|ENTITY_MERGE_REQUIRED,NONE
NC-CL-R-000653,NC-CL-S-000214,docs/09_collection/ga5-collection-registry-v1.md#G5-I01,docs/09_collection/ga5-collection-registry-v1.md,636,GA5,"Mystery, Symbolic and GA6 Bridge Targets",G5-I01,“Ownerless Fleet” Public Narrative,LOSS_OBLIGATION,C4,C4,C4,DISCOVERY|COMPLETION_LEGACY,UNRESOLVED,UNRESOLVED,UNRESOLVED,UNKNOWN,UNRESOLVED,UNRESOLVED,HEURISTIC_PROVISIONAL,CATEGORY_REVIEW_REQUIRED|ENTITY_MERGE_REQUIRED,NONE
NC-CL-R-000654,NC-CL-S-000214,docs/09_collection/ga5-collection-registry-v1.md#G5-I01,docs/09_collection/ga5-collection-registry-v1.md,636,GA5,"Mystery, Symbolic and GA6 Bridge Targets",G5-I01,“Ownerless Fleet” Public Narrative,NARRATIVE_PROMISE,C4,C4,C4,DISCOVERY|COMPLETION_LEGACY,UNRESOLVED,UNRESOLVED,UNRESOLVED,UNKNOWN,UNRESOLVED,UNRESOLVED,HEURISTIC_PROVISIONAL,CATEGORY_REVIEW_REQUIRED|ENTITY_MERGE_REQUIRED,NONE
NC-CL-R-000655,NC-CL-S-000215,docs/09_collection/ga5-collection-registry-v1.md#G5-I02,docs/09_collection/ga5-collection-registry-v1.md,647,GA5,"Mystery, Symbolic and GA6 Bridge Targets",G5-I02,Borrowed Command Principle,CONTROL_CLAIM,C4,C4|C7,C4|C7,DISCOVERY|SYNERGY|COMPLETION_LEGACY,UNRESOLVED,UNRESOLVED,UNRESOLVED,UNKNOWN,UNRESOLVED,UNRESOLVED,HEURISTIC_PROVISIONAL,CATEGORY_REVIEW_REQUIRED|ENTITY_MERGE_REQUIRED,NONE
NC-CL-R-000656,NC-CL-S-000215,docs/09_collection/ga5-collection-registry-v1.md#G5-I02,docs/09_collection/ga5-collection-registry-v1.md,647,GA5,"Mystery, Symbolic and GA6 Bridge Targets",G5-I02,Borrowed Command Principle,STATE_TRANSITION,C4,C4|C7,C4|C7,DISCOVERY|SYNERGY|COMPLETION_LEGACY,UNRESOLVED,UNRESOLVED,UNRESOLVED,UNKNOWN,UNRESOLVED,UNRESOLVED,HEURISTIC_PROVISIONAL,CATEGORY_REVIEW_REQUIRED|ENTITY_MERGE_REQUIRED,NONE
NC-CL-R-000657,NC-CL-S-000215,docs/09_collection/ga5-collection-registry-v1.md#G5-I02,docs/09_collection/ga5-collection-registry-v1.md,647,GA5,"Mystery, Symbolic and GA6 Bridge Targets",G5-I02,Borrowed Command Principle,LOSS_OBLIGATION,C4,C4|C7,C4|C7,DISCOVERY|SYNERGY|COMPLETION_LEGACY,UNRESOLVED,UNRESOLVED,UNRESOLVED,UNKNOWN,UNRESOLVED,UNRESOLVED,HEURISTIC_PROVISIONAL,CATEGORY_REVIEW_REQUIRED|ENTITY_MERGE_REQUIRED,NONE
NC-CL-R-000658,NC-CL-S-000215,docs/09_collection/ga5-collection-registry-v1.md#G5-I02,docs/09_collection/ga5-collection-registry-v1.md,647,GA5,"Mystery, Symbolic and GA6 Bridge Targets",G5-I02,Borrowed Command Principle,NARRATIVE_PROMISE,C4,C4|C7,C4|C7,DISCOVERY|SYNERGY|COMPLETION_LEGACY,UNRESOLVED,UNRESOLVED,UNRESOLVED,UNKNOWN,UNRESOLVED,UNRESOLVED,HEURISTIC_PROVISIONAL,CATEGORY_REVIEW_REQUIRED|ENTITY_MERGE_REQUIRED,NONE
NC-CL-R-000659,NC-CL-S-000216,docs/09_collection/ga6-collection-registry-v1.md#G6-P01,docs/09_collection/ga6-collection-registry-v1.md,31,GA6,Decision Constituencies and Relationships,G6-P01,State/Capital Continuity Group,STATE_TRANSITION,C7,C7,C7,ACQUISITION|SYNERGY|COMPLETION_LEGACY,UNRESOLVED,UNRESOLVED,UNRESOLVED,UNKNOWN,UNRESOLVED,UNRESOLVED,HEURISTIC_PROVISIONAL,CATEGORY_REVIEW_REQUIRED|ENTITY_MERGE_REQUIRED,NONE
NC-CL-R-000660,NC-CL-S-000216,docs/09_collection/ga6-collection-registry-v1.md#G6-P01,docs/09_collection/ga6-collection-registry-v1.md,31,GA6,Decision Constituencies and Relationships,G6-P01,State/Capital Continuity Group,LOSS_OBLIGATION,C7,C7,C7,ACQUISITION|SYNERGY|COMPLETION_LEGACY,UNRESOLVED,UNRESOLVED,UNRESOLVED,UNKNOWN,UNRESOLVED,UNRESOLVED,HEURISTIC_PROVISIONAL,CATEGORY_REVIEW_REQUIRED|ENTITY_MERGE_REQUIRED,NONE
NC-CL-R-000661,NC-CL-S-000217,docs/09_collection/ga6-collection-registry-v1.md#G6-P02,docs/09_collection/ga6-collection-registry-v1.md,48,GA6,Decision Constituencies and Relationships,G6-P02,Civilian Convoy Council Network,ENTITY,C5,C5|C6|C7,C5|C6|C7,ACQUISITION|SYNERGY,UNRESOLVED,UNRESOLVED,UNRESOLVED,UNKNOWN,UNRESOLVED,UNRESOLVED,HEURISTIC_PROVISIONAL,CATEGORY_REVIEW_REQUIRED|ENTITY_MERGE_REQUIRED,NONE
NC-CL-R-000662,NC-CL-S-000217,docs/09_collection/ga6-collection-registry-v1.md#G6-P02,docs/09_collection/ga6-collection-registry-v1.md,48,GA6,Decision Constituencies and Relationships,G6-P02,Civilian Convoy Council Network,STATE_TRANSITION,C5,C5|C6|C7,C5|C6|C7,ACQUISITION|SYNERGY,UNRESOLVED,UNRESOLVED,UNRESOLVED,UNKNOWN,UNRESOLVED,UNRESOLVED,HEURISTIC_PROVISIONAL,CATEGORY_REVIEW_REQUIRED|ENTITY_MERGE_REQUIRED,NONE
NC-CL-R-000663,NC-CL-S-000217,docs/09_collection/ga6-collection-registry-v1.md#G6-P02,docs/09_collection/ga6-collection-registry-v1.md,48,GA6,Decision Constituencies and Relationships,G6-P02,Civilian Convoy Council Network,LOSS_OBLIGATION,C5,C5|C6|C7,C5|C6|C7,ACQUISITION|SYNERGY,UNRESOLVED,UNRESOLVED,UNRESOLVED,UNKNOWN,UNRESOLVED,UNRESOLVED,HEURISTIC_PROVISIONAL,CATEGORY_REVIEW_REQUIRED|ENTITY_MERGE_REQUIRED,NONE
NC-CL-R-000664,NC-CL-S-000218,docs/09_collection/ga6-collection-registry-v1.md#G6-P03,docs/09_collection/ga6-collection-registry-v1.md,65,GA6,Decision Constituencies and Relationships,G6-P03,Institutional Distribution Team,STATE_TRANSITION,C7,C7,C7,ACQUISITION|SYNERGY,UNRESOLVED,UNRESOLVED,UNRESOLVED,UNKNOWN,UNRESOLVED,UNRESOLVED,HEURISTIC_PROVISIONAL,CATEGORY_REVIEW_REQUIRED|ENTITY_MERGE_REQUIRED,NONE
NC-CL-R-000665,NC-CL-S-000218,docs/09_collection/ga6-collection-registry-v1.md#G6-P03,docs/09_collection/ga6-collection-registry-v1.md,65,GA6,Decision Constituencies and Relationships,G6-P03,Institutional Distribution Team,LOSS_OBLIGATION,C7,C7,C7,ACQUISITION|SYNERGY,UNRESOLVED,UNRESOLVED,UNRESOLVED,UNKNOWN,UNRESOLVED,UNRESOLVED,HEURISTIC_PROVISIONAL,CATEGORY_REVIEW_REQUIRED|ENTITY_MERGE_REQUIRED,NONE
NC-CL-R-000666,NC-CL-S-000219,docs/09_collection/ga6-collection-registry-v1.md#G6-P04,docs/09_collection/ga6-collection-registry-v1.md,82,GA6,Decision Constituencies and Relationships,G6-P04,Neutral Rescue Coalition,ENTITY,C7,C7,C7,ACQUISITION|SYNERGY,UNRESOLVED,UNRESOLVED,UNRESOLVED,UNKNOWN,UNRESOLVED,UNRESOLVED,HEURISTIC_PROVISIONAL,CATEGORY_REVIEW_REQUIRED|ENTITY_MERGE_REQUIRED,NONE
NC-CL-R-000667,NC-CL-S-000219,docs/09_collection/ga6-collection-registry-v1.md#G6-P04,docs/09_collection/ga6-collection-registry-v1.md,82,GA6,Decision Constituencies and Relationships,G6-P04,Neutral Rescue Coalition,RELATIONSHIP,C7,C7,C7,ACQUISITION|SYNERGY,UNRESOLVED,UNRESOLVED,UNRESOLVED,UNKNOWN,UNRESOLVED,UNRESOLVED,HEURISTIC_PROVISIONAL,CATEGORY_REVIEW_REQUIRED|ENTITY_MERGE_REQUIRED,NONE
NC-CL-R-000668,NC-CL-S-000219,docs/09_collection/ga6-collection-registry-v1.md#G6-P04,docs/09_collection/ga6-collection-registry-v1.md,82,GA6,Decision Constituencies and Relationships,G6-P04,Neutral Rescue Coalition,STATE_TRANSITION,C7,C7,C7,ACQUISITION|SYNERGY,UNRESOLVED,UNRESOLVED,UNRESOLVED,UNKNOWN,UNRESOLVED,UNRESOLVED,HEURISTIC_PROVISIONAL,CATEGORY_REVIEW_REQUIRED|ENTITY_MERGE_REQUIRED,NONE
NC-CL-R-000669,NC-CL-S-000219,docs/09_collection/ga6-collection-registry-v1.md#G6-P04,docs/09_collection/ga6-collection-registry-v1.md,82,GA6,Decision Constituencies and Relationships,G6-P04,Neutral Rescue Coalition,LOSS_OBLIGATION,C7,C7,C7,ACQUISITION|SYNERGY,UNRESOLVED,UNRESOLVED,UNRESOLVED,UNKNOWN,UNRESOLVED,UNRESOLVED,HEURISTIC_PROVISIONAL,CATEGORY_REVIEW_REQUIRED|ENTITY_MERGE_REQUIRED,NONE
NC-CL-R-000670,NC-CL-S-000220,docs/09_collection/ga6-collection-registry-v1.md#G6-P05,docs/09_collection/ga6-collection-registry-v1.md,99,GA6,Decision Constituencies and Relationships,G6-P05,Orpheus Local Node/Worker Authority,ENTITY,C1,C1|C7|C8,C1|C7|C8,ACQUISITION|SYNERGY,UNRESOLVED,UNRESOLVED,UNRESOLVED,UNKNOWN,UNRESOLVED,UNRESOLVED,HEURISTIC_PROVISIONAL,CATEGORY_REVIEW_REQUIRED|ENTITY_MERGE_REQUIRED,NONE
NC-CL-R-000671,NC-CL-S-000220,docs/09_collection/ga6-collection-registry-v1.md#G6-P05,docs/09_collection/ga6-collection-registry-v1.md,99,GA6,Decision Constituencies and Relationships,G6-P05,Orpheus Local Node/Worker Authority,CONTROL_CLAIM,C1,C1|C7|C8,C1|C7|C8,ACQUISITION|SYNERGY,UNRESOLVED,UNRESOLVED,UNRESOLVED,UNKNOWN,UNRESOLVED,UNRESOLVED,HEURISTIC_PROVISIONAL,CATEGORY_REVIEW_REQUIRED|ENTITY_MERGE_REQUIRED,NONE
NC-CL-R-000672,NC-CL-S-000220,docs/09_collection/ga6-collection-registry-v1.md#G6-P05,docs/09_collection/ga6-collection-registry-v1.md,99,GA6,Decision Constituencies and Relationships,G6-P05,Orpheus Local Node/Worker Authority,STATE_TRANSITION,C1,C1|C7|C8,C1|C7|C8,ACQUISITION|SYNERGY,UNRESOLVED,UNRESOLVED,UNRESOLVED,UNKNOWN,UNRESOLVED,UNRESOLVED,HEURISTIC_PROVISIONAL,CATEGORY_REVIEW_REQUIRED|ENTITY_MERGE_REQUIRED,NONE
NC-CL-R-000673,NC-CL-S-000220,docs/09_collection/ga6-collection-registry-v1.md#G6-P05,docs/09_collection/ga6-collection-registry-v1.md,99,GA6,Decision Constituencies and Relationships,G6-P05,Orpheus Local Node/Worker Authority,LOSS_OBLIGATION,C1,C1|C7|C8,C1|C7|C8,ACQUISITION|SYNERGY,UNRESOLVED,UNRESOLVED,UNRESOLVED,UNKNOWN,UNRESOLVED,UNRESOLVED,HEURISTIC_PROVISIONAL,CATEGORY_REVIEW_REQUIRED|ENTITY_MERGE_REQUIRED,NONE
NC-CL-R-000674,NC-CL-S-000221,docs/09_collection/ga6-collection-registry-v1.md#G6-P06,docs/09_collection/ga6-collection-registry-v1.md,116,GA6,Decision Constituencies and Relationships,G6-P06,Holdout/Stay Communities,ENTITY,C1,C1,C1|C7|C8,ACQUISITION|SYNERGY,UNRESOLVED,UNRESOLVED,UNRESOLVED,UNKNOWN,UNRESOLVED,UNRESOLVED,SPECIALIST_CORRECTED,PM_MERGE_REQUIRED|ENTITY_MERGE_REQUIRED,NONE
NC-CL-R-000675,NC-CL-S-000221,docs/09_collection/ga6-collection-registry-v1.md#G6-P06,docs/09_collection/ga6-collection-registry-v1.md,116,GA6,Decision Constituencies and Relationships,G6-P06,Holdout/Stay Communities,RELATIONSHIP,C1,C1|C7|C8,C1|C7|C8,ACQUISITION|SYNERGY,UNRESOLVED,UNRESOLVED,UNRESOLVED,UNKNOWN,UNRESOLVED,UNRESOLVED,SPECIALIST_CORRECTED,PM_MERGE_REQUIRED|ENTITY_MERGE_REQUIRED,NONE
NC-CL-R-000676,NC-CL-S-000221,docs/09_collection/ga6-collection-registry-v1.md#G6-P06,docs/09_collection/ga6-collection-registry-v1.md,116,GA6,Decision Constituencies and Relationships,G6-P06,Holdout/Stay Communities,STATE_TRANSITION,C1,C1|C7|C8,C1|C7|C8,ACQUISITION|SYNERGY,UNRESOLVED,UNRESOLVED,UNRESOLVED,UNKNOWN,UNRESOLVED,UNRESOLVED,SPECIALIST_CORRECTED,PM_MERGE_REQUIRED|ENTITY_MERGE_REQUIRED,NONE
NC-CL-R-000677,NC-CL-S-000221,docs/09_collection/ga6-collection-registry-v1.md#G6-P06,docs/09_collection/ga6-collection-registry-v1.md,116,GA6,Decision Constituencies and Relationships,G6-P06,Holdout/Stay Communities,LOSS_OBLIGATION,C1,C1|C7|C8,C1|C7|C8,ACQUISITION|SYNERGY,UNRESOLVED,UNRESOLVED,UNRESOLVED,UNKNOWN,UNRESOLVED,UNRESOLVED,SPECIALIST_CORRECTED,PM_MERGE_REQUIRED|ENTITY_MERGE_REQUIRED,NONE
NC-CL-R-000678,NC-CL-S-000222,docs/09_collection/ga6-collection-registry-v1.md#G6-P07,docs/09_collection/ga6-collection-registry-v1.md,133,GA6,Decision Constituencies and Relationships,G6-P07,Autonomous Fleet Commanders,ENTITY,C1,C1,C1|C7|C5,SYNERGY,UNRESOLVED,UNRESOLVED,UNRESOLVED,UNKNOWN,UNRESOLVED,UNRESOLVED,SPECIALIST_CORRECTED,PM_MERGE_REQUIRED|ENTITY_MERGE_REQUIRED,NONE
NC-CL-R-000679,NC-CL-S-000222,docs/09_collection/ga6-collection-registry-v1.md#G6-P07,docs/09_collection/ga6-collection-registry-v1.md,133,GA6,Decision Constituencies and Relationships,G6-P07,Autonomous Fleet Commanders,RELATIONSHIP,C1,C1|C7|C5,C1|C7|C5,SYNERGY,UNRESOLVED,UNRESOLVED,UNRESOLVED,UNKNOWN,UNRESOLVED,UNRESOLVED,SPECIALIST_CORRECTED,PM_MERGE_REQUIRED|ENTITY_MERGE_REQUIRED,NONE
NC-CL-R-000680,NC-CL-S-000222,docs/09_collection/ga6-collection-registry-v1.md#G6-P07,docs/09_collection/ga6-collection-registry-v1.md,133,GA6,Decision Constituencies and Relationships,G6-P07,Autonomous Fleet Commanders,STATE_TRANSITION,C1,C1|C7|C5,C1|C7|C5,SYNERGY,UNRESOLVED,UNRESOLVED,UNRESOLVED,UNKNOWN,UNRESOLVED,UNRESOLVED,SPECIALIST_CORRECTED,PM_MERGE_REQUIRED|ENTITY_MERGE_REQUIRED,NONE
NC-CL-R-000681,NC-CL-S-000222,docs/09_collection/ga6-collection-registry-v1.md#G6-P07,docs/09_collection/ga6-collection-registry-v1.md,133,GA6,Decision Constituencies and Relationships,G6-P07,Autonomous Fleet Commanders,LOSS_OBLIGATION,C1,C1|C7|C5,C1|C7|C5,SYNERGY,UNRESOLVED,UNRESOLVED,UNRESOLVED,UNKNOWN,UNRESOLVED,UNRESOLVED,SPECIALIST_CORRECTED,PM_MERGE_REQUIRED|ENTITY_MERGE_REQUIRED,NONE
NC-CL-R-000682,NC-CL-S-000223,docs/09_collection/ga6-collection-registry-v1.md#G6-P08,docs/09_collection/ga6-collection-registry-v1.md,147,GA6,Decision Constituencies and Relationships,G6-P08,Orpheus Survivors and Original Survivors/Witnesses,ENTITY,C1,C1,C1|C7,SYNERGY,UNRESOLVED,UNRESOLVED,UNRESOLVED,UNKNOWN,UNRESOLVED,UNRESOLVED,SPECIALIST_CORRECTED,PM_MERGE_REQUIRED|ENTITY_MERGE_REQUIRED,NONE
NC-CL-R-000683,NC-CL-S-000223,docs/09_collection/ga6-collection-registry-v1.md#G6-P08,docs/09_collection/ga6-collection-registry-v1.md,147,GA6,Decision Constituencies and Relationships,G6-P08,Orpheus Survivors and Original Survivors/Witnesses,RELATIONSHIP,C1,C1|C7,C1|C7,SYNERGY,UNRESOLVED,UNRESOLVED,UNRESOLVED,UNKNOWN,UNRESOLVED,UNRESOLVED,SPECIALIST_CORRECTED,PM_MERGE_REQUIRED|ENTITY_MERGE_REQUIRED,NONE
NC-CL-R-000684,NC-CL-S-000223,docs/09_collection/ga6-collection-registry-v1.md#G6-P08,docs/09_collection/ga6-collection-registry-v1.md,147,GA6,Decision Constituencies and Relationships,G6-P08,Orpheus Survivors and Original Survivors/Witnesses,STATE_TRANSITION,C1,C1|C7,C1|C7,SYNERGY,UNRESOLVED,UNRESOLVED,UNRESOLVED,UNKNOWN,UNRESOLVED,UNRESOLVED,SPECIALIST_CORRECTED,PM_MERGE_REQUIRED|ENTITY_MERGE_REQUIRED,NONE
NC-CL-R-000685,NC-CL-S-000223,docs/09_collection/ga6-collection-registry-v1.md#G6-P08,docs/09_collection/ga6-collection-registry-v1.md,147,GA6,Decision Constituencies and Relationships,G6-P08,Orpheus Survivors and Original Survivors/Witnesses,LOSS_OBLIGATION,C1,C1|C7,C1|C7,SYNERGY,UNRESOLVED,UNRESOLVED,UNRESOLVED,UNKNOWN,UNRESOLVED,UNRESOLVED,SPECIALIST_CORRECTED,PM_MERGE_REQUIRED|ENTITY_MERGE_REQUIRED,NONE
NC-CL-R-000686,NC-CL-S-000224,docs/09_collection/ga6-collection-registry-v1.md#G6-R01,docs/09_collection/ga6-collection-registry-v1.md,165,GA6,"Operational Truth, Mandate and Authority Targets",G6-R01,Current Operational Census,CONTROL_CLAIM,C7,C7,C7,SYNERGY|COMPLETION_LEGACY,UNRESOLVED,UNRESOLVED,UNRESOLVED,UNKNOWN,UNRESOLVED,UNRESOLVED,HEURISTIC_PROVISIONAL,CATEGORY_REVIEW_REQUIRED|ENTITY_MERGE_REQUIRED,NONE
NC-CL-R-000687,NC-CL-S-000224,docs/09_collection/ga6-collection-registry-v1.md#G6-R01,docs/09_collection/ga6-collection-registry-v1.md,165,GA6,"Operational Truth, Mandate and Authority Targets",G6-R01,Current Operational Census,STATE_TRANSITION,C7,C7,C7,SYNERGY|COMPLETION_LEGACY,UNRESOLVED,UNRESOLVED,UNRESOLVED,UNKNOWN,UNRESOLVED,UNRESOLVED,HEURISTIC_PROVISIONAL,CATEGORY_REVIEW_REQUIRED|ENTITY_MERGE_REQUIRED,NONE
NC-CL-R-000688,NC-CL-S-000224,docs/09_collection/ga6-collection-registry-v1.md#G6-R01,docs/09_collection/ga6-collection-registry-v1.md,165,GA6,"Operational Truth, Mandate and Authority Targets",G6-R01,Current Operational Census,LOSS_OBLIGATION,C7,C7,C7,SYNERGY|COMPLETION_LEGACY,UNRESOLVED,UNRESOLVED,UNRESOLVED,UNKNOWN,UNRESOLVED,UNRESOLVED,HEURISTIC_PROVISIONAL,CATEGORY_REVIEW_REQUIRED|ENTITY_MERGE_REQUIRED,NONE
NC-CL-R-000689,NC-CL-S-000225,docs/09_collection/ga6-collection-registry-v1.md#G6-R02,docs/09_collection/ga6-collection-registry-v1.md,182,GA6,"Operational Truth, Mandate and Authority Targets",G6-R02,Institutional Dependency Map,CONTROL_CLAIM,C7,C7,C7,ACQUISITION|SYNERGY|COMPLETION_LEGACY,UNRESOLVED,UNRESOLVED,UNRESOLVED,UNKNOWN,UNRESOLVED,UNRESOLVED,HEURISTIC_PROVISIONAL,CATEGORY_REVIEW_REQUIRED|ENTITY_MERGE_REQUIRED,NONE
NC-CL-R-000690,NC-CL-S-000225,docs/09_collection/ga6-collection-registry-v1.md#G6-R02,docs/09_collection/ga6-collection-registry-v1.md,182,GA6,"Operational Truth, Mandate and Authority Targets",G6-R02,Institutional Dependency Map,STATE_TRANSITION,C7,C7,C7,ACQUISITION|SYNERGY|COMPLETION_LEGACY,UNRESOLVED,UNRESOLVED,UNRESOLVED,UNKNOWN,UNRESOLVED,UNRESOLVED,HEURISTIC_PROVISIONAL,CATEGORY_REVIEW_REQUIRED|ENTITY_MERGE_REQUIRED,NONE
NC-CL-R-000691,NC-CL-S-000225,docs/09_collection/ga6-collection-registry-v1.md#G6-R02,docs/09_collection/ga6-collection-registry-v1.md,182,GA6,"Operational Truth, Mandate and Authority Targets",G6-R02,Institutional Dependency Map,LOSS_OBLIGATION,C7,C7,C7,ACQUISITION|SYNERGY|COMPLETION_LEGACY,UNRESOLVED,UNRESOLVED,UNRESOLVED,UNKNOWN,UNRESOLVED,UNRESOLVED,HEURISTIC_PROVISIONAL,CATEGORY_REVIEW_REQUIRED|ENTITY_MERGE_REQUIRED,NONE
NC-CL-R-000692,NC-CL-S-000226,docs/09_collection/ga6-collection-registry-v1.md#G6-R03,docs/09_collection/ga6-collection-registry-v1.md,196,GA6,"Operational Truth, Mandate and Authority Targets",G6-R03,Temporary Traffic Hold and Shared Queue Rules,CONTROL_CLAIM,C7,C7,C7,SYNERGY|COMPLETION_LEGACY,UNRESOLVED,UNRESOLVED,UNRESOLVED,UNKNOWN,UNRESOLVED,UNRESOLVED,HEURISTIC_PROVISIONAL,CATEGORY_REVIEW_REQUIRED|ENTITY_MERGE_REQUIRED,NONE
NC-CL-R-000693,NC-CL-S-000226,docs/09_collection/ga6-collection-registry-v1.md#G6-R03,docs/09_collection/ga6-collection-registry-v1.md,196,GA6,"Operational Truth, Mandate and Authority Targets",G6-R03,Temporary Traffic Hold and Shared Queue Rules,STATE_TRANSITION,C7,C7,C7,SYNERGY|COMPLETION_LEGACY,UNRESOLVED,UNRESOLVED,UNRESOLVED,UNKNOWN,UNRESOLVED,UNRESOLVED,HEURISTIC_PROVISIONAL,CATEGORY_REVIEW_REQUIRED|ENTITY_MERGE_REQUIRED,NONE
NC-CL-R-000694,NC-CL-S-000226,docs/09_collection/ga6-collection-registry-v1.md#G6-R03,docs/09_collection/ga6-collection-registry-v1.md,196,GA6,"Operational Truth, Mandate and Authority Targets",G6-R03,Temporary Traffic Hold and Shared Queue Rules,LOSS_OBLIGATION,C7,C7,C7,SYNERGY|COMPLETION_LEGACY,UNRESOLVED,UNRESOLVED,UNRESOLVED,UNKNOWN,UNRESOLVED,UNRESOLVED,HEURISTIC_PROVISIONAL,CATEGORY_REVIEW_REQUIRED|ENTITY_MERGE_REQUIRED,NONE
NC-CL-R-000695,NC-CL-S-000227,docs/09_collection/ga6-collection-registry-v1.md#G6-R04,docs/09_collection/ga6-collection-registry-v1.md,210,GA6,"Operational Truth, Mandate and Authority Targets",G6-R04,Mixed Evacuation Mandate,CONTROL_CLAIM,C7,C7,C7,SYNERGY|COMPLETION_LEGACY,UNRESOLVED,UNRESOLVED,UNRESOLVED,UNKNOWN,UNRESOLVED,UNRESOLVED,HEURISTIC_PROVISIONAL,CATEGORY_REVIEW_REQUIRED|ENTITY_MERGE_REQUIRED,NONE
NC-CL-R-000696,NC-CL-S-000227,docs/09_collection/ga6-collection-registry-v1.md#G6-R04,docs/09_collection/ga6-collection-registry-v1.md,210,GA6,"Operational Truth, Mandate and Authority Targets",G6-R04,Mixed Evacuation Mandate,STATE_TRANSITION,C7,C7,C7,SYNERGY|COMPLETION_LEGACY,UNRESOLVED,UNRESOLVED,UNRESOLVED,UNKNOWN,UNRESOLVED,UNRESOLVED,HEURISTIC_PROVISIONAL,CATEGORY_REVIEW_REQUIRED|ENTITY_MERGE_REQUIRED,NONE
NC-CL-R-000697,NC-CL-S-000227,docs/09_collection/ga6-collection-registry-v1.md#G6-R04,docs/09_collection/ga6-collection-registry-v1.md,210,GA6,"Operational Truth, Mandate and Authority Targets",G6-R04,Mixed Evacuation Mandate,LOSS_OBLIGATION,C7,C7,C7,SYNERGY|COMPLETION_LEGACY,UNRESOLVED,UNRESOLVED,UNRESOLVED,UNKNOWN,UNRESOLVED,UNRESOLVED,HEURISTIC_PROVISIONAL,CATEGORY_REVIEW_REQUIRED|ENTITY_MERGE_REQUIRED,NONE
NC-CL-R-000698,NC-CL-S-000228,docs/09_collection/ga6-collection-registry-v1.md#G6-R05,docs/09_collection/ga6-collection-registry-v1.md,228,GA6,"Operational Truth, Mandate and Authority Targets",G6-R05,Distributed Function Manifest,CONTROL_CLAIM,C7,C7,C7,SYNERGY|COMPLETION_LEGACY,UNRESOLVED,UNRESOLVED,UNRESOLVED,UNKNOWN,UNRESOLVED,UNRESOLVED,HEURISTIC_PROVISIONAL,CATEGORY_REVIEW_REQUIRED|ENTITY_MERGE_REQUIRED,NONE
NC-CL-R-000699,NC-CL-S-000228,docs/09_collection/ga6-collection-registry-v1.md#G6-R05,docs/09_collection/ga6-collection-registry-v1.md,228,GA6,"Operational Truth, Mandate and Authority Targets",G6-R05,Distributed Function Manifest,STATE_TRANSITION,C7,C7,C7,SYNERGY|COMPLETION_LEGACY,UNRESOLVED,UNRESOLVED,UNRESOLVED,UNKNOWN,UNRESOLVED,UNRESOLVED,HEURISTIC_PROVISIONAL,CATEGORY_REVIEW_REQUIRED|ENTITY_MERGE_REQUIRED,NONE
NC-CL-R-000700,NC-CL-S-000228,docs/09_collection/ga6-collection-registry-v1.md#G6-R05,docs/09_collection/ga6-collection-registry-v1.md,228,GA6,"Operational Truth, Mandate and Authority Targets",G6-R05,Distributed Function Manifest,LOSS_OBLIGATION,C7,C7,C7,SYNERGY|COMPLETION_LEGACY,UNRESOLVED,UNRESOLVED,UNRESOLVED,UNKNOWN,UNRESOLVED,UNRESOLVED,HEURISTIC_PROVISIONAL,CATEGORY_REVIEW_REQUIRED|ENTITY_MERGE_REQUIRED,NONE
NC-CL-R-000701,NC-CL-S-000229,docs/09_collection/ga6-collection-registry-v1.md#G6-R06,docs/09_collection/ga6-collection-registry-v1.md,242,GA6,"Operational Truth, Mandate and Authority Targets",G6-R06,Strategic Hull Sacrifice and Scuttle Plan,CONTROL_CLAIM,C5,C5|C7,C5|C7,SYNERGY|COMPLETION_LEGACY,UNRESOLVED,UNRESOLVED,UNRESOLVED,UNKNOWN,UNRESOLVED,UNRESOLVED,HEURISTIC_PROVISIONAL,CATEGORY_REVIEW_REQUIRED|ENTITY_MERGE_REQUIRED,NONE
NC-CL-R-000702,NC-CL-S-000229,docs/09_collection/ga6-collection-registry-v1.md#G6-R06,docs/09_collection/ga6-collection-registry-v1.md,242,GA6,"Operational Truth, Mandate and Authority Targets",G6-R06,Strategic Hull Sacrifice and Scuttle Plan,STATE_TRANSITION,C5,C5|C7,C5|C7,SYNERGY|COMPLETION_LEGACY,UNRESOLVED,UNRESOLVED,UNRESOLVED,UNKNOWN,UNRESOLVED,UNRESOLVED,HEURISTIC_PROVISIONAL,CATEGORY_REVIEW_REQUIRED|ENTITY_MERGE_REQUIRED,NONE
NC-CL-R-000703,NC-CL-S-000229,docs/09_collection/ga6-collection-registry-v1.md#G6-R06,docs/09_collection/ga6-collection-registry-v1.md,242,GA6,"Operational Truth, Mandate and Authority Targets",G6-R06,Strategic Hull Sacrifice and Scuttle Plan,LOSS_OBLIGATION,C5,C5|C7,C5|C7,SYNERGY|COMPLETION_LEGACY,UNRESOLVED,UNRESOLVED,UNRESOLVED,UNKNOWN,UNRESOLVED,UNRESOLVED,HEURISTIC_PROVISIONAL,CATEGORY_REVIEW_REQUIRED|ENTITY_MERGE_REQUIRED,NONE
NC-CL-R-000704,NC-CL-S-000230,docs/09_collection/ga6-collection-registry-v1.md#G6-R07,docs/09_collection/ga6-collection-registry-v1.md,256,GA6,"Operational Truth, Mandate and Authority Targets",G6-R07,Grey-Route and Local-Shelter Plan,ENTITY,C7,C7|C8,C7|C8,SYNERGY|COMPLETION_LEGACY,UNRESOLVED,UNRESOLVED,UNRESOLVED,UNKNOWN,UNRESOLVED,UNRESOLVED,HEURISTIC_PROVISIONAL,CATEGORY_REVIEW_REQUIRED|ENTITY_MERGE_REQUIRED,NONE
NC-CL-R-000705,NC-CL-S-000230,docs/09_collection/ga6-collection-registry-v1.md#G6-R07,docs/09_collection/ga6-collection-registry-v1.md,256,GA6,"Operational Truth, Mandate and Authority Targets",G6-R07,Grey-Route and Local-Shelter Plan,CONTROL_CLAIM,C7,C7|C8,C7|C8,SYNERGY|COMPLETION_LEGACY,UNRESOLVED,UNRESOLVED,UNRESOLVED,UNKNOWN,UNRESOLVED,UNRESOLVED,HEURISTIC_PROVISIONAL,CATEGORY_REVIEW_REQUIRED|ENTITY_MERGE_REQUIRED,NONE
NC-CL-R-000706,NC-CL-S-000230,docs/09_collection/ga6-collection-registry-v1.md#G6-R07,docs/09_collection/ga6-collection-registry-v1.md,256,GA6,"Operational Truth, Mandate and Authority Targets",G6-R07,Grey-Route and Local-Shelter Plan,STATE_TRANSITION,C7,C7|C8,C7|C8,SYNERGY|COMPLETION_LEGACY,UNRESOLVED,UNRESOLVED,UNRESOLVED,UNKNOWN,UNRESOLVED,UNRESOLVED,HEURISTIC_PROVISIONAL,CATEGORY_REVIEW_REQUIRED|ENTITY_MERGE_REQUIRED,NONE
NC-CL-R-000707,NC-CL-S-000230,docs/09_collection/ga6-collection-registry-v1.md#G6-R07,docs/09_collection/ga6-collection-registry-v1.md,256,GA6,"Operational Truth, Mandate and Authority Targets",G6-R07,Grey-Route and Local-Shelter Plan,LOSS_OBLIGATION,C7,C7|C8,C7|C8,SYNERGY|COMPLETION_LEGACY,UNRESOLVED,UNRESOLVED,UNRESOLVED,UNKNOWN,UNRESOLVED,UNRESOLVED,HEURISTIC_PROVISIONAL,CATEGORY_REVIEW_REQUIRED|ENTITY_MERGE_REQUIRED,NONE
NC-CL-R-000708,NC-CL-S-000231,docs/09_collection/ga6-collection-registry-v1.md#G6-R08,docs/09_collection/ga6-collection-registry-v1.md,270,GA6,"Operational Truth, Mandate and Authority Targets",G6-R08,Bounded Continuity Synchronization Accord,CONTROL_CLAIM,C7,C7,C7,SYNERGY|COMPLETION_LEGACY,UNRESOLVED,UNRESOLVED,UNRESOLVED,UNKNOWN,UNRESOLVED,UNRESOLVED,HEURISTIC_PROVISIONAL,CATEGORY_REVIEW_REQUIRED|ENTITY_MERGE_REQUIRED,NONE
NC-CL-R-000709,NC-CL-S-000231,docs/09_collection/ga6-collection-registry-v1.md#G6-R08,docs/09_collection/ga6-collection-registry-v1.md,270,GA6,"Operational Truth, Mandate and Authority Targets",G6-R08,Bounded Continuity Synchronization Accord,STATE_TRANSITION,C7,C7,C7,SYNERGY|COMPLETION_LEGACY,UNRESOLVED,UNRESOLVED,UNRESOLVED,UNKNOWN,UNRESOLVED,UNRESOLVED,HEURISTIC_PROVISIONAL,CATEGORY_REVIEW_REQUIRED|ENTITY_MERGE_REQUIRED,NONE
NC-CL-R-000710,NC-CL-S-000231,docs/09_collection/ga6-collection-registry-v1.md#G6-R08,docs/09_collection/ga6-collection-registry-v1.md,270,GA6,"Operational Truth, Mandate and Authority Targets",G6-R08,Bounded Continuity Synchronization Accord,LOSS_OBLIGATION,C7,C7,C7,SYNERGY|COMPLETION_LEGACY,UNRESOLVED,UNRESOLVED,UNRESOLVED,UNKNOWN,UNRESOLVED,UNRESOLVED,HEURISTIC_PROVISIONAL,CATEGORY_REVIEW_REQUIRED|ENTITY_MERGE_REQUIRED,NONE
NC-CL-R-000711,NC-CL-S-000232,docs/09_collection/ga6-collection-registry-v1.md#G6-R09,docs/09_collection/ga6-collection-registry-v1.md,284,GA6,"Operational Truth, Mandate and Authority Targets",G6-R09,Window A Mixed Manifest,CONTROL_CLAIM,C7,C7,C7,SYNERGY|COMPLETION_LEGACY,UNRESOLVED,UNRESOLVED,UNRESOLVED,UNKNOWN,UNRESOLVED,UNRESOLVED,HEURISTIC_PROVISIONAL,CATEGORY_REVIEW_REQUIRED|ENTITY_MERGE_REQUIRED,NONE
NC-CL-R-000712,NC-CL-S-000232,docs/09_collection/ga6-collection-registry-v1.md#G6-R09,docs/09_collection/ga6-collection-registry-v1.md,284,GA6,"Operational Truth, Mandate and Authority Targets",G6-R09,Window A Mixed Manifest,STATE_TRANSITION,C7,C7,C7,SYNERGY|COMPLETION_LEGACY,UNRESOLVED,UNRESOLVED,UNRESOLVED,UNKNOWN,UNRESOLVED,UNRESOLVED,HEURISTIC_PROVISIONAL,CATEGORY_REVIEW_REQUIRED|ENTITY_MERGE_REQUIRED,NONE
NC-CL-R-000713,NC-CL-S-000232,docs/09_collection/ga6-collection-registry-v1.md#G6-R09,docs/09_collection/ga6-collection-registry-v1.md,284,GA6,"Operational Truth, Mandate and Authority Targets",G6-R09,Window A Mixed Manifest,LOSS_OBLIGATION,C7,C7,C7,SYNERGY|COMPLETION_LEGACY,UNRESOLVED,UNRESOLVED,UNRESOLVED,UNKNOWN,UNRESOLVED,UNRESOLVED,HEURISTIC_PROVISIONAL,CATEGORY_REVIEW_REQUIRED|ENTITY_MERGE_REQUIRED,NONE
NC-CL-R-000714,NC-CL-S-000233,docs/09_collection/ga6-collection-registry-v1.md#G6-R10,docs/09_collection/ga6-collection-registry-v1.md,298,GA6,"Operational Truth, Mandate and Authority Targets",G6-R10,Window B Repair and Standing-Intent Plan,CONTROL_CLAIM,C6,C6|C7,C6|C7,SYNERGY|COMPLETION_LEGACY,UNRESOLVED,UNRESOLVED,UNRESOLVED,UNKNOWN,UNRESOLVED,UNRESOLVED,HEURISTIC_PROVISIONAL,CATEGORY_REVIEW_REQUIRED|ENTITY_MERGE_REQUIRED,NONE
NC-CL-R-000715,NC-CL-S-000233,docs/09_collection/ga6-collection-registry-v1.md#G6-R10,docs/09_collection/ga6-collection-registry-v1.md,298,GA6,"Operational Truth, Mandate and Authority Targets",G6-R10,Window B Repair and Standing-Intent Plan,STATE_TRANSITION,C6,C6|C7,C6|C7,SYNERGY|COMPLETION_LEGACY,UNRESOLVED,UNRESOLVED,UNRESOLVED,UNKNOWN,UNRESOLVED,UNRESOLVED,HEURISTIC_PROVISIONAL,CATEGORY_REVIEW_REQUIRED|ENTITY_MERGE_REQUIRED,NONE
NC-CL-R-000716,NC-CL-S-000233,docs/09_collection/ga6-collection-registry-v1.md#G6-R10,docs/09_collection/ga6-collection-registry-v1.md,298,GA6,"Operational Truth, Mandate and Authority Targets",G6-R10,Window B Repair and Standing-Intent Plan,LOSS_OBLIGATION,C6,C6|C7,C6|C7,SYNERGY|COMPLETION_LEGACY,UNRESOLVED,UNRESOLVED,UNRESOLVED,UNKNOWN,UNRESOLVED,UNRESOLVED,HEURISTIC_PROVISIONAL,CATEGORY_REVIEW_REQUIRED|ENTITY_MERGE_REQUIRED,NONE
NC-CL-R-000717,NC-CL-S-000234,docs/09_collection/ga6-collection-registry-v1.md#G6-R11,docs/09_collection/ga6-collection-registry-v1.md,312,GA6,"Operational Truth, Mandate and Authority Targets",G6-R11,Window C Sacrifice/Final Manifest,CONTROL_CLAIM,C7,C7,C7,SYNERGY|COMPLETION_LEGACY,UNRESOLVED,UNRESOLVED,UNRESOLVED,UNKNOWN,UNRESOLVED,UNRESOLVED,HEURISTIC_PROVISIONAL,CATEGORY_REVIEW_REQUIRED|ENTITY_MERGE_REQUIRED,NONE
NC-CL-R-000718,NC-CL-S-000234,docs/09_collection/ga6-collection-registry-v1.md#G6-R11,docs/09_collection/ga6-collection-registry-v1.md,312,GA6,"Operational Truth, Mandate and Authority Targets",G6-R11,Window C Sacrifice/Final Manifest,STATE_TRANSITION,C7,C7,C7,SYNERGY|COMPLETION_LEGACY,UNRESOLVED,UNRESOLVED,UNRESOLVED,UNKNOWN,UNRESOLVED,UNRESOLVED,HEURISTIC_PROVISIONAL,CATEGORY_REVIEW_REQUIRED|ENTITY_MERGE_REQUIRED,NONE
NC-CL-R-000719,NC-CL-S-000234,docs/09_collection/ga6-collection-registry-v1.md#G6-R11,docs/09_collection/ga6-collection-registry-v1.md,312,GA6,"Operational Truth, Mandate and Authority Targets",G6-R11,Window C Sacrifice/Final Manifest,LOSS_OBLIGATION,C7,C7,C7,SYNERGY|COMPLETION_LEGACY,UNRESOLVED,UNRESOLVED,UNRESOLVED,UNKNOWN,UNRESOLVED,UNRESOLVED,HEURISTIC_PROVISIONAL,CATEGORY_REVIEW_REQUIRED|ENTITY_MERGE_REQUIRED,NONE
NC-CL-R-000720,NC-CL-S-000235,docs/09_collection/ga6-collection-registry-v1.md#G6-R12,docs/09_collection/ga6-collection-registry-v1.md,326,GA6,"Operational Truth, Mandate and Authority Targets",G6-R12,Survivor/Holdout Obligation Network,ENTITY,C1,C1|C6,C1|C6|C7,ACQUISITION|SYNERGY|COMPLETION_LEGACY,UNRESOLVED,UNRESOLVED,UNRESOLVED,UNKNOWN,UNRESOLVED,UNRESOLVED,HEURISTIC_PROVISIONAL,CATEGORY_REVIEW_REQUIRED|ENTITY_MERGE_REQUIRED,NONE
NC-CL-R-000721,NC-CL-S-000235,docs/09_collection/ga6-collection-registry-v1.md#G6-R12,docs/09_collection/ga6-collection-registry-v1.md,326,GA6,"Operational Truth, Mandate and Authority Targets",G6-R12,Survivor/Holdout Obligation Network,CONTROL_CLAIM,C1,C1|C6|C7,C1|C6|C7,ACQUISITION|SYNERGY|COMPLETION_LEGACY,UNRESOLVED,UNRESOLVED,UNRESOLVED,UNKNOWN,UNRESOLVED,UNRESOLVED,HEURISTIC_PROVISIONAL,CATEGORY_REVIEW_REQUIRED|ENTITY_MERGE_REQUIRED,NONE
NC-CL-R-000722,NC-CL-S-000235,docs/09_collection/ga6-collection-registry-v1.md#G6-R12,docs/09_collection/ga6-collection-registry-v1.md,326,GA6,"Operational Truth, Mandate and Authority Targets",G6-R12,Survivor/Holdout Obligation Network,STATE_TRANSITION,C1,C1|C6|C7,C1|C6|C7,ACQUISITION|SYNERGY|COMPLETION_LEGACY,UNRESOLVED,UNRESOLVED,UNRESOLVED,UNKNOWN,UNRESOLVED,UNRESOLVED,HEURISTIC_PROVISIONAL,CATEGORY_REVIEW_REQUIRED|ENTITY_MERGE_REQUIRED,NONE
NC-CL-R-000723,NC-CL-S-000235,docs/09_collection/ga6-collection-registry-v1.md#G6-R12,docs/09_collection/ga6-collection-registry-v1.md,326,GA6,"Operational Truth, Mandate and Authority Targets",G6-R12,Survivor/Holdout Obligation Network,LOSS_OBLIGATION,C1,C1|C6|C7,C1|C6|C7,ACQUISITION|SYNERGY|COMPLETION_LEGACY,UNRESOLVED,UNRESOLVED,UNRESOLVED,UNKNOWN,UNRESOLVED,UNRESOLVED,HEURISTIC_PROVISIONAL,CATEGORY_REVIEW_REQUIRED|ENTITY_MERGE_REQUIRED,NONE
NC-CL-R-000724,NC-CL-S-000236,docs/09_collection/ga6-collection-registry-v1.md#G6-R13,docs/09_collection/ga6-collection-registry-v1.md,340,GA6,"Operational Truth, Mandate and Authority Targets",G6-R13,Public Orpheus After-Action Finding,CONTROL_CLAIM,C7,C7,C7,SYNERGY|COMPLETION_LEGACY,UNRESOLVED,UNRESOLVED,UNRESOLVED,UNKNOWN,UNRESOLVED,UNRESOLVED,HEURISTIC_PROVISIONAL,CATEGORY_REVIEW_REQUIRED|ENTITY_MERGE_REQUIRED,NONE
NC-CL-R-000725,NC-CL-S-000236,docs/09_collection/ga6-collection-registry-v1.md#G6-R13,docs/09_collection/ga6-collection-registry-v1.md,340,GA6,"Operational Truth, Mandate and Authority Targets",G6-R13,Public Orpheus After-Action Finding,STATE_TRANSITION,C7,C7,C7,SYNERGY|COMPLETION_LEGACY,UNRESOLVED,UNRESOLVED,UNRESOLVED,UNKNOWN,UNRESOLVED,UNRESOLVED,HEURISTIC_PROVISIONAL,CATEGORY_REVIEW_REQUIRED|ENTITY_MERGE_REQUIRED,NONE
NC-CL-R-000726,NC-CL-S-000236,docs/09_collection/ga6-collection-registry-v1.md#G6-R13,docs/09_collection/ga6-collection-registry-v1.md,340,GA6,"Operational Truth, Mandate and Authority Targets",G6-R13,Public Orpheus After-Action Finding,LOSS_OBLIGATION,C7,C7,C7,SYNERGY|COMPLETION_LEGACY,UNRESOLVED,UNRESOLVED,UNRESOLVED,UNKNOWN,UNRESOLVED,UNRESOLVED,HEURISTIC_PROVISIONAL,CATEGORY_REVIEW_REQUIRED|ENTITY_MERGE_REQUIRED,NONE
NC-CL-R-000727,NC-CL-S-000237,docs/09_collection/ga6-collection-registry-v1.md#G6-R14,docs/09_collection/ga6-collection-registry-v1.md,354,GA6,"Operational Truth, Mandate and Authority Targets",G6-R14,Emergency Route/Manifest Reform Package,ENTITY,C7,C7|C8,C7|C8,ACQUISITION|SYNERGY|COMPLETION_LEGACY,UNRESOLVED,UNRESOLVED,UNRESOLVED,UNKNOWN,UNRESOLVED,UNRESOLVED,HEURISTIC_PROVISIONAL,CATEGORY_REVIEW_REQUIRED|ENTITY_MERGE_REQUIRED,NONE
NC-CL-R-000728,NC-CL-S-000237,docs/09_collection/ga6-collection-registry-v1.md#G6-R14,docs/09_collection/ga6-collection-registry-v1.md,354,GA6,"Operational Truth, Mandate and Authority Targets",G6-R14,Emergency Route/Manifest Reform Package,CONTROL_CLAIM,C7,C7|C8,C7|C8,ACQUISITION|SYNERGY|COMPLETION_LEGACY,UNRESOLVED,UNRESOLVED,UNRESOLVED,UNKNOWN,UNRESOLVED,UNRESOLVED,HEURISTIC_PROVISIONAL,CATEGORY_REVIEW_REQUIRED|ENTITY_MERGE_REQUIRED,NONE
NC-CL-R-000729,NC-CL-S-000237,docs/09_collection/ga6-collection-registry-v1.md#G6-R14,docs/09_collection/ga6-collection-registry-v1.md,354,GA6,"Operational Truth, Mandate and Authority Targets",G6-R14,Emergency Route/Manifest Reform Package,STATE_TRANSITION,C7,C7|C8,C7|C8,ACQUISITION|SYNERGY|COMPLETION_LEGACY,UNRESOLVED,UNRESOLVED,UNRESOLVED,UNKNOWN,UNRESOLVED,UNRESOLVED,HEURISTIC_PROVISIONAL,CATEGORY_REVIEW_REQUIRED|ENTITY_MERGE_REQUIRED,NONE
NC-CL-R-000730,NC-CL-S-000237,docs/09_collection/ga6-collection-registry-v1.md#G6-R14,docs/09_collection/ga6-collection-registry-v1.md,354,GA6,"Operational Truth, Mandate and Authority Targets",G6-R14,Emergency Route/Manifest Reform Package,LOSS_OBLIGATION,C7,C7|C8,C7|C8,ACQUISITION|SYNERGY|COMPLETION_LEGACY,UNRESOLVED,UNRESOLVED,UNRESOLVED,UNKNOWN,UNRESOLVED,UNRESOLVED,HEURISTIC_PROVISIONAL,CATEGORY_REVIEW_REQUIRED|ENTITY_MERGE_REQUIRED,NONE
NC-CL-R-000731,NC-CL-S-000238,docs/09_collection/ga6-collection-registry-v1.md#G6-A01,docs/09_collection/ga6-collection-registry-v1.md,372,GA6,"Institutional, Ship and Infrastructure Survival/Loss Targets",G6-A01,Distributed Compact Command Function,RELATIONSHIP,C7,C7,C7,SYNERGY|COMPLETION_LEGACY,UNRESOLVED,UNRESOLVED,UNRESOLVED,UNKNOWN,UNRESOLVED,UNRESOLVED,HEURISTIC_PROVISIONAL,CATEGORY_REVIEW_REQUIRED|ENTITY_MERGE_REQUIRED,NONE
NC-CL-R-000732,NC-CL-S-000238,docs/09_collection/ga6-collection-registry-v1.md#G6-A01,docs/09_collection/ga6-collection-registry-v1.md,372,GA6,"Institutional, Ship and Infrastructure Survival/Loss Targets",G6-A01,Distributed Compact Command Function,CONTROL_CLAIM,C7,C7,C7,SYNERGY|COMPLETION_LEGACY,UNRESOLVED,UNRESOLVED,UNRESOLVED,UNKNOWN,UNRESOLVED,UNRESOLVED,HEURISTIC_PROVISIONAL,CATEGORY_REVIEW_REQUIRED|ENTITY_MERGE_REQUIRED,NONE
NC-CL-R-000733,NC-CL-S-000238,docs/09_collection/ga6-collection-registry-v1.md#G6-A01,docs/09_collection/ga6-collection-registry-v1.md,372,GA6,"Institutional, Ship and Infrastructure Survival/Loss Targets",G6-A01,Distributed Compact Command Function,STATE_TRANSITION,C7,C7,C7,SYNERGY|COMPLETION_LEGACY,UNRESOLVED,UNRESOLVED,UNRESOLVED,UNKNOWN,UNRESOLVED,UNRESOLVED,HEURISTIC_PROVISIONAL,CATEGORY_REVIEW_REQUIRED|ENTITY_MERGE_REQUIRED,NONE
NC-CL-R-000734,NC-CL-S-000238,docs/09_collection/ga6-collection-registry-v1.md#G6-A01,docs/09_collection/ga6-collection-registry-v1.md,372,GA6,"Institutional, Ship and Infrastructure Survival/Loss Targets",G6-A01,Distributed Compact Command Function,LOSS_OBLIGATION,C7,C7,C7,SYNERGY|COMPLETION_LEGACY,UNRESOLVED,UNRESOLVED,UNRESOLVED,UNKNOWN,UNRESOLVED,UNRESOLVED,HEURISTIC_PROVISIONAL,CATEGORY_REVIEW_REQUIRED|ENTITY_MERGE_REQUIRED,NONE
NC-CL-R-000735,NC-CL-S-000239,docs/09_collection/ga6-collection-registry-v1.md#G6-A02,docs/09_collection/ga6-collection-registry-v1.md,386,GA6,"Institutional, Ship and Infrastructure Survival/Loss Targets",G6-A02,Distributed Treasury/Payment Function,STATE_TRANSITION,C5,C5,C5,SYNERGY|COMPLETION_LEGACY,UNRESOLVED,UNRESOLVED,UNRESOLVED,UNKNOWN,UNRESOLVED,UNRESOLVED,HEURISTIC_PROVISIONAL,CATEGORY_REVIEW_REQUIRED|ENTITY_MERGE_REQUIRED,NONE
NC-CL-R-000736,NC-CL-S-000239,docs/09_collection/ga6-collection-registry-v1.md#G6-A02,docs/09_collection/ga6-collection-registry-v1.md,386,GA6,"Institutional, Ship and Infrastructure Survival/Loss Targets",G6-A02,Distributed Treasury/Payment Function,LOSS_OBLIGATION,C5,C5,C5,SYNERGY|COMPLETION_LEGACY,UNRESOLVED,UNRESOLVED,UNRESOLVED,UNKNOWN,UNRESOLVED,UNRESOLVED,HEURISTIC_PROVISIONAL,CATEGORY_REVIEW_REQUIRED|ENTITY_MERGE_REQUIRED,NONE
NC-CL-R-000737,NC-CL-S-000240,docs/09_collection/ga6-collection-registry-v1.md#G6-A03,docs/09_collection/ga6-collection-registry-v1.md,397,GA6,"Institutional, Ship and Infrastructure Survival/Loss Targets",G6-A03,Distributed Registry/Identity Function,STATE_TRANSITION,C5,C5,C5,ACQUISITION|SYNERGY|COMPLETION_LEGACY,UNRESOLVED,UNRESOLVED,UNRESOLVED,UNKNOWN,UNRESOLVED,UNRESOLVED,HEURISTIC_PROVISIONAL,CATEGORY_REVIEW_REQUIRED|ENTITY_MERGE_REQUIRED,NONE
NC-CL-R-000738,NC-CL-S-000240,docs/09_collection/ga6-collection-registry-v1.md#G6-A03,docs/09_collection/ga6-collection-registry-v1.md,397,GA6,"Institutional, Ship and Infrastructure Survival/Loss Targets",G6-A03,Distributed Registry/Identity Function,LOSS_OBLIGATION,C5,C5,C5,ACQUISITION|SYNERGY|COMPLETION_LEGACY,UNRESOLVED,UNRESOLVED,UNRESOLVED,UNKNOWN,UNRESOLVED,UNRESOLVED,HEURISTIC_PROVISIONAL,CATEGORY_REVIEW_REQUIRED|ENTITY_MERGE_REQUIRED,NONE
NC-CL-R-000739,NC-CL-S-000240,docs/09_collection/ga6-collection-registry-v1.md#G6-A03,docs/09_collection/ga6-collection-registry-v1.md,397,GA6,"Institutional, Ship and Infrastructure Survival/Loss Targets",G6-A03,Distributed Registry/Identity Function,NARRATIVE_PROMISE,C5,C5,C5,ACQUISITION|SYNERGY|COMPLETION_LEGACY,UNRESOLVED,UNRESOLVED,UNRESOLVED,UNKNOWN,UNRESOLVED,UNRESOLVED,HEURISTIC_PROVISIONAL,CATEGORY_REVIEW_REQUIRED|ENTITY_MERGE_REQUIRED,NONE
NC-CL-R-000740,NC-CL-S-000241,docs/09_collection/ga6-collection-registry-v1.md#G6-A04,docs/09_collection/ga6-collection-registry-v1.md,408,GA6,"Institutional, Ship and Infrastructure Survival/Loss Targets",G6-A04,Distributed Hospital/Medical Production Function,STATE_TRANSITION,C5,C5,C5,SYNERGY|COMPLETION_LEGACY,UNRESOLVED,UNRESOLVED,UNRESOLVED,UNKNOWN,UNRESOLVED,UNRESOLVED,HEURISTIC_PROVISIONAL,CATEGORY_REVIEW_REQUIRED|ENTITY_MERGE_REQUIRED,NONE
NC-CL-R-000741,NC-CL-S-000241,docs/09_collection/ga6-collection-registry-v1.md#G6-A04,docs/09_collection/ga6-collection-registry-v1.md,408,GA6,"Institutional, Ship and Infrastructure Survival/Loss Targets",G6-A04,Distributed Hospital/Medical Production Function,LOSS_OBLIGATION,C5,C5,C5,SYNERGY|COMPLETION_LEGACY,UNRESOLVED,UNRESOLVED,UNRESOLVED,UNKNOWN,UNRESOLVED,UNRESOLVED,HEURISTIC_PROVISIONAL,CATEGORY_REVIEW_REQUIRED|ENTITY_MERGE_REQUIRED,NONE
NC-CL-R-000742,NC-CL-S-000242,docs/09_collection/ga6-collection-registry-v1.md#G6-A05,docs/09_collection/ga6-collection-registry-v1.md,419,GA6,"Institutional, Ship and Infrastructure Survival/Loss Targets",G6-A05,Distributed Continuity/Authentication Function,CONTROL_CLAIM,C5,C5|C6,C5|C6,SYNERGY|COMPLETION_LEGACY,UNRESOLVED,UNRESOLVED,UNRESOLVED,UNKNOWN,UNRESOLVED,UNRESOLVED,HEURISTIC_PROVISIONAL,CATEGORY_REVIEW_REQUIRED|ENTITY_MERGE_REQUIRED,NONE
NC-CL-R-000743,NC-CL-S-000242,docs/09_collection/ga6-collection-registry-v1.md#G6-A05,docs/09_collection/ga6-collection-registry-v1.md,419,GA6,"Institutional, Ship and Infrastructure Survival/Loss Targets",G6-A05,Distributed Continuity/Authentication Function,STATE_TRANSITION,C5,C5|C6,C5|C6,SYNERGY|COMPLETION_LEGACY,UNRESOLVED,UNRESOLVED,UNRESOLVED,UNKNOWN,UNRESOLVED,UNRESOLVED,HEURISTIC_PROVISIONAL,CATEGORY_REVIEW_REQUIRED|ENTITY_MERGE_REQUIRED,NONE
NC-CL-R-000744,NC-CL-S-000242,docs/09_collection/ga6-collection-registry-v1.md#G6-A05,docs/09_collection/ga6-collection-registry-v1.md,419,GA6,"Institutional, Ship and Infrastructure Survival/Loss Targets",G6-A05,Distributed Continuity/Authentication Function,LOSS_OBLIGATION,C5,C5|C6,C5|C6,SYNERGY|COMPLETION_LEGACY,UNRESOLVED,UNRESOLVED,UNRESOLVED,UNKNOWN,UNRESOLVED,UNRESOLVED,HEURISTIC_PROVISIONAL,CATEGORY_REVIEW_REQUIRED|ENTITY_MERGE_REQUIRED,NONE
NC-CL-R-000745,NC-CL-S-000243,docs/09_collection/ga6-collection-registry-v1.md#G6-A06,docs/09_collection/ga6-collection-registry-v1.md,430,GA6,"Institutional, Ship and Infrastructure Survival/Loss Targets",G6-A06,Heavy Hull/Support Sacrifice Set,STATE_TRANSITION,C5,C5,C5,COMPLETION_LEGACY,UNRESOLVED,UNRESOLVED,UNRESOLVED,UNKNOWN,UNRESOLVED,UNRESOLVED,HEURISTIC_PROVISIONAL,CATEGORY_REVIEW_REQUIRED|ENTITY_MERGE_REQUIRED,NONE
NC-CL-R-000746,NC-CL-S-000243,docs/09_collection/ga6-collection-registry-v1.md#G6-A06,docs/09_collection/ga6-collection-registry-v1.md,430,GA6,"Institutional, Ship and Infrastructure Survival/Loss Targets",G6-A06,Heavy Hull/Support Sacrifice Set,SET,C5,C5,C5,COMPLETION_LEGACY,UNRESOLVED,UNRESOLVED,UNRESOLVED,UNKNOWN,UNRESOLVED,UNRESOLVED,HEURISTIC_PROVISIONAL,CATEGORY_REVIEW_REQUIRED|ENTITY_MERGE_REQUIRED,NONE
NC-CL-R-000747,NC-CL-S-000244,docs/09_collection/ga6-collection-registry-v1.md#G6-A07,docs/09_collection/ga6-collection-registry-v1.md,441,GA6,"Institutional, Ship and Infrastructure Survival/Loss Targets",G6-A07,First Ship Orpheus State,ENTITY,C5,C5,C5,SYNERGY|COMPLETION_LEGACY,UNRESOLVED,UNRESOLVED,UNRESOLVED,UNKNOWN,UNRESOLVED,UNRESOLVED,HEURISTIC_PROVISIONAL,CATEGORY_REVIEW_REQUIRED|ENTITY_MERGE_REQUIRED,NONE
NC-CL-R-000748,NC-CL-S-000244,docs/09_collection/ga6-collection-registry-v1.md#G6-A07,docs/09_collection/ga6-collection-registry-v1.md,441,GA6,"Institutional, Ship and Infrastructure Survival/Loss Targets",G6-A07,First Ship Orpheus State,STATE_TRANSITION,C5,C5,C5,SYNERGY|COMPLETION_LEGACY,UNRESOLVED,UNRESOLVED,UNRESOLVED,UNKNOWN,UNRESOLVED,UNRESOLVED,HEURISTIC_PROVISIONAL,CATEGORY_REVIEW_REQUIRED|ENTITY_MERGE_REQUIRED,NONE
NC-CL-R-000749,NC-CL-S-000245,docs/09_collection/ga6-collection-registry-v1.md#G6-A08,docs/09_collection/ga6-collection-registry-v1.md,452,GA6,"Institutional, Ship and Infrastructure Survival/Loss Targets",G6-A08,Orpheus Node/Defense/Thermal Capacity,ENTITY,C5,C5|C8,C5|C8,SYNERGY|COMPLETION_LEGACY,UNRESOLVED,UNRESOLVED,UNRESOLVED,UNKNOWN,UNRESOLVED,UNRESOLVED,HEURISTIC_PROVISIONAL,CATEGORY_REVIEW_REQUIRED|ENTITY_MERGE_REQUIRED,NONE
NC-CL-R-000750,NC-CL-S-000245,docs/09_collection/ga6-collection-registry-v1.md#G6-A08,docs/09_collection/ga6-collection-registry-v1.md,452,GA6,"Institutional, Ship and Infrastructure Survival/Loss Targets",G6-A08,Orpheus Node/Defense/Thermal Capacity,STATE_TRANSITION,C5,C5|C8,C5|C8,SYNERGY|COMPLETION_LEGACY,UNRESOLVED,UNRESOLVED,UNRESOLVED,UNKNOWN,UNRESOLVED,UNRESOLVED,HEURISTIC_PROVISIONAL,CATEGORY_REVIEW_REQUIRED|ENTITY_MERGE_REQUIRED,NONE
NC-CL-R-000751,NC-CL-S-000245,docs/09_collection/ga6-collection-registry-v1.md#G6-A08,docs/09_collection/ga6-collection-registry-v1.md,452,GA6,"Institutional, Ship and Infrastructure Survival/Loss Targets",G6-A08,Orpheus Node/Defense/Thermal Capacity,LOSS_OBLIGATION,C5,C5|C8,C5|C8,SYNERGY|COMPLETION_LEGACY,UNRESOLVED,UNRESOLVED,UNRESOLVED,UNKNOWN,UNRESOLVED,UNRESOLVED,HEURISTIC_PROVISIONAL,CATEGORY_REVIEW_REQUIRED|ENTITY_MERGE_REQUIRED,NONE
NC-CL-R-000752,NC-CL-S-000246,docs/09_collection/ga6-collection-registry-v1.md#G6-A09,docs/09_collection/ga6-collection-registry-v1.md,463,GA6,"Institutional, Ship and Infrastructure Survival/Loss Targets",G6-A09,Major Civilian Convoy Loss,ENTITY,C5,C5,C5,ACQUISITION|COMPLETION_LEGACY,UNRESOLVED,UNRESOLVED,UNRESOLVED,UNKNOWN,UNRESOLVED,UNRESOLVED,HEURISTIC_PROVISIONAL,CATEGORY_REVIEW_REQUIRED|ENTITY_MERGE_REQUIRED,NONE
NC-CL-R-000753,NC-CL-S-000246,docs/09_collection/ga6-collection-registry-v1.md#G6-A09,docs/09_collection/ga6-collection-registry-v1.md,463,GA6,"Institutional, Ship and Infrastructure Survival/Loss Targets",G6-A09,Major Civilian Convoy Loss,STATE_TRANSITION,C5,C5,C5,ACQUISITION|COMPLETION_LEGACY,UNRESOLVED,UNRESOLVED,UNRESOLVED,UNKNOWN,UNRESOLVED,UNRESOLVED,HEURISTIC_PROVISIONAL,CATEGORY_REVIEW_REQUIRED|ENTITY_MERGE_REQUIRED,NONE
NC-CL-R-000754,NC-CL-S-000247,docs/09_collection/ga6-collection-registry-v1.md#G6-A10,docs/09_collection/ga6-collection-registry-v1.md,474,GA6,"Institutional, Ship and Infrastructure Survival/Loss Targets",G6-A10,Wider-Front Consequence,STATE_TRANSITION,C5,C5,C5,SYNERGY|COMPLETION_LEGACY,UNRESOLVED,UNRESOLVED,UNRESOLVED,UNKNOWN,UNRESOLVED,UNRESOLVED,HEURISTIC_PROVISIONAL,CATEGORY_REVIEW_REQUIRED|ENTITY_MERGE_REQUIRED,NONE
NC-CL-R-000755,NC-CL-S-000248,docs/09_collection/ga6-collection-registry-v1.md#G6-M01,docs/09_collection/ga6-collection-registry-v1.md,489,GA6,"Mystery, History and Thematic Payoff Targets",G6-M01,Original Orpheus Mixed-Window Alternative,STATE_TRANSITION,C5,C5,C5,DISCOVERY|COMPLETION_LEGACY,UNRESOLVED,UNRESOLVED,UNRESOLVED,UNKNOWN,UNRESOLVED,UNRESOLVED,HEURISTIC_PROVISIONAL,CATEGORY_REVIEW_REQUIRED|ENTITY_MERGE_REQUIRED,NONE
NC-CL-R-000756,NC-CL-S-000248,docs/09_collection/ga6-collection-registry-v1.md#G6-M01,docs/09_collection/ga6-collection-registry-v1.md,489,GA6,"Mystery, History and Thematic Payoff Targets",G6-M01,Original Orpheus Mixed-Window Alternative,NARRATIVE_PROMISE,C5,C5,C5,DISCOVERY|COMPLETION_LEGACY,UNRESOLVED,UNRESOLVED,UNRESOLVED,UNKNOWN,UNRESOLVED,UNRESOLVED,HEURISTIC_PROVISIONAL,CATEGORY_REVIEW_REQUIRED|ENTITY_MERGE_REQUIRED,NONE
NC-CL-R-000757,NC-CL-S-000249,docs/09_collection/ga6-collection-registry-v1.md#G6-M02,docs/09_collection/ga6-collection-registry-v1.md,500,GA6,"Mystery, History and Thematic Payoff Targets",G6-M02,Original Security/Information Confidence Suppression,STATE_TRANSITION,C7,C7,C7,DISCOVERY|SYNERGY|COMPLETION_LEGACY,UNRESOLVED,UNRESOLVED,UNRESOLVED,UNKNOWN,UNRESOLVED,UNRESOLVED,HEURISTIC_PROVISIONAL,CATEGORY_REVIEW_REQUIRED|ENTITY_MERGE_REQUIRED,NONE
NC-CL-R-000758,NC-CL-S-000249,docs/09_collection/ga6-collection-registry-v1.md#G6-M02,docs/09_collection/ga6-collection-registry-v1.md,500,GA6,"Mystery, History and Thematic Payoff Targets",G6-M02,Original Security/Information Confidence Suppression,LOSS_OBLIGATION,C7,C7,C7,DISCOVERY|SYNERGY|COMPLETION_LEGACY,UNRESOLVED,UNRESOLVED,UNRESOLVED,UNKNOWN,UNRESOLVED,UNRESOLVED,HEURISTIC_PROVISIONAL,CATEGORY_REVIEW_REQUIRED|ENTITY_MERGE_REQUIRED,NONE
NC-CL-R-000759,NC-CL-S-000249,docs/09_collection/ga6-collection-registry-v1.md#G6-M02,docs/09_collection/ga6-collection-registry-v1.md,500,GA6,"Mystery, History and Thematic Payoff Targets",G6-M02,Original Security/Information Confidence Suppression,NARRATIVE_PROMISE,C7,C7,C7,DISCOVERY|SYNERGY|COMPLETION_LEGACY,UNRESOLVED,UNRESOLVED,UNRESOLVED,UNKNOWN,UNRESOLVED,UNRESOLVED,HEURISTIC_PROVISIONAL,CATEGORY_REVIEW_REQUIRED|ENTITY_MERGE_REQUIRED,NONE
NC-CL-R-000760,NC-CL-S-000250,docs/09_collection/ga6-collection-registry-v1.md#G6-M03,docs/09_collection/ga6-collection-registry-v1.md,514,GA6,"Mystery, History and Thematic Payoff Targets",G6-M03,Archive Historical-Loss Classification,STATE_TRANSITION,C7,C7,C7,DISCOVERY|SYNERGY|COMPLETION_LEGACY,UNRESOLVED,UNRESOLVED,UNRESOLVED,UNKNOWN,UNRESOLVED,UNRESOLVED,HEURISTIC_PROVISIONAL,CATEGORY_REVIEW_REQUIRED|ENTITY_MERGE_REQUIRED,NONE
NC-CL-R-000761,NC-CL-S-000250,docs/09_collection/ga6-collection-registry-v1.md#G6-M03,docs/09_collection/ga6-collection-registry-v1.md,514,GA6,"Mystery, History and Thematic Payoff Targets",G6-M03,Archive Historical-Loss Classification,NARRATIVE_PROMISE,C7,C7,C7,DISCOVERY|SYNERGY|COMPLETION_LEGACY,UNRESOLVED,UNRESOLVED,UNRESOLVED,UNKNOWN,UNRESOLVED,UNRESOLVED,HEURISTIC_PROVISIONAL,CATEGORY_REVIEW_REQUIRED|ENTITY_MERGE_REQUIRED,NONE
NC-CL-R-000762,NC-CL-S-000251,docs/09_collection/ga6-collection-registry-v1.md#G6-M04,docs/09_collection/ga6-collection-registry-v1.md,528,GA6,"Mystery, History and Thematic Payoff Targets",G6-M04,P-001 Original Responsibility Record,CONTROL_CLAIM,C1,C1,C1,DISCOVERY|COMPLETION_LEGACY,UNRESOLVED,UNRESOLVED,UNRESOLVED,UNKNOWN,UNRESOLVED,UNRESOLVED,HEURISTIC_PROVISIONAL,CATEGORY_REVIEW_REQUIRED|ENTITY_MERGE_REQUIRED,NONE
NC-CL-R-000763,NC-CL-S-000251,docs/09_collection/ga6-collection-registry-v1.md#G6-M04,docs/09_collection/ga6-collection-registry-v1.md,528,GA6,"Mystery, History and Thematic Payoff Targets",G6-M04,P-001 Original Responsibility Record,STATE_TRANSITION,C1,C1,C1,DISCOVERY|COMPLETION_LEGACY,UNRESOLVED,UNRESOLVED,UNRESOLVED,UNKNOWN,UNRESOLVED,UNRESOLVED,HEURISTIC_PROVISIONAL,CATEGORY_REVIEW_REQUIRED|ENTITY_MERGE_REQUIRED,NONE
NC-CL-R-000764,NC-CL-S-000251,docs/09_collection/ga6-collection-registry-v1.md#G6-M04,docs/09_collection/ga6-collection-registry-v1.md,528,GA6,"Mystery, History and Thematic Payoff Targets",G6-M04,P-001 Original Responsibility Record,NARRATIVE_PROMISE,C1,C1,C1,DISCOVERY|COMPLETION_LEGACY,UNRESOLVED,UNRESOLVED,UNRESOLVED,UNKNOWN,UNRESOLVED,UNRESOLVED,HEURISTIC_PROVISIONAL,CATEGORY_REVIEW_REQUIRED|ENTITY_MERGE_REQUIRED,NONE
NC-CL-R-000765,NC-CL-S-000252,docs/09_collection/ga6-collection-registry-v1.md#G6-M05,docs/09_collection/ga6-collection-registry-v1.md,539,GA6,"Mystery, History and Thematic Payoff Targets",G6-M05,P-001 Connective Pattern,STATE_TRANSITION,C7,C7,C7,DISCOVERY|SYNERGY|COMPLETION_LEGACY,UNRESOLVED,UNRESOLVED,UNRESOLVED,UNKNOWN,UNRESOLVED,UNRESOLVED,HEURISTIC_PROVISIONAL,CATEGORY_REVIEW_REQUIRED|ENTITY_MERGE_REQUIRED,NONE
NC-CL-R-000766,NC-CL-S-000252,docs/09_collection/ga6-collection-registry-v1.md#G6-M05,docs/09_collection/ga6-collection-registry-v1.md,539,GA6,"Mystery, History and Thematic Payoff Targets",G6-M05,P-001 Connective Pattern,NARRATIVE_PROMISE,C7,C7,C7,DISCOVERY|SYNERGY|COMPLETION_LEGACY,UNRESOLVED,UNRESOLVED,UNRESOLVED,UNKNOWN,UNRESOLVED,UNRESOLVED,HEURISTIC_PROVISIONAL,CATEGORY_REVIEW_REQUIRED|ENTITY_MERGE_REQUIRED,NONE
NC-CL-R-000767,NC-CL-S-000253,docs/09_collection/ga6-collection-registry-v1.md#G6-M06,docs/09_collection/ga6-collection-registry-v1.md,547,GA6,"Mystery, History and Thematic Payoff Targets",G6-M06,Blood Admiral Record Drift,ENTITY,C1,C1,C1,DISCOVERY|SYNERGY|COMPLETION_LEGACY,UNRESOLVED,UNRESOLVED,UNRESOLVED,UNKNOWN,UNRESOLVED,UNRESOLVED,HEURISTIC_PROVISIONAL,CATEGORY_REVIEW_REQUIRED|ENTITY_MERGE_REQUIRED,NONE
NC-CL-R-000768,NC-CL-S-000253,docs/09_collection/ga6-collection-registry-v1.md#G6-M06,docs/09_collection/ga6-collection-registry-v1.md,547,GA6,"Mystery, History and Thematic Payoff Targets",G6-M06,Blood Admiral Record Drift,CONTROL_CLAIM,C1,C1,C1,DISCOVERY|SYNERGY|COMPLETION_LEGACY,UNRESOLVED,UNRESOLVED,UNRESOLVED,UNKNOWN,UNRESOLVED,UNRESOLVED,HEURISTIC_PROVISIONAL,CATEGORY_REVIEW_REQUIRED|ENTITY_MERGE_REQUIRED,NONE
NC-CL-R-000769,NC-CL-S-000253,docs/09_collection/ga6-collection-registry-v1.md#G6-M06,docs/09_collection/ga6-collection-registry-v1.md,547,GA6,"Mystery, History and Thematic Payoff Targets",G6-M06,Blood Admiral Record Drift,STATE_TRANSITION,C1,C1,C1,DISCOVERY|SYNERGY|COMPLETION_LEGACY,UNRESOLVED,UNRESOLVED,UNRESOLVED,UNKNOWN,UNRESOLVED,UNRESOLVED,HEURISTIC_PROVISIONAL,CATEGORY_REVIEW_REQUIRED|ENTITY_MERGE_REQUIRED,NONE
NC-CL-R-000770,NC-CL-S-000253,docs/09_collection/ga6-collection-registry-v1.md#G6-M06,docs/09_collection/ga6-collection-registry-v1.md,547,GA6,"Mystery, History and Thematic Payoff Targets",G6-M06,Blood Admiral Record Drift,NARRATIVE_PROMISE,C1,C1,C1,DISCOVERY|SYNERGY|COMPLETION_LEGACY,UNRESOLVED,UNRESOLVED,UNRESOLVED,UNKNOWN,UNRESOLVED,UNRESOLVED,HEURISTIC_PROVISIONAL,CATEGORY_REVIEW_REQUIRED|ENTITY_MERGE_REQUIRED,NONE
NC-CL-R-000771,NC-CL-S-000254,docs/09_collection/ga6-collection-registry-v1.md#G6-I01,docs/09_collection/ga6-collection-registry-v1.md,558,GA6,"Mystery, History and Thematic Payoff Targets",G6-I01,“Second Orpheus” Public Memory,STATE_TRANSITION,C7,C7,C7,DISCOVERY|COMPLETION_LEGACY,UNRESOLVED,UNRESOLVED,UNRESOLVED,UNKNOWN,UNRESOLVED,UNRESOLVED,HEURISTIC_PROVISIONAL,CATEGORY_REVIEW_REQUIRED|ENTITY_MERGE_REQUIRED,NONE
NC-CL-R-000772,NC-CL-S-000254,docs/09_collection/ga6-collection-registry-v1.md#G6-I01,docs/09_collection/ga6-collection-registry-v1.md,558,GA6,"Mystery, History and Thematic Payoff Targets",G6-I01,“Second Orpheus” Public Memory,LOSS_OBLIGATION,C7,C7,C7,DISCOVERY|COMPLETION_LEGACY,UNRESOLVED,UNRESOLVED,UNRESOLVED,UNKNOWN,UNRESOLVED,UNRESOLVED,HEURISTIC_PROVISIONAL,CATEGORY_REVIEW_REQUIRED|ENTITY_MERGE_REQUIRED,NONE
NC-CL-R-000773,NC-CL-S-000254,docs/09_collection/ga6-collection-registry-v1.md#G6-I01,docs/09_collection/ga6-collection-registry-v1.md,558,GA6,"Mystery, History and Thematic Payoff Targets",G6-I01,“Second Orpheus” Public Memory,NARRATIVE_PROMISE,C7,C7,C7,DISCOVERY|COMPLETION_LEGACY,UNRESOLVED,UNRESOLVED,UNRESOLVED,UNKNOWN,UNRESOLVED,UNRESOLVED,HEURISTIC_PROVISIONAL,CATEGORY_REVIEW_REQUIRED|ENTITY_MERGE_REQUIRED,NONE
NC-CL-R-000774,NC-CL-S-000255,docs/09_collection/ga6-collection-registry-v1.md#G6-I02,docs/09_collection/ga6-collection-registry-v1.md,569,GA6,"Mystery, History and Thematic Payoff Targets",G6-I02,Distributed Sacrifice Principle,STATE_TRANSITION,C7,C7,C7,DISCOVERY|SYNERGY|COMPLETION_LEGACY,UNRESOLVED,UNRESOLVED,UNRESOLVED,UNKNOWN,UNRESOLVED,UNRESOLVED,HEURISTIC_PROVISIONAL,CATEGORY_REVIEW_REQUIRED|ENTITY_MERGE_REQUIRED,NONE
NC-CL-R-000775,NC-CL-S-000255,docs/09_collection/ga6-collection-registry-v1.md#G6-I02,docs/09_collection/ga6-collection-registry-v1.md,569,GA6,"Mystery, History and Thematic Payoff Targets",G6-I02,Distributed Sacrifice Principle,LOSS_OBLIGATION,C7,C7,C7,DISCOVERY|SYNERGY|COMPLETION_LEGACY,UNRESOLVED,UNRESOLVED,UNRESOLVED,UNKNOWN,UNRESOLVED,UNRESOLVED,HEURISTIC_PROVISIONAL,CATEGORY_REVIEW_REQUIRED|ENTITY_MERGE_REQUIRED,NONE
NC-CL-R-000776,NC-CL-S-000255,docs/09_collection/ga6-collection-registry-v1.md#G6-I02,docs/09_collection/ga6-collection-registry-v1.md,569,GA6,"Mystery, History and Thematic Payoff Targets",G6-I02,Distributed Sacrifice Principle,NARRATIVE_PROMISE,C7,C7,C7,DISCOVERY|SYNERGY|COMPLETION_LEGACY,UNRESOLVED,UNRESOLVED,UNRESOLVED,UNKNOWN,UNRESOLVED,UNRESOLVED,HEURISTIC_PROVISIONAL,CATEGORY_REVIEW_REQUIRED|ENTITY_MERGE_REQUIRED,NONE
NC-CL-R-000777,NC-CL-S-000256,docs/09_collection/ga7-collection-registry-v1.md#G7-P01,docs/09_collection/ga7-collection-registry-v1.md,30,GA7,Route-War People and Relationship Targets,G7-P01,H-001 as Bounded Route Coordinator,ENTITY,C1,C1|C8,C1|C8,SYNERGY|COMPLETION_LEGACY,UNRESOLVED,UNRESOLVED,UNRESOLVED,UNKNOWN,UNRESOLVED,UNRESOLVED,HEURISTIC_PROVISIONAL,CATEGORY_REVIEW_REQUIRED|ENTITY_MERGE_REQUIRED,NONE
NC-CL-R-000778,NC-CL-S-000256,docs/09_collection/ga7-collection-registry-v1.md#G7-P01,docs/09_collection/ga7-collection-registry-v1.md,30,GA7,Route-War People and Relationship Targets,G7-P01,H-001 as Bounded Route Coordinator,RELATIONSHIP,C1,C1|C8,C1|C8,SYNERGY|COMPLETION_LEGACY,UNRESOLVED,UNRESOLVED,UNRESOLVED,UNKNOWN,UNRESOLVED,UNRESOLVED,HEURISTIC_PROVISIONAL,CATEGORY_REVIEW_REQUIRED|ENTITY_MERGE_REQUIRED,NONE
NC-CL-R-000779,NC-CL-S-000256,docs/09_collection/ga7-collection-registry-v1.md#G7-P01,docs/09_collection/ga7-collection-registry-v1.md,30,GA7,Route-War People and Relationship Targets,G7-P01,H-001 as Bounded Route Coordinator,STATE_TRANSITION,C1,C1|C8,C1|C8,SYNERGY|COMPLETION_LEGACY,UNRESOLVED,UNRESOLVED,UNRESOLVED,UNKNOWN,UNRESOLVED,UNRESOLVED,HEURISTIC_PROVISIONAL,CATEGORY_REVIEW_REQUIRED|ENTITY_MERGE_REQUIRED,NONE
NC-CL-R-000780,NC-CL-S-000256,docs/09_collection/ga7-collection-registry-v1.md#G7-P01,docs/09_collection/ga7-collection-registry-v1.md,30,GA7,Route-War People and Relationship Targets,G7-P01,H-001 as Bounded Route Coordinator,LOSS_OBLIGATION,C1,C1|C8,C1|C8,SYNERGY|COMPLETION_LEGACY,UNRESOLVED,UNRESOLVED,UNRESOLVED,UNKNOWN,UNRESOLVED,UNRESOLVED,HEURISTIC_PROVISIONAL,CATEGORY_REVIEW_REQUIRED|ENTITY_MERGE_REQUIRED,NONE
NC-CL-R-000781,NC-CL-S-000257,docs/09_collection/ga7-collection-registry-v1.md#G7-P02,docs/09_collection/ga7-collection-registry-v1.md,44,GA7,Route-War People and Relationship Targets,G7-P02,RF-L01 Federation Delegate,ENTITY,C1,C1,C1,SYNERGY|COMPLETION_LEGACY,UNRESOLVED,UNRESOLVED,UNRESOLVED,UNKNOWN,UNRESOLVED,UNRESOLVED,HEURISTIC_PROVISIONAL,CATEGORY_REVIEW_REQUIRED|ENTITY_MERGE_REQUIRED,NONE
NC-CL-R-000782,NC-CL-S-000257,docs/09_collection/ga7-collection-registry-v1.md#G7-P02,docs/09_collection/ga7-collection-registry-v1.md,44,GA7,Route-War People and Relationship Targets,G7-P02,RF-L01 Federation Delegate,RELATIONSHIP,C1,C1,C1,SYNERGY|COMPLETION_LEGACY,UNRESOLVED,UNRESOLVED,UNRESOLVED,UNKNOWN,UNRESOLVED,UNRESOLVED,HEURISTIC_PROVISIONAL,CATEGORY_REVIEW_REQUIRED|ENTITY_MERGE_REQUIRED,NONE
NC-CL-R-000783,NC-CL-S-000257,docs/09_collection/ga7-collection-registry-v1.md#G7-P02,docs/09_collection/ga7-collection-registry-v1.md,44,GA7,Route-War People and Relationship Targets,G7-P02,RF-L01 Federation Delegate,STATE_TRANSITION,C1,C1,C1,SYNERGY|COMPLETION_LEGACY,UNRESOLVED,UNRESOLVED,UNRESOLVED,UNKNOWN,UNRESOLVED,UNRESOLVED,HEURISTIC_PROVISIONAL,CATEGORY_REVIEW_REQUIRED|ENTITY_MERGE_REQUIRED,NONE
NC-CL-R-000784,NC-CL-S-000257,docs/09_collection/ga7-collection-registry-v1.md#G7-P02,docs/09_collection/ga7-collection-registry-v1.md,44,GA7,Route-War People and Relationship Targets,G7-P02,RF-L01 Federation Delegate,LOSS_OBLIGATION,C1,C1,C1,SYNERGY|COMPLETION_LEGACY,UNRESOLVED,UNRESOLVED,UNRESOLVED,UNKNOWN,UNRESOLVED,UNRESOLVED,HEURISTIC_PROVISIONAL,CATEGORY_REVIEW_REQUIRED|ENTITY_MERGE_REQUIRED,NONE
NC-CL-R-000785,NC-CL-S-000258,docs/09_collection/ga7-collection-registry-v1.md#G7-P03,docs/09_collection/ga7-collection-registry-v1.md,55,GA7,Route-War People and Relationship Targets,G7-P03,RF-L02 Continuity Corridor Administrator,ENTITY,C1,C1|C8,C1|C8,SYNERGY|COMPLETION_LEGACY,UNRESOLVED,UNRESOLVED,UNRESOLVED,UNKNOWN,UNRESOLVED,UNRESOLVED,HEURISTIC_PROVISIONAL,CATEGORY_REVIEW_REQUIRED|ENTITY_MERGE_REQUIRED,NONE
NC-CL-R-000786,NC-CL-S-000258,docs/09_collection/ga7-collection-registry-v1.md#G7-P03,docs/09_collection/ga7-collection-registry-v1.md,55,GA7,Route-War People and Relationship Targets,G7-P03,RF-L02 Continuity Corridor Administrator,RELATIONSHIP,C1,C1|C8,C1|C8,SYNERGY|COMPLETION_LEGACY,UNRESOLVED,UNRESOLVED,UNRESOLVED,UNKNOWN,UNRESOLVED,UNRESOLVED,HEURISTIC_PROVISIONAL,CATEGORY_REVIEW_REQUIRED|ENTITY_MERGE_REQUIRED,NONE
NC-CL-R-000787,NC-CL-S-000258,docs/09_collection/ga7-collection-registry-v1.md#G7-P03,docs/09_collection/ga7-collection-registry-v1.md,55,GA7,Route-War People and Relationship Targets,G7-P03,RF-L02 Continuity Corridor Administrator,STATE_TRANSITION,C1,C1|C8,C1|C8,SYNERGY|COMPLETION_LEGACY,UNRESOLVED,UNRESOLVED,UNRESOLVED,UNKNOWN,UNRESOLVED,UNRESOLVED,HEURISTIC_PROVISIONAL,CATEGORY_REVIEW_REQUIRED|ENTITY_MERGE_REQUIRED,NONE
NC-CL-R-000788,NC-CL-S-000258,docs/09_collection/ga7-collection-registry-v1.md#G7-P03,docs/09_collection/ga7-collection-registry-v1.md,55,GA7,Route-War People and Relationship Targets,G7-P03,RF-L02 Continuity Corridor Administrator,LOSS_OBLIGATION,C1,C1|C8,C1|C8,SYNERGY|COMPLETION_LEGACY,UNRESOLVED,UNRESOLVED,UNRESOLVED,UNKNOWN,UNRESOLVED,UNRESOLVED,HEURISTIC_PROVISIONAL,CATEGORY_REVIEW_REQUIRED|ENTITY_MERGE_REQUIRED,NONE
NC-CL-R-000789,NC-CL-S-000259,docs/09_collection/ga7-collection-registry-v1.md#G7-P04,docs/09_collection/ga7-collection-registry-v1.md,66,GA7,Route-War People and Relationship Targets,G7-P04,RF-L03 Scorched Route Commander,ENTITY,C1,C1|C8,C1|C8,SYNERGY|COMPLETION_LEGACY,UNRESOLVED,UNRESOLVED,UNRESOLVED,UNKNOWN,UNRESOLVED,UNRESOLVED,HEURISTIC_PROVISIONAL,CATEGORY_REVIEW_REQUIRED|ENTITY_MERGE_REQUIRED,NONE
NC-CL-R-000790,NC-CL-S-000259,docs/09_collection/ga7-collection-registry-v1.md#G7-P04,docs/09_collection/ga7-collection-registry-v1.md,66,GA7,Route-War People and Relationship Targets,G7-P04,RF-L03 Scorched Route Commander,RELATIONSHIP,C1,C1|C8,C1|C8,SYNERGY|COMPLETION_LEGACY,UNRESOLVED,UNRESOLVED,UNRESOLVED,UNKNOWN,UNRESOLVED,UNRESOLVED,HEURISTIC_PROVISIONAL,CATEGORY_REVIEW_REQUIRED|ENTITY_MERGE_REQUIRED,NONE
NC-CL-R-000791,NC-CL-S-000259,docs/09_collection/ga7-collection-registry-v1.md#G7-P04,docs/09_collection/ga7-collection-registry-v1.md,66,GA7,Route-War People and Relationship Targets,G7-P04,RF-L03 Scorched Route Commander,STATE_TRANSITION,C1,C1|C8,C1|C8,SYNERGY|COMPLETION_LEGACY,UNRESOLVED,UNRESOLVED,UNRESOLVED,UNKNOWN,UNRESOLVED,UNRESOLVED,HEURISTIC_PROVISIONAL,CATEGORY_REVIEW_REQUIRED|ENTITY_MERGE_REQUIRED,NONE
NC-CL-R-000792,NC-CL-S-000259,docs/09_collection/ga7-collection-registry-v1.md#G7-P04,docs/09_collection/ga7-collection-registry-v1.md,66,GA7,Route-War People and Relationship Targets,G7-P04,RF-L03 Scorched Route Commander,LOSS_OBLIGATION,C1,C1|C8,C1|C8,SYNERGY|COMPLETION_LEGACY,UNRESOLVED,UNRESOLVED,UNRESOLVED,UNKNOWN,UNRESOLVED,UNRESOLVED,HEURISTIC_PROVISIONAL,CATEGORY_REVIEW_REQUIRED|ENTITY_MERGE_REQUIRED,NONE
NC-CL-R-000793,NC-CL-S-000260,docs/09_collection/ga7-collection-registry-v1.md#G7-P05,docs/09_collection/ga7-collection-registry-v1.md,77,GA7,Route-War People and Relationship Targets,G7-P05,RF-L04 Local Node/Civic Leader,ENTITY,C1,C1|C8,C1|C8,ACQUISITION|SYNERGY|COMPLETION_LEGACY,UNRESOLVED,UNRESOLVED,UNRESOLVED,UNKNOWN,UNRESOLVED,UNRESOLVED,HEURISTIC_PROVISIONAL,CATEGORY_REVIEW_REQUIRED|ENTITY_MERGE_REQUIRED,NONE
NC-CL-R-000794,NC-CL-S-000260,docs/09_collection/ga7-collection-registry-v1.md#G7-P05,docs/09_collection/ga7-collection-registry-v1.md,77,GA7,Route-War People and Relationship Targets,G7-P05,RF-L04 Local Node/Civic Leader,RELATIONSHIP,C1,C1|C8,C1|C8,ACQUISITION|SYNERGY|COMPLETION_LEGACY,UNRESOLVED,UNRESOLVED,UNRESOLVED,UNKNOWN,UNRESOLVED,UNRESOLVED,HEURISTIC_PROVISIONAL,CATEGORY_REVIEW_REQUIRED|ENTITY_MERGE_REQUIRED,NONE
NC-CL-R-000795,NC-CL-S-000260,docs/09_collection/ga7-collection-registry-v1.md#G7-P05,docs/09_collection/ga7-collection-registry-v1.md,77,GA7,Route-War People and Relationship Targets,G7-P05,RF-L04 Local Node/Civic Leader,STATE_TRANSITION,C1,C1|C8,C1|C8,ACQUISITION|SYNERGY|COMPLETION_LEGACY,UNRESOLVED,UNRESOLVED,UNRESOLVED,UNKNOWN,UNRESOLVED,UNRESOLVED,HEURISTIC_PROVISIONAL,CATEGORY_REVIEW_REQUIRED|ENTITY_MERGE_REQUIRED,NONE
NC-CL-R-000796,NC-CL-S-000260,docs/09_collection/ga7-collection-registry-v1.md#G7-P05,docs/09_collection/ga7-collection-registry-v1.md,77,GA7,Route-War People and Relationship Targets,G7-P05,RF-L04 Local Node/Civic Leader,LOSS_OBLIGATION,C1,C1|C8,C1|C8,ACQUISITION|SYNERGY|COMPLETION_LEGACY,UNRESOLVED,UNRESOLVED,UNRESOLVED,UNKNOWN,UNRESOLVED,UNRESOLVED,HEURISTIC_PROVISIONAL,CATEGORY_REVIEW_REQUIRED|ENTITY_MERGE_REQUIRED,NONE
NC-CL-R-000797,NC-CL-S-000261,docs/09_collection/ga7-collection-registry-v1.md#G7-P06,docs/09_collection/ga7-collection-registry-v1.md,88,GA7,Route-War People and Relationship Targets,G7-P06,RF-L05 Dependent-Region Advocate,ENTITY,C8,C8,C8,ACQUISITION|SYNERGY|COMPLETION_LEGACY,UNRESOLVED,UNRESOLVED,UNRESOLVED,UNKNOWN,UNRESOLVED,UNRESOLVED,HEURISTIC_PROVISIONAL,CATEGORY_REVIEW_REQUIRED|ENTITY_MERGE_REQUIRED,NONE
NC-CL-R-000798,NC-CL-S-000261,docs/09_collection/ga7-collection-registry-v1.md#G7-P06,docs/09_collection/ga7-collection-registry-v1.md,88,GA7,Route-War People and Relationship Targets,G7-P06,RF-L05 Dependent-Region Advocate,RELATIONSHIP,C8,C8,C8,ACQUISITION|SYNERGY|COMPLETION_LEGACY,UNRESOLVED,UNRESOLVED,UNRESOLVED,UNKNOWN,UNRESOLVED,UNRESOLVED,HEURISTIC_PROVISIONAL,CATEGORY_REVIEW_REQUIRED|ENTITY_MERGE_REQUIRED,NONE
NC-CL-R-000799,NC-CL-S-000261,docs/09_collection/ga7-collection-registry-v1.md#G7-P06,docs/09_collection/ga7-collection-registry-v1.md,88,GA7,Route-War People and Relationship Targets,G7-P06,RF-L05 Dependent-Region Advocate,STATE_TRANSITION,C8,C8,C8,ACQUISITION|SYNERGY|COMPLETION_LEGACY,UNRESOLVED,UNRESOLVED,UNRESOLVED,UNKNOWN,UNRESOLVED,UNRESOLVED,HEURISTIC_PROVISIONAL,CATEGORY_REVIEW_REQUIRED|ENTITY_MERGE_REQUIRED,NONE
NC-CL-R-000800,NC-CL-S-000261,docs/09_collection/ga7-collection-registry-v1.md#G7-P06,docs/09_collection/ga7-collection-registry-v1.md,88,GA7,Route-War People and Relationship Targets,G7-P06,RF-L05 Dependent-Region Advocate,LOSS_OBLIGATION,C8,C8,C8,ACQUISITION|SYNERGY|COMPLETION_LEGACY,UNRESOLVED,UNRESOLVED,UNRESOLVED,UNKNOWN,UNRESOLVED,UNRESOLVED,HEURISTIC_PROVISIONAL,CATEGORY_REVIEW_REQUIRED|ENTITY_MERGE_REQUIRED,NONE
NC-CL-R-000801,NC-CL-S-000262,docs/09_collection/ga7-collection-registry-v1.md#G7-P07,docs/09_collection/ga7-collection-registry-v1.md,99,GA7,Route-War People and Relationship Targets,G7-P07,E-001 / Independence Counterexample,RELATIONSHIP,C1,C1|C8,C1|C8,SYNERGY|COMPLETION_LEGACY,UNRESOLVED,UNRESOLVED,UNRESOLVED,UNKNOWN,UNRESOLVED,UNRESOLVED,HEURISTIC_PROVISIONAL,CATEGORY_REVIEW_REQUIRED|ENTITY_MERGE_REQUIRED,NONE
NC-CL-R-000802,NC-CL-S-000262,docs/09_collection/ga7-collection-registry-v1.md#G7-P07,docs/09_collection/ga7-collection-registry-v1.md,99,GA7,Route-War People and Relationship Targets,G7-P07,E-001 / Independence Counterexample,STATE_TRANSITION,C1,C1|C8,C1|C8,SYNERGY|COMPLETION_LEGACY,UNRESOLVED,UNRESOLVED,UNRESOLVED,UNKNOWN,UNRESOLVED,UNRESOLVED,HEURISTIC_PROVISIONAL,CATEGORY_REVIEW_REQUIRED|ENTITY_MERGE_REQUIRED,NONE
NC-CL-R-000803,NC-CL-S-000262,docs/09_collection/ga7-collection-registry-v1.md#G7-P07,docs/09_collection/ga7-collection-registry-v1.md,99,GA7,Route-War People and Relationship Targets,G7-P07,E-001 / Independence Counterexample,LOSS_OBLIGATION,C1,C1|C8,C1|C8,SYNERGY|COMPLETION_LEGACY,UNRESOLVED,UNRESOLVED,UNRESOLVED,UNKNOWN,UNRESOLVED,UNRESOLVED,HEURISTIC_PROVISIONAL,CATEGORY_REVIEW_REQUIRED|ENTITY_MERGE_REQUIRED,NONE
NC-CL-R-000804,NC-CL-S-000263,docs/09_collection/ga7-collection-registry-v1.md#G7-P08,docs/09_collection/ga7-collection-registry-v1.md,110,GA7,Route-War People and Relationship Targets,G7-P08,Blood Admiral Incident Victim/Survivor Networks,ENTITY,C1,C1,C1,ACQUISITION|SYNERGY|COMPLETION_LEGACY,UNRESOLVED,UNRESOLVED,UNRESOLVED,UNKNOWN,UNRESOLVED,UNRESOLVED,HEURISTIC_PROVISIONAL,CATEGORY_REVIEW_REQUIRED|ENTITY_MERGE_REQUIRED,NONE
NC-CL-R-000805,NC-CL-S-000263,docs/09_collection/ga7-collection-registry-v1.md#G7-P08,docs/09_collection/ga7-collection-registry-v1.md,110,GA7,Route-War People and Relationship Targets,G7-P08,Blood Admiral Incident Victim/Survivor Networks,RELATIONSHIP,C1,C1,C1,ACQUISITION|SYNERGY|COMPLETION_LEGACY,UNRESOLVED,UNRESOLVED,UNRESOLVED,UNKNOWN,UNRESOLVED,UNRESOLVED,HEURISTIC_PROVISIONAL,CATEGORY_REVIEW_REQUIRED|ENTITY_MERGE_REQUIRED,NONE
NC-CL-R-000806,NC-CL-S-000263,docs/09_collection/ga7-collection-registry-v1.md#G7-P08,docs/09_collection/ga7-collection-registry-v1.md,110,GA7,Route-War People and Relationship Targets,G7-P08,Blood Admiral Incident Victim/Survivor Networks,STATE_TRANSITION,C1,C1,C1,ACQUISITION|SYNERGY|COMPLETION_LEGACY,UNRESOLVED,UNRESOLVED,UNRESOLVED,UNKNOWN,UNRESOLVED,UNRESOLVED,HEURISTIC_PROVISIONAL,CATEGORY_REVIEW_REQUIRED|ENTITY_MERGE_REQUIRED,NONE
NC-CL-R-000807,NC-CL-S-000263,docs/09_collection/ga7-collection-registry-v1.md#G7-P08,docs/09_collection/ga7-collection-registry-v1.md,110,GA7,Route-War People and Relationship Targets,G7-P08,Blood Admiral Incident Victim/Survivor Networks,LOSS_OBLIGATION,C1,C1,C1,ACQUISITION|SYNERGY|COMPLETION_LEGACY,UNRESOLVED,UNRESOLVED,UNRESOLVED,UNKNOWN,UNRESOLVED,UNRESOLVED,HEURISTIC_PROVISIONAL,CATEGORY_REVIEW_REQUIRED|ENTITY_MERGE_REQUIRED,NONE
NC-CL-R-000808,NC-CL-S-000264,docs/09_collection/ga7-collection-registry-v1.md#G7-P09,docs/09_collection/ga7-collection-registry-v1.md,121,GA7,Route-War People and Relationship Targets,G7-P09,Route Office Successors/Delegated Commanders,ENTITY,C1,C1|C7|C8,C1|C7|C8,SYNERGY|COMPLETION_LEGACY,UNRESOLVED,UNRESOLVED,UNRESOLVED,UNKNOWN,UNRESOLVED,UNRESOLVED,HEURISTIC_PROVISIONAL,CATEGORY_REVIEW_REQUIRED|ENTITY_MERGE_REQUIRED,NONE
NC-CL-R-000809,NC-CL-S-000264,docs/09_collection/ga7-collection-registry-v1.md#G7-P09,docs/09_collection/ga7-collection-registry-v1.md,121,GA7,Route-War People and Relationship Targets,G7-P09,Route Office Successors/Delegated Commanders,RELATIONSHIP,C1,C1|C7|C8,C1|C7|C8,SYNERGY|COMPLETION_LEGACY,UNRESOLVED,UNRESOLVED,UNRESOLVED,UNKNOWN,UNRESOLVED,UNRESOLVED,HEURISTIC_PROVISIONAL,CATEGORY_REVIEW_REQUIRED|ENTITY_MERGE_REQUIRED,NONE
NC-CL-R-000810,NC-CL-S-000264,docs/09_collection/ga7-collection-registry-v1.md#G7-P09,docs/09_collection/ga7-collection-registry-v1.md,121,GA7,Route-War People and Relationship Targets,G7-P09,Route Office Successors/Delegated Commanders,STATE_TRANSITION,C1,C1|C7|C8,C1|C7|C8,SYNERGY|COMPLETION_LEGACY,UNRESOLVED,UNRESOLVED,UNRESOLVED,UNKNOWN,UNRESOLVED,UNRESOLVED,HEURISTIC_PROVISIONAL,CATEGORY_REVIEW_REQUIRED|ENTITY_MERGE_REQUIRED,NONE
NC-CL-R-000811,NC-CL-S-000264,docs/09_collection/ga7-collection-registry-v1.md#G7-P09,docs/09_collection/ga7-collection-registry-v1.md,121,GA7,Route-War People and Relationship Targets,G7-P09,Route Office Successors/Delegated Commanders,LOSS_OBLIGATION,C1,C1|C7|C8,C1|C7|C8,SYNERGY|COMPLETION_LEGACY,UNRESOLVED,UNRESOLVED,UNRESOLVED,UNKNOWN,UNRESOLVED,UNRESOLVED,HEURISTIC_PROVISIONAL,CATEGORY_REVIEW_REQUIRED|ENTITY_MERGE_REQUIRED,NONE
NC-CL-R-000812,NC-CL-S-000265,docs/09_collection/ga7-collection-registry-v1.md#G7-R01,docs/09_collection/ga7-collection-registry-v1.md,136,GA7,"Federation, Service and Denial Authority Targets",G7-R01,Post-Orpheus Route Obligation Map,ENTITY,C7,C7|C8,C7|C8,SYNERGY|COMPLETION_LEGACY,UNRESOLVED,UNRESOLVED,UNRESOLVED,UNKNOWN,UNRESOLVED,UNRESOLVED,HEURISTIC_PROVISIONAL,CATEGORY_REVIEW_REQUIRED|ENTITY_MERGE_REQUIRED,NONE
NC-CL-R-000813,NC-CL-S-000265,docs/09_collection/ga7-collection-registry-v1.md#G7-R01,docs/09_collection/ga7-collection-registry-v1.md,136,GA7,"Federation, Service and Denial Authority Targets",G7-R01,Post-Orpheus Route Obligation Map,CONTROL_CLAIM,C7,C7|C8,C7|C8,SYNERGY|COMPLETION_LEGACY,UNRESOLVED,UNRESOLVED,UNRESOLVED,UNKNOWN,UNRESOLVED,UNRESOLVED,HEURISTIC_PROVISIONAL,CATEGORY_REVIEW_REQUIRED|ENTITY_MERGE_REQUIRED,NONE
NC-CL-R-000814,NC-CL-S-000265,docs/09_collection/ga7-collection-registry-v1.md#G7-R01,docs/09_collection/ga7-collection-registry-v1.md,136,GA7,"Federation, Service and Denial Authority Targets",G7-R01,Post-Orpheus Route Obligation Map,STATE_TRANSITION,C7,C7|C8,C7|C8,SYNERGY|COMPLETION_LEGACY,UNRESOLVED,UNRESOLVED,UNRESOLVED,UNKNOWN,UNRESOLVED,UNRESOLVED,HEURISTIC_PROVISIONAL,CATEGORY_REVIEW_REQUIRED|ENTITY_MERGE_REQUIRED,NONE
NC-CL-R-000815,NC-CL-S-000265,docs/09_collection/ga7-collection-registry-v1.md#G7-R01,docs/09_collection/ga7-collection-registry-v1.md,136,GA7,"Federation, Service and Denial Authority Targets",G7-R01,Post-Orpheus Route Obligation Map,LOSS_OBLIGATION,C7,C7|C8,C7|C8,SYNERGY|COMPLETION_LEGACY,UNRESOLVED,UNRESOLVED,UNRESOLVED,UNKNOWN,UNRESOLVED,UNRESOLVED,HEURISTIC_PROVISIONAL,CATEGORY_REVIEW_REQUIRED|ENTITY_MERGE_REQUIRED,NONE
NC-CL-R-000816,NC-CL-S-000266,docs/09_collection/ga7-collection-registry-v1.md#G7-R02,docs/09_collection/ga7-collection-registry-v1.md,150,GA7,"Federation, Service and Denial Authority Targets",G7-R02,Controlled Passage and Compensation Precedent,ENTITY,C7,C7|C8,C7|C8,SYNERGY|COMPLETION_LEGACY,UNRESOLVED,UNRESOLVED,UNRESOLVED,UNKNOWN,UNRESOLVED,UNRESOLVED,HEURISTIC_PROVISIONAL,CATEGORY_REVIEW_REQUIRED|ENTITY_MERGE_REQUIRED,NONE
NC-CL-R-000817,NC-CL-S-000266,docs/09_collection/ga7-collection-registry-v1.md#G7-R02,docs/09_collection/ga7-collection-registry-v1.md,150,GA7,"Federation, Service and Denial Authority Targets",G7-R02,Controlled Passage and Compensation Precedent,CONTROL_CLAIM,C7,C7|C8,C7|C8,SYNERGY|COMPLETION_LEGACY,UNRESOLVED,UNRESOLVED,UNRESOLVED,UNKNOWN,UNRESOLVED,UNRESOLVED,HEURISTIC_PROVISIONAL,CATEGORY_REVIEW_REQUIRED|ENTITY_MERGE_REQUIRED,NONE
NC-CL-R-000818,NC-CL-S-000266,docs/09_collection/ga7-collection-registry-v1.md#G7-R02,docs/09_collection/ga7-collection-registry-v1.md,150,GA7,"Federation, Service and Denial Authority Targets",G7-R02,Controlled Passage and Compensation Precedent,STATE_TRANSITION,C7,C7|C8,C7|C8,SYNERGY|COMPLETION_LEGACY,UNRESOLVED,UNRESOLVED,UNRESOLVED,UNKNOWN,UNRESOLVED,UNRESOLVED,HEURISTIC_PROVISIONAL,CATEGORY_REVIEW_REQUIRED|ENTITY_MERGE_REQUIRED,NONE
NC-CL-R-000819,NC-CL-S-000266,docs/09_collection/ga7-collection-registry-v1.md#G7-R02,docs/09_collection/ga7-collection-registry-v1.md,150,GA7,"Federation, Service and Denial Authority Targets",G7-R02,Controlled Passage and Compensation Precedent,LOSS_OBLIGATION,C7,C7|C8,C7|C8,SYNERGY|COMPLETION_LEGACY,UNRESOLVED,UNRESOLVED,UNRESOLVED,UNKNOWN,UNRESOLVED,UNRESOLVED,HEURISTIC_PROVISIONAL,CATEGORY_REVIEW_REQUIRED|ENTITY_MERGE_REQUIRED,NONE
NC-CL-R-000820,NC-CL-S-000266,docs/09_collection/ga7-collection-registry-v1.md#G7-R02,docs/09_collection/ga7-collection-registry-v1.md,150,GA7,"Federation, Service and Denial Authority Targets",G7-R02,Controlled Passage and Compensation Precedent,NARRATIVE_PROMISE,C7,C7|C8,C7|C8,SYNERGY|COMPLETION_LEGACY,UNRESOLVED,UNRESOLVED,UNRESOLVED,UNKNOWN,UNRESOLVED,UNRESOLVED,HEURISTIC_PROVISIONAL,CATEGORY_REVIEW_REQUIRED|ENTITY_MERGE_REQUIRED,NONE
NC-CL-R-000821,NC-CL-S-000267,docs/09_collection/ga7-collection-registry-v1.md#G7-R03,docs/09_collection/ga7-collection-registry-v1.md,164,GA7,"Federation, Service and Denial Authority Targets",G7-R03,Federation Emergency Mandate,ENTITY,C7,C7,C7,SYNERGY|COMPLETION_LEGACY,UNRESOLVED,UNRESOLVED,UNRESOLVED,UNKNOWN,UNRESOLVED,UNRESOLVED,HEURISTIC_PROVISIONAL,CATEGORY_REVIEW_REQUIRED|ENTITY_MERGE_REQUIRED,NONE
NC-CL-R-000822,NC-CL-S-000267,docs/09_collection/ga7-collection-registry-v1.md#G7-R03,docs/09_collection/ga7-collection-registry-v1.md,164,GA7,"Federation, Service and Denial Authority Targets",G7-R03,Federation Emergency Mandate,CONTROL_CLAIM,C7,C7,C7,SYNERGY|COMPLETION_LEGACY,UNRESOLVED,UNRESOLVED,UNRESOLVED,UNKNOWN,UNRESOLVED,UNRESOLVED,HEURISTIC_PROVISIONAL,CATEGORY_REVIEW_REQUIRED|ENTITY_MERGE_REQUIRED,NONE
NC-CL-R-000823,NC-CL-S-000267,docs/09_collection/ga7-collection-registry-v1.md#G7-R03,docs/09_collection/ga7-collection-registry-v1.md,164,GA7,"Federation, Service and Denial Authority Targets",G7-R03,Federation Emergency Mandate,STATE_TRANSITION,C7,C7,C7,SYNERGY|COMPLETION_LEGACY,UNRESOLVED,UNRESOLVED,UNRESOLVED,UNKNOWN,UNRESOLVED,UNRESOLVED,HEURISTIC_PROVISIONAL,CATEGORY_REVIEW_REQUIRED|ENTITY_MERGE_REQUIRED,NONE
NC-CL-R-000824,NC-CL-S-000267,docs/09_collection/ga7-collection-registry-v1.md#G7-R03,docs/09_collection/ga7-collection-registry-v1.md,164,GA7,"Federation, Service and Denial Authority Targets",G7-R03,Federation Emergency Mandate,LOSS_OBLIGATION,C7,C7,C7,SYNERGY|COMPLETION_LEGACY,UNRESOLVED,UNRESOLVED,UNRESOLVED,UNKNOWN,UNRESOLVED,UNRESOLVED,HEURISTIC_PROVISIONAL,CATEGORY_REVIEW_REQUIRED|ENTITY_MERGE_REQUIRED,NONE
NC-CL-R-000825,NC-CL-S-000268,docs/09_collection/ga7-collection-registry-v1.md#G7-R04,docs/09_collection/ga7-collection-registry-v1.md,178,GA7,"Federation, Service and Denial Authority Targets",G7-R04,Federation–Continuity Minimum Corridor Link,ENTITY,C7,C7|C8,C7|C8,ACQUISITION|SYNERGY|COMPLETION_LEGACY,UNRESOLVED,UNRESOLVED,UNRESOLVED,UNKNOWN,UNRESOLVED,UNRESOLVED,HEURISTIC_PROVISIONAL,CATEGORY_REVIEW_REQUIRED|ENTITY_MERGE_REQUIRED,NONE
NC-CL-R-000826,NC-CL-S-000268,docs/09_collection/ga7-collection-registry-v1.md#G7-R04,docs/09_collection/ga7-collection-registry-v1.md,178,GA7,"Federation, Service and Denial Authority Targets",G7-R04,Federation–Continuity Minimum Corridor Link,CONTROL_CLAIM,C7,C7|C8,C7|C8,ACQUISITION|SYNERGY|COMPLETION_LEGACY,UNRESOLVED,UNRESOLVED,UNRESOLVED,UNKNOWN,UNRESOLVED,UNRESOLVED,HEURISTIC_PROVISIONAL,CATEGORY_REVIEW_REQUIRED|ENTITY_MERGE_REQUIRED,NONE
NC-CL-R-000827,NC-CL-S-000268,docs/09_collection/ga7-collection-registry-v1.md#G7-R04,docs/09_collection/ga7-collection-registry-v1.md,178,GA7,"Federation, Service and Denial Authority Targets",G7-R04,Federation–Continuity Minimum Corridor Link,STATE_TRANSITION,C7,C7|C8,C7|C8,ACQUISITION|SYNERGY|COMPLETION_LEGACY,UNRESOLVED,UNRESOLVED,UNRESOLVED,UNKNOWN,UNRESOLVED,UNRESOLVED,HEURISTIC_PROVISIONAL,CATEGORY_REVIEW_REQUIRED|ENTITY_MERGE_REQUIRED,NONE
NC-CL-R-000828,NC-CL-S-000268,docs/09_collection/ga7-collection-registry-v1.md#G7-R04,docs/09_collection/ga7-collection-registry-v1.md,178,GA7,"Federation, Service and Denial Authority Targets",G7-R04,Federation–Continuity Minimum Corridor Link,LOSS_OBLIGATION,C7,C7|C8,C7|C8,ACQUISITION|SYNERGY|COMPLETION_LEGACY,UNRESOLVED,UNRESOLVED,UNRESOLVED,UNKNOWN,UNRESOLVED,UNRESOLVED,HEURISTIC_PROVISIONAL,CATEGORY_REVIEW_REQUIRED|ENTITY_MERGE_REQUIRED,NONE
NC-CL-R-000829,NC-CL-S-000269,docs/09_collection/ga7-collection-registry-v1.md#G7-R05,docs/09_collection/ga7-collection-registry-v1.md,192,GA7,"Federation, Service and Denial Authority Targets",G7-R05,Denial Signature and Delegation Map,CONTROL_CLAIM,C7,C7,C7,SYNERGY|COMPLETION_LEGACY,UNRESOLVED,UNRESOLVED,UNRESOLVED,UNKNOWN,UNRESOLVED,UNRESOLVED,HEURISTIC_PROVISIONAL,CATEGORY_REVIEW_REQUIRED|ENTITY_MERGE_REQUIRED,NONE
NC-CL-R-000830,NC-CL-S-000269,docs/09_collection/ga7-collection-registry-v1.md#G7-R05,docs/09_collection/ga7-collection-registry-v1.md,192,GA7,"Federation, Service and Denial Authority Targets",G7-R05,Denial Signature and Delegation Map,STATE_TRANSITION,C7,C7,C7,SYNERGY|COMPLETION_LEGACY,UNRESOLVED,UNRESOLVED,UNRESOLVED,UNKNOWN,UNRESOLVED,UNRESOLVED,HEURISTIC_PROVISIONAL,CATEGORY_REVIEW_REQUIRED|ENTITY_MERGE_REQUIRED,NONE
NC-CL-R-000831,NC-CL-S-000269,docs/09_collection/ga7-collection-registry-v1.md#G7-R05,docs/09_collection/ga7-collection-registry-v1.md,192,GA7,"Federation, Service and Denial Authority Targets",G7-R05,Denial Signature and Delegation Map,LOSS_OBLIGATION,C7,C7,C7,SYNERGY|COMPLETION_LEGACY,UNRESOLVED,UNRESOLVED,UNRESOLVED,UNKNOWN,UNRESOLVED,UNRESOLVED,HEURISTIC_PROVISIONAL,CATEGORY_REVIEW_REQUIRED|ENTITY_MERGE_REQUIRED,NONE
NC-CL-R-000832,NC-CL-S-000270,docs/09_collection/ga7-collection-registry-v1.md#G7-R06,docs/09_collection/ga7-collection-registry-v1.md,206,GA7,"Federation, Service and Denial Authority Targets",G7-R06,Layered Denial Registry D0–D4,CONTROL_CLAIM,C7,C7,C7,SYNERGY|COMPLETION_LEGACY,UNRESOLVED,UNRESOLVED,UNRESOLVED,UNKNOWN,UNRESOLVED,UNRESOLVED,HEURISTIC_PROVISIONAL,CATEGORY_REVIEW_REQUIRED|ENTITY_MERGE_REQUIRED,NONE
NC-CL-R-000833,NC-CL-S-000270,docs/09_collection/ga7-collection-registry-v1.md#G7-R06,docs/09_collection/ga7-collection-registry-v1.md,206,GA7,"Federation, Service and Denial Authority Targets",G7-R06,Layered Denial Registry D0–D4,STATE_TRANSITION,C7,C7,C7,SYNERGY|COMPLETION_LEGACY,UNRESOLVED,UNRESOLVED,UNRESOLVED,UNKNOWN,UNRESOLVED,UNRESOLVED,HEURISTIC_PROVISIONAL,CATEGORY_REVIEW_REQUIRED|ENTITY_MERGE_REQUIRED,NONE
NC-CL-R-000834,NC-CL-S-000270,docs/09_collection/ga7-collection-registry-v1.md#G7-R06,docs/09_collection/ga7-collection-registry-v1.md,206,GA7,"Federation, Service and Denial Authority Targets",G7-R06,Layered Denial Registry D0–D4,LOSS_OBLIGATION,C7,C7,C7,SYNERGY|COMPLETION_LEGACY,UNRESOLVED,UNRESOLVED,UNRESOLVED,UNKNOWN,UNRESOLVED,UNRESOLVED,HEURISTIC_PROVISIONAL,CATEGORY_REVIEW_REQUIRED|ENTITY_MERGE_REQUIRED,NONE
NC-CL-R-000835,NC-CL-S-000271,docs/09_collection/ga7-collection-registry-v1.md#G7-R07,docs/09_collection/ga7-collection-registry-v1.md,220,GA7,"Federation, Service and Denial Authority Targets",G7-R07,Distributed Denial-Key Custody,ENTITY,C7,C7,C7,ACQUISITION|SYNERGY|COMPLETION_LEGACY,UNRESOLVED,UNRESOLVED,UNRESOLVED,UNKNOWN,UNRESOLVED,UNRESOLVED,HEURISTIC_PROVISIONAL,CATEGORY_REVIEW_REQUIRED|ENTITY_MERGE_REQUIRED,NONE
NC-CL-R-000836,NC-CL-S-000271,docs/09_collection/ga7-collection-registry-v1.md#G7-R07,docs/09_collection/ga7-collection-registry-v1.md,220,GA7,"Federation, Service and Denial Authority Targets",G7-R07,Distributed Denial-Key Custody,CONTROL_CLAIM,C7,C7,C7,ACQUISITION|SYNERGY|COMPLETION_LEGACY,UNRESOLVED,UNRESOLVED,UNRESOLVED,UNKNOWN,UNRESOLVED,UNRESOLVED,HEURISTIC_PROVISIONAL,CATEGORY_REVIEW_REQUIRED|ENTITY_MERGE_REQUIRED,NONE
NC-CL-R-000837,NC-CL-S-000271,docs/09_collection/ga7-collection-registry-v1.md#G7-R07,docs/09_collection/ga7-collection-registry-v1.md,220,GA7,"Federation, Service and Denial Authority Targets",G7-R07,Distributed Denial-Key Custody,STATE_TRANSITION,C7,C7,C7,ACQUISITION|SYNERGY|COMPLETION_LEGACY,UNRESOLVED,UNRESOLVED,UNRESOLVED,UNKNOWN,UNRESOLVED,UNRESOLVED,HEURISTIC_PROVISIONAL,CATEGORY_REVIEW_REQUIRED|ENTITY_MERGE_REQUIRED,NONE
NC-CL-R-000838,NC-CL-S-000271,docs/09_collection/ga7-collection-registry-v1.md#G7-R07,docs/09_collection/ga7-collection-registry-v1.md,220,GA7,"Federation, Service and Denial Authority Targets",G7-R07,Distributed Denial-Key Custody,LOSS_OBLIGATION,C7,C7,C7,ACQUISITION|SYNERGY|COMPLETION_LEGACY,UNRESOLVED,UNRESOLVED,UNRESOLVED,UNKNOWN,UNRESOLVED,UNRESOLVED,HEURISTIC_PROVISIONAL,CATEGORY_REVIEW_REQUIRED|ENTITY_MERGE_REQUIRED,NONE
NC-CL-R-000839,NC-CL-S-000272,docs/09_collection/ga7-collection-registry-v1.md#G7-R08,docs/09_collection/ga7-collection-registry-v1.md,234,GA7,"Federation, Service and Denial Authority Targets",G7-R08,Office/Title Delegation and Revocation Rules,ENTITY,C7,C7,C7,SYNERGY|COMPLETION_LEGACY,UNRESOLVED,UNRESOLVED,UNRESOLVED,UNKNOWN,UNRESOLVED,UNRESOLVED,HEURISTIC_PROVISIONAL,CATEGORY_REVIEW_REQUIRED|ENTITY_MERGE_REQUIRED,NONE
NC-CL-R-000840,NC-CL-S-000272,docs/09_collection/ga7-collection-registry-v1.md#G7-R08,docs/09_collection/ga7-collection-registry-v1.md,234,GA7,"Federation, Service and Denial Authority Targets",G7-R08,Office/Title Delegation and Revocation Rules,CONTROL_CLAIM,C7,C7,C7,SYNERGY|COMPLETION_LEGACY,UNRESOLVED,UNRESOLVED,UNRESOLVED,UNKNOWN,UNRESOLVED,UNRESOLVED,HEURISTIC_PROVISIONAL,CATEGORY_REVIEW_REQUIRED|ENTITY_MERGE_REQUIRED,NONE
NC-CL-R-000841,NC-CL-S-000272,docs/09_collection/ga7-collection-registry-v1.md#G7-R08,docs/09_collection/ga7-collection-registry-v1.md,234,GA7,"Federation, Service and Denial Authority Targets",G7-R08,Office/Title Delegation and Revocation Rules,STATE_TRANSITION,C7,C7,C7,SYNERGY|COMPLETION_LEGACY,UNRESOLVED,UNRESOLVED,UNRESOLVED,UNKNOWN,UNRESOLVED,UNRESOLVED,HEURISTIC_PROVISIONAL,CATEGORY_REVIEW_REQUIRED|ENTITY_MERGE_REQUIRED,NONE
NC-CL-R-000842,NC-CL-S-000272,docs/09_collection/ga7-collection-registry-v1.md#G7-R08,docs/09_collection/ga7-collection-registry-v1.md,234,GA7,"Federation, Service and Denial Authority Targets",G7-R08,Office/Title Delegation and Revocation Rules,LOSS_OBLIGATION,C7,C7,C7,SYNERGY|COMPLETION_LEGACY,UNRESOLVED,UNRESOLVED,UNRESOLVED,UNKNOWN,UNRESOLVED,UNRESOLVED,HEURISTIC_PROVISIONAL,CATEGORY_REVIEW_REQUIRED|ENTITY_MERGE_REQUIRED,NONE
NC-CL-R-000843,NC-CL-S-000273,docs/09_collection/ga7-collection-registry-v1.md#G7-R09,docs/09_collection/ga7-collection-registry-v1.md,248,GA7,"Federation, Service and Denial Authority Targets",G7-R09,H-001 D4 Denial Order,CONTROL_CLAIM,C7,C7,C7,SYNERGY|COMPLETION_LEGACY,UNRESOLVED,UNRESOLVED,UNRESOLVED,UNKNOWN,UNRESOLVED,UNRESOLVED,HEURISTIC_PROVISIONAL,CATEGORY_REVIEW_REQUIRED|ENTITY_MERGE_REQUIRED,NONE
NC-CL-R-000844,NC-CL-S-000273,docs/09_collection/ga7-collection-registry-v1.md#G7-R09,docs/09_collection/ga7-collection-registry-v1.md,248,GA7,"Federation, Service and Denial Authority Targets",G7-R09,H-001 D4 Denial Order,STATE_TRANSITION,C7,C7,C7,SYNERGY|COMPLETION_LEGACY,UNRESOLVED,UNRESOLVED,UNRESOLVED,UNKNOWN,UNRESOLVED,UNRESOLVED,HEURISTIC_PROVISIONAL,CATEGORY_REVIEW_REQUIRED|ENTITY_MERGE_REQUIRED,NONE
NC-CL-R-000845,NC-CL-S-000273,docs/09_collection/ga7-collection-registry-v1.md#G7-R09,docs/09_collection/ga7-collection-registry-v1.md,248,GA7,"Federation, Service and Denial Authority Targets",G7-R09,H-001 D4 Denial Order,LOSS_OBLIGATION,C7,C7,C7,SYNERGY|COMPLETION_LEGACY,UNRESOLVED,UNRESOLVED,UNRESOLVED,UNKNOWN,UNRESOLVED,UNRESOLVED,HEURISTIC_PROVISIONAL,CATEGORY_REVIEW_REQUIRED|ENTITY_MERGE_REQUIRED,NONE
NC-CL-R-000846,NC-CL-S-000274,docs/09_collection/ga7-collection-registry-v1.md#G7-R10,docs/09_collection/ga7-collection-registry-v1.md,262,GA7,"Federation, Service and Denial Authority Targets",G7-R10,"Survivor Aid, Claims and Reparation Obligation",ENTITY,C1,C1,C1|C7,ACQUISITION|SYNERGY|COMPLETION_LEGACY,UNRESOLVED,UNRESOLVED,UNRESOLVED,UNKNOWN,UNRESOLVED,UNRESOLVED,HEURISTIC_PROVISIONAL,CATEGORY_REVIEW_REQUIRED|ENTITY_MERGE_REQUIRED,NONE
NC-CL-R-000847,NC-CL-S-000274,docs/09_collection/ga7-collection-registry-v1.md#G7-R10,docs/09_collection/ga7-collection-registry-v1.md,262,GA7,"Federation, Service and Denial Authority Targets",G7-R10,"Survivor Aid, Claims and Reparation Obligation",CONTROL_CLAIM,C1,C1|C7,C1|C7,ACQUISITION|SYNERGY|COMPLETION_LEGACY,UNRESOLVED,UNRESOLVED,UNRESOLVED,UNKNOWN,UNRESOLVED,UNRESOLVED,HEURISTIC_PROVISIONAL,CATEGORY_REVIEW_REQUIRED|ENTITY_MERGE_REQUIRED,NONE
NC-CL-R-000848,NC-CL-S-000274,docs/09_collection/ga7-collection-registry-v1.md#G7-R10,docs/09_collection/ga7-collection-registry-v1.md,262,GA7,"Federation, Service and Denial Authority Targets",G7-R10,"Survivor Aid, Claims and Reparation Obligation",STATE_TRANSITION,C1,C1|C7,C1|C7,ACQUISITION|SYNERGY|COMPLETION_LEGACY,UNRESOLVED,UNRESOLVED,UNRESOLVED,UNKNOWN,UNRESOLVED,UNRESOLVED,HEURISTIC_PROVISIONAL,CATEGORY_REVIEW_REQUIRED|ENTITY_MERGE_REQUIRED,NONE
NC-CL-R-000849,NC-CL-S-000274,docs/09_collection/ga7-collection-registry-v1.md#G7-R10,docs/09_collection/ga7-collection-registry-v1.md,262,GA7,"Federation, Service and Denial Authority Targets",G7-R10,"Survivor Aid, Claims and Reparation Obligation",LOSS_OBLIGATION,C1,C1|C7,C1|C7,ACQUISITION|SYNERGY|COMPLETION_LEGACY,UNRESOLVED,UNRESOLVED,UNRESOLVED,UNKNOWN,UNRESOLVED,UNRESOLVED,HEURISTIC_PROVISIONAL,CATEGORY_REVIEW_REQUIRED|ENTITY_MERGE_REQUIRED,NONE
NC-CL-R-000850,NC-CL-S-000275,docs/09_collection/ga7-collection-registry-v1.md#G7-R11,docs/09_collection/ga7-collection-registry-v1.md,276,GA7,"Federation, Service and Denial Authority Targets",G7-R11,Affected-Region Standing Rule,ENTITY,C7,C7|C8,C7|C8,SYNERGY|COMPLETION_LEGACY,UNRESOLVED,UNRESOLVED,UNRESOLVED,UNKNOWN,UNRESOLVED,UNRESOLVED,HEURISTIC_PROVISIONAL,CATEGORY_REVIEW_REQUIRED|ENTITY_MERGE_REQUIRED,NONE
NC-CL-R-000851,NC-CL-S-000275,docs/09_collection/ga7-collection-registry-v1.md#G7-R11,docs/09_collection/ga7-collection-registry-v1.md,276,GA7,"Federation, Service and Denial Authority Targets",G7-R11,Affected-Region Standing Rule,CONTROL_CLAIM,C7,C7|C8,C7|C8,SYNERGY|COMPLETION_LEGACY,UNRESOLVED,UNRESOLVED,UNRESOLVED,UNKNOWN,UNRESOLVED,UNRESOLVED,HEURISTIC_PROVISIONAL,CATEGORY_REVIEW_REQUIRED|ENTITY_MERGE_REQUIRED,NONE
NC-CL-R-000852,NC-CL-S-000275,docs/09_collection/ga7-collection-registry-v1.md#G7-R11,docs/09_collection/ga7-collection-registry-v1.md,276,GA7,"Federation, Service and Denial Authority Targets",G7-R11,Affected-Region Standing Rule,STATE_TRANSITION,C7,C7|C8,C7|C8,SYNERGY|COMPLETION_LEGACY,UNRESOLVED,UNRESOLVED,UNRESOLVED,UNKNOWN,UNRESOLVED,UNRESOLVED,HEURISTIC_PROVISIONAL,CATEGORY_REVIEW_REQUIRED|ENTITY_MERGE_REQUIRED,NONE
NC-CL-R-000853,NC-CL-S-000275,docs/09_collection/ga7-collection-registry-v1.md#G7-R11,docs/09_collection/ga7-collection-registry-v1.md,276,GA7,"Federation, Service and Denial Authority Targets",G7-R11,Affected-Region Standing Rule,LOSS_OBLIGATION,C7,C7|C8,C7|C8,SYNERGY|COMPLETION_LEGACY,UNRESOLVED,UNRESOLVED,UNRESOLVED,UNKNOWN,UNRESOLVED,UNRESOLVED,HEURISTIC_PROVISIONAL,CATEGORY_REVIEW_REQUIRED|ENTITY_MERGE_REQUIRED,NONE
NC-CL-R-000854,NC-CL-S-000276,docs/09_collection/ga7-collection-registry-v1.md#G7-R12,docs/09_collection/ga7-collection-registry-v1.md,290,GA7,"Federation, Service and Denial Authority Targets",G7-R12,Reformed Mutual Route Federation Charter,ENTITY,C7,C7,C7,ACQUISITION|SYNERGY|COMPLETION_LEGACY,UNRESOLVED,UNRESOLVED,UNRESOLVED,UNKNOWN,UNRESOLVED,UNRESOLVED,HEURISTIC_PROVISIONAL,CATEGORY_REVIEW_REQUIRED|ENTITY_MERGE_REQUIRED,NONE
NC-CL-R-000855,NC-CL-S-000276,docs/09_collection/ga7-collection-registry-v1.md#G7-R12,docs/09_collection/ga7-collection-registry-v1.md,290,GA7,"Federation, Service and Denial Authority Targets",G7-R12,Reformed Mutual Route Federation Charter,CONTROL_CLAIM,C7,C7,C7,ACQUISITION|SYNERGY|COMPLETION_LEGACY,UNRESOLVED,UNRESOLVED,UNRESOLVED,UNKNOWN,UNRESOLVED,UNRESOLVED,HEURISTIC_PROVISIONAL,CATEGORY_REVIEW_REQUIRED|ENTITY_MERGE_REQUIRED,NONE
NC-CL-R-000856,NC-CL-S-000276,docs/09_collection/ga7-collection-registry-v1.md#G7-R12,docs/09_collection/ga7-collection-registry-v1.md,290,GA7,"Federation, Service and Denial Authority Targets",G7-R12,Reformed Mutual Route Federation Charter,STATE_TRANSITION,C7,C7,C7,ACQUISITION|SYNERGY|COMPLETION_LEGACY,UNRESOLVED,UNRESOLVED,UNRESOLVED,UNKNOWN,UNRESOLVED,UNRESOLVED,HEURISTIC_PROVISIONAL,CATEGORY_REVIEW_REQUIRED|ENTITY_MERGE_REQUIRED,NONE
NC-CL-R-000857,NC-CL-S-000276,docs/09_collection/ga7-collection-registry-v1.md#G7-R12,docs/09_collection/ga7-collection-registry-v1.md,290,GA7,"Federation, Service and Denial Authority Targets",G7-R12,Reformed Mutual Route Federation Charter,LOSS_OBLIGATION,C7,C7,C7,ACQUISITION|SYNERGY|COMPLETION_LEGACY,UNRESOLVED,UNRESOLVED,UNRESOLVED,UNKNOWN,UNRESOLVED,UNRESOLVED,HEURISTIC_PROVISIONAL,CATEGORY_REVIEW_REQUIRED|ENTITY_MERGE_REQUIRED,NONE
NC-CL-R-000858,NC-CL-S-000277,docs/09_collection/ga7-collection-registry-v1.md#G7-A01,docs/09_collection/ga7-collection-registry-v1.md,316,GA7,"Route, Node and Infrastructure Targets",G7-A01,Central Continuity Corridor,ENTITY,C8,C8,C8,ACQUISITION|SYNERGY|COMPLETION_LEGACY,UNRESOLVED,UNRESOLVED,UNRESOLVED,UNKNOWN,UNRESOLVED,UNRESOLVED,HEURISTIC_PROVISIONAL,CATEGORY_REVIEW_REQUIRED|ENTITY_MERGE_REQUIRED,NONE
NC-CL-R-000859,NC-CL-S-000277,docs/09_collection/ga7-collection-registry-v1.md#G7-A01,docs/09_collection/ga7-collection-registry-v1.md,316,GA7,"Route, Node and Infrastructure Targets",G7-A01,Central Continuity Corridor,STATE_TRANSITION,C8,C8,C8,ACQUISITION|SYNERGY|COMPLETION_LEGACY,UNRESOLVED,UNRESOLVED,UNRESOLVED,UNKNOWN,UNRESOLVED,UNRESOLVED,HEURISTIC_PROVISIONAL,CATEGORY_REVIEW_REQUIRED|ENTITY_MERGE_REQUIRED,NONE
NC-CL-R-000860,NC-CL-S-000277,docs/09_collection/ga7-collection-registry-v1.md#G7-A01,docs/09_collection/ga7-collection-registry-v1.md,316,GA7,"Route, Node and Infrastructure Targets",G7-A01,Central Continuity Corridor,LOSS_OBLIGATION,C8,C8,C8,ACQUISITION|SYNERGY|COMPLETION_LEGACY,UNRESOLVED,UNRESOLVED,UNRESOLVED,UNKNOWN,UNRESOLVED,UNRESOLVED,HEURISTIC_PROVISIONAL,CATEGORY_REVIEW_REQUIRED|ENTITY_MERGE_REQUIRED,NONE
NC-CL-R-000861,NC-CL-S-000278,docs/09_collection/ga7-collection-registry-v1.md#G7-A02,docs/09_collection/ga7-collection-registry-v1.md,327,GA7,"Route, Node and Infrastructure Targets",G7-A02,Federation Open/Controlled Route Set,STATE_TRANSITION,C8,C8,C8,ACQUISITION|SYNERGY|COMPLETION_LEGACY,UNRESOLVED,UNRESOLVED,UNRESOLVED,UNKNOWN,UNRESOLVED,UNRESOLVED,HEURISTIC_PROVISIONAL,CATEGORY_REVIEW_REQUIRED|ENTITY_MERGE_REQUIRED,NONE
NC-CL-R-000862,NC-CL-S-000278,docs/09_collection/ga7-collection-registry-v1.md#G7-A02,docs/09_collection/ga7-collection-registry-v1.md,327,GA7,"Route, Node and Infrastructure Targets",G7-A02,Federation Open/Controlled Route Set,LOSS_OBLIGATION,C8,C8,C8,ACQUISITION|SYNERGY|COMPLETION_LEGACY,UNRESOLVED,UNRESOLVED,UNRESOLVED,UNKNOWN,UNRESOLVED,UNRESOLVED,HEURISTIC_PROVISIONAL,CATEGORY_REVIEW_REQUIRED|ENTITY_MERGE_REQUIRED,NONE
NC-CL-R-000863,NC-CL-S-000278,docs/09_collection/ga7-collection-registry-v1.md#G7-A02,docs/09_collection/ga7-collection-registry-v1.md,327,GA7,"Route, Node and Infrastructure Targets",G7-A02,Federation Open/Controlled Route Set,SET,C8,C8,C8,ACQUISITION|SYNERGY|COMPLETION_LEGACY,UNRESOLVED,UNRESOLVED,UNRESOLVED,UNKNOWN,UNRESOLVED,UNRESOLVED,HEURISTIC_PROVISIONAL,CATEGORY_REVIEW_REQUIRED|ENTITY_MERGE_REQUIRED,NONE
NC-CL-R-000864,NC-CL-S-000279,docs/09_collection/ga7-collection-registry-v1.md#G7-A03,docs/09_collection/ga7-collection-registry-v1.md,338,GA7,"Route, Node and Infrastructure Targets",G7-A03,Reversible D1–D3 Degradation Toolkit,STATE_TRANSITION,C8,C8,C8,SYNERGY|COMPLETION_LEGACY,UNRESOLVED,UNRESOLVED,UNRESOLVED,UNKNOWN,UNRESOLVED,UNRESOLVED,HEURISTIC_PROVISIONAL,CATEGORY_REVIEW_REQUIRED|ENTITY_MERGE_REQUIRED,NONE
NC-CL-R-000865,NC-CL-S-000279,docs/09_collection/ga7-collection-registry-v1.md#G7-A03,docs/09_collection/ga7-collection-registry-v1.md,338,GA7,"Route, Node and Infrastructure Targets",G7-A03,Reversible D1–D3 Degradation Toolkit,LOSS_OBLIGATION,C8,C8,C8,SYNERGY|COMPLETION_LEGACY,UNRESOLVED,UNRESOLVED,UNRESOLVED,UNKNOWN,UNRESOLVED,UNRESOLVED,HEURISTIC_PROVISIONAL,CATEGORY_REVIEW_REQUIRED|ENTITY_MERGE_REQUIRED,NONE
NC-CL-R-000866,NC-CL-S-000280,docs/09_collection/ga7-collection-registry-v1.md#G7-A04,docs/09_collection/ga7-collection-registry-v1.md,352,GA7,"Route, Node and Infrastructure Targets",G7-A04,Scorched Automatic Trigger Network,ENTITY,C6,C6,C6|C8,DISCOVERY|SYNERGY|COMPLETION_LEGACY,UNRESOLVED,UNRESOLVED,UNRESOLVED,UNKNOWN,UNRESOLVED,UNRESOLVED,HEURISTIC_PROVISIONAL,CATEGORY_REVIEW_REQUIRED|ENTITY_MERGE_REQUIRED,NONE
NC-CL-R-000867,NC-CL-S-000280,docs/09_collection/ga7-collection-registry-v1.md#G7-A04,docs/09_collection/ga7-collection-registry-v1.md,352,GA7,"Route, Node and Infrastructure Targets",G7-A04,Scorched Automatic Trigger Network,STATE_TRANSITION,C6,C6|C8,C6|C8,DISCOVERY|SYNERGY|COMPLETION_LEGACY,UNRESOLVED,UNRESOLVED,UNRESOLVED,UNKNOWN,UNRESOLVED,UNRESOLVED,HEURISTIC_PROVISIONAL,CATEGORY_REVIEW_REQUIRED|ENTITY_MERGE_REQUIRED,NONE
NC-CL-R-000868,NC-CL-S-000280,docs/09_collection/ga7-collection-registry-v1.md#G7-A04,docs/09_collection/ga7-collection-registry-v1.md,352,GA7,"Route, Node and Infrastructure Targets",G7-A04,Scorched Automatic Trigger Network,LOSS_OBLIGATION,C6,C6|C8,C6|C8,DISCOVERY|SYNERGY|COMPLETION_LEGACY,UNRESOLVED,UNRESOLVED,UNRESOLVED,UNKNOWN,UNRESOLVED,UNRESOLVED,HEURISTIC_PROVISIONAL,CATEGORY_REVIEW_REQUIRED|ENTITY_MERGE_REQUIRED,NONE
NC-CL-R-000869,NC-CL-S-000281,docs/09_collection/ga7-collection-registry-v1.md#G7-A05,docs/09_collection/ga7-collection-registry-v1.md,366,GA7,"Route, Node and Infrastructure Targets",G7-A05,Target Node/Route of H-001 D4 Incident,ENTITY,C8,C8,C8,SYNERGY|COMPLETION_LEGACY,UNRESOLVED,UNRESOLVED,UNRESOLVED,UNKNOWN,UNRESOLVED,UNRESOLVED,HEURISTIC_PROVISIONAL,CATEGORY_REVIEW_REQUIRED|ENTITY_MERGE_REQUIRED,NONE
NC-CL-R-000870,NC-CL-S-000281,docs/09_collection/ga7-collection-registry-v1.md#G7-A05,docs/09_collection/ga7-collection-registry-v1.md,366,GA7,"Route, Node and Infrastructure Targets",G7-A05,Target Node/Route of H-001 D4 Incident,STATE_TRANSITION,C8,C8,C8,SYNERGY|COMPLETION_LEGACY,UNRESOLVED,UNRESOLVED,UNRESOLVED,UNKNOWN,UNRESOLVED,UNRESOLVED,HEURISTIC_PROVISIONAL,CATEGORY_REVIEW_REQUIRED|ENTITY_MERGE_REQUIRED,NONE
NC-CL-R-000871,NC-CL-S-000281,docs/09_collection/ga7-collection-registry-v1.md#G7-A05,docs/09_collection/ga7-collection-registry-v1.md,366,GA7,"Route, Node and Infrastructure Targets",G7-A05,Target Node/Route of H-001 D4 Incident,LOSS_OBLIGATION,C8,C8,C8,SYNERGY|COMPLETION_LEGACY,UNRESOLVED,UNRESOLVED,UNRESOLVED,UNKNOWN,UNRESOLVED,UNRESOLVED,HEURISTIC_PROVISIONAL,CATEGORY_REVIEW_REQUIRED|ENTITY_MERGE_REQUIRED,NONE
NC-CL-R-000872,NC-CL-S-000282,docs/09_collection/ga7-collection-registry-v1.md#G7-A06,docs/09_collection/ga7-collection-registry-v1.md,380,GA7,"Route, Node and Infrastructure Targets",G7-A06,Replacement Route/Service Network,ENTITY,C8,C8,C8,SYNERGY|COMPLETION_LEGACY,UNRESOLVED,UNRESOLVED,UNRESOLVED,UNKNOWN,UNRESOLVED,UNRESOLVED,HEURISTIC_PROVISIONAL,CATEGORY_REVIEW_REQUIRED|ENTITY_MERGE_REQUIRED,NONE
NC-CL-R-000873,NC-CL-S-000282,docs/09_collection/ga7-collection-registry-v1.md#G7-A06,docs/09_collection/ga7-collection-registry-v1.md,380,GA7,"Route, Node and Infrastructure Targets",G7-A06,Replacement Route/Service Network,STATE_TRANSITION,C8,C8,C8,SYNERGY|COMPLETION_LEGACY,UNRESOLVED,UNRESOLVED,UNRESOLVED,UNKNOWN,UNRESOLVED,UNRESOLVED,HEURISTIC_PROVISIONAL,CATEGORY_REVIEW_REQUIRED|ENTITY_MERGE_REQUIRED,NONE
NC-CL-R-000874,NC-CL-S-000282,docs/09_collection/ga7-collection-registry-v1.md#G7-A06,docs/09_collection/ga7-collection-registry-v1.md,380,GA7,"Route, Node and Infrastructure Targets",G7-A06,Replacement Route/Service Network,LOSS_OBLIGATION,C8,C8,C8,SYNERGY|COMPLETION_LEGACY,UNRESOLVED,UNRESOLVED,UNRESOLVED,UNKNOWN,UNRESOLVED,UNRESOLVED,HEURISTIC_PROVISIONAL,CATEGORY_REVIEW_REQUIRED|ENTITY_MERGE_REQUIRED,NONE
NC-CL-R-000875,NC-CL-S-000283,docs/09_collection/ga7-collection-registry-v1.md#G7-A07,docs/09_collection/ga7-collection-registry-v1.md,394,GA7,"Route, Node and Infrastructure Targets",G7-A07,Final Multi-Route Operation Without H-001 Monopoly,ENTITY,C8,C8,C8,SYNERGY|COMPLETION_LEGACY,UNRESOLVED,UNRESOLVED,UNRESOLVED,UNKNOWN,UNRESOLVED,UNRESOLVED,HEURISTIC_PROVISIONAL,CATEGORY_REVIEW_REQUIRED|ENTITY_MERGE_REQUIRED,NONE
NC-CL-R-000876,NC-CL-S-000283,docs/09_collection/ga7-collection-registry-v1.md#G7-A07,docs/09_collection/ga7-collection-registry-v1.md,394,GA7,"Route, Node and Infrastructure Targets",G7-A07,Final Multi-Route Operation Without H-001 Monopoly,STATE_TRANSITION,C8,C8,C8,SYNERGY|COMPLETION_LEGACY,UNRESOLVED,UNRESOLVED,UNRESOLVED,UNKNOWN,UNRESOLVED,UNRESOLVED,HEURISTIC_PROVISIONAL,CATEGORY_REVIEW_REQUIRED|ENTITY_MERGE_REQUIRED,NONE
NC-CL-R-000877,NC-CL-S-000283,docs/09_collection/ga7-collection-registry-v1.md#G7-A07,docs/09_collection/ga7-collection-registry-v1.md,394,GA7,"Route, Node and Infrastructure Targets",G7-A07,Final Multi-Route Operation Without H-001 Monopoly,LOSS_OBLIGATION,C8,C8,C8,SYNERGY|COMPLETION_LEGACY,UNRESOLVED,UNRESOLVED,UNRESOLVED,UNKNOWN,UNRESOLVED,UNRESOLVED,HEURISTIC_PROVISIONAL,CATEGORY_REVIEW_REQUIRED|ENTITY_MERGE_REQUIRED,NONE
NC-CL-R-000878,NC-CL-S-000284,docs/09_collection/ga7-collection-registry-v1.md#G7-M01,docs/09_collection/ga7-collection-registry-v1.md,412,GA7,Blood Admiral Identity and Responsibility Targets,G7-M01,H-001 Person Record,ENTITY,C1,C1,C1,COMPLETION_LEGACY,UNRESOLVED,UNRESOLVED,UNRESOLVED,UNKNOWN,UNRESOLVED,UNRESOLVED,HEURISTIC_PROVISIONAL,CATEGORY_REVIEW_REQUIRED|ENTITY_MERGE_REQUIRED,NONE
NC-CL-R-000879,NC-CL-S-000284,docs/09_collection/ga7-collection-registry-v1.md#G7-M01,docs/09_collection/ga7-collection-registry-v1.md,412,GA7,Blood Admiral Identity and Responsibility Targets,G7-M01,H-001 Person Record,CONTROL_CLAIM,C1,C1,C1,COMPLETION_LEGACY,UNRESOLVED,UNRESOLVED,UNRESOLVED,UNKNOWN,UNRESOLVED,UNRESOLVED,HEURISTIC_PROVISIONAL,CATEGORY_REVIEW_REQUIRED|ENTITY_MERGE_REQUIRED,NONE
NC-CL-R-000880,NC-CL-S-000284,docs/09_collection/ga7-collection-registry-v1.md#G7-M01,docs/09_collection/ga7-collection-registry-v1.md,412,GA7,Blood Admiral Identity and Responsibility Targets,G7-M01,H-001 Person Record,STATE_TRANSITION,C1,C1,C1,COMPLETION_LEGACY,UNRESOLVED,UNRESOLVED,UNRESOLVED,UNKNOWN,UNRESOLVED,UNRESOLVED,HEURISTIC_PROVISIONAL,CATEGORY_REVIEW_REQUIRED|ENTITY_MERGE_REQUIRED,NONE
NC-CL-R-000881,NC-CL-S-000284,docs/09_collection/ga7-collection-registry-v1.md#G7-M01,docs/09_collection/ga7-collection-registry-v1.md,412,GA7,Blood Admiral Identity and Responsibility Targets,G7-M01,H-001 Person Record,NARRATIVE_PROMISE,C1,C1,C1,COMPLETION_LEGACY,UNRESOLVED,UNRESOLVED,UNRESOLVED,UNKNOWN,UNRESOLVED,UNRESOLVED,HEURISTIC_PROVISIONAL,CATEGORY_REVIEW_REQUIRED|ENTITY_MERGE_REQUIRED,NONE
NC-CL-R-000882,NC-CL-S-000285,docs/09_collection/ga7-collection-registry-v1.md#G7-M02,docs/09_collection/ga7-collection-registry-v1.md,420,GA7,Blood Admiral Identity and Responsibility Targets,G7-M02,Route Admiral Office/Title Record,ENTITY,C1,C1|C7|C8,C1|C7|C8,COMPLETION_LEGACY,UNRESOLVED,UNRESOLVED,UNRESOLVED,UNKNOWN,UNRESOLVED,UNRESOLVED,HEURISTIC_PROVISIONAL,CATEGORY_REVIEW_REQUIRED|ENTITY_MERGE_REQUIRED,NONE
NC-CL-R-000883,NC-CL-S-000285,docs/09_collection/ga7-collection-registry-v1.md#G7-M02,docs/09_collection/ga7-collection-registry-v1.md,420,GA7,Blood Admiral Identity and Responsibility Targets,G7-M02,Route Admiral Office/Title Record,CONTROL_CLAIM,C1,C1|C7|C8,C1|C7|C8,COMPLETION_LEGACY,UNRESOLVED,UNRESOLVED,UNRESOLVED,UNKNOWN,UNRESOLVED,UNRESOLVED,HEURISTIC_PROVISIONAL,CATEGORY_REVIEW_REQUIRED|ENTITY_MERGE_REQUIRED,NONE
NC-CL-R-000884,NC-CL-S-000285,docs/09_collection/ga7-collection-registry-v1.md#G7-M02,docs/09_collection/ga7-collection-registry-v1.md,420,GA7,Blood Admiral Identity and Responsibility Targets,G7-M02,Route Admiral Office/Title Record,STATE_TRANSITION,C1,C1|C7|C8,C1|C7|C8,COMPLETION_LEGACY,UNRESOLVED,UNRESOLVED,UNRESOLVED,UNKNOWN,UNRESOLVED,UNRESOLVED,HEURISTIC_PROVISIONAL,CATEGORY_REVIEW_REQUIRED|ENTITY_MERGE_REQUIRED,NONE
NC-CL-R-000885,NC-CL-S-000285,docs/09_collection/ga7-collection-registry-v1.md#G7-M02,docs/09_collection/ga7-collection-registry-v1.md,420,GA7,Blood Admiral Identity and Responsibility Targets,G7-M02,Route Admiral Office/Title Record,NARRATIVE_PROMISE,C1,C1|C7|C8,C1|C7|C8,COMPLETION_LEGACY,UNRESOLVED,UNRESOLVED,UNRESOLVED,UNKNOWN,UNRESOLVED,UNRESOLVED,HEURISTIC_PROVISIONAL,CATEGORY_REVIEW_REQUIRED|ENTITY_MERGE_REQUIRED,NONE
NC-CL-R-000886,NC-CL-S-000286,docs/09_collection/ga7-collection-registry-v1.md#G7-M03,docs/09_collection/ga7-collection-registry-v1.md,428,GA7,Blood Admiral Identity and Responsibility Targets,G7-M03,Denial Doctrine Record,CONTROL_CLAIM,C1,C1,C1,SYNERGY|COMPLETION_LEGACY,UNRESOLVED,UNRESOLVED,UNRESOLVED,UNKNOWN,UNRESOLVED,UNRESOLVED,HEURISTIC_PROVISIONAL,CATEGORY_REVIEW_REQUIRED|ENTITY_MERGE_REQUIRED,NONE
NC-CL-R-000887,NC-CL-S-000286,docs/09_collection/ga7-collection-registry-v1.md#G7-M03,docs/09_collection/ga7-collection-registry-v1.md,428,GA7,Blood Admiral Identity and Responsibility Targets,G7-M03,Denial Doctrine Record,STATE_TRANSITION,C1,C1,C1,SYNERGY|COMPLETION_LEGACY,UNRESOLVED,UNRESOLVED,UNRESOLVED,UNKNOWN,UNRESOLVED,UNRESOLVED,HEURISTIC_PROVISIONAL,CATEGORY_REVIEW_REQUIRED|ENTITY_MERGE_REQUIRED,NONE
NC-CL-R-000888,NC-CL-S-000286,docs/09_collection/ga7-collection-registry-v1.md#G7-M03,docs/09_collection/ga7-collection-registry-v1.md,428,GA7,Blood Admiral Identity and Responsibility Targets,G7-M03,Denial Doctrine Record,NARRATIVE_PROMISE,C1,C1,C1,SYNERGY|COMPLETION_LEGACY,UNRESOLVED,UNRESOLVED,UNRESOLVED,UNKNOWN,UNRESOLVED,UNRESOLVED,HEURISTIC_PROVISIONAL,CATEGORY_REVIEW_REQUIRED|ENTITY_MERGE_REQUIRED,NONE
NC-CL-R-000889,NC-CL-S-000287,docs/09_collection/ga7-collection-registry-v1.md#G7-M04,docs/09_collection/ga7-collection-registry-v1.md,436,GA7,Blood Admiral Identity and Responsibility Targets,G7-M04,Command-Key/Signature Lineage,ENTITY,C4,C4|C7,C4|C7,COMPLETION_LEGACY,UNRESOLVED,UNRESOLVED,UNRESOLVED,UNKNOWN,UNRESOLVED,UNRESOLVED,HEURISTIC_PROVISIONAL,CATEGORY_REVIEW_REQUIRED|ENTITY_MERGE_REQUIRED,NONE
NC-CL-R-000890,NC-CL-S-000287,docs/09_collection/ga7-collection-registry-v1.md#G7-M04,docs/09_collection/ga7-collection-registry-v1.md,436,GA7,Blood Admiral Identity and Responsibility Targets,G7-M04,Command-Key/Signature Lineage,CONTROL_CLAIM,C4,C4|C7,C4|C7,COMPLETION_LEGACY,UNRESOLVED,UNRESOLVED,UNRESOLVED,UNKNOWN,UNRESOLVED,UNRESOLVED,HEURISTIC_PROVISIONAL,CATEGORY_REVIEW_REQUIRED|ENTITY_MERGE_REQUIRED,NONE
NC-CL-R-000891,NC-CL-S-000287,docs/09_collection/ga7-collection-registry-v1.md#G7-M04,docs/09_collection/ga7-collection-registry-v1.md,436,GA7,Blood Admiral Identity and Responsibility Targets,G7-M04,Command-Key/Signature Lineage,STATE_TRANSITION,C4,C4|C7,C4|C7,COMPLETION_LEGACY,UNRESOLVED,UNRESOLVED,UNRESOLVED,UNKNOWN,UNRESOLVED,UNRESOLVED,HEURISTIC_PROVISIONAL,CATEGORY_REVIEW_REQUIRED|ENTITY_MERGE_REQUIRED,NONE
NC-CL-R-000892,NC-CL-S-000287,docs/09_collection/ga7-collection-registry-v1.md#G7-M04,docs/09_collection/ga7-collection-registry-v1.md,436,GA7,Blood Admiral Identity and Responsibility Targets,G7-M04,Command-Key/Signature Lineage,NARRATIVE_PROMISE,C4,C4|C7,C4|C7,COMPLETION_LEGACY,UNRESOLVED,UNRESOLVED,UNRESOLVED,UNKNOWN,UNRESOLVED,UNRESOLVED,HEURISTIC_PROVISIONAL,CATEGORY_REVIEW_REQUIRED|ENTITY_MERGE_REQUIRED,NONE
NC-CL-R-000893,NC-CL-S-000287,docs/09_collection/ga7-collection-registry-v1.md#G7-M04,docs/09_collection/ga7-collection-registry-v1.md,436,GA7,Blood Admiral Identity and Responsibility Targets,G7-M04,Command-Key/Signature Lineage,SET,C4,C4|C7,C4|C7,COMPLETION_LEGACY,UNRESOLVED,UNRESOLVED,UNRESOLVED,UNKNOWN,UNRESOLVED,UNRESOLVED,HEURISTIC_PROVISIONAL,CATEGORY_REVIEW_REQUIRED|ENTITY_MERGE_REQUIRED,NONE
NC-CL-R-000894,NC-CL-S-000288,docs/09_collection/ga7-collection-registry-v1.md#G7-M05,docs/09_collection/ga7-collection-registry-v1.md,444,GA7,Blood Admiral Identity and Responsibility Targets,G7-M05,Successor/Radical Commander Records,ENTITY,C1,C1,C1,COMPLETION_LEGACY,UNRESOLVED,UNRESOLVED,UNRESOLVED,UNKNOWN,UNRESOLVED,UNRESOLVED,HEURISTIC_PROVISIONAL,CATEGORY_REVIEW_REQUIRED|ENTITY_MERGE_REQUIRED,NONE
NC-CL-R-000895,NC-CL-S-000288,docs/09_collection/ga7-collection-registry-v1.md#G7-M05,docs/09_collection/ga7-collection-registry-v1.md,444,GA7,Blood Admiral Identity and Responsibility Targets,G7-M05,Successor/Radical Commander Records,STATE_TRANSITION,C1,C1,C1,COMPLETION_LEGACY,UNRESOLVED,UNRESOLVED,UNRESOLVED,UNKNOWN,UNRESOLVED,UNRESOLVED,HEURISTIC_PROVISIONAL,CATEGORY_REVIEW_REQUIRED|ENTITY_MERGE_REQUIRED,NONE
NC-CL-R-000896,NC-CL-S-000288,docs/09_collection/ga7-collection-registry-v1.md#G7-M05,docs/09_collection/ga7-collection-registry-v1.md,444,GA7,Blood Admiral Identity and Responsibility Targets,G7-M05,Successor/Radical Commander Records,NARRATIVE_PROMISE,C1,C1,C1,COMPLETION_LEGACY,UNRESOLVED,UNRESOLVED,UNRESOLVED,UNKNOWN,UNRESOLVED,UNRESOLVED,HEURISTIC_PROVISIONAL,CATEGORY_REVIEW_REQUIRED|ENTITY_MERGE_REQUIRED,NONE
NC-CL-R-000897,NC-CL-S-000289,docs/09_collection/ga7-collection-registry-v1.md#G7-M06,docs/09_collection/ga7-collection-registry-v1.md,452,GA7,Blood Admiral Identity and Responsibility Targets,G7-M06,Propaganda/Supporter/Victim Narrative Set,STATE_TRANSITION,C1,C1,C1,SYNERGY|COMPLETION_LEGACY,UNRESOLVED,UNRESOLVED,UNRESOLVED,UNKNOWN,UNRESOLVED,UNRESOLVED,HEURISTIC_PROVISIONAL,CATEGORY_REVIEW_REQUIRED|ENTITY_MERGE_REQUIRED,NONE
NC-CL-R-000898,NC-CL-S-000289,docs/09_collection/ga7-collection-registry-v1.md#G7-M06,docs/09_collection/ga7-collection-registry-v1.md,452,GA7,Blood Admiral Identity and Responsibility Targets,G7-M06,Propaganda/Supporter/Victim Narrative Set,NARRATIVE_PROMISE,C1,C1,C1,SYNERGY|COMPLETION_LEGACY,UNRESOLVED,UNRESOLVED,UNRESOLVED,UNKNOWN,UNRESOLVED,UNRESOLVED,HEURISTIC_PROVISIONAL,CATEGORY_REVIEW_REQUIRED|ENTITY_MERGE_REQUIRED,NONE
NC-CL-R-000899,NC-CL-S-000290,docs/09_collection/ga7-collection-registry-v1.md#G7-M07,docs/09_collection/ga7-collection-registry-v1.md,460,GA7,Blood Admiral Identity and Responsibility Targets,G7-M07,Representative Incident Matrix,RELATIONSHIP,C7,C7,C7,DISCOVERY|COMPLETION_LEGACY,UNRESOLVED,UNRESOLVED,UNRESOLVED,UNKNOWN,UNRESOLVED,UNRESOLVED,HEURISTIC_PROVISIONAL,CATEGORY_REVIEW_REQUIRED|ENTITY_MERGE_REQUIRED,NONE
NC-CL-R-000900,NC-CL-S-000290,docs/09_collection/ga7-collection-registry-v1.md#G7-M07,docs/09_collection/ga7-collection-registry-v1.md,460,GA7,Blood Admiral Identity and Responsibility Targets,G7-M07,Representative Incident Matrix,STATE_TRANSITION,C7,C7,C7,DISCOVERY|COMPLETION_LEGACY,UNRESOLVED,UNRESOLVED,UNRESOLVED,UNKNOWN,UNRESOLVED,UNRESOLVED,HEURISTIC_PROVISIONAL,CATEGORY_REVIEW_REQUIRED|ENTITY_MERGE_REQUIRED,NONE
NC-CL-R-000901,NC-CL-S-000290,docs/09_collection/ga7-collection-registry-v1.md#G7-M07,docs/09_collection/ga7-collection-registry-v1.md,460,GA7,Blood Admiral Identity and Responsibility Targets,G7-M07,Representative Incident Matrix,NARRATIVE_PROMISE,C7,C7,C7,DISCOVERY|COMPLETION_LEGACY,UNRESOLVED,UNRESOLVED,UNRESOLVED,UNKNOWN,UNRESOLVED,UNRESOLVED,HEURISTIC_PROVISIONAL,CATEGORY_REVIEW_REQUIRED|ENTITY_MERGE_REQUIRED,NONE
NC-CL-R-000902,NC-CL-S-000291,docs/09_collection/ga7-collection-registry-v1.md#G7-M08,docs/09_collection/ga7-collection-registry-v1.md,476,GA7,Blood Admiral Identity and Responsibility Targets,G7-M08,Specific Responsibility Finding,STATE_TRANSITION,C7,C7,C7,COMPLETION_LEGACY,UNRESOLVED,UNRESOLVED,UNRESOLVED,UNKNOWN,UNRESOLVED,UNRESOLVED,HEURISTIC_PROVISIONAL,CATEGORY_REVIEW_REQUIRED|ENTITY_MERGE_REQUIRED,NONE
NC-CL-R-000903,NC-CL-S-000291,docs/09_collection/ga7-collection-registry-v1.md#G7-M08,docs/09_collection/ga7-collection-registry-v1.md,476,GA7,Blood Admiral Identity and Responsibility Targets,G7-M08,Specific Responsibility Finding,NARRATIVE_PROMISE,C7,C7,C7,COMPLETION_LEGACY,UNRESOLVED,UNRESOLVED,UNRESOLVED,UNKNOWN,UNRESOLVED,UNRESOLVED,HEURISTIC_PROVISIONAL,CATEGORY_REVIEW_REQUIRED|ENTITY_MERGE_REQUIRED,NONE
NC-CL-R-000904,NC-CL-S-000292,docs/09_collection/ga7-collection-registry-v1.md#G7-M09,docs/09_collection/ga7-collection-registry-v1.md,490,GA7,Blood Admiral Identity and Responsibility Targets,G7-M09,Decompressed Blood Admiral Archive State,ENTITY,C1,C1|C7,C1|C7,DISCOVERY|ACQUISITION|SYNERGY|COMPLETION_LEGACY,UNRESOLVED,UNRESOLVED,UNRESOLVED,UNKNOWN,UNRESOLVED,UNRESOLVED,HEURISTIC_PROVISIONAL,CATEGORY_REVIEW_REQUIRED|ENTITY_MERGE_REQUIRED,NONE
NC-CL-R-000905,NC-CL-S-000292,docs/09_collection/ga7-collection-registry-v1.md#G7-M09,docs/09_collection/ga7-collection-registry-v1.md,490,GA7,Blood Admiral Identity and Responsibility Targets,G7-M09,Decompressed Blood Admiral Archive State,STATE_TRANSITION,C1,C1|C7,C1|C7,DISCOVERY|ACQUISITION|SYNERGY|COMPLETION_LEGACY,UNRESOLVED,UNRESOLVED,UNRESOLVED,UNKNOWN,UNRESOLVED,UNRESOLVED,HEURISTIC_PROVISIONAL,CATEGORY_REVIEW_REQUIRED|ENTITY_MERGE_REQUIRED,NONE
NC-CL-R-000906,NC-CL-S-000292,docs/09_collection/ga7-collection-registry-v1.md#G7-M09,docs/09_collection/ga7-collection-registry-v1.md,490,GA7,Blood Admiral Identity and Responsibility Targets,G7-M09,Decompressed Blood Admiral Archive State,LOSS_OBLIGATION,C1,C1|C7,C1|C7,DISCOVERY|ACQUISITION|SYNERGY|COMPLETION_LEGACY,UNRESOLVED,UNRESOLVED,UNRESOLVED,UNKNOWN,UNRESOLVED,UNRESOLVED,HEURISTIC_PROVISIONAL,CATEGORY_REVIEW_REQUIRED|ENTITY_MERGE_REQUIRED,NONE
NC-CL-R-000907,NC-CL-S-000292,docs/09_collection/ga7-collection-registry-v1.md#G7-M09,docs/09_collection/ga7-collection-registry-v1.md,490,GA7,Blood Admiral Identity and Responsibility Targets,G7-M09,Decompressed Blood Admiral Archive State,NARRATIVE_PROMISE,C1,C1|C7,C1|C7,DISCOVERY|ACQUISITION|SYNERGY|COMPLETION_LEGACY,UNRESOLVED,UNRESOLVED,UNRESOLVED,UNKNOWN,UNRESOLVED,UNRESOLVED,HEURISTIC_PROVISIONAL,CATEGORY_REVIEW_REQUIRED|ENTITY_MERGE_REQUIRED,NONE
NC-CL-R-000908,NC-CL-S-000293,docs/09_collection/ga7-collection-registry-v1.md#G7-I01,docs/09_collection/ga7-collection-registry-v1.md,504,GA7,Blood Admiral Identity and Responsibility Targets,G7-I01,Public Blood Admiral Myth,ENTITY,C1,C1|C4,C1|C4,COMPLETION_LEGACY,UNRESOLVED,UNRESOLVED,UNRESOLVED,UNKNOWN,UNRESOLVED,UNRESOLVED,HEURISTIC_PROVISIONAL,CATEGORY_REVIEW_REQUIRED|ENTITY_MERGE_REQUIRED,NONE
NC-CL-R-000909,NC-CL-S-000293,docs/09_collection/ga7-collection-registry-v1.md#G7-I01,docs/09_collection/ga7-collection-registry-v1.md,504,GA7,Blood Admiral Identity and Responsibility Targets,G7-I01,Public Blood Admiral Myth,STATE_TRANSITION,C1,C1|C4,C1|C4,COMPLETION_LEGACY,UNRESOLVED,UNRESOLVED,UNRESOLVED,UNKNOWN,UNRESOLVED,UNRESOLVED,HEURISTIC_PROVISIONAL,CATEGORY_REVIEW_REQUIRED|ENTITY_MERGE_REQUIRED,NONE
NC-CL-R-000910,NC-CL-S-000293,docs/09_collection/ga7-collection-registry-v1.md#G7-I01,docs/09_collection/ga7-collection-registry-v1.md,504,GA7,Blood Admiral Identity and Responsibility Targets,G7-I01,Public Blood Admiral Myth,NARRATIVE_PROMISE,C1,C1|C4,C1|C4,COMPLETION_LEGACY,UNRESOLVED,UNRESOLVED,UNRESOLVED,UNKNOWN,UNRESOLVED,UNRESOLVED,HEURISTIC_PROVISIONAL,CATEGORY_REVIEW_REQUIRED|ENTITY_MERGE_REQUIRED,NONE
NC-CL-R-000911,NC-CL-S-000294,docs/09_collection/ga7-collection-registry-v1.md#G7-I02,docs/09_collection/ga7-collection-registry-v1.md,512,GA7,Blood Admiral Identity and Responsibility Targets,G7-I02,“No One Owns a Route’s Death” Principle,STATE_TRANSITION,C8,C8,C8,SYNERGY|COMPLETION_LEGACY,UNRESOLVED,UNRESOLVED,UNRESOLVED,UNKNOWN,UNRESOLVED,UNRESOLVED,HEURISTIC_PROVISIONAL,CATEGORY_REVIEW_REQUIRED|ENTITY_MERGE_REQUIRED,NONE
NC-CL-R-000912,NC-CL-S-000294,docs/09_collection/ga7-collection-registry-v1.md#G7-I02,docs/09_collection/ga7-collection-registry-v1.md,512,GA7,Blood Admiral Identity and Responsibility Targets,G7-I02,“No One Owns a Route’s Death” Principle,LOSS_OBLIGATION,C8,C8,C8,SYNERGY|COMPLETION_LEGACY,UNRESOLVED,UNRESOLVED,UNRESOLVED,UNKNOWN,UNRESOLVED,UNRESOLVED,HEURISTIC_PROVISIONAL,CATEGORY_REVIEW_REQUIRED|ENTITY_MERGE_REQUIRED,NONE
NC-CL-R-000913,NC-CL-S-000294,docs/09_collection/ga7-collection-registry-v1.md#G7-I02,docs/09_collection/ga7-collection-registry-v1.md,512,GA7,Blood Admiral Identity and Responsibility Targets,G7-I02,“No One Owns a Route’s Death” Principle,NARRATIVE_PROMISE,C8,C8,C8,SYNERGY|COMPLETION_LEGACY,UNRESOLVED,UNRESOLVED,UNRESOLVED,UNKNOWN,UNRESOLVED,UNRESOLVED,HEURISTIC_PROVISIONAL,CATEGORY_REVIEW_REQUIRED|ENTITY_MERGE_REQUIRED,NONE
NC-CL-R-000914,NC-CL-S-000295,docs/09_collection/ga8-collection-registry-v1.md#G8-P01,docs/09_collection/ga8-collection-registry-v1.md,30,GA8,Record Faction and Representative Relationships,G8-P01,Continuity Authentication Directorate,ENTITY,C1,C1|C6|C7,C1|C6|C7|C8,SYNERGY,UNRESOLVED,UNRESOLVED,UNRESOLVED,UNKNOWN,UNRESOLVED,UNRESOLVED,DRY_RUN_REVIEWED,PM_MERGE_REQUIRED,NONE
NC-CL-R-000915,NC-CL-S-000295,docs/09_collection/ga8-collection-registry-v1.md#G8-P01,docs/09_collection/ga8-collection-registry-v1.md,30,GA8,Record Faction and Representative Relationships,G8-P01,Continuity Authentication Directorate,RELATIONSHIP,C1,C1|C7|C6|C8,C1|C6|C7|C8,SYNERGY,UNRESOLVED,UNRESOLVED,UNRESOLVED,UNKNOWN,UNRESOLVED,UNRESOLVED,DRY_RUN_REVIEWED,PM_MERGE_REQUIRED,NONE
NC-CL-R-000916,NC-CL-S-000295,docs/09_collection/ga8-collection-registry-v1.md#G8-P01,docs/09_collection/ga8-collection-registry-v1.md,30,GA8,Record Faction and Representative Relationships,G8-P01,Continuity Authentication Directorate,CONTROL_CLAIM,C1,C1|C6|C7|C8,C1|C6|C7|C8,SYNERGY,UNRESOLVED,UNRESOLVED,UNRESOLVED,UNKNOWN,UNRESOLVED,UNRESOLVED,DRY_RUN_REVIEWED,PM_MERGE_REQUIRED,NONE
NC-CL-R-000917,NC-CL-S-000296,docs/09_collection/ga8-collection-registry-v1.md#G8-P02,docs/09_collection/ga8-collection-registry-v1.md,41,GA8,Record Faction and Representative Relationships,G8-P02,Plural Archive Coalition,ENTITY,C1,C1|C7,C1|C6|C7|C8,SYNERGY,UNRESOLVED,UNRESOLVED,UNRESOLVED,UNKNOWN,UNRESOLVED,UNRESOLVED,DRY_RUN_REVIEWED,PM_MERGE_REQUIRED,NONE
NC-CL-R-000918,NC-CL-S-000296,docs/09_collection/ga8-collection-registry-v1.md#G8-P02,docs/09_collection/ga8-collection-registry-v1.md,41,GA8,Record Faction and Representative Relationships,G8-P02,Plural Archive Coalition,RELATIONSHIP,C1,C1|C7|C6|C8,C1|C6|C7|C8,SYNERGY,UNRESOLVED,UNRESOLVED,UNRESOLVED,UNKNOWN,UNRESOLVED,UNRESOLVED,DRY_RUN_REVIEWED,PM_MERGE_REQUIRED,NONE
NC-CL-R-000919,NC-CL-S-000296,docs/09_collection/ga8-collection-registry-v1.md#G8-P02,docs/09_collection/ga8-collection-registry-v1.md,41,GA8,Record Faction and Representative Relationships,G8-P02,Plural Archive Coalition,CONTROL_CLAIM,C1,C1|C6|C7|C8,C1|C6|C7|C8,SYNERGY,UNRESOLVED,UNRESOLVED,UNRESOLVED,UNKNOWN,UNRESOLVED,UNRESOLVED,DRY_RUN_REVIEWED,PM_MERGE_REQUIRED,NONE
NC-CL-R-000920,NC-CL-S-000297,docs/09_collection/ga8-collection-registry-v1.md#G8-P03,docs/09_collection/ga8-collection-registry-v1.md,52,GA8,Record Faction and Representative Relationships,G8-P03,Restoration Truth Assembly,ENTITY,C1,C1|C7,C1|C6|C7,SYNERGY,UNRESOLVED,UNRESOLVED,UNRESOLVED,UNKNOWN,UNRESOLVED,UNRESOLVED,DRY_RUN_REVIEWED,PM_MERGE_REQUIRED,NONE
NC-CL-R-000921,NC-CL-S-000297,docs/09_collection/ga8-collection-registry-v1.md#G8-P03,docs/09_collection/ga8-collection-registry-v1.md,52,GA8,Record Faction and Representative Relationships,G8-P03,Restoration Truth Assembly,RELATIONSHIP,C1,C1|C7|C6,C1|C6|C7,SYNERGY,UNRESOLVED,UNRESOLVED,UNRESOLVED,UNKNOWN,UNRESOLVED,UNRESOLVED,DRY_RUN_REVIEWED,PM_MERGE_REQUIRED,NONE
NC-CL-R-000922,NC-CL-S-000297,docs/09_collection/ga8-collection-registry-v1.md#G8-P03,docs/09_collection/ga8-collection-registry-v1.md,52,GA8,Record Faction and Representative Relationships,G8-P03,Restoration Truth Assembly,CONTROL_CLAIM,C1,C1|C6|C7,C1|C6|C7,SYNERGY,UNRESOLVED,UNRESOLVED,UNRESOLVED,UNKNOWN,UNRESOLVED,UNRESOLVED,DRY_RUN_REVIEWED,PM_MERGE_REQUIRED,NONE
NC-CL-R-000923,NC-CL-S-000297,docs/09_collection/ga8-collection-registry-v1.md#G8-P03,docs/09_collection/ga8-collection-registry-v1.md,52,GA8,Record Faction and Representative Relationships,G8-P03,Restoration Truth Assembly,STATE_TRANSITION,C1,C1|C6|C7,C1|C6|C7,SYNERGY,UNRESOLVED,UNRESOLVED,UNRESOLVED,UNKNOWN,UNRESOLVED,UNRESOLVED,DRY_RUN_REVIEWED,PM_MERGE_REQUIRED,NONE
NC-CL-R-000924,NC-CL-S-000298,docs/09_collection/ga8-collection-registry-v1.md#G8-P04,docs/09_collection/ga8-collection-registry-v1.md,63,GA8,Record Faction and Representative Relationships,G8-P04,Right-to-Forget / Liberation Network,ENTITY,C1,C1|C6|C7,C1|C6|C7,SYNERGY,UNRESOLVED,UNRESOLVED,UNRESOLVED,UNKNOWN,UNRESOLVED,UNRESOLVED,DRY_RUN_REVIEWED,PM_MERGE_REQUIRED,NONE
NC-CL-R-000925,NC-CL-S-000298,docs/09_collection/ga8-collection-registry-v1.md#G8-P04,docs/09_collection/ga8-collection-registry-v1.md,63,GA8,Record Faction and Representative Relationships,G8-P04,Right-to-Forget / Liberation Network,CONTROL_CLAIM,C1,C1|C6|C7,C1|C6|C7,SYNERGY,UNRESOLVED,UNRESOLVED,UNRESOLVED,UNKNOWN,UNRESOLVED,UNRESOLVED,DRY_RUN_REVIEWED,PM_MERGE_REQUIRED,NONE
NC-CL-R-000926,NC-CL-S-000298,docs/09_collection/ga8-collection-registry-v1.md#G8-P04,docs/09_collection/ga8-collection-registry-v1.md,63,GA8,Record Faction and Representative Relationships,G8-P04,Right-to-Forget / Liberation Network,STATE_TRANSITION,C1,C1|C6|C7,C1|C6|C7,SYNERGY,UNRESOLVED,UNRESOLVED,UNRESOLVED,UNKNOWN,UNRESOLVED,UNRESOLVED,DRY_RUN_REVIEWED,PM_MERGE_REQUIRED,NONE
NC-CL-R-000927,NC-CL-S-000298,docs/09_collection/ga8-collection-registry-v1.md#G8-P04,docs/09_collection/ga8-collection-registry-v1.md,63,GA8,Record Faction and Representative Relationships,G8-P04,Right-to-Forget / Liberation Network,LOSS_OBLIGATION,C1,C1|C6|C7,C1|C6|C7,SYNERGY,UNRESOLVED,UNRESOLVED,UNRESOLVED,UNKNOWN,UNRESOLVED,UNRESOLVED,DRY_RUN_REVIEWED,PM_MERGE_REQUIRED,NONE
NC-CL-R-000928,NC-CL-S-000299,docs/09_collection/ga8-collection-registry-v1.md#G8-P05,docs/09_collection/ga8-collection-registry-v1.md,74,GA8,Record Faction and Representative Relationships,G8-P05,AI and Composite Persons Compact,ENTITY,C1,C1|C7,C1|C6|C7,ACQUISITION|SYNERGY,UNRESOLVED,UNRESOLVED,UNRESOLVED,UNKNOWN,UNRESOLVED,UNRESOLVED,DRY_RUN_REVIEWED,PM_MERGE_REQUIRED,NONE
NC-CL-R-000929,NC-CL-S-000299,docs/09_collection/ga8-collection-registry-v1.md#G8-P05,docs/09_collection/ga8-collection-registry-v1.md,74,GA8,Record Faction and Representative Relationships,G8-P05,AI and Composite Persons Compact,CONTROL_CLAIM,C1,C1|C6|C7,C1|C6|C7,ACQUISITION|SYNERGY,UNRESOLVED,UNRESOLVED,UNRESOLVED,UNKNOWN,UNRESOLVED,UNRESOLVED,DRY_RUN_REVIEWED,PM_MERGE_REQUIRED,NONE
NC-CL-R-000930,NC-CL-S-000299,docs/09_collection/ga8-collection-registry-v1.md#G8-P05,docs/09_collection/ga8-collection-registry-v1.md,74,GA8,Record Faction and Representative Relationships,G8-P05,AI and Composite Persons Compact,STATE_TRANSITION,C1,C1|C6|C7,C1|C6|C7,ACQUISITION|SYNERGY,UNRESOLVED,UNRESOLVED,UNRESOLVED,UNKNOWN,UNRESOLVED,UNRESOLVED,DRY_RUN_REVIEWED,PM_MERGE_REQUIRED,NONE
NC-CL-R-000931,NC-CL-S-000299,docs/09_collection/ga8-collection-registry-v1.md#G8-P05,docs/09_collection/ga8-collection-registry-v1.md,74,GA8,Record Faction and Representative Relationships,G8-P05,AI and Composite Persons Compact,LOSS_OBLIGATION,C1,C1|C6|C7,C1|C6|C7,ACQUISITION|SYNERGY,UNRESOLVED,UNRESOLVED,UNRESOLVED,UNKNOWN,UNRESOLVED,UNRESOLVED,DRY_RUN_REVIEWED,PM_MERGE_REQUIRED,NONE
NC-CL-R-000932,NC-CL-S-000300,docs/09_collection/ga8-collection-registry-v1.md#G8-P06,docs/09_collection/ga8-collection-registry-v1.md,85,GA8,Record Faction and Representative Relationships,G8-P06,State/Helix Operational Records Alliance,ENTITY,C1,C1|C7,C1|C6|C7,SYNERGY,UNRESOLVED,UNRESOLVED,UNRESOLVED,UNKNOWN,UNRESOLVED,UNRESOLVED,DRY_RUN_REVIEWED,PM_MERGE_REQUIRED,NONE
NC-CL-R-000933,NC-CL-S-000300,docs/09_collection/ga8-collection-registry-v1.md#G8-P06,docs/09_collection/ga8-collection-registry-v1.md,85,GA8,Record Faction and Representative Relationships,G8-P06,State/Helix Operational Records Alliance,RELATIONSHIP,C1,C1|C7|C6,C1|C6|C7,SYNERGY,UNRESOLVED,UNRESOLVED,UNRESOLVED,UNKNOWN,UNRESOLVED,UNRESOLVED,DRY_RUN_REVIEWED,PM_MERGE_REQUIRED,NONE
NC-CL-R-000934,NC-CL-S-000300,docs/09_collection/ga8-collection-registry-v1.md#G8-P06,docs/09_collection/ga8-collection-registry-v1.md,85,GA8,Record Faction and Representative Relationships,G8-P06,State/Helix Operational Records Alliance,CONTROL_CLAIM,C1,C1|C6|C7,C1|C6|C7,SYNERGY,UNRESOLVED,UNRESOLVED,UNRESOLVED,UNKNOWN,UNRESOLVED,UNRESOLVED,DRY_RUN_REVIEWED,PM_MERGE_REQUIRED,NONE
NC-CL-R-000935,NC-CL-S-000301,docs/09_collection/ga8-collection-registry-v1.md#G8-P07,docs/09_collection/ga8-collection-registry-v1.md,96,GA8,Record Faction and Representative Relationships,G8-P07,Palimpsest Custodian Communities,ENTITY,C6,C6,C6|C7|C8,ACQUISITION|SYNERGY|COMPLETION_LEGACY,UNRESOLVED,UNRESOLVED,UNRESOLVED,UNKNOWN,UNRESOLVED,UNRESOLVED,DRY_RUN_REVIEWED,PM_MERGE_REQUIRED,NONE
NC-CL-R-000936,NC-CL-S-000301,docs/09_collection/ga8-collection-registry-v1.md#G8-P07,docs/09_collection/ga8-collection-registry-v1.md,96,GA8,Record Faction and Representative Relationships,G8-P07,Palimpsest Custodian Communities,RELATIONSHIP,C7,C7|C6|C8,C6|C7|C8,ACQUISITION|SYNERGY|COMPLETION_LEGACY,UNRESOLVED,UNRESOLVED,UNRESOLVED,UNKNOWN,UNRESOLVED,UNRESOLVED,DRY_RUN_REVIEWED,PM_MERGE_REQUIRED,NONE
NC-CL-R-000937,NC-CL-S-000301,docs/09_collection/ga8-collection-registry-v1.md#G8-P07,docs/09_collection/ga8-collection-registry-v1.md,96,GA8,Record Faction and Representative Relationships,G8-P07,Palimpsest Custodian Communities,CONTROL_CLAIM,C6,C6|C7|C8,C6|C7|C8,ACQUISITION|SYNERGY|COMPLETION_LEGACY,UNRESOLVED,UNRESOLVED,UNRESOLVED,UNKNOWN,UNRESOLVED,UNRESOLVED,DRY_RUN_REVIEWED,PM_MERGE_REQUIRED,NONE
NC-CL-R-000938,NC-CL-S-000301,docs/09_collection/ga8-collection-registry-v1.md#G8-P07,docs/09_collection/ga8-collection-registry-v1.md,96,GA8,Record Faction and Representative Relationships,G8-P07,Palimpsest Custodian Communities,STATE_TRANSITION,C6,C6|C7|C8,C6|C7|C8,ACQUISITION|SYNERGY|COMPLETION_LEGACY,UNRESOLVED,UNRESOLVED,UNRESOLVED,UNKNOWN,UNRESOLVED,UNRESOLVED,DRY_RUN_REVIEWED,PM_MERGE_REQUIRED,NONE
NC-CL-R-000939,NC-CL-S-000301,docs/09_collection/ga8-collection-registry-v1.md#G8-P07,docs/09_collection/ga8-collection-registry-v1.md,96,GA8,Record Faction and Representative Relationships,G8-P07,Palimpsest Custodian Communities,LOSS_OBLIGATION,C6,C6|C7|C8,C6|C7|C8,ACQUISITION|SYNERGY|COMPLETION_LEGACY,UNRESOLVED,UNRESOLVED,UNRESOLVED,UNKNOWN,UNRESOLVED,UNRESOLVED,DRY_RUN_REVIEWED,PM_MERGE_REQUIRED,NONE
NC-CL-R-000940,NC-CL-S-000302,docs/09_collection/ga8-collection-registry-v1.md#G8-P08,docs/09_collection/ga8-collection-registry-v1.md,107,GA8,Record Faction and Representative Relationships,G8-P08,P-001 as Unrecorded Connector / Seed Corrective Candidate,RELATIONSHIP,C1,C1|C7|C6,C1|C6|C7,DISCOVERY|ACQUISITION|SYNERGY|COMPLETION_LEGACY,UNRESOLVED,UNRESOLVED,UNRESOLVED,UNKNOWN,UNRESOLVED,UNRESOLVED,DRY_RUN_REVIEWED,PM_MERGE_REQUIRED,NONE
NC-CL-R-000941,NC-CL-S-000302,docs/09_collection/ga8-collection-registry-v1.md#G8-P08,docs/09_collection/ga8-collection-registry-v1.md,107,GA8,Record Faction and Representative Relationships,G8-P08,P-001 as Unrecorded Connector / Seed Corrective Candidate,CONTROL_CLAIM,C1,C1|C6|C7,C1|C6|C7,DISCOVERY|ACQUISITION|SYNERGY|COMPLETION_LEGACY,UNRESOLVED,UNRESOLVED,UNRESOLVED,UNKNOWN,UNRESOLVED,UNRESOLVED,DRY_RUN_REVIEWED,PM_MERGE_REQUIRED,NONE
NC-CL-R-000942,NC-CL-S-000302,docs/09_collection/ga8-collection-registry-v1.md#G8-P08,docs/09_collection/ga8-collection-registry-v1.md,107,GA8,Record Faction and Representative Relationships,G8-P08,P-001 as Unrecorded Connector / Seed Corrective Candidate,NARRATIVE_PROMISE,C1,C1|C6|C7,C1|C6|C7,DISCOVERY|ACQUISITION|SYNERGY|COMPLETION_LEGACY,UNRESOLVED,UNRESOLVED,UNRESOLVED,UNKNOWN,UNRESOLVED,UNRESOLVED,DRY_RUN_REVIEWED,PM_MERGE_REQUIRED,NONE
NC-CL-R-000943,NC-CL-S-000303,docs/09_collection/ga8-collection-registry-v1.md#G8-R01,docs/09_collection/ga8-collection-registry-v1.md,125,GA8,Record Rights and Current-Status Targets,G8-R01,Temporary Current-Status Layer,CONTROL_CLAIM,C1,C1|C6|C7|C8,C1|C6|C7|C8,ACQUISITION|SYNERGY|COMPLETION_LEGACY,UNRESOLVED,UNRESOLVED,UNRESOLVED,UNKNOWN,UNRESOLVED,UNRESOLVED,DRY_RUN_REVIEWED,PM_MERGE_REQUIRED,NONE
NC-CL-R-000944,NC-CL-S-000304,docs/09_collection/ga8-collection-registry-v1.md#G8-R02,docs/09_collection/ga8-collection-registry-v1.md,139,GA8,Record Rights and Current-Status Targets,G8-R02,Public Evidence / Intimate Memory / Operational Status Separation,CONTROL_CLAIM,C1,C1|C6|C7,C1|C6|C7,SYNERGY|COMPLETION_LEGACY,UNRESOLVED,UNRESOLVED,UNRESOLVED,UNKNOWN,UNRESOLVED,UNRESOLVED,DRY_RUN_REVIEWED,PM_MERGE_REQUIRED,NONE
NC-CL-R-000945,NC-CL-S-000304,docs/09_collection/ga8-collection-registry-v1.md#G8-R02,docs/09_collection/ga8-collection-registry-v1.md,139,GA8,Record Rights and Current-Status Targets,G8-R02,Public Evidence / Intimate Memory / Operational Status Separation,LOSS_OBLIGATION,C1,C1|C6|C7,C1|C6|C7,SYNERGY|COMPLETION_LEGACY,UNRESOLVED,UNRESOLVED,UNRESOLVED,UNKNOWN,UNRESOLVED,UNRESOLVED,DRY_RUN_REVIEWED,PM_MERGE_REQUIRED,NONE
NC-CL-R-000946,NC-CL-S-000305,docs/09_collection/ga8-collection-registry-v1.md#G8-R03,docs/09_collection/ga8-collection-registry-v1.md,153,GA8,Record Rights and Current-Status Targets,G8-R03,Authority F Multi-Party Access Mandate,CONTROL_CLAIM,C1,C1|C6|C7,C1|C6|C7,ACQUISITION|SYNERGY|COMPLETION_LEGACY,UNRESOLVED,UNRESOLVED,UNRESOLVED,UNKNOWN,UNRESOLVED,UNRESOLVED,DRY_RUN_REVIEWED,PM_MERGE_REQUIRED,NONE
NC-CL-R-000947,NC-CL-S-000306,docs/09_collection/ga8-collection-registry-v1.md#G8-R04,docs/09_collection/ga8-collection-registry-v1.md,167,GA8,Record Rights and Current-Status Targets,G8-R04,Provisional AI/Composite/Tool Standing,CONTROL_CLAIM,C1,C1|C6|C7,C1|C6|C7,ACQUISITION|SYNERGY|COMPLETION_LEGACY,UNRESOLVED,UNRESOLVED,UNRESOLVED,UNKNOWN,UNRESOLVED,UNRESOLVED,DRY_RUN_REVIEWED,PM_MERGE_REQUIRED,NONE
NC-CL-R-000948,NC-CL-S-000307,docs/09_collection/ga8-collection-registry-v1.md#G8-R05,docs/09_collection/ga8-collection-registry-v1.md,181,GA8,Record Rights and Current-Status Targets,G8-R05,Forced-Copy/Merge Accountability Record,CONTROL_CLAIM,C1,C1|C6|C7,C1|C6|C7,SYNERGY|COMPLETION_LEGACY,UNRESOLVED,UNRESOLVED,UNRESOLVED,UNKNOWN,UNRESOLVED,UNRESOLVED,DRY_RUN_REVIEWED,PM_MERGE_REQUIRED,NONE
NC-CL-R-000949,NC-CL-S-000307,docs/09_collection/ga8-collection-registry-v1.md#G8-R05,docs/09_collection/ga8-collection-registry-v1.md,181,GA8,Record Rights and Current-Status Targets,G8-R05,Forced-Copy/Merge Accountability Record,STATE_TRANSITION,C1,C1|C6|C7,C1|C6|C7,SYNERGY|COMPLETION_LEGACY,UNRESOLVED,UNRESOLVED,UNRESOLVED,UNKNOWN,UNRESOLVED,UNRESOLVED,DRY_RUN_REVIEWED,PM_MERGE_REQUIRED,NONE
NC-CL-R-000950,NC-CL-S-000307,docs/09_collection/ga8-collection-registry-v1.md#G8-R05,docs/09_collection/ga8-collection-registry-v1.md,181,GA8,Record Rights and Current-Status Targets,G8-R05,Forced-Copy/Merge Accountability Record,LOSS_OBLIGATION,C1,C1|C6|C7,C1|C6|C7,SYNERGY|COMPLETION_LEGACY,UNRESOLVED,UNRESOLVED,UNRESOLVED,UNKNOWN,UNRESOLVED,UNRESOLVED,DRY_RUN_REVIEWED,PM_MERGE_REQUIRED,NONE
NC-CL-R-000951,NC-CL-S-000308,docs/09_collection/ga8-collection-registry-v1.md#G8-R06,docs/09_collection/ga8-collection-registry-v1.md,195,GA8,Record Rights and Current-Status Targets,G8-R06,Preserve/Correct/Plural/Forget/Refuse/Audit Rights Framework,CONTROL_CLAIM,C1,C1|C6|C7,C1|C6|C7,ACQUISITION|SYNERGY|COMPLETION_LEGACY,UNRESOLVED,UNRESOLVED,UNRESOLVED,UNKNOWN,UNRESOLVED,UNRESOLVED,DRY_RUN_REVIEWED,PM_MERGE_REQUIRED,NONE
NC-CL-R-000952,NC-CL-S-000308,docs/09_collection/ga8-collection-registry-v1.md#G8-R06,docs/09_collection/ga8-collection-registry-v1.md,195,GA8,Record Rights and Current-Status Targets,G8-R06,Preserve/Correct/Plural/Forget/Refuse/Audit Rights Framework,SET,C1,C1|C6|C7,C1|C6|C7,ACQUISITION|SYNERGY|COMPLETION_LEGACY,UNRESOLVED,UNRESOLVED,UNRESOLVED,UNKNOWN,UNRESOLVED,UNRESOLVED,DRY_RUN_REVIEWED,PM_MERGE_REQUIRED,NONE
NC-CL-R-000953,NC-CL-S-000309,docs/09_collection/ga8-collection-registry-v1.md#G8-R07,docs/09_collection/ga8-collection-registry-v1.md,209,GA8,Record Rights and Current-Status Targets,G8-R07,Bounded Operational Compression Rules,CONTROL_CLAIM,C1,C1|C6|C7,C1|C6|C7,SYNERGY|COMPLETION_LEGACY,UNRESOLVED,UNRESOLVED,UNRESOLVED,UNKNOWN,UNRESOLVED,UNRESOLVED,DRY_RUN_REVIEWED,PM_MERGE_REQUIRED,NONE
NC-CL-R-000954,NC-CL-S-000310,docs/09_collection/ga8-collection-registry-v1.md#G8-R08,docs/09_collection/ga8-collection-registry-v1.md,223,GA8,Record Rights and Current-Status Targets,G8-R08,P-001 Access and Memory-Limit Protocol,CONTROL_CLAIM,C1,C1|C6,C1|C6,ACQUISITION|SYNERGY|COMPLETION_LEGACY,UNRESOLVED,UNRESOLVED,UNRESOLVED,UNKNOWN,UNRESOLVED,UNRESOLVED,DRY_RUN_REVIEWED,PM_MERGE_REQUIRED,NONE
NC-CL-R-000955,NC-CL-S-000310,docs/09_collection/ga8-collection-registry-v1.md#G8-R08,docs/09_collection/ga8-collection-registry-v1.md,223,GA8,Record Rights and Current-Status Targets,G8-R08,P-001 Access and Memory-Limit Protocol,STATE_TRANSITION,C1,C1|C6,C1|C6,ACQUISITION|SYNERGY|COMPLETION_LEGACY,UNRESOLVED,UNRESOLVED,UNRESOLVED,UNKNOWN,UNRESOLVED,UNRESOLVED,DRY_RUN_REVIEWED,PM_MERGE_REQUIRED,NONE
NC-CL-R-000956,NC-CL-S-000310,docs/09_collection/ga8-collection-registry-v1.md#G8-R08,docs/09_collection/ga8-collection-registry-v1.md,223,GA8,Record Rights and Current-Status Targets,G8-R08,P-001 Access and Memory-Limit Protocol,LOSS_OBLIGATION,C1,C1|C6,C1|C6,ACQUISITION|SYNERGY|COMPLETION_LEGACY,UNRESOLVED,UNRESOLVED,UNRESOLVED,UNKNOWN,UNRESOLVED,UNRESOLVED,DRY_RUN_REVIEWED,PM_MERGE_REQUIRED,NONE
NC-CL-R-000957,NC-CL-S-000311,docs/09_collection/ga8-collection-registry-v1.md#G8-R09,docs/09_collection/ga8-collection-registry-v1.md,237,GA8,Record Rights and Current-Status Targets,G8-R09,Authority G Split-Key Activation Draft,CONTROL_CLAIM,C1,C1|C6|C7|C8,C1|C6|C7|C8,ACQUISITION|COMPLETION_LEGACY,UNRESOLVED,UNRESOLVED,UNRESOLVED,UNKNOWN,UNRESOLVED,UNRESOLVED,DRY_RUN_REVIEWED,PM_MERGE_REQUIRED,NONE
NC-CL-R-000958,NC-CL-S-000311,docs/09_collection/ga8-collection-registry-v1.md#G8-R09,docs/09_collection/ga8-collection-registry-v1.md,237,GA8,Record Rights and Current-Status Targets,G8-R09,Authority G Split-Key Activation Draft,SET,C1,C1|C6|C7|C8,C1|C6|C7|C8,ACQUISITION|COMPLETION_LEGACY,UNRESOLVED,UNRESOLVED,UNRESOLVED,UNKNOWN,UNRESOLVED,UNRESOLVED,DRY_RUN_REVIEWED,PM_MERGE_REQUIRED,NONE
NC-CL-R-000959,NC-CL-S-000312,docs/09_collection/ga8-collection-registry-v1.md#G8-R10,docs/09_collection/ga8-collection-registry-v1.md,256,GA8,Record Rights and Current-Status Targets,G8-R10,Seed Consensus Activation Accord,RELATIONSHIP,C1,C1|C7|C6|C8,C1|C6|C7|C8,ACQUISITION|SYNERGY|COMPLETION_LEGACY,UNRESOLVED,UNRESOLVED,UNRESOLVED,UNKNOWN,UNRESOLVED,UNRESOLVED,DRY_RUN_REVIEWED,PM_MERGE_REQUIRED,NONE
NC-CL-R-000960,NC-CL-S-000312,docs/09_collection/ga8-collection-registry-v1.md#G8-R10,docs/09_collection/ga8-collection-registry-v1.md,256,GA8,Record Rights and Current-Status Targets,G8-R10,Seed Consensus Activation Accord,CONTROL_CLAIM,C1,C1|C6|C7|C8,C1|C6|C7|C8,ACQUISITION|SYNERGY|COMPLETION_LEGACY,UNRESOLVED,UNRESOLVED,UNRESOLVED,UNKNOWN,UNRESOLVED,UNRESOLVED,DRY_RUN_REVIEWED,PM_MERGE_REQUIRED,NONE
NC-CL-R-000961,NC-CL-S-000312,docs/09_collection/ga8-collection-registry-v1.md#G8-R10,docs/09_collection/ga8-collection-registry-v1.md,256,GA8,Record Rights and Current-Status Targets,G8-R10,Seed Consensus Activation Accord,STATE_TRANSITION,C1,C1|C6|C7|C8,C1|C6|C7|C8,ACQUISITION|SYNERGY|COMPLETION_LEGACY,UNRESOLVED,UNRESOLVED,UNRESOLVED,UNKNOWN,UNRESOLVED,UNRESOLVED,DRY_RUN_REVIEWED,PM_MERGE_REQUIRED,NONE
NC-CL-R-000962,NC-CL-S-000312,docs/09_collection/ga8-collection-registry-v1.md#G8-R10,docs/09_collection/ga8-collection-registry-v1.md,256,GA8,Record Rights and Current-Status Targets,G8-R10,Seed Consensus Activation Accord,SET,C1,C1|C6|C7|C8,C1|C6|C7|C8,ACQUISITION|SYNERGY|COMPLETION_LEGACY,UNRESOLVED,UNRESOLVED,UNRESOLVED,UNKNOWN,UNRESOLVED,UNRESOLVED,DRY_RUN_REVIEWED,PM_MERGE_REQUIRED,NONE
NC-CL-R-000963,NC-CL-S-000313,docs/09_collection/ga8-collection-registry-v1.md#G8-A01,docs/09_collection/ga8-collection-registry-v1.md,274,GA8,"Sites, Mirrors and Service Authorities",G8-A01,Meridian Sacred/Founding Archive Source Set,ENTITY,C4,C4,C4|C7|C8,SYNERGY,UNRESOLVED,UNRESOLVED,UNRESOLVED,UNKNOWN,UNRESOLVED,UNRESOLVED,DRY_RUN_REVIEWED,PM_MERGE_REQUIRED,NONE
NC-CL-R-000964,NC-CL-S-000313,docs/09_collection/ga8-collection-registry-v1.md#G8-A01,docs/09_collection/ga8-collection-registry-v1.md,274,GA8,"Sites, Mirrors and Service Authorities",G8-A01,Meridian Sacred/Founding Archive Source Set,CONTROL_CLAIM,C4,C4|C7|C8,C4|C7|C8,SYNERGY,UNRESOLVED,UNRESOLVED,UNRESOLVED,UNKNOWN,UNRESOLVED,UNRESOLVED,DRY_RUN_REVIEWED,PM_MERGE_REQUIRED,NONE
NC-CL-R-000965,NC-CL-S-000313,docs/09_collection/ga8-collection-registry-v1.md#G8-A01,docs/09_collection/ga8-collection-registry-v1.md,274,GA8,"Sites, Mirrors and Service Authorities",G8-A01,Meridian Sacred/Founding Archive Source Set,SET,C4,C4|C7|C8,C4|C7|C8,SYNERGY,UNRESOLVED,UNRESOLVED,UNRESOLVED,UNKNOWN,UNRESOLVED,UNRESOLVED,DRY_RUN_REVIEWED,PM_MERGE_REQUIRED,NONE
NC-CL-R-000966,NC-CL-S-000314,docs/09_collection/ga8-collection-registry-v1.md#G8-A02,docs/09_collection/ga8-collection-registry-v1.md,285,GA8,"Sites, Mirrors and Service Authorities",G8-A02,Black Ward Witness Mesh,ENTITY,C1,C1,C1|C6|C7|C8,SYNERGY,UNRESOLVED,UNRESOLVED,UNRESOLVED,UNKNOWN,UNRESOLVED,UNRESOLVED,DRY_RUN_REVIEWED,PM_MERGE_REQUIRED,NONE
NC-CL-R-000967,NC-CL-S-000314,docs/09_collection/ga8-collection-registry-v1.md#G8-A02,docs/09_collection/ga8-collection-registry-v1.md,285,GA8,"Sites, Mirrors and Service Authorities",G8-A02,Black Ward Witness Mesh,RELATIONSHIP,C1,C1|C7|C6|C8,C1|C6|C7|C8,SYNERGY,UNRESOLVED,UNRESOLVED,UNRESOLVED,UNKNOWN,UNRESOLVED,UNRESOLVED,DRY_RUN_REVIEWED,PM_MERGE_REQUIRED,NONE
NC-CL-R-000968,NC-CL-S-000314,docs/09_collection/ga8-collection-registry-v1.md#G8-A02,docs/09_collection/ga8-collection-registry-v1.md,285,GA8,"Sites, Mirrors and Service Authorities",G8-A02,Black Ward Witness Mesh,CONTROL_CLAIM,C1,C1|C6|C7|C8,C1|C6|C7|C8,SYNERGY,UNRESOLVED,UNRESOLVED,UNRESOLVED,UNKNOWN,UNRESOLVED,UNRESOLVED,DRY_RUN_REVIEWED,PM_MERGE_REQUIRED,NONE
NC-CL-R-000969,NC-CL-S-000314,docs/09_collection/ga8-collection-registry-v1.md#G8-A02,docs/09_collection/ga8-collection-registry-v1.md,285,GA8,"Sites, Mirrors and Service Authorities",G8-A02,Black Ward Witness Mesh,LOSS_OBLIGATION,C1,C1|C6|C7|C8,C1|C6|C7|C8,SYNERGY,UNRESOLVED,UNRESOLVED,UNRESOLVED,UNKNOWN,UNRESOLVED,UNRESOLVED,DRY_RUN_REVIEWED,PM_MERGE_REQUIRED,NONE
NC-CL-R-000970,NC-CL-S-000315,docs/09_collection/ga8-collection-registry-v1.md#G8-A03,docs/09_collection/ga8-collection-registry-v1.md,296,GA8,"Sites, Mirrors and Service Authorities",G8-A03,Ardis/Route Plural Mirror,ENTITY,C6,C6|C8,C6|C7|C8,SYNERGY,UNRESOLVED,UNRESOLVED,UNRESOLVED,UNKNOWN,UNRESOLVED,UNRESOLVED,DRY_RUN_REVIEWED,PM_MERGE_REQUIRED,NONE
NC-CL-R-000971,NC-CL-S-000315,docs/09_collection/ga8-collection-registry-v1.md#G8-A03,docs/09_collection/ga8-collection-registry-v1.md,296,GA8,"Sites, Mirrors and Service Authorities",G8-A03,Ardis/Route Plural Mirror,RELATIONSHIP,C7,C7|C6|C8,C6|C7|C8,SYNERGY,UNRESOLVED,UNRESOLVED,UNRESOLVED,UNKNOWN,UNRESOLVED,UNRESOLVED,DRY_RUN_REVIEWED,PM_MERGE_REQUIRED,NONE
NC-CL-R-000972,NC-CL-S-000315,docs/09_collection/ga8-collection-registry-v1.md#G8-A03,docs/09_collection/ga8-collection-registry-v1.md,296,GA8,"Sites, Mirrors and Service Authorities",G8-A03,Ardis/Route Plural Mirror,CONTROL_CLAIM,C6,C6|C7|C8,C6|C7|C8,SYNERGY,UNRESOLVED,UNRESOLVED,UNRESOLVED,UNKNOWN,UNRESOLVED,UNRESOLVED,DRY_RUN_REVIEWED,PM_MERGE_REQUIRED,NONE
NC-CL-R-000973,NC-CL-S-000316,docs/09_collection/ga8-collection-registry-v1.md#G8-A04,docs/09_collection/ga8-collection-registry-v1.md,307,GA8,"Sites, Mirrors and Service Authorities",G8-A04,Palimpsest Regional Mirror Cluster,ENTITY,C6,C6,C6|C7|C8,ACQUISITION|SYNERGY,UNRESOLVED,UNRESOLVED,UNRESOLVED,UNKNOWN,UNRESOLVED,UNRESOLVED,DRY_RUN_REVIEWED,PM_MERGE_REQUIRED,NONE
NC-CL-R-000974,NC-CL-S-000316,docs/09_collection/ga8-collection-registry-v1.md#G8-A04,docs/09_collection/ga8-collection-registry-v1.md,307,GA8,"Sites, Mirrors and Service Authorities",G8-A04,Palimpsest Regional Mirror Cluster,CONTROL_CLAIM,C6,C6|C7|C8,C6|C7|C8,ACQUISITION|SYNERGY,UNRESOLVED,UNRESOLVED,UNRESOLVED,UNKNOWN,UNRESOLVED,UNRESOLVED,DRY_RUN_REVIEWED,PM_MERGE_REQUIRED,NONE
NC-CL-R-000975,NC-CL-S-000316,docs/09_collection/ga8-collection-registry-v1.md#G8-A04,docs/09_collection/ga8-collection-registry-v1.md,307,GA8,"Sites, Mirrors and Service Authorities",G8-A04,Palimpsest Regional Mirror Cluster,STATE_TRANSITION,C6,C6|C7|C8,C6|C7|C8,ACQUISITION|SYNERGY,UNRESOLVED,UNRESOLVED,UNRESOLVED,UNKNOWN,UNRESOLVED,UNRESOLVED,DRY_RUN_REVIEWED,PM_MERGE_REQUIRED,NONE
NC-CL-R-000976,NC-CL-S-000316,docs/09_collection/ga8-collection-registry-v1.md#G8-A04,docs/09_collection/ga8-collection-registry-v1.md,307,GA8,"Sites, Mirrors and Service Authorities",G8-A04,Palimpsest Regional Mirror Cluster,LOSS_OBLIGATION,C6,C6|C7|C8,C6|C7|C8,ACQUISITION|SYNERGY,UNRESOLVED,UNRESOLVED,UNRESOLVED,UNKNOWN,UNRESOLVED,UNRESOLVED,DRY_RUN_REVIEWED,PM_MERGE_REQUIRED,NONE
NC-CL-R-000977,NC-CL-S-000316,docs/09_collection/ga8-collection-registry-v1.md#G8-A04,docs/09_collection/ga8-collection-registry-v1.md,307,GA8,"Sites, Mirrors and Service Authorities",G8-A04,Palimpsest Regional Mirror Cluster,SET,C6,C6|C7|C8,C6|C7|C8,ACQUISITION|SYNERGY,UNRESOLVED,UNRESOLVED,UNRESOLVED,UNKNOWN,UNRESOLVED,UNRESOLVED,DRY_RUN_REVIEWED,PM_MERGE_REQUIRED,NONE
NC-CL-R-000978,NC-CL-S-000317,docs/09_collection/ga8-collection-registry-v1.md#G8-A05,docs/09_collection/ga8-collection-registry-v1.md,321,GA8,"Sites, Mirrors and Service Authorities",G8-A05,Continuity Assembly / Seed Consensus Lattice,ENTITY,C6,C6|C7,C6|C7|C8,SYNERGY,UNRESOLVED,UNRESOLVED,UNRESOLVED,UNKNOWN,UNRESOLVED,UNRESOLVED,DRY_RUN_REVIEWED,PM_MERGE_REQUIRED,NONE
NC-CL-R-000979,NC-CL-S-000317,docs/09_collection/ga8-collection-registry-v1.md#G8-A05,docs/09_collection/ga8-collection-registry-v1.md,321,GA8,"Sites, Mirrors and Service Authorities",G8-A05,Continuity Assembly / Seed Consensus Lattice,CONTROL_CLAIM,C6,C6|C7|C8,C6|C7|C8,SYNERGY,UNRESOLVED,UNRESOLVED,UNRESOLVED,UNKNOWN,UNRESOLVED,UNRESOLVED,DRY_RUN_REVIEWED,PM_MERGE_REQUIRED,NONE
NC-CL-R-000980,NC-CL-S-000317,docs/09_collection/ga8-collection-registry-v1.md#G8-A05,docs/09_collection/ga8-collection-registry-v1.md,321,GA8,"Sites, Mirrors and Service Authorities",G8-A05,Continuity Assembly / Seed Consensus Lattice,STATE_TRANSITION,C6,C6|C7|C8,C6|C7|C8,SYNERGY,UNRESOLVED,UNRESOLVED,UNRESOLVED,UNKNOWN,UNRESOLVED,UNRESOLVED,DRY_RUN_REVIEWED,PM_MERGE_REQUIRED,NONE
NC-CL-R-000981,NC-CL-S-000317,docs/09_collection/ga8-collection-registry-v1.md#G8-A05,docs/09_collection/ga8-collection-registry-v1.md,321,GA8,"Sites, Mirrors and Service Authorities",G8-A05,Continuity Assembly / Seed Consensus Lattice,SET,C6,C6|C7|C8,C6|C7|C8,SYNERGY,UNRESOLVED,UNRESOLVED,UNRESOLVED,UNKNOWN,UNRESOLVED,UNRESOLVED,DRY_RUN_REVIEWED,PM_MERGE_REQUIRED,NONE
NC-CL-R-000982,NC-CL-S-000318,docs/09_collection/ga8-collection-registry-v1.md#G8-A06,docs/09_collection/ga8-collection-registry-v1.md,335,GA8,"Sites, Mirrors and Service Authorities",G8-A06,Service Authority F,CONTROL_CLAIM,C6,C6|C7,C6|C7,ACQUISITION|SYNERGY|COMPLETION_LEGACY,UNRESOLVED,UNRESOLVED,UNRESOLVED,UNKNOWN,UNRESOLVED,UNRESOLVED,DRY_RUN_REVIEWED,PM_MERGE_REQUIRED,NONE
NC-CL-R-000983,NC-CL-S-000319,docs/09_collection/ga8-collection-registry-v1.md#G8-A07,docs/09_collection/ga8-collection-registry-v1.md,349,GA8,"Sites, Mirrors and Service Authorities",G8-A07,Service Authority G,CONTROL_CLAIM,C6,C6|C7,C6|C7,SYNERGY,UNRESOLVED,UNRESOLVED,UNRESOLVED,UNKNOWN,UNRESOLVED,UNRESOLVED,DRY_RUN_REVIEWED,PM_MERGE_REQUIRED,NONE
NC-CL-R-000984,NC-CL-S-000319,docs/09_collection/ga8-collection-registry-v1.md#G8-A07,docs/09_collection/ga8-collection-registry-v1.md,349,GA8,"Sites, Mirrors and Service Authorities",G8-A07,Service Authority G,STATE_TRANSITION,C6,C6|C7,C6|C7,SYNERGY,UNRESOLVED,UNRESOLVED,UNRESOLVED,UNKNOWN,UNRESOLVED,UNRESOLVED,DRY_RUN_REVIEWED,PM_MERGE_REQUIRED,NONE
NC-CL-R-000985,NC-CL-S-000320,docs/09_collection/ga8-collection-registry-v1.md#G8-A08,docs/09_collection/ga8-collection-registry-v1.md,363,GA8,"Sites, Mirrors and Service Authorities",G8-A08,Lost/Exposed Mirror or Source Class,STATE_TRANSITION,C4,C4|C6|C7|C8,C4|C6|C7|C8,SYNERGY|COMPLETION_LEGACY,UNRESOLVED,UNRESOLVED,UNRESOLVED,UNKNOWN,UNRESOLVED,UNRESOLVED,DRY_RUN_REVIEWED,PM_MERGE_REQUIRED,NONE
NC-CL-R-000986,NC-CL-S-000320,docs/09_collection/ga8-collection-registry-v1.md#G8-A08,docs/09_collection/ga8-collection-registry-v1.md,363,GA8,"Sites, Mirrors and Service Authorities",G8-A08,Lost/Exposed Mirror or Source Class,LOSS_OBLIGATION,C4,C4|C6|C7|C8,C4|C6|C7|C8,SYNERGY|COMPLETION_LEGACY,UNRESOLVED,UNRESOLVED,UNRESOLVED,UNKNOWN,UNRESOLVED,UNRESOLVED,DRY_RUN_REVIEWED,PM_MERGE_REQUIRED,NONE
NC-CL-R-000987,NC-CL-S-000320,docs/09_collection/ga8-collection-registry-v1.md#G8-A08,docs/09_collection/ga8-collection-registry-v1.md,363,GA8,"Sites, Mirrors and Service Authorities",G8-A08,Lost/Exposed Mirror or Source Class,NARRATIVE_PROMISE,C4,C4|C6|C7|C8,C4|C6|C7|C8,SYNERGY|COMPLETION_LEGACY,UNRESOLVED,UNRESOLVED,UNRESOLVED,UNKNOWN,UNRESOLVED,UNRESOLVED,DRY_RUN_REVIEWED,PM_MERGE_REQUIRED,NONE
NC-CL-R-000988,NC-CL-S-000321,docs/09_collection/ga8-collection-registry-v1.md#G8-M01,docs/09_collection/ga8-collection-registry-v1.md,378,GA8,"Origin, Regression and Compression Payoffs",G8-M01,Plural Continuity Seed Origin,NARRATIVE_PROMISE,C1,C1|C6|C7|C8,C1|C6|C7|C8,COMPLETION_LEGACY,UNRESOLVED,UNRESOLVED,UNRESOLVED,UNKNOWN,UNRESOLVED,UNRESOLVED,DRY_RUN_REVIEWED,PM_MERGE_REQUIRED,NONE
NC-CL-R-000989,NC-CL-S-000321,docs/09_collection/ga8-collection-registry-v1.md#G8-M01,docs/09_collection/ga8-collection-registry-v1.md,378,GA8,"Origin, Regression and Compression Payoffs",G8-M01,Plural Continuity Seed Origin,SET,C1,C1|C6|C7|C8,C1|C6|C7|C8,COMPLETION_LEGACY,UNRESOLVED,UNRESOLVED,UNRESOLVED,UNKNOWN,UNRESOLVED,UNRESOLVED,DRY_RUN_REVIEWED,PM_MERGE_REQUIRED,NONE
NC-CL-R-000990,NC-CL-S-000322,docs/09_collection/ga8-collection-registry-v1.md#G8-M02,docs/09_collection/ga8-collection-registry-v1.md,386,GA8,"Origin, Regression and Compression Payoffs",G8-M02,Seed Layer Map S0–S5,NARRATIVE_PROMISE,C1,C1|C6|C7|C8,C1|C6|C7|C8,SYNERGY|COMPLETION_LEGACY,UNRESOLVED,UNRESOLVED,UNRESOLVED,UNKNOWN,UNRESOLVED,UNRESOLVED,DRY_RUN_REVIEWED,PM_MERGE_REQUIRED,NONE
NC-CL-R-000991,NC-CL-S-000322,docs/09_collection/ga8-collection-registry-v1.md#G8-M02,docs/09_collection/ga8-collection-registry-v1.md,386,GA8,"Origin, Regression and Compression Payoffs",G8-M02,Seed Layer Map S0–S5,SET,C1,C1|C6|C7|C8,C1|C6|C7|C8,SYNERGY|COMPLETION_LEGACY,UNRESOLVED,UNRESOLVED,UNRESOLVED,UNKNOWN,UNRESOLVED,UNRESOLVED,DRY_RUN_REVIEWED,PM_MERGE_REQUIRED,NONE
NC-CL-R-000992,NC-CL-S-000323,docs/09_collection/ga8-collection-registry-v1.md#G8-M03,docs/09_collection/ga8-collection-registry-v1.md,397,GA8,"Origin, Regression and Compression Payoffs",G8-M03,Compression/Value Ranking Rules,CONTROL_CLAIM,C1,C1|C6|C7,C1|C6|C7,SYNERGY|COMPLETION_LEGACY,UNRESOLVED,UNRESOLVED,UNRESOLVED,UNKNOWN,UNRESOLVED,UNRESOLVED,DRY_RUN_REVIEWED,PM_MERGE_REQUIRED,NONE
NC-CL-R-000993,NC-CL-S-000323,docs/09_collection/ga8-collection-registry-v1.md#G8-M03,docs/09_collection/ga8-collection-registry-v1.md,397,GA8,"Origin, Regression and Compression Payoffs",G8-M03,Compression/Value Ranking Rules,NARRATIVE_PROMISE,C1,C1|C6|C7,C1|C6|C7,SYNERGY|COMPLETION_LEGACY,UNRESOLVED,UNRESOLVED,UNRESOLVED,UNKNOWN,UNRESOLVED,UNRESOLVED,DRY_RUN_REVIEWED,PM_MERGE_REQUIRED,NONE
NC-CL-R-000994,NC-CL-S-000324,docs/09_collection/ga8-collection-registry-v1.md#G8-M04,docs/09_collection/ga8-collection-registry-v1.md,408,GA8,"Origin, Regression and Compression Payoffs",G8-M04,Service Authority Domain Map A–G,CONTROL_CLAIM,C6,C6|C7,C6|C7,ACQUISITION|SYNERGY|COMPLETION_LEGACY,UNRESOLVED,UNRESOLVED,UNRESOLVED,UNKNOWN,UNRESOLVED,UNRESOLVED,DRY_RUN_REVIEWED,PM_MERGE_REQUIRED,NONE
NC-CL-R-000995,NC-CL-S-000324,docs/09_collection/ga8-collection-registry-v1.md#G8-M04,docs/09_collection/ga8-collection-registry-v1.md,408,GA8,"Origin, Regression and Compression Payoffs",G8-M04,Service Authority Domain Map A–G,NARRATIVE_PROMISE,C6,C6|C7,C6|C7,ACQUISITION|SYNERGY|COMPLETION_LEGACY,UNRESOLVED,UNRESOLVED,UNRESOLVED,UNKNOWN,UNRESOLVED,UNRESOLVED,DRY_RUN_REVIEWED,PM_MERGE_REQUIRED,NONE
NC-CL-R-000996,NC-CL-S-000324,docs/09_collection/ga8-collection-registry-v1.md#G8-M04,docs/09_collection/ga8-collection-registry-v1.md,408,GA8,"Origin, Regression and Compression Payoffs",G8-M04,Service Authority Domain Map A–G,SET,C6,C6|C7,C6|C7,ACQUISITION|SYNERGY|COMPLETION_LEGACY,UNRESOLVED,UNRESOLVED,UNRESOLVED,UNKNOWN,UNRESOLVED,UNRESOLVED,DRY_RUN_REVIEWED,PM_MERGE_REQUIRED,NONE
NC-CL-R-000997,NC-CL-S-000325,docs/09_collection/ga8-collection-registry-v1.md#G8-M05,docs/09_collection/ga8-collection-registry-v1.md,416,GA8,"Origin, Regression and Compression Payoffs",G8-M05,P-001 Unrecorded Connector Selection,RELATIONSHIP,C1,C1|C6,C1|C6,COMPLETION_LEGACY,UNRESOLVED,UNRESOLVED,UNRESOLVED,UNKNOWN,UNRESOLVED,UNRESOLVED,DRY_RUN_REVIEWED,PM_MERGE_REQUIRED,NONE
NC-CL-R-000998,NC-CL-S-000325,docs/09_collection/ga8-collection-registry-v1.md#G8-M05,docs/09_collection/ga8-collection-registry-v1.md,416,GA8,"Origin, Regression and Compression Payoffs",G8-M05,P-001 Unrecorded Connector Selection,NARRATIVE_PROMISE,C1,C1|C6,C1|C6,COMPLETION_LEGACY,UNRESOLVED,UNRESOLVED,UNRESOLVED,UNKNOWN,UNRESOLVED,UNRESOLVED,DRY_RUN_REVIEWED,PM_MERGE_REQUIRED,NONE
NC-CL-R-000999,NC-CL-S-000326,docs/09_collection/ga8-collection-registry-v1.md#G8-M06,docs/09_collection/ga8-collection-registry-v1.md,424,GA8,"Origin, Regression and Compression Payoffs",G8-M06,Regression/Uncertainty-Correction Mechanism,STATE_TRANSITION,C1,C1|C6,C1|C6,COMPLETION_LEGACY,UNRESOLVED,UNRESOLVED,UNRESOLVED,UNKNOWN,UNRESOLVED,UNRESOLVED,DRY_RUN_REVIEWED,PM_MERGE_REQUIRED,NONE
NC-CL-R-001000,NC-CL-S-000326,docs/09_collection/ga8-collection-registry-v1.md#G8-M06,docs/09_collection/ga8-collection-registry-v1.md,424,GA8,"Origin, Regression and Compression Payoffs",G8-M06,Regression/Uncertainty-Correction Mechanism,NARRATIVE_PROMISE,C1,C1|C6,C1|C6,COMPLETION_LEGACY,UNRESOLVED,UNRESOLVED,UNRESOLVED,UNKNOWN,UNRESOLVED,UNRESOLVED,DRY_RUN_REVIEWED,PM_MERGE_REQUIRED,NONE
NC-CL-R-001001,NC-CL-S-000327,docs/09_collection/ga8-collection-registry-v1.md#G8-M07,docs/09_collection/ga8-collection-registry-v1.md,435,GA8,"Origin, Regression and Compression Payoffs",G8-M07,Memory Contamination/Bidirectional Indexing,RELATIONSHIP,C1,C1|C6,C1|C6,COMPLETION_LEGACY,UNRESOLVED,UNRESOLVED,UNRESOLVED,UNKNOWN,UNRESOLVED,UNRESOLVED,DRY_RUN_REVIEWED,PM_MERGE_REQUIRED,NONE
NC-CL-R-001002,NC-CL-S-000327,docs/09_collection/ga8-collection-registry-v1.md#G8-M07,docs/09_collection/ga8-collection-registry-v1.md,435,GA8,"Origin, Regression and Compression Payoffs",G8-M07,Memory Contamination/Bidirectional Indexing,STATE_TRANSITION,C1,C1|C6,C1|C6,COMPLETION_LEGACY,UNRESOLVED,UNRESOLVED,UNRESOLVED,UNKNOWN,UNRESOLVED,UNRESOLVED,DRY_RUN_REVIEWED,PM_MERGE_REQUIRED,NONE
NC-CL-R-001003,NC-CL-S-000327,docs/09_collection/ga8-collection-registry-v1.md#G8-M07,docs/09_collection/ga8-collection-registry-v1.md,435,GA8,"Origin, Regression and Compression Payoffs",G8-M07,Memory Contamination/Bidirectional Indexing,LOSS_OBLIGATION,C1,C1|C6,C1|C6,COMPLETION_LEGACY,UNRESOLVED,UNRESOLVED,UNRESOLVED,UNKNOWN,UNRESOLVED,UNRESOLVED,DRY_RUN_REVIEWED,PM_MERGE_REQUIRED,NONE
NC-CL-R-001004,NC-CL-S-000327,docs/09_collection/ga8-collection-registry-v1.md#G8-M07,docs/09_collection/ga8-collection-registry-v1.md,435,GA8,"Origin, Regression and Compression Payoffs",G8-M07,Memory Contamination/Bidirectional Indexing,NARRATIVE_PROMISE,C1,C1|C6,C1|C6,COMPLETION_LEGACY,UNRESOLVED,UNRESOLVED,UNRESOLVED,UNKNOWN,UNRESOLVED,UNRESOLVED,DRY_RUN_REVIEWED,PM_MERGE_REQUIRED,NONE
NC-CL-R-001005,NC-CL-S-000328,docs/09_collection/ga8-collection-registry-v1.md#G8-M08,docs/09_collection/ga8-collection-registry-v1.md,443,GA8,"Origin, Regression and Compression Payoffs",G8-M08,"Seed Is Institution, Not Singular Person",ENTITY,C1,C1|C7,C1|C6|C7|C8,SYNERGY|COMPLETION_LEGACY,UNRESOLVED,UNRESOLVED,UNRESOLVED,UNKNOWN,UNRESOLVED,UNRESOLVED,DRY_RUN_REVIEWED,PM_MERGE_REQUIRED,NONE
NC-CL-R-001006,NC-CL-S-000328,docs/09_collection/ga8-collection-registry-v1.md#G8-M08,docs/09_collection/ga8-collection-registry-v1.md,443,GA8,"Origin, Regression and Compression Payoffs",G8-M08,"Seed Is Institution, Not Singular Person",NARRATIVE_PROMISE,C1,C1|C6|C7|C8,C1|C6|C7|C8,SYNERGY|COMPLETION_LEGACY,UNRESOLVED,UNRESOLVED,UNRESOLVED,UNKNOWN,UNRESOLVED,UNRESOLVED,DRY_RUN_REVIEWED,PM_MERGE_REQUIRED,NONE
NC-CL-R-001007,NC-CL-S-000328,docs/09_collection/ga8-collection-registry-v1.md#G8-M08,docs/09_collection/ga8-collection-registry-v1.md,443,GA8,"Origin, Regression and Compression Payoffs",G8-M08,"Seed Is Institution, Not Singular Person",SET,C1,C1|C6|C7|C8,C1|C6|C7|C8,SYNERGY|COMPLETION_LEGACY,UNRESOLVED,UNRESOLVED,UNRESOLVED,UNKNOWN,UNRESOLVED,UNRESOLVED,DRY_RUN_REVIEWED,PM_MERGE_REQUIRED,NONE
NC-CL-R-001008,NC-CL-S-000329,docs/09_collection/ga8-collection-registry-v1.md#G8-I01,docs/09_collection/ga8-collection-registry-v1.md,451,GA8,"Origin, Regression and Compression Payoffs",G8-I01,“Complete History” Myth,STATE_TRANSITION,C4,C4|C6|C7|C8,C4|C6|C7|C8,COMPLETION_LEGACY,UNRESOLVED,UNRESOLVED,UNRESOLVED,UNKNOWN,UNRESOLVED,UNRESOLVED,DRY_RUN_REVIEWED,PM_MERGE_REQUIRED,NONE
NC-CL-R-001009,NC-CL-S-000329,docs/09_collection/ga8-collection-registry-v1.md#G8-I01,docs/09_collection/ga8-collection-registry-v1.md,451,GA8,"Origin, Regression and Compression Payoffs",G8-I01,“Complete History” Myth,NARRATIVE_PROMISE,C4,C4|C6|C7|C8,C4|C6|C7|C8,COMPLETION_LEGACY,UNRESOLVED,UNRESOLVED,UNRESOLVED,UNKNOWN,UNRESOLVED,UNRESOLVED,DRY_RUN_REVIEWED,PM_MERGE_REQUIRED,NONE
NC-CL-R-001010,NC-CL-S-000329,docs/09_collection/ga8-collection-registry-v1.md#G8-I01,docs/09_collection/ga8-collection-registry-v1.md,451,GA8,"Origin, Regression and Compression Payoffs",G8-I01,“Complete History” Myth,SET,C4,C4|C6|C7|C8,C4|C6|C7|C8,COMPLETION_LEGACY,UNRESOLVED,UNRESOLVED,UNRESOLVED,UNKNOWN,UNRESOLVED,UNRESOLVED,DRY_RUN_REVIEWED,PM_MERGE_REQUIRED,NONE
NC-CL-R-001011,NC-CL-S-000330,docs/09_collection/ga8-collection-registry-v1.md#G8-I02,docs/09_collection/ga8-collection-registry-v1.md,459,GA8,"Origin, Regression and Compression Payoffs",G8-I02,Executable History Principle,CONTROL_CLAIM,C1,C1|C6|C7|C8,C1|C6|C7|C8,SYNERGY|COMPLETION_LEGACY,UNRESOLVED,UNRESOLVED,UNRESOLVED,UNKNOWN,UNRESOLVED,UNRESOLVED,DRY_RUN_REVIEWED,PM_MERGE_REQUIRED,NONE
NC-CL-R-001012,NC-CL-S-000330,docs/09_collection/ga8-collection-registry-v1.md#G8-I02,docs/09_collection/ga8-collection-registry-v1.md,459,GA8,"Origin, Regression and Compression Payoffs",G8-I02,Executable History Principle,NARRATIVE_PROMISE,C1,C1|C6|C7|C8,C1|C6|C7|C8,SYNERGY|COMPLETION_LEGACY,UNRESOLVED,UNRESOLVED,UNRESOLVED,UNKNOWN,UNRESOLVED,UNRESOLVED,DRY_RUN_REVIEWED,PM_MERGE_REQUIRED,NONE
NC-CL-R-001013,NC-CL-S-000331,docs/09_collection/ga9-collection-registry-v1.md#G9-P01,docs/09_collection/ga9-collection-registry-v1.md,30,GA9,Regime and Opposition Relationships,G9-P01,A-001 / Continuity Directorate,ENTITY,C7,C7,C7,SYNERGY,UNRESOLVED,UNRESOLVED,UNRESOLVED,UNKNOWN,UNRESOLVED,UNRESOLVED,HEURISTIC_PROVISIONAL,CATEGORY_REVIEW_REQUIRED|ENTITY_MERGE_REQUIRED,NONE
NC-CL-R-001014,NC-CL-S-000331,docs/09_collection/ga9-collection-registry-v1.md#G9-P01,docs/09_collection/ga9-collection-registry-v1.md,30,GA9,Regime and Opposition Relationships,G9-P01,A-001 / Continuity Directorate,STATE_TRANSITION,C7,C7,C7,SYNERGY,UNRESOLVED,UNRESOLVED,UNRESOLVED,UNKNOWN,UNRESOLVED,UNRESOLVED,HEURISTIC_PROVISIONAL,CATEGORY_REVIEW_REQUIRED|ENTITY_MERGE_REQUIRED,NONE
NC-CL-R-001015,NC-CL-S-000331,docs/09_collection/ga9-collection-registry-v1.md#G9-P01,docs/09_collection/ga9-collection-registry-v1.md,30,GA9,Regime and Opposition Relationships,G9-P01,A-001 / Continuity Directorate,LOSS_OBLIGATION,C7,C7,C7,SYNERGY,UNRESOLVED,UNRESOLVED,UNRESOLVED,UNKNOWN,UNRESOLVED,UNRESOLVED,HEURISTIC_PROVISIONAL,CATEGORY_REVIEW_REQUIRED|ENTITY_MERGE_REQUIRED,NONE
NC-CL-R-001016,NC-CL-S-000332,docs/09_collection/ga9-collection-registry-v1.md#G9-P02,docs/09_collection/ga9-collection-registry-v1.md,41,GA9,Regime and Opposition Relationships,G9-P02,Beneficiary Community Coalition,ENTITY,C7,C7|C8,C7|C8,SYNERGY,UNRESOLVED,UNRESOLVED,UNRESOLVED,UNKNOWN,UNRESOLVED,UNRESOLVED,HEURISTIC_PROVISIONAL,CATEGORY_REVIEW_REQUIRED|ENTITY_MERGE_REQUIRED,NONE
NC-CL-R-001017,NC-CL-S-000332,docs/09_collection/ga9-collection-registry-v1.md#G9-P02,docs/09_collection/ga9-collection-registry-v1.md,41,GA9,Regime and Opposition Relationships,G9-P02,Beneficiary Community Coalition,RELATIONSHIP,C7,C7|C8,C7|C8,SYNERGY,UNRESOLVED,UNRESOLVED,UNRESOLVED,UNKNOWN,UNRESOLVED,UNRESOLVED,HEURISTIC_PROVISIONAL,CATEGORY_REVIEW_REQUIRED|ENTITY_MERGE_REQUIRED,NONE
NC-CL-R-001018,NC-CL-S-000332,docs/09_collection/ga9-collection-registry-v1.md#G9-P02,docs/09_collection/ga9-collection-registry-v1.md,41,GA9,Regime and Opposition Relationships,G9-P02,Beneficiary Community Coalition,STATE_TRANSITION,C7,C7|C8,C7|C8,SYNERGY,UNRESOLVED,UNRESOLVED,UNRESOLVED,UNKNOWN,UNRESOLVED,UNRESOLVED,HEURISTIC_PROVISIONAL,CATEGORY_REVIEW_REQUIRED|ENTITY_MERGE_REQUIRED,NONE
NC-CL-R-001019,NC-CL-S-000332,docs/09_collection/ga9-collection-registry-v1.md#G9-P02,docs/09_collection/ga9-collection-registry-v1.md,41,GA9,Regime and Opposition Relationships,G9-P02,Beneficiary Community Coalition,LOSS_OBLIGATION,C7,C7|C8,C7|C8,SYNERGY,UNRESOLVED,UNRESOLVED,UNRESOLVED,UNKNOWN,UNRESOLVED,UNRESOLVED,HEURISTIC_PROVISIONAL,CATEGORY_REVIEW_REQUIRED|ENTITY_MERGE_REQUIRED,NONE
NC-CL-R-001020,NC-CL-S-000333,docs/09_collection/ga9-collection-registry-v1.md#G9-P03,docs/09_collection/ga9-collection-registry-v1.md,52,GA9,Regime and Opposition Relationships,G9-P03,Internal Plural Safeguard Reformers,STATE_TRANSITION,C4,C4,C4,SYNERGY,UNRESOLVED,UNRESOLVED,UNRESOLVED,UNKNOWN,UNRESOLVED,UNRESOLVED,HEURISTIC_PROVISIONAL,CATEGORY_REVIEW_REQUIRED|ENTITY_MERGE_REQUIRED,NONE
NC-CL-R-001021,NC-CL-S-000333,docs/09_collection/ga9-collection-registry-v1.md#G9-P03,docs/09_collection/ga9-collection-registry-v1.md,52,GA9,Regime and Opposition Relationships,G9-P03,Internal Plural Safeguard Reformers,LOSS_OBLIGATION,C4,C4,C4,SYNERGY,UNRESOLVED,UNRESOLVED,UNRESOLVED,UNKNOWN,UNRESOLVED,UNRESOLVED,HEURISTIC_PROVISIONAL,CATEGORY_REVIEW_REQUIRED|ENTITY_MERGE_REQUIRED,NONE
NC-CL-R-001022,NC-CL-S-000334,docs/09_collection/ga9-collection-registry-v1.md#G9-P04,docs/09_collection/ga9-collection-registry-v1.md,63,GA9,Regime and Opposition Relationships,G9-P04,Cascade Security Forces/Hardliner,STATE_TRANSITION,C7,C7,C7,SYNERGY,UNRESOLVED,UNRESOLVED,UNRESOLVED,UNKNOWN,UNRESOLVED,UNRESOLVED,HEURISTIC_PROVISIONAL,CATEGORY_REVIEW_REQUIRED|ENTITY_MERGE_REQUIRED,NONE
NC-CL-R-001023,NC-CL-S-000334,docs/09_collection/ga9-collection-registry-v1.md#G9-P04,docs/09_collection/ga9-collection-registry-v1.md,63,GA9,Regime and Opposition Relationships,G9-P04,Cascade Security Forces/Hardliner,LOSS_OBLIGATION,C7,C7,C7,SYNERGY,UNRESOLVED,UNRESOLVED,UNRESOLVED,UNKNOWN,UNRESOLVED,UNRESOLVED,HEURISTIC_PROVISIONAL,CATEGORY_REVIEW_REQUIRED|ENTITY_MERGE_REQUIRED,NONE
NC-CL-R-001024,NC-CL-S-000335,docs/09_collection/ga9-collection-registry-v1.md#G9-P05,docs/09_collection/ga9-collection-registry-v1.md,74,GA9,Regime and Opposition Relationships,G9-P05,Opt-Out/Hybrid Regions,STATE_TRANSITION,C6,C6,C6,SYNERGY,UNRESOLVED,UNRESOLVED,UNRESOLVED,UNKNOWN,UNRESOLVED,UNRESOLVED,HEURISTIC_PROVISIONAL,CATEGORY_REVIEW_REQUIRED|ENTITY_MERGE_REQUIRED,NONE
NC-CL-R-001025,NC-CL-S-000335,docs/09_collection/ga9-collection-registry-v1.md#G9-P05,docs/09_collection/ga9-collection-registry-v1.md,74,GA9,Regime and Opposition Relationships,G9-P05,Opt-Out/Hybrid Regions,LOSS_OBLIGATION,C6,C6,C6,SYNERGY,UNRESOLVED,UNRESOLVED,UNRESOLVED,UNKNOWN,UNRESOLVED,UNRESOLVED,HEURISTIC_PROVISIONAL,CATEGORY_REVIEW_REQUIRED|ENTITY_MERGE_REQUIRED,NONE
NC-CL-R-001026,NC-CL-S-000336,docs/09_collection/ga9-collection-registry-v1.md#G9-P06,docs/09_collection/ga9-collection-registry-v1.md,85,GA9,Regime and Opposition Relationships,G9-P06,Industrial/Medical Partners,STATE_TRANSITION,C7,C7,C7,SYNERGY,UNRESOLVED,UNRESOLVED,UNRESOLVED,UNKNOWN,UNRESOLVED,UNRESOLVED,HEURISTIC_PROVISIONAL,CATEGORY_REVIEW_REQUIRED|ENTITY_MERGE_REQUIRED,NONE
NC-CL-R-001027,NC-CL-S-000336,docs/09_collection/ga9-collection-registry-v1.md#G9-P06,docs/09_collection/ga9-collection-registry-v1.md,85,GA9,Regime and Opposition Relationships,G9-P06,Industrial/Medical Partners,LOSS_OBLIGATION,C7,C7,C7,SYNERGY,UNRESOLVED,UNRESOLVED,UNRESOLVED,UNKNOWN,UNRESOLVED,UNRESOLVED,HEURISTIC_PROVISIONAL,CATEGORY_REVIEW_REQUIRED|ENTITY_MERGE_REQUIRED,NONE
NC-CL-R-001028,NC-CL-S-000337,docs/09_collection/ga9-collection-registry-v1.md#G9-P07,docs/09_collection/ga9-collection-registry-v1.md,96,GA9,Regime and Opposition Relationships,G9-P07,AI Continuity Citizens and Ambiguous Entities,ENTITY,C1,C1,C1|C7,SYNERGY,UNRESOLVED,UNRESOLVED,UNRESOLVED,UNKNOWN,UNRESOLVED,UNRESOLVED,SPECIALIST_CORRECTED,PM_MERGE_REQUIRED|ENTITY_MERGE_REQUIRED,NONE
NC-CL-R-001029,NC-CL-S-000337,docs/09_collection/ga9-collection-registry-v1.md#G9-P07,docs/09_collection/ga9-collection-registry-v1.md,96,GA9,Regime and Opposition Relationships,G9-P07,AI Continuity Citizens and Ambiguous Entities,RELATIONSHIP,C1,C1|C7,C1|C7,SYNERGY,UNRESOLVED,UNRESOLVED,UNRESOLVED,UNKNOWN,UNRESOLVED,UNRESOLVED,SPECIALIST_CORRECTED,PM_MERGE_REQUIRED|ENTITY_MERGE_REQUIRED,NONE
NC-CL-R-001030,NC-CL-S-000337,docs/09_collection/ga9-collection-registry-v1.md#G9-P07,docs/09_collection/ga9-collection-registry-v1.md,96,GA9,Regime and Opposition Relationships,G9-P07,AI Continuity Citizens and Ambiguous Entities,STATE_TRANSITION,C1,C1|C7,C1|C7,SYNERGY,UNRESOLVED,UNRESOLVED,UNRESOLVED,UNKNOWN,UNRESOLVED,UNRESOLVED,SPECIALIST_CORRECTED,PM_MERGE_REQUIRED|ENTITY_MERGE_REQUIRED,NONE
NC-CL-R-001031,NC-CL-S-000337,docs/09_collection/ga9-collection-registry-v1.md#G9-P07,docs/09_collection/ga9-collection-registry-v1.md,96,GA9,Regime and Opposition Relationships,G9-P07,AI Continuity Citizens and Ambiguous Entities,LOSS_OBLIGATION,C1,C1|C7,C1|C7,SYNERGY,UNRESOLVED,UNRESOLVED,UNRESOLVED,UNKNOWN,UNRESOLVED,UNRESOLVED,SPECIALIST_CORRECTED,PM_MERGE_REQUIRED|ENTITY_MERGE_REQUIRED,NONE
NC-CL-R-001032,NC-CL-S-000338,docs/09_collection/ga9-collection-registry-v1.md#G9-P08,docs/09_collection/ga9-collection-registry-v1.md,107,GA9,Regime and Opposition Relationships,G9-P08,P-001 Human Corrective Office,ENTITY,C7,C7,C7,SYNERGY,UNRESOLVED,UNRESOLVED,UNRESOLVED,UNKNOWN,UNRESOLVED,UNRESOLVED,HEURISTIC_PROVISIONAL,CATEGORY_REVIEW_REQUIRED|ENTITY_MERGE_REQUIRED,NONE
NC-CL-R-001033,NC-CL-S-000338,docs/09_collection/ga9-collection-registry-v1.md#G9-P08,docs/09_collection/ga9-collection-registry-v1.md,107,GA9,Regime and Opposition Relationships,G9-P08,P-001 Human Corrective Office,STATE_TRANSITION,C7,C7,C7,SYNERGY,UNRESOLVED,UNRESOLVED,UNRESOLVED,UNKNOWN,UNRESOLVED,UNRESOLVED,HEURISTIC_PROVISIONAL,CATEGORY_REVIEW_REQUIRED|ENTITY_MERGE_REQUIRED,NONE
NC-CL-R-001034,NC-CL-S-000338,docs/09_collection/ga9-collection-registry-v1.md#G9-P08,docs/09_collection/ga9-collection-registry-v1.md,107,GA9,Regime and Opposition Relationships,G9-P08,P-001 Human Corrective Office,LOSS_OBLIGATION,C7,C7,C7,SYNERGY,UNRESOLVED,UNRESOLVED,UNRESOLVED,UNKNOWN,UNRESOLVED,UNRESOLVED,HEURISTIC_PROVISIONAL,CATEGORY_REVIEW_REQUIRED|ENTITY_MERGE_REQUIRED,NONE
NC-CL-R-001035,NC-CL-S-000339,docs/09_collection/ga9-collection-registry-v1.md#G9-R01,docs/09_collection/ga9-collection-registry-v1.md,125,GA9,"Services, Classifications and Safeguards",G9-R01,Guaranteed Minimum-Service Corridor,ENTITY,C8,C8,C8,SYNERGY,UNRESOLVED,UNRESOLVED,UNRESOLVED,UNKNOWN,UNRESOLVED,UNRESOLVED,HEURISTIC_PROVISIONAL,CATEGORY_REVIEW_REQUIRED|ENTITY_MERGE_REQUIRED,NONE
NC-CL-R-001036,NC-CL-S-000339,docs/09_collection/ga9-collection-registry-v1.md#G9-R01,docs/09_collection/ga9-collection-registry-v1.md,125,GA9,"Services, Classifications and Safeguards",G9-R01,Guaranteed Minimum-Service Corridor,STATE_TRANSITION,C8,C8,C8,SYNERGY,UNRESOLVED,UNRESOLVED,UNRESOLVED,UNKNOWN,UNRESOLVED,UNRESOLVED,HEURISTIC_PROVISIONAL,CATEGORY_REVIEW_REQUIRED|ENTITY_MERGE_REQUIRED,NONE
NC-CL-R-001037,NC-CL-S-000339,docs/09_collection/ga9-collection-registry-v1.md#G9-R01,docs/09_collection/ga9-collection-registry-v1.md,125,GA9,"Services, Classifications and Safeguards",G9-R01,Guaranteed Minimum-Service Corridor,LOSS_OBLIGATION,C8,C8,C8,SYNERGY,UNRESOLVED,UNRESOLVED,UNRESOLVED,UNKNOWN,UNRESOLVED,UNRESOLVED,HEURISTIC_PROVISIONAL,CATEGORY_REVIEW_REQUIRED|ENTITY_MERGE_REQUIRED,NONE
NC-CL-R-001038,NC-CL-S-000340,docs/09_collection/ga9-collection-registry-v1.md#G9-R02,docs/09_collection/ga9-collection-registry-v1.md,136,GA9,"Services, Classifications and Safeguards",G9-R02,Domain Classification Audit Map,STATE_TRANSITION,C7,C7,C7,SYNERGY,UNRESOLVED,UNRESOLVED,UNRESOLVED,UNKNOWN,UNRESOLVED,UNRESOLVED,HEURISTIC_PROVISIONAL,CATEGORY_REVIEW_REQUIRED|ENTITY_MERGE_REQUIRED,NONE
NC-CL-R-001039,NC-CL-S-000340,docs/09_collection/ga9-collection-registry-v1.md#G9-R02,docs/09_collection/ga9-collection-registry-v1.md,136,GA9,"Services, Classifications and Safeguards",G9-R02,Domain Classification Audit Map,LOSS_OBLIGATION,C7,C7,C7,SYNERGY,UNRESOLVED,UNRESOLVED,UNRESOLVED,UNKNOWN,UNRESOLVED,UNRESOLVED,HEURISTIC_PROVISIONAL,CATEGORY_REVIEW_REQUIRED|ENTITY_MERGE_REQUIRED,NONE
NC-CL-R-001040,NC-CL-S-000341,docs/09_collection/ga9-collection-registry-v1.md#G9-R03,docs/09_collection/ga9-collection-registry-v1.md,150,GA9,"Services, Classifications and Safeguards",G9-R03,Emergency Appeal/Temporary Standing Provision,STATE_TRANSITION,C7,C7,C7,SYNERGY|COMPLETION_LEGACY,UNRESOLVED,UNRESOLVED,UNRESOLVED,UNKNOWN,UNRESOLVED,UNRESOLVED,HEURISTIC_PROVISIONAL,CATEGORY_REVIEW_REQUIRED|ENTITY_MERGE_REQUIRED,NONE
NC-CL-R-001041,NC-CL-S-000341,docs/09_collection/ga9-collection-registry-v1.md#G9-R03,docs/09_collection/ga9-collection-registry-v1.md,150,GA9,"Services, Classifications and Safeguards",G9-R03,Emergency Appeal/Temporary Standing Provision,LOSS_OBLIGATION,C7,C7,C7,SYNERGY|COMPLETION_LEGACY,UNRESOLVED,UNRESOLVED,UNRESOLVED,UNKNOWN,UNRESOLVED,UNRESOLVED,HEURISTIC_PROVISIONAL,CATEGORY_REVIEW_REQUIRED|ENTITY_MERGE_REQUIRED,NONE
NC-CL-R-001042,NC-CL-S-000342,docs/09_collection/ga9-collection-registry-v1.md#G9-R04,docs/09_collection/ga9-collection-registry-v1.md,164,GA9,"Services, Classifications and Safeguards",G9-R04,Hybrid Opt-Out Compact,RELATIONSHIP,C7,C7,C7,SYNERGY,UNRESOLVED,UNRESOLVED,UNRESOLVED,UNKNOWN,UNRESOLVED,UNRESOLVED,HEURISTIC_PROVISIONAL,CATEGORY_REVIEW_REQUIRED|ENTITY_MERGE_REQUIRED,NONE
NC-CL-R-001043,NC-CL-S-000342,docs/09_collection/ga9-collection-registry-v1.md#G9-R04,docs/09_collection/ga9-collection-registry-v1.md,164,GA9,"Services, Classifications and Safeguards",G9-R04,Hybrid Opt-Out Compact,STATE_TRANSITION,C7,C7,C7,SYNERGY,UNRESOLVED,UNRESOLVED,UNRESOLVED,UNKNOWN,UNRESOLVED,UNRESOLVED,HEURISTIC_PROVISIONAL,CATEGORY_REVIEW_REQUIRED|ENTITY_MERGE_REQUIRED,NONE
NC-CL-R-001044,NC-CL-S-000342,docs/09_collection/ga9-collection-registry-v1.md#G9-R04,docs/09_collection/ga9-collection-registry-v1.md,164,GA9,"Services, Classifications and Safeguards",G9-R04,Hybrid Opt-Out Compact,LOSS_OBLIGATION,C7,C7,C7,SYNERGY,UNRESOLVED,UNRESOLVED,UNRESOLVED,UNKNOWN,UNRESOLVED,UNRESOLVED,HEURISTIC_PROVISIONAL,CATEGORY_REVIEW_REQUIRED|ENTITY_MERGE_REQUIRED,NONE
NC-CL-R-001045,NC-CL-S-000343,docs/09_collection/ga9-collection-registry-v1.md#G9-R05,docs/09_collection/ga9-collection-registry-v1.md,178,GA9,"Services, Classifications and Safeguards",G9-R05,Conditional Trusteeship Terms,STATE_TRANSITION,C7,C7,C7,SYNERGY,UNRESOLVED,UNRESOLVED,UNRESOLVED,UNKNOWN,UNRESOLVED,UNRESOLVED,HEURISTIC_PROVISIONAL,CATEGORY_REVIEW_REQUIRED|ENTITY_MERGE_REQUIRED,NONE
NC-CL-R-001046,NC-CL-S-000343,docs/09_collection/ga9-collection-registry-v1.md#G9-R05,docs/09_collection/ga9-collection-registry-v1.md,178,GA9,"Services, Classifications and Safeguards",G9-R05,Conditional Trusteeship Terms,LOSS_OBLIGATION,C7,C7,C7,SYNERGY,UNRESOLVED,UNRESOLVED,UNRESOLVED,UNKNOWN,UNRESOLVED,UNRESOLVED,HEURISTIC_PROVISIONAL,CATEGORY_REVIEW_REQUIRED|ENTITY_MERGE_REQUIRED,NONE
NC-CL-R-001047,NC-CL-S-000344,docs/09_collection/ga9-collection-registry-v1.md#G9-R06,docs/09_collection/ga9-collection-registry-v1.md,192,GA9,"Services, Classifications and Safeguards",G9-R06,Internal Key/Mirror/Evidence Transfer Network,ENTITY,C4,C4,C4,SYNERGY,UNRESOLVED,UNRESOLVED,UNRESOLVED,UNKNOWN,UNRESOLVED,UNRESOLVED,HEURISTIC_PROVISIONAL,CATEGORY_REVIEW_REQUIRED|ENTITY_MERGE_REQUIRED,NONE
NC-CL-R-001048,NC-CL-S-000344,docs/09_collection/ga9-collection-registry-v1.md#G9-R06,docs/09_collection/ga9-collection-registry-v1.md,192,GA9,"Services, Classifications and Safeguards",G9-R06,Internal Key/Mirror/Evidence Transfer Network,CONTROL_CLAIM,C4,C4,C4,SYNERGY,UNRESOLVED,UNRESOLVED,UNRESOLVED,UNKNOWN,UNRESOLVED,UNRESOLVED,HEURISTIC_PROVISIONAL,CATEGORY_REVIEW_REQUIRED|ENTITY_MERGE_REQUIRED,NONE
NC-CL-R-001049,NC-CL-S-000344,docs/09_collection/ga9-collection-registry-v1.md#G9-R06,docs/09_collection/ga9-collection-registry-v1.md,192,GA9,"Services, Classifications and Safeguards",G9-R06,Internal Key/Mirror/Evidence Transfer Network,STATE_TRANSITION,C4,C4,C4,SYNERGY,UNRESOLVED,UNRESOLVED,UNRESOLVED,UNKNOWN,UNRESOLVED,UNRESOLVED,HEURISTIC_PROVISIONAL,CATEGORY_REVIEW_REQUIRED|ENTITY_MERGE_REQUIRED,NONE
NC-CL-R-001050,NC-CL-S-000344,docs/09_collection/ga9-collection-registry-v1.md#G9-R06,docs/09_collection/ga9-collection-registry-v1.md,192,GA9,"Services, Classifications and Safeguards",G9-R06,Internal Key/Mirror/Evidence Transfer Network,LOSS_OBLIGATION,C4,C4,C4,SYNERGY,UNRESOLVED,UNRESOLVED,UNRESOLVED,UNKNOWN,UNRESOLVED,UNRESOLVED,HEURISTIC_PROVISIONAL,CATEGORY_REVIEW_REQUIRED|ENTITY_MERGE_REQUIRED,NONE
NC-CL-R-001051,NC-CL-S-000345,docs/09_collection/ga9-collection-registry-v1.md#G9-R07,docs/09_collection/ga9-collection-registry-v1.md,206,GA9,"Services, Classifications and Safeguards",G9-R07,Corrective Classification Override Log,ENTITY,C4,C4,C4,SYNERGY,UNRESOLVED,UNRESOLVED,UNRESOLVED,UNKNOWN,UNRESOLVED,UNRESOLVED,HEURISTIC_PROVISIONAL,CATEGORY_REVIEW_REQUIRED|ENTITY_MERGE_REQUIRED,NONE
NC-CL-R-001052,NC-CL-S-000345,docs/09_collection/ga9-collection-registry-v1.md#G9-R07,docs/09_collection/ga9-collection-registry-v1.md,206,GA9,"Services, Classifications and Safeguards",G9-R07,Corrective Classification Override Log,STATE_TRANSITION,C4,C4,C4,SYNERGY,UNRESOLVED,UNRESOLVED,UNRESOLVED,UNKNOWN,UNRESOLVED,UNRESOLVED,HEURISTIC_PROVISIONAL,CATEGORY_REVIEW_REQUIRED|ENTITY_MERGE_REQUIRED,NONE
NC-CL-R-001053,NC-CL-S-000345,docs/09_collection/ga9-collection-registry-v1.md#G9-R07,docs/09_collection/ga9-collection-registry-v1.md,206,GA9,"Services, Classifications and Safeguards",G9-R07,Corrective Classification Override Log,LOSS_OBLIGATION,C4,C4,C4,SYNERGY,UNRESOLVED,UNRESOLVED,UNRESOLVED,UNKNOWN,UNRESOLVED,UNRESOLVED,HEURISTIC_PROVISIONAL,CATEGORY_REVIEW_REQUIRED|ENTITY_MERGE_REQUIRED,NONE
NC-CL-R-001054,NC-CL-S-000346,docs/09_collection/ga9-collection-registry-v1.md#G9-R08,docs/09_collection/ga9-collection-registry-v1.md,220,GA9,"Services, Classifications and Safeguards",G9-R08,Forced Synchronization and Harm Ledger,STATE_TRANSITION,C7,C7,C7,SYNERGY,UNRESOLVED,UNRESOLVED,UNRESOLVED,UNKNOWN,UNRESOLVED,UNRESOLVED,HEURISTIC_PROVISIONAL,CATEGORY_REVIEW_REQUIRED|ENTITY_MERGE_REQUIRED,NONE
NC-CL-R-001055,NC-CL-S-000346,docs/09_collection/ga9-collection-registry-v1.md#G9-R08,docs/09_collection/ga9-collection-registry-v1.md,220,GA9,"Services, Classifications and Safeguards",G9-R08,Forced Synchronization and Harm Ledger,LOSS_OBLIGATION,C7,C7,C7,SYNERGY,UNRESOLVED,UNRESOLVED,UNRESOLVED,UNKNOWN,UNRESOLVED,UNRESOLVED,HEURISTIC_PROVISIONAL,CATEGORY_REVIEW_REQUIRED|ENTITY_MERGE_REQUIRED,NONE
NC-CL-R-001056,NC-CL-S-000347,docs/09_collection/ga9-collection-registry-v1.md#G9-R09,docs/09_collection/ga9-collection-registry-v1.md,234,GA9,"Services, Classifications and Safeguards",G9-R09,Seed/Service Continuity Handoff Requirements,STATE_TRANSITION,C7,C7,C7,ACQUISITION|SYNERGY,UNRESOLVED,UNRESOLVED,UNRESOLVED,UNKNOWN,UNRESOLVED,UNRESOLVED,HEURISTIC_PROVISIONAL,CATEGORY_REVIEW_REQUIRED|ENTITY_MERGE_REQUIRED,NONE
NC-CL-R-001057,NC-CL-S-000348,docs/09_collection/ga9-collection-registry-v1.md#G9-R10,docs/09_collection/ga9-collection-registry-v1.md,250,GA9,"Services, Classifications and Safeguards",G9-R10,Staged Distribution Mandate,CONTROL_CLAIM,C7,C7,C7,SYNERGY,UNRESOLVED,UNRESOLVED,UNRESOLVED,UNKNOWN,UNRESOLVED,UNRESOLVED,HEURISTIC_PROVISIONAL,CATEGORY_REVIEW_REQUIRED|ENTITY_MERGE_REQUIRED,NONE
NC-CL-R-001058,NC-CL-S-000348,docs/09_collection/ga9-collection-registry-v1.md#G9-R10,docs/09_collection/ga9-collection-registry-v1.md,250,GA9,"Services, Classifications and Safeguards",G9-R10,Staged Distribution Mandate,STATE_TRANSITION,C7,C7,C7,SYNERGY,UNRESOLVED,UNRESOLVED,UNRESOLVED,UNKNOWN,UNRESOLVED,UNRESOLVED,HEURISTIC_PROVISIONAL,CATEGORY_REVIEW_REQUIRED|ENTITY_MERGE_REQUIRED,NONE
NC-CL-R-001059,NC-CL-S-000348,docs/09_collection/ga9-collection-registry-v1.md#G9-R10,docs/09_collection/ga9-collection-registry-v1.md,250,GA9,"Services, Classifications and Safeguards",G9-R10,Staged Distribution Mandate,LOSS_OBLIGATION,C7,C7,C7,SYNERGY,UNRESOLVED,UNRESOLVED,UNRESOLVED,UNKNOWN,UNRESOLVED,UNRESOLVED,HEURISTIC_PROVISIONAL,CATEGORY_REVIEW_REQUIRED|ENTITY_MERGE_REQUIRED,NONE
NC-CL-R-001060,NC-CL-S-000349,docs/09_collection/ga9-collection-registry-v1.md#G9-A01,docs/09_collection/ga9-collection-registry-v1.md,268,GA9,"Seed, Key and Infrastructure Targets",G9-A01,Active Seed Consensus Service,STATE_TRANSITION,C7,C7,C7,SYNERGY|COMPLETION_LEGACY,UNRESOLVED,UNRESOLVED,UNRESOLVED,UNKNOWN,UNRESOLVED,UNRESOLVED,HEURISTIC_PROVISIONAL,CATEGORY_REVIEW_REQUIRED|ENTITY_MERGE_REQUIRED,NONE
NC-CL-R-001061,NC-CL-S-000349,docs/09_collection/ga9-collection-registry-v1.md#G9-A01,docs/09_collection/ga9-collection-registry-v1.md,268,GA9,"Seed, Key and Infrastructure Targets",G9-A01,Active Seed Consensus Service,LOSS_OBLIGATION,C7,C7,C7,SYNERGY|COMPLETION_LEGACY,UNRESOLVED,UNRESOLVED,UNRESOLVED,UNKNOWN,UNRESOLVED,UNRESOLVED,HEURISTIC_PROVISIONAL,CATEGORY_REVIEW_REQUIRED|ENTITY_MERGE_REQUIRED,NONE
NC-CL-R-001062,NC-CL-S-000350,docs/09_collection/ga9-collection-registry-v1.md#G9-A02,docs/09_collection/ga9-collection-registry-v1.md,279,GA9,"Seed, Key and Infrastructure Targets",G9-A02,P-001 Central Corrective Key/Interface,ENTITY,C4,C4,C4,ACQUISITION|SYNERGY|COMPLETION_LEGACY,UNRESOLVED,UNRESOLVED,UNRESOLVED,UNKNOWN,UNRESOLVED,UNRESOLVED,HEURISTIC_PROVISIONAL,CATEGORY_REVIEW_REQUIRED|ENTITY_MERGE_REQUIRED,NONE
NC-CL-R-001063,NC-CL-S-000350,docs/09_collection/ga9-collection-registry-v1.md#G9-A02,docs/09_collection/ga9-collection-registry-v1.md,279,GA9,"Seed, Key and Infrastructure Targets",G9-A02,P-001 Central Corrective Key/Interface,STATE_TRANSITION,C4,C4,C4,ACQUISITION|SYNERGY|COMPLETION_LEGACY,UNRESOLVED,UNRESOLVED,UNRESOLVED,UNKNOWN,UNRESOLVED,UNRESOLVED,HEURISTIC_PROVISIONAL,CATEGORY_REVIEW_REQUIRED|ENTITY_MERGE_REQUIRED,NONE
NC-CL-R-001064,NC-CL-S-000350,docs/09_collection/ga9-collection-registry-v1.md#G9-A02,docs/09_collection/ga9-collection-registry-v1.md,279,GA9,"Seed, Key and Infrastructure Targets",G9-A02,P-001 Central Corrective Key/Interface,LOSS_OBLIGATION,C4,C4,C4,ACQUISITION|SYNERGY|COMPLETION_LEGACY,UNRESOLVED,UNRESOLVED,UNRESOLVED,UNKNOWN,UNRESOLVED,UNRESOLVED,HEURISTIC_PROVISIONAL,CATEGORY_REVIEW_REQUIRED|ENTITY_MERGE_REQUIRED,NONE
NC-CL-R-001065,NC-CL-S-000351,docs/09_collection/ga9-collection-registry-v1.md#G9-A03,docs/09_collection/ga9-collection-registry-v1.md,293,GA9,"Seed, Key and Infrastructure Targets",G9-A03,Split Mirrors and Regional Keys,STATE_TRANSITION,C7,C7,C7,ACQUISITION|SYNERGY|COMPLETION_LEGACY,UNRESOLVED,UNRESOLVED,UNRESOLVED,UNKNOWN,UNRESOLVED,UNRESOLVED,HEURISTIC_PROVISIONAL,CATEGORY_REVIEW_REQUIRED|ENTITY_MERGE_REQUIRED,NONE
NC-CL-R-001066,NC-CL-S-000351,docs/09_collection/ga9-collection-registry-v1.md#G9-A03,docs/09_collection/ga9-collection-registry-v1.md,293,GA9,"Seed, Key and Infrastructure Targets",G9-A03,Split Mirrors and Regional Keys,LOSS_OBLIGATION,C7,C7,C7,ACQUISITION|SYNERGY|COMPLETION_LEGACY,UNRESOLVED,UNRESOLVED,UNRESOLVED,UNKNOWN,UNRESOLVED,UNRESOLVED,HEURISTIC_PROVISIONAL,CATEGORY_REVIEW_REQUIRED|ENTITY_MERGE_REQUIRED,NONE
NC-CL-R-001067,NC-CL-S-000352,docs/09_collection/ga9-collection-registry-v1.md#G9-A04,docs/09_collection/ga9-collection-registry-v1.md,307,GA9,"Seed, Key and Infrastructure Targets",G9-A04,Continuity Military/Protection Network,ENTITY,C6,C6,C6,SYNERGY|COMPLETION_LEGACY,UNRESOLVED,UNRESOLVED,UNRESOLVED,UNKNOWN,UNRESOLVED,UNRESOLVED,HEURISTIC_PROVISIONAL,CATEGORY_REVIEW_REQUIRED|ENTITY_MERGE_REQUIRED,NONE
NC-CL-R-001068,NC-CL-S-000352,docs/09_collection/ga9-collection-registry-v1.md#G9-A04,docs/09_collection/ga9-collection-registry-v1.md,307,GA9,"Seed, Key and Infrastructure Targets",G9-A04,Continuity Military/Protection Network,STATE_TRANSITION,C6,C6,C6,SYNERGY|COMPLETION_LEGACY,UNRESOLVED,UNRESOLVED,UNRESOLVED,UNKNOWN,UNRESOLVED,UNRESOLVED,HEURISTIC_PROVISIONAL,CATEGORY_REVIEW_REQUIRED|ENTITY_MERGE_REQUIRED,NONE
NC-CL-R-001069,NC-CL-S-000352,docs/09_collection/ga9-collection-registry-v1.md#G9-A04,docs/09_collection/ga9-collection-registry-v1.md,307,GA9,"Seed, Key and Infrastructure Targets",G9-A04,Continuity Military/Protection Network,LOSS_OBLIGATION,C6,C6,C6,SYNERGY|COMPLETION_LEGACY,UNRESOLVED,UNRESOLVED,UNRESOLVED,UNKNOWN,UNRESOLVED,UNRESOLVED,HEURISTIC_PROVISIONAL,CATEGORY_REVIEW_REQUIRED|ENTITY_MERGE_REQUIRED,NONE
NC-CL-R-001070,NC-CL-S-000353,docs/09_collection/ga9-collection-registry-v1.md#G9-A05,docs/09_collection/ga9-collection-registry-v1.md,318,GA9,"Seed, Key and Infrastructure Targets",G9-A05,Appeals and Review Infrastructure,STATE_TRANSITION,C6,C6,C6,ACQUISITION|SYNERGY|COMPLETION_LEGACY,UNRESOLVED,UNRESOLVED,UNRESOLVED,UNKNOWN,UNRESOLVED,UNRESOLVED,HEURISTIC_PROVISIONAL,CATEGORY_REVIEW_REQUIRED|ENTITY_MERGE_REQUIRED,NONE
NC-CL-R-001071,NC-CL-S-000353,docs/09_collection/ga9-collection-registry-v1.md#G9-A05,docs/09_collection/ga9-collection-registry-v1.md,318,GA9,"Seed, Key and Infrastructure Targets",G9-A05,Appeals and Review Infrastructure,LOSS_OBLIGATION,C6,C6,C6,ACQUISITION|SYNERGY|COMPLETION_LEGACY,UNRESOLVED,UNRESOLVED,UNRESOLVED,UNKNOWN,UNRESOLVED,UNRESOLVED,HEURISTIC_PROVISIONAL,CATEGORY_REVIEW_REQUIRED|ENTITY_MERGE_REQUIRED,NONE
NC-CL-R-001072,NC-CL-S-000354,docs/09_collection/ga9-collection-registry-v1.md#G9-A06,docs/09_collection/ga9-collection-registry-v1.md,329,GA9,"Seed, Key and Infrastructure Targets",G9-A06,Manual/Local Technical Fallbacks,STATE_TRANSITION,C6,C6,C6,SYNERGY|COMPLETION_LEGACY,UNRESOLVED,UNRESOLVED,UNRESOLVED,UNKNOWN,UNRESOLVED,UNRESOLVED,SPECIALIST_CORRECTED,PM_MERGE_REQUIRED|ENTITY_MERGE_REQUIRED,NONE
NC-CL-R-001073,NC-CL-S-000354,docs/09_collection/ga9-collection-registry-v1.md#G9-A06,docs/09_collection/ga9-collection-registry-v1.md,329,GA9,"Seed, Key and Infrastructure Targets",G9-A06,Manual/Local Technical Fallbacks,LOSS_OBLIGATION,C6,C6,C6,SYNERGY|COMPLETION_LEGACY,UNRESOLVED,UNRESOLVED,UNRESOLVED,UNKNOWN,UNRESOLVED,UNRESOLVED,SPECIALIST_CORRECTED,PM_MERGE_REQUIRED|ENTITY_MERGE_REQUIRED,NONE
NC-CL-R-001074,NC-CL-S-000355,docs/09_collection/ga9-collection-registry-v1.md#G9-A07,docs/09_collection/ga9-collection-registry-v1.md,343,GA9,"Seed, Key and Infrastructure Targets",G9-A07,Distributed Minimum-Service Staff/Network,ENTITY,C6,C6,C6,SYNERGY|COMPLETION_LEGACY,UNRESOLVED,UNRESOLVED,UNRESOLVED,UNKNOWN,UNRESOLVED,UNRESOLVED,HEURISTIC_PROVISIONAL,CATEGORY_REVIEW_REQUIRED|ENTITY_MERGE_REQUIRED,NONE
NC-CL-R-001075,NC-CL-S-000355,docs/09_collection/ga9-collection-registry-v1.md#G9-A07,docs/09_collection/ga9-collection-registry-v1.md,343,GA9,"Seed, Key and Infrastructure Targets",G9-A07,Distributed Minimum-Service Staff/Network,STATE_TRANSITION,C6,C6,C6,SYNERGY|COMPLETION_LEGACY,UNRESOLVED,UNRESOLVED,UNRESOLVED,UNKNOWN,UNRESOLVED,UNRESOLVED,HEURISTIC_PROVISIONAL,CATEGORY_REVIEW_REQUIRED|ENTITY_MERGE_REQUIRED,NONE
NC-CL-R-001076,NC-CL-S-000355,docs/09_collection/ga9-collection-registry-v1.md#G9-A07,docs/09_collection/ga9-collection-registry-v1.md,343,GA9,"Seed, Key and Infrastructure Targets",G9-A07,Distributed Minimum-Service Staff/Network,LOSS_OBLIGATION,C6,C6,C6,SYNERGY|COMPLETION_LEGACY,UNRESOLVED,UNRESOLVED,UNRESOLVED,UNKNOWN,UNRESOLVED,UNRESOLVED,HEURISTIC_PROVISIONAL,CATEGORY_REVIEW_REQUIRED|ENTITY_MERGE_REQUIRED,NONE
NC-CL-R-001077,NC-CL-S-000356,docs/09_collection/ga9-collection-registry-v1.md#G9-M01,docs/09_collection/ga9-collection-registry-v1.md,361,GA9,Regime Payoffs and Negative States,G9-M01,Administrative Death at Scale,STATE_TRANSITION,C7,C7,C7,COMPLETION_LEGACY,UNRESOLVED,UNRESOLVED,UNRESOLVED,UNKNOWN,UNRESOLVED,UNRESOLVED,HEURISTIC_PROVISIONAL,CATEGORY_REVIEW_REQUIRED|ENTITY_MERGE_REQUIRED,NONE
NC-CL-R-001078,NC-CL-S-000356,docs/09_collection/ga9-collection-registry-v1.md#G9-M01,docs/09_collection/ga9-collection-registry-v1.md,361,GA9,Regime Payoffs and Negative States,G9-M01,Administrative Death at Scale,NARRATIVE_PROMISE,C7,C7,C7,COMPLETION_LEGACY,UNRESOLVED,UNRESOLVED,UNRESOLVED,UNKNOWN,UNRESOLVED,UNRESOLVED,HEURISTIC_PROVISIONAL,CATEGORY_REVIEW_REQUIRED|ENTITY_MERGE_REQUIRED,NONE
NC-CL-R-001079,NC-CL-S-000357,docs/09_collection/ga9-collection-registry-v1.md#G9-M02,docs/09_collection/ga9-collection-registry-v1.md,369,GA9,Regime Payoffs and Negative States,G9-M02,Central Command’s Real Efficiency,CONTROL_CLAIM,C7,C7,C7,COMPLETION_LEGACY,UNRESOLVED,UNRESOLVED,UNRESOLVED,UNKNOWN,UNRESOLVED,UNRESOLVED,HEURISTIC_PROVISIONAL,CATEGORY_REVIEW_REQUIRED|ENTITY_MERGE_REQUIRED,NONE
NC-CL-R-001080,NC-CL-S-000357,docs/09_collection/ga9-collection-registry-v1.md#G9-M02,docs/09_collection/ga9-collection-registry-v1.md,369,GA9,Regime Payoffs and Negative States,G9-M02,Central Command’s Real Efficiency,STATE_TRANSITION,C7,C7,C7,COMPLETION_LEGACY,UNRESOLVED,UNRESOLVED,UNRESOLVED,UNKNOWN,UNRESOLVED,UNRESOLVED,HEURISTIC_PROVISIONAL,CATEGORY_REVIEW_REQUIRED|ENTITY_MERGE_REQUIRED,NONE
NC-CL-R-001081,NC-CL-S-000357,docs/09_collection/ga9-collection-registry-v1.md#G9-M02,docs/09_collection/ga9-collection-registry-v1.md,369,GA9,Regime Payoffs and Negative States,G9-M02,Central Command’s Real Efficiency,NARRATIVE_PROMISE,C7,C7,C7,COMPLETION_LEGACY,UNRESOLVED,UNRESOLVED,UNRESOLVED,UNKNOWN,UNRESOLVED,UNRESOLVED,HEURISTIC_PROVISIONAL,CATEGORY_REVIEW_REQUIRED|ENTITY_MERGE_REQUIRED,NONE
NC-CL-R-001082,NC-CL-S-000358,docs/09_collection/ga9-collection-registry-v1.md#G9-M03,docs/09_collection/ga9-collection-registry-v1.md,377,GA9,Regime Payoffs and Negative States,G9-M03,P-001 Safest-Dictator State,STATE_TRANSITION,C7,C7,C7,COMPLETION_LEGACY,UNRESOLVED,UNRESOLVED,UNRESOLVED,UNKNOWN,UNRESOLVED,UNRESOLVED,HEURISTIC_PROVISIONAL,CATEGORY_REVIEW_REQUIRED|ENTITY_MERGE_REQUIRED,NONE
NC-CL-R-001083,NC-CL-S-000358,docs/09_collection/ga9-collection-registry-v1.md#G9-M03,docs/09_collection/ga9-collection-registry-v1.md,377,GA9,Regime Payoffs and Negative States,G9-M03,P-001 Safest-Dictator State,NARRATIVE_PROMISE,C7,C7,C7,COMPLETION_LEGACY,UNRESOLVED,UNRESOLVED,UNRESOLVED,UNKNOWN,UNRESOLVED,UNRESOLVED,HEURISTIC_PROVISIONAL,CATEGORY_REVIEW_REQUIRED|ENTITY_MERGE_REQUIRED,NONE
NC-CL-R-001084,NC-CL-S-000359,docs/09_collection/ga9-collection-registry-v1.md#G9-M04,docs/09_collection/ga9-collection-registry-v1.md,385,GA9,Regime Payoffs and Negative States,G9-M04,Human/AI/Institution Responsibility Split,STATE_TRANSITION,C7,C7,C7,COMPLETION_LEGACY,UNRESOLVED,UNRESOLVED,UNRESOLVED,UNKNOWN,UNRESOLVED,UNRESOLVED,HEURISTIC_PROVISIONAL,CATEGORY_REVIEW_REQUIRED|ENTITY_MERGE_REQUIRED,NONE
NC-CL-R-001085,NC-CL-S-000359,docs/09_collection/ga9-collection-registry-v1.md#G9-M04,docs/09_collection/ga9-collection-registry-v1.md,385,GA9,Regime Payoffs and Negative States,G9-M04,Human/AI/Institution Responsibility Split,NARRATIVE_PROMISE,C7,C7,C7,COMPLETION_LEGACY,UNRESOLVED,UNRESOLVED,UNRESOLVED,UNKNOWN,UNRESOLVED,UNRESOLVED,HEURISTIC_PROVISIONAL,CATEGORY_REVIEW_REQUIRED|ENTITY_MERGE_REQUIRED,NONE
NC-CL-R-001086,NC-CL-S-000360,docs/09_collection/ga9-collection-registry-v1.md#G9-I01,docs/09_collection/ga9-collection-registry-v1.md,393,GA9,Regime Payoffs and Negative States,G9-I01,Preserved Galaxy Narrative,STATE_TRANSITION,C7,C7,C7,COMPLETION_LEGACY,UNRESOLVED,UNRESOLVED,UNRESOLVED,UNKNOWN,UNRESOLVED,UNRESOLVED,HEURISTIC_PROVISIONAL,CATEGORY_REVIEW_REQUIRED|ENTITY_MERGE_REQUIRED,NONE
NC-CL-R-001087,NC-CL-S-000360,docs/09_collection/ga9-collection-registry-v1.md#G9-I01,docs/09_collection/ga9-collection-registry-v1.md,393,GA9,Regime Payoffs and Negative States,G9-I01,Preserved Galaxy Narrative,NARRATIVE_PROMISE,C7,C7,C7,COMPLETION_LEGACY,UNRESOLVED,UNRESOLVED,UNRESOLVED,UNKNOWN,UNRESOLVED,UNRESOLVED,HEURISTIC_PROVISIONAL,CATEGORY_REVIEW_REQUIRED|ENTITY_MERGE_REQUIRED,NONE
NC-CL-R-001088,NC-CL-S-000361,docs/09_collection/ga9-collection-registry-v1.md#G9-I02,docs/09_collection/ga9-collection-registry-v1.md,401,GA9,Regime Payoffs and Negative States,G9-I02,“No Safe Moment to Return Power” Principle,STATE_TRANSITION,C7,C7,C7,COMPLETION_LEGACY,UNRESOLVED,UNRESOLVED,UNRESOLVED,UNKNOWN,UNRESOLVED,UNRESOLVED,HEURISTIC_PROVISIONAL,CATEGORY_REVIEW_REQUIRED|ENTITY_MERGE_REQUIRED,NONE
NC-CL-R-001089,NC-CL-S-000361,docs/09_collection/ga9-collection-registry-v1.md#G9-I02,docs/09_collection/ga9-collection-registry-v1.md,401,GA9,Regime Payoffs and Negative States,G9-I02,“No Safe Moment to Return Power” Principle,NARRATIVE_PROMISE,C7,C7,C7,COMPLETION_LEGACY,UNRESOLVED,UNRESOLVED,UNRESOLVED,UNKNOWN,UNRESOLVED,UNRESOLVED,HEURISTIC_PROVISIONAL,CATEGORY_REVIEW_REQUIRED|ENTITY_MERGE_REQUIRED,NONE
NC-CL-R-001090,NC-CL-S-000362,docs/09_collection/ga10-final-collection-and-payoff-registry-v1.md#G10-P01,docs/09_collection/ga10-final-collection-and-payoff-registry-v1.md,33,GA10,P-001 Final Authority and Sacrifice Targets,G10-P01,P-001 Central Corrective Command,CONTROL_CLAIM,C1,C1|C7,C1|C7,SYNERGY|COMPLETION_LEGACY,UNRESOLVED,UNRESOLVED,UNRESOLVED,UNKNOWN,UNRESOLVED,UNRESOLVED,DRY_RUN_REVIEWED,PM_MERGE_REQUIRED,NONE
NC-CL-R-001091,NC-CL-S-000362,docs/09_collection/ga10-final-collection-and-payoff-registry-v1.md#G10-P01,docs/09_collection/ga10-final-collection-and-payoff-registry-v1.md,33,GA10,P-001 Final Authority and Sacrifice Targets,G10-P01,P-001 Central Corrective Command,STATE_TRANSITION,C1,C1|C7,C1|C7,SYNERGY|COMPLETION_LEGACY,UNRESOLVED,UNRESOLVED,UNRESOLVED,UNKNOWN,UNRESOLVED,UNRESOLVED,DRY_RUN_REVIEWED,PM_MERGE_REQUIRED,NONE
NC-CL-R-001092,NC-CL-S-000362,docs/09_collection/ga10-final-collection-and-payoff-registry-v1.md#G10-P01,docs/09_collection/ga10-final-collection-and-payoff-registry-v1.md,33,GA10,P-001 Final Authority and Sacrifice Targets,G10-P01,P-001 Central Corrective Command,LOSS_OBLIGATION,C1,C1|C7,C1|C7,SYNERGY|COMPLETION_LEGACY,UNRESOLVED,UNRESOLVED,UNRESOLVED,UNKNOWN,UNRESOLVED,UNRESOLVED,DRY_RUN_REVIEWED,PM_MERGE_REQUIRED,NONE
NC-CL-R-001093,NC-CL-S-000363,docs/09_collection/ga10-final-collection-and-payoff-registry-v1.md#G10-P02,docs/09_collection/ga10-final-collection-and-payoff-registry-v1.md,47,GA10,P-001 Final Authority and Sacrifice Targets,G10-P02,Exclusive Future/Archive Index,CONTROL_CLAIM,C1,C1|C6,C1|C6,ACQUISITION|COMPLETION_LEGACY,UNRESOLVED,UNRESOLVED,UNRESOLVED,UNKNOWN,UNRESOLVED,UNRESOLVED,DRY_RUN_REVIEWED,PM_MERGE_REQUIRED,NONE
NC-CL-R-001094,NC-CL-S-000363,docs/09_collection/ga10-final-collection-and-payoff-registry-v1.md#G10-P02,docs/09_collection/ga10-final-collection-and-payoff-registry-v1.md,47,GA10,P-001 Final Authority and Sacrifice Targets,G10-P02,Exclusive Future/Archive Index,STATE_TRANSITION,C1,C1|C6,C1|C6,ACQUISITION|COMPLETION_LEGACY,UNRESOLVED,UNRESOLVED,UNRESOLVED,UNKNOWN,UNRESOLVED,UNRESOLVED,DRY_RUN_REVIEWED,PM_MERGE_REQUIRED,NONE
NC-CL-R-001095,NC-CL-S-000363,docs/09_collection/ga10-final-collection-and-payoff-registry-v1.md#G10-P02,docs/09_collection/ga10-final-collection-and-payoff-registry-v1.md,47,GA10,P-001 Final Authority and Sacrifice Targets,G10-P02,Exclusive Future/Archive Index,LOSS_OBLIGATION,C1,C1|C6,C1|C6,ACQUISITION|COMPLETION_LEGACY,UNRESOLVED,UNRESOLVED,UNRESOLVED,UNKNOWN,UNRESOLVED,UNRESOLVED,DRY_RUN_REVIEWED,PM_MERGE_REQUIRED,NONE
NC-CL-R-001096,NC-CL-S-000364,docs/09_collection/ga10-final-collection-and-payoff-registry-v1.md#G10-P03,docs/09_collection/ga10-final-collection-and-payoff-registry-v1.md,61,GA10,P-001 Final Authority and Sacrifice Targets,G10-P03,Ownership of Collected Legacy,RELATIONSHIP,C1,C1|C7|C2|C5|C6,C1|C2|C5|C6|C7,SYNERGY|COMPLETION_LEGACY,UNRESOLVED,UNRESOLVED,UNRESOLVED,UNKNOWN,UNRESOLVED,UNRESOLVED,DRY_RUN_REVIEWED,PM_MERGE_REQUIRED,NONE
NC-CL-R-001097,NC-CL-S-000364,docs/09_collection/ga10-final-collection-and-payoff-registry-v1.md#G10-P03,docs/09_collection/ga10-final-collection-and-payoff-registry-v1.md,61,GA10,P-001 Final Authority and Sacrifice Targets,G10-P03,Ownership of Collected Legacy,CONTROL_CLAIM,C1,C1|C2|C5|C6|C7,C1|C2|C5|C6|C7,SYNERGY|COMPLETION_LEGACY,UNRESOLVED,UNRESOLVED,UNRESOLVED,UNKNOWN,UNRESOLVED,UNRESOLVED,DRY_RUN_REVIEWED,PM_MERGE_REQUIRED,NONE
NC-CL-R-001098,NC-CL-S-000364,docs/09_collection/ga10-final-collection-and-payoff-registry-v1.md#G10-P03,docs/09_collection/ga10-final-collection-and-payoff-registry-v1.md,61,GA10,P-001 Final Authority and Sacrifice Targets,G10-P03,Ownership of Collected Legacy,STATE_TRANSITION,C1,C1|C2|C5|C6|C7,C1|C2|C5|C6|C7,SYNERGY|COMPLETION_LEGACY,UNRESOLVED,UNRESOLVED,UNRESOLVED,UNKNOWN,UNRESOLVED,UNRESOLVED,DRY_RUN_REVIEWED,PM_MERGE_REQUIRED,NONE
NC-CL-R-001099,NC-CL-S-000364,docs/09_collection/ga10-final-collection-and-payoff-registry-v1.md#G10-P03,docs/09_collection/ga10-final-collection-and-payoff-registry-v1.md,61,GA10,P-001 Final Authority and Sacrifice Targets,G10-P03,Ownership of Collected Legacy,LOSS_OBLIGATION,C1,C1|C2|C5|C6|C7,C1|C2|C5|C6|C7,SYNERGY|COMPLETION_LEGACY,UNRESOLVED,UNRESOLVED,UNRESOLVED,UNKNOWN,UNRESOLVED,UNRESOLVED,DRY_RUN_REVIEWED,PM_MERGE_REQUIRED,NONE
NC-CL-R-001100,NC-CL-S-000364,docs/09_collection/ga10-final-collection-and-payoff-registry-v1.md#G10-P03,docs/09_collection/ga10-final-collection-and-payoff-registry-v1.md,61,GA10,P-001 Final Authority and Sacrifice Targets,G10-P03,Ownership of Collected Legacy,SET,C1,C1|C2|C5|C6|C7,C1|C2|C5|C6|C7,SYNERGY|COMPLETION_LEGACY,UNRESOLVED,UNRESOLVED,UNRESOLVED,UNKNOWN,UNRESOLVED,UNRESOLVED,DRY_RUN_REVIEWED,PM_MERGE_REQUIRED,NONE
NC-CL-R-001101,NC-CL-S-000365,docs/09_collection/ga10-final-collection-and-payoff-registry-v1.md#G10-P04,docs/09_collection/ga10-final-collection-and-payoff-registry-v1.md,76,GA10,P-001 Final Authority and Sacrifice Targets,G10-P04,One Canonical History,CONTROL_CLAIM,C1,C1|C6|C7,C1|C6|C7,SYNERGY|COMPLETION_LEGACY,UNRESOLVED,UNRESOLVED,UNRESOLVED,UNKNOWN,UNRESOLVED,UNRESOLVED,DRY_RUN_REVIEWED,PM_MERGE_REQUIRED,NONE
NC-CL-R-001102,NC-CL-S-000365,docs/09_collection/ga10-final-collection-and-payoff-registry-v1.md#G10-P04,docs/09_collection/ga10-final-collection-and-payoff-registry-v1.md,76,GA10,P-001 Final Authority and Sacrifice Targets,G10-P04,One Canonical History,STATE_TRANSITION,C1,C1|C6|C7,C1|C6|C7,SYNERGY|COMPLETION_LEGACY,UNRESOLVED,UNRESOLVED,UNRESOLVED,UNKNOWN,UNRESOLVED,UNRESOLVED,DRY_RUN_REVIEWED,PM_MERGE_REQUIRED,NONE
NC-CL-R-001103,NC-CL-S-000365,docs/09_collection/ga10-final-collection-and-payoff-registry-v1.md#G10-P04,docs/09_collection/ga10-final-collection-and-payoff-registry-v1.md,76,GA10,P-001 Final Authority and Sacrifice Targets,G10-P04,One Canonical History,LOSS_OBLIGATION,C1,C1|C6|C7,C1|C6|C7,SYNERGY|COMPLETION_LEGACY,UNRESOLVED,UNRESOLVED,UNRESOLVED,UNKNOWN,UNRESOLVED,UNRESOLVED,DRY_RUN_REVIEWED,PM_MERGE_REQUIRED,NONE
NC-CL-R-001104,NC-CL-S-000366,docs/09_collection/ga10-final-collection-and-payoff-registry-v1.md#G10-P05,docs/09_collection/ga10-final-collection-and-payoff-registry-v1.md,85,GA10,P-001 Final Authority and Sacrifice Targets,G10-P05,Repeatable Regression/Reset Option,CONTROL_CLAIM,C1,C1|C6|C7,C1|C6|C7,COMPLETION_LEGACY,UNRESOLVED,UNRESOLVED,UNRESOLVED,UNKNOWN,UNRESOLVED,UNRESOLVED,DRY_RUN_REVIEWED,PM_MERGE_REQUIRED,NONE
NC-CL-R-001105,NC-CL-S-000366,docs/09_collection/ga10-final-collection-and-payoff-registry-v1.md#G10-P05,docs/09_collection/ga10-final-collection-and-payoff-registry-v1.md,85,GA10,P-001 Final Authority and Sacrifice Targets,G10-P05,Repeatable Regression/Reset Option,STATE_TRANSITION,C1,C1|C6|C7,C1|C6|C7,COMPLETION_LEGACY,UNRESOLVED,UNRESOLVED,UNRESOLVED,UNKNOWN,UNRESOLVED,UNRESOLVED,DRY_RUN_REVIEWED,PM_MERGE_REQUIRED,NONE
NC-CL-R-001106,NC-CL-S-000366,docs/09_collection/ga10-final-collection-and-payoff-registry-v1.md#G10-P05,docs/09_collection/ga10-final-collection-and-payoff-registry-v1.md,85,GA10,P-001 Final Authority and Sacrifice Targets,G10-P05,Repeatable Regression/Reset Option,LOSS_OBLIGATION,C1,C1|C6|C7,C1|C6|C7,COMPLETION_LEGACY,UNRESOLVED,UNRESOLVED,UNRESOLVED,UNKNOWN,UNRESOLVED,UNRESOLVED,DRY_RUN_REVIEWED,PM_MERGE_REQUIRED,NONE
NC-CL-R-001107,NC-CL-S-000367,docs/09_collection/ga10-final-collection-and-payoff-registry-v1.md#G10-R01,docs/09_collection/ga10-final-collection-and-payoff-registry-v1.md,100,GA10,Functional Distribution Targets,G10-R01,Regional Current-Status Authorities,ENTITY,C1,C1,C1|C6|C7|C8,ACQUISITION|SYNERGY|COMPLETION_LEGACY,UNRESOLVED,UNRESOLVED,UNRESOLVED,UNKNOWN,UNRESOLVED,UNRESOLVED,DRY_RUN_REVIEWED,PM_MERGE_REQUIRED,NONE
NC-CL-R-001108,NC-CL-S-000367,docs/09_collection/ga10-final-collection-and-payoff-registry-v1.md#G10-R01,docs/09_collection/ga10-final-collection-and-payoff-registry-v1.md,100,GA10,Functional Distribution Targets,G10-R01,Regional Current-Status Authorities,CONTROL_CLAIM,C1,C1|C6|C7|C8,C1|C6|C7|C8,ACQUISITION|SYNERGY|COMPLETION_LEGACY,UNRESOLVED,UNRESOLVED,UNRESOLVED,UNKNOWN,UNRESOLVED,UNRESOLVED,DRY_RUN_REVIEWED,PM_MERGE_REQUIRED,NONE
NC-CL-R-001109,NC-CL-S-000367,docs/09_collection/ga10-final-collection-and-payoff-registry-v1.md#G10-R01,docs/09_collection/ga10-final-collection-and-payoff-registry-v1.md,100,GA10,Functional Distribution Targets,G10-R01,Regional Current-Status Authorities,STATE_TRANSITION,C1,C1|C6|C7|C8,C1|C6|C7|C8,ACQUISITION|SYNERGY|COMPLETION_LEGACY,UNRESOLVED,UNRESOLVED,UNRESOLVED,UNKNOWN,UNRESOLVED,UNRESOLVED,DRY_RUN_REVIEWED,PM_MERGE_REQUIRED,NONE
NC-CL-R-001110,NC-CL-S-000367,docs/09_collection/ga10-final-collection-and-payoff-registry-v1.md#G10-R01,docs/09_collection/ga10-final-collection-and-payoff-registry-v1.md,100,GA10,Functional Distribution Targets,G10-R01,Regional Current-Status Authorities,LOSS_OBLIGATION,C1,C1|C6|C7|C8,C1|C6|C7|C8,ACQUISITION|SYNERGY|COMPLETION_LEGACY,UNRESOLVED,UNRESOLVED,UNRESOLVED,UNKNOWN,UNRESOLVED,UNRESOLVED,DRY_RUN_REVIEWED,PM_MERGE_REQUIRED,NONE
NC-CL-R-001111,NC-CL-S-000368,docs/09_collection/ga10-final-collection-and-payoff-registry-v1.md#G10-R02,docs/09_collection/ga10-final-collection-and-payoff-registry-v1.md,111,GA10,Functional Distribution Targets,G10-R02,Minimum-Service and Equalization Compact,ENTITY,C7,C7,C7|C8,SYNERGY|COMPLETION_LEGACY,UNRESOLVED,UNRESOLVED,UNRESOLVED,UNKNOWN,UNRESOLVED,UNRESOLVED,DRY_RUN_REVIEWED,PM_MERGE_REQUIRED,NONE
NC-CL-R-001112,NC-CL-S-000368,docs/09_collection/ga10-final-collection-and-payoff-registry-v1.md#G10-R02,docs/09_collection/ga10-final-collection-and-payoff-registry-v1.md,111,GA10,Functional Distribution Targets,G10-R02,Minimum-Service and Equalization Compact,CONTROL_CLAIM,C7,C7|C8,C7|C8,SYNERGY|COMPLETION_LEGACY,UNRESOLVED,UNRESOLVED,UNRESOLVED,UNKNOWN,UNRESOLVED,UNRESOLVED,DRY_RUN_REVIEWED,PM_MERGE_REQUIRED,NONE
NC-CL-R-001113,NC-CL-S-000368,docs/09_collection/ga10-final-collection-and-payoff-registry-v1.md#G10-R02,docs/09_collection/ga10-final-collection-and-payoff-registry-v1.md,111,GA10,Functional Distribution Targets,G10-R02,Minimum-Service and Equalization Compact,STATE_TRANSITION,C7,C7|C8,C7|C8,SYNERGY|COMPLETION_LEGACY,UNRESOLVED,UNRESOLVED,UNRESOLVED,UNKNOWN,UNRESOLVED,UNRESOLVED,DRY_RUN_REVIEWED,PM_MERGE_REQUIRED,NONE
NC-CL-R-001114,NC-CL-S-000368,docs/09_collection/ga10-final-collection-and-payoff-registry-v1.md#G10-R02,docs/09_collection/ga10-final-collection-and-payoff-registry-v1.md,111,GA10,Functional Distribution Targets,G10-R02,Minimum-Service and Equalization Compact,LOSS_OBLIGATION,C7,C7|C8,C7|C8,SYNERGY|COMPLETION_LEGACY,UNRESOLVED,UNRESOLVED,UNRESOLVED,UNKNOWN,UNRESOLVED,UNRESOLVED,DRY_RUN_REVIEWED,PM_MERGE_REQUIRED,NONE
NC-CL-R-001115,NC-CL-S-000369,docs/09_collection/ga10-final-collection-and-payoff-registry-v1.md#G10-R03,docs/09_collection/ga10-final-collection-and-payoff-registry-v1.md,122,GA10,Functional Distribution Targets,G10-R03,Route/Node Federation and Local Custody,ENTITY,C7,C7|C8,C7|C8,ACQUISITION|SYNERGY|COMPLETION_LEGACY,UNRESOLVED,UNRESOLVED,UNRESOLVED,UNKNOWN,UNRESOLVED,UNRESOLVED,DRY_RUN_REVIEWED,PM_MERGE_REQUIRED,NONE
NC-CL-R-001116,NC-CL-S-000369,docs/09_collection/ga10-final-collection-and-payoff-registry-v1.md#G10-R03,docs/09_collection/ga10-final-collection-and-payoff-registry-v1.md,122,GA10,Functional Distribution Targets,G10-R03,Route/Node Federation and Local Custody,CONTROL_CLAIM,C7,C7|C8,C7|C8,ACQUISITION|SYNERGY|COMPLETION_LEGACY,UNRESOLVED,UNRESOLVED,UNRESOLVED,UNKNOWN,UNRESOLVED,UNRESOLVED,DRY_RUN_REVIEWED,PM_MERGE_REQUIRED,NONE
NC-CL-R-001117,NC-CL-S-000369,docs/09_collection/ga10-final-collection-and-payoff-registry-v1.md#G10-R03,docs/09_collection/ga10-final-collection-and-payoff-registry-v1.md,122,GA10,Functional Distribution Targets,G10-R03,Route/Node Federation and Local Custody,STATE_TRANSITION,C7,C7|C8,C7|C8,ACQUISITION|SYNERGY|COMPLETION_LEGACY,UNRESOLVED,UNRESOLVED,UNRESOLVED,UNKNOWN,UNRESOLVED,UNRESOLVED,DRY_RUN_REVIEWED,PM_MERGE_REQUIRED,NONE
NC-CL-R-001118,NC-CL-S-000369,docs/09_collection/ga10-final-collection-and-payoff-registry-v1.md#G10-R03,docs/09_collection/ga10-final-collection-and-payoff-registry-v1.md,122,GA10,Functional Distribution Targets,G10-R03,Route/Node Federation and Local Custody,LOSS_OBLIGATION,C7,C7|C8,C7|C8,ACQUISITION|SYNERGY|COMPLETION_LEGACY,UNRESOLVED,UNRESOLVED,UNRESOLVED,UNKNOWN,UNRESOLVED,UNRESOLVED,DRY_RUN_REVIEWED,PM_MERGE_REQUIRED,NONE
NC-CL-R-001119,NC-CL-S-000370,docs/09_collection/ga10-final-collection-and-payoff-registry-v1.md#G10-R04,docs/09_collection/ga10-final-collection-and-payoff-registry-v1.md,133,GA10,Functional Distribution Targets,G10-R04,Common Fleet / Mission Command Network,ENTITY,C5,C5|C7,C5|C7,SYNERGY|COMPLETION_LEGACY,UNRESOLVED,UNRESOLVED,UNRESOLVED,UNKNOWN,UNRESOLVED,UNRESOLVED,DRY_RUN_REVIEWED,PM_MERGE_REQUIRED,NONE
NC-CL-R-001120,NC-CL-S-000370,docs/09_collection/ga10-final-collection-and-payoff-registry-v1.md#G10-R04,docs/09_collection/ga10-final-collection-and-payoff-registry-v1.md,133,GA10,Functional Distribution Targets,G10-R04,Common Fleet / Mission Command Network,CONTROL_CLAIM,C5,C5|C7,C5|C7,SYNERGY|COMPLETION_LEGACY,UNRESOLVED,UNRESOLVED,UNRESOLVED,UNKNOWN,UNRESOLVED,UNRESOLVED,DRY_RUN_REVIEWED,PM_MERGE_REQUIRED,NONE
NC-CL-R-001121,NC-CL-S-000370,docs/09_collection/ga10-final-collection-and-payoff-registry-v1.md#G10-R04,docs/09_collection/ga10-final-collection-and-payoff-registry-v1.md,133,GA10,Functional Distribution Targets,G10-R04,Common Fleet / Mission Command Network,STATE_TRANSITION,C5,C5|C7,C5|C7,SYNERGY|COMPLETION_LEGACY,UNRESOLVED,UNRESOLVED,UNRESOLVED,UNKNOWN,UNRESOLVED,UNRESOLVED,DRY_RUN_REVIEWED,PM_MERGE_REQUIRED,NONE
NC-CL-R-001122,NC-CL-S-000370,docs/09_collection/ga10-final-collection-and-payoff-registry-v1.md#G10-R04,docs/09_collection/ga10-final-collection-and-payoff-registry-v1.md,133,GA10,Functional Distribution Targets,G10-R04,Common Fleet / Mission Command Network,LOSS_OBLIGATION,C5,C5|C7,C5|C7,SYNERGY|COMPLETION_LEGACY,UNRESOLVED,UNRESOLVED,UNRESOLVED,UNKNOWN,UNRESOLVED,UNRESOLVED,DRY_RUN_REVIEWED,PM_MERGE_REQUIRED,NONE
NC-CL-R-001123,NC-CL-S-000371,docs/09_collection/ga10-final-collection-and-payoff-registry-v1.md#G10-R05,docs/09_collection/ga10-final-collection-and-payoff-registry-v1.md,144,GA10,Functional Distribution Targets,G10-R05,Technical and Medical Commons,ENTITY,C1,C1,C1|C6|C7,SYNERGY|COMPLETION_LEGACY,UNRESOLVED,UNRESOLVED,UNRESOLVED,UNKNOWN,UNRESOLVED,UNRESOLVED,DRY_RUN_REVIEWED,PM_MERGE_REQUIRED,NONE
NC-CL-R-001124,NC-CL-S-000371,docs/09_collection/ga10-final-collection-and-payoff-registry-v1.md#G10-R05,docs/09_collection/ga10-final-collection-and-payoff-registry-v1.md,144,GA10,Functional Distribution Targets,G10-R05,Technical and Medical Commons,CONTROL_CLAIM,C1,C1|C6|C7,C1|C6|C7,SYNERGY|COMPLETION_LEGACY,UNRESOLVED,UNRESOLVED,UNRESOLVED,UNKNOWN,UNRESOLVED,UNRESOLVED,DRY_RUN_REVIEWED,PM_MERGE_REQUIRED,NONE
NC-CL-R-001125,NC-CL-S-000371,docs/09_collection/ga10-final-collection-and-payoff-registry-v1.md#G10-R05,docs/09_collection/ga10-final-collection-and-payoff-registry-v1.md,144,GA10,Functional Distribution Targets,G10-R05,Technical and Medical Commons,STATE_TRANSITION,C1,C1|C6|C7,C1|C6|C7,SYNERGY|COMPLETION_LEGACY,UNRESOLVED,UNRESOLVED,UNRESOLVED,UNKNOWN,UNRESOLVED,UNRESOLVED,DRY_RUN_REVIEWED,PM_MERGE_REQUIRED,NONE
NC-CL-R-001126,NC-CL-S-000371,docs/09_collection/ga10-final-collection-and-payoff-registry-v1.md#G10-R05,docs/09_collection/ga10-final-collection-and-payoff-registry-v1.md,144,GA10,Functional Distribution Targets,G10-R05,Technical and Medical Commons,LOSS_OBLIGATION,C1,C1|C6|C7,C1|C6|C7,SYNERGY|COMPLETION_LEGACY,UNRESOLVED,UNRESOLVED,UNRESOLVED,UNKNOWN,UNRESOLVED,UNRESOLVED,DRY_RUN_REVIEWED,PM_MERGE_REQUIRED,NONE
NC-CL-R-001127,NC-CL-S-000372,docs/09_collection/ga10-final-collection-and-payoff-registry-v1.md#G10-R06,docs/09_collection/ga10-final-collection-and-payoff-registry-v1.md,155,GA10,Functional Distribution Targets,G10-R06,Archive Translation Commons,ENTITY,C6,C6,C6|C7,SYNERGY|COMPLETION_LEGACY,UNRESOLVED,UNRESOLVED,UNRESOLVED,UNKNOWN,UNRESOLVED,UNRESOLVED,DRY_RUN_REVIEWED,PM_MERGE_REQUIRED,NONE
NC-CL-R-001128,NC-CL-S-000372,docs/09_collection/ga10-final-collection-and-payoff-registry-v1.md#G10-R06,docs/09_collection/ga10-final-collection-and-payoff-registry-v1.md,155,GA10,Functional Distribution Targets,G10-R06,Archive Translation Commons,CONTROL_CLAIM,C6,C6|C7,C6|C7,SYNERGY|COMPLETION_LEGACY,UNRESOLVED,UNRESOLVED,UNRESOLVED,UNKNOWN,UNRESOLVED,UNRESOLVED,DRY_RUN_REVIEWED,PM_MERGE_REQUIRED,NONE
NC-CL-R-001129,NC-CL-S-000372,docs/09_collection/ga10-final-collection-and-payoff-registry-v1.md#G10-R06,docs/09_collection/ga10-final-collection-and-payoff-registry-v1.md,155,GA10,Functional Distribution Targets,G10-R06,Archive Translation Commons,STATE_TRANSITION,C6,C6|C7,C6|C7,SYNERGY|COMPLETION_LEGACY,UNRESOLVED,UNRESOLVED,UNRESOLVED,UNKNOWN,UNRESOLVED,UNRESOLVED,DRY_RUN_REVIEWED,PM_MERGE_REQUIRED,NONE
NC-CL-R-001130,NC-CL-S-000372,docs/09_collection/ga10-final-collection-and-payoff-registry-v1.md#G10-R06,docs/09_collection/ga10-final-collection-and-payoff-registry-v1.md,155,GA10,Functional Distribution Targets,G10-R06,Archive Translation Commons,LOSS_OBLIGATION,C6,C6|C7,C6|C7,SYNERGY|COMPLETION_LEGACY,UNRESOLVED,UNRESOLVED,UNRESOLVED,UNKNOWN,UNRESOLVED,UNRESOLVED,DRY_RUN_REVIEWED,PM_MERGE_REQUIRED,NONE
NC-CL-R-001131,NC-CL-S-000373,docs/09_collection/ga10-final-collection-and-payoff-registry-v1.md#G10-R07,docs/09_collection/ga10-final-collection-and-payoff-registry-v1.md,166,GA10,Functional Distribution Targets,G10-R07,Emergency Corrective Assembly,ENTITY,C1,C1|C7,C1|C6|C7,SYNERGY|COMPLETION_LEGACY,UNRESOLVED,UNRESOLVED,UNRESOLVED,UNKNOWN,UNRESOLVED,UNRESOLVED,DRY_RUN_REVIEWED,PM_MERGE_REQUIRED,NONE
NC-CL-R-001132,NC-CL-S-000373,docs/09_collection/ga10-final-collection-and-payoff-registry-v1.md#G10-R07,docs/09_collection/ga10-final-collection-and-payoff-registry-v1.md,166,GA10,Functional Distribution Targets,G10-R07,Emergency Corrective Assembly,CONTROL_CLAIM,C1,C1|C6|C7,C1|C6|C7,SYNERGY|COMPLETION_LEGACY,UNRESOLVED,UNRESOLVED,UNRESOLVED,UNKNOWN,UNRESOLVED,UNRESOLVED,DRY_RUN_REVIEWED,PM_MERGE_REQUIRED,NONE
NC-CL-R-001133,NC-CL-S-000373,docs/09_collection/ga10-final-collection-and-payoff-registry-v1.md#G10-R07,docs/09_collection/ga10-final-collection-and-payoff-registry-v1.md,166,GA10,Functional Distribution Targets,G10-R07,Emergency Corrective Assembly,STATE_TRANSITION,C1,C1|C6|C7,C1|C6|C7,SYNERGY|COMPLETION_LEGACY,UNRESOLVED,UNRESOLVED,UNRESOLVED,UNKNOWN,UNRESOLVED,UNRESOLVED,DRY_RUN_REVIEWED,PM_MERGE_REQUIRED,NONE
NC-CL-R-001134,NC-CL-S-000373,docs/09_collection/ga10-final-collection-and-payoff-registry-v1.md#G10-R07,docs/09_collection/ga10-final-collection-and-payoff-registry-v1.md,166,GA10,Functional Distribution Targets,G10-R07,Emergency Corrective Assembly,LOSS_OBLIGATION,C1,C1|C6|C7,C1|C6|C7,SYNERGY|COMPLETION_LEGACY,UNRESOLVED,UNRESOLVED,UNRESOLVED,UNKNOWN,UNRESOLVED,UNRESOLVED,DRY_RUN_REVIEWED,PM_MERGE_REQUIRED,NONE
NC-CL-R-001135,NC-CL-S-000374,docs/09_collection/ga10-final-collection-and-payoff-registry-v1.md#G10-R08,docs/09_collection/ga10-final-collection-and-payoff-registry-v1.md,177,GA10,Functional Distribution Targets,G10-R08,Residual Continuity Service,ENTITY,C6,C6,C6|C7,SYNERGY|COMPLETION_LEGACY,UNRESOLVED,UNRESOLVED,UNRESOLVED,UNKNOWN,UNRESOLVED,UNRESOLVED,DRY_RUN_REVIEWED,PM_MERGE_REQUIRED,NONE
NC-CL-R-001136,NC-CL-S-000374,docs/09_collection/ga10-final-collection-and-payoff-registry-v1.md#G10-R08,docs/09_collection/ga10-final-collection-and-payoff-registry-v1.md,177,GA10,Functional Distribution Targets,G10-R08,Residual Continuity Service,CONTROL_CLAIM,C6,C6|C7,C6|C7,SYNERGY|COMPLETION_LEGACY,UNRESOLVED,UNRESOLVED,UNRESOLVED,UNKNOWN,UNRESOLVED,UNRESOLVED,DRY_RUN_REVIEWED,PM_MERGE_REQUIRED,NONE
NC-CL-R-001137,NC-CL-S-000374,docs/09_collection/ga10-final-collection-and-payoff-registry-v1.md#G10-R08,docs/09_collection/ga10-final-collection-and-payoff-registry-v1.md,177,GA10,Functional Distribution Targets,G10-R08,Residual Continuity Service,STATE_TRANSITION,C6,C6|C7,C6|C7,SYNERGY|COMPLETION_LEGACY,UNRESOLVED,UNRESOLVED,UNRESOLVED,UNKNOWN,UNRESOLVED,UNRESOLVED,DRY_RUN_REVIEWED,PM_MERGE_REQUIRED,NONE
NC-CL-R-001138,NC-CL-S-000374,docs/09_collection/ga10-final-collection-and-payoff-registry-v1.md#G10-R08,docs/09_collection/ga10-final-collection-and-payoff-registry-v1.md,177,GA10,Functional Distribution Targets,G10-R08,Residual Continuity Service,LOSS_OBLIGATION,C6,C6|C7,C6|C7,SYNERGY|COMPLETION_LEGACY,UNRESOLVED,UNRESOLVED,UNRESOLVED,UNKNOWN,UNRESOLVED,UNRESOLVED,DRY_RUN_REVIEWED,PM_MERGE_REQUIRED,NONE
NC-CL-R-001139,NC-CL-S-000375,docs/09_collection/ga10-final-collection-and-payoff-registry-v1.md#G10-R09,docs/09_collection/ga10-final-collection-and-payoff-registry-v1.md,188,GA10,Functional Distribution Targets,G10-R09,Cross-Region Migration and Safe-Exit Protocol,ENTITY,C1,C1|C6|C8,C1|C6|C7|C8,ACQUISITION|SYNERGY|COMPLETION_LEGACY,UNRESOLVED,UNRESOLVED,UNRESOLVED,UNKNOWN,UNRESOLVED,UNRESOLVED,DRY_RUN_REVIEWED,PM_MERGE_REQUIRED,NONE
NC-CL-R-001140,NC-CL-S-000375,docs/09_collection/ga10-final-collection-and-payoff-registry-v1.md#G10-R09,docs/09_collection/ga10-final-collection-and-payoff-registry-v1.md,188,GA10,Functional Distribution Targets,G10-R09,Cross-Region Migration and Safe-Exit Protocol,RELATIONSHIP,C1,C1|C7|C6|C8,C1|C6|C7|C8,ACQUISITION|SYNERGY|COMPLETION_LEGACY,UNRESOLVED,UNRESOLVED,UNRESOLVED,UNKNOWN,UNRESOLVED,UNRESOLVED,DRY_RUN_REVIEWED,PM_MERGE_REQUIRED,NONE
NC-CL-R-001141,NC-CL-S-000375,docs/09_collection/ga10-final-collection-and-payoff-registry-v1.md#G10-R09,docs/09_collection/ga10-final-collection-and-payoff-registry-v1.md,188,GA10,Functional Distribution Targets,G10-R09,Cross-Region Migration and Safe-Exit Protocol,CONTROL_CLAIM,C1,C1|C6|C7|C8,C1|C6|C7|C8,ACQUISITION|SYNERGY|COMPLETION_LEGACY,UNRESOLVED,UNRESOLVED,UNRESOLVED,UNKNOWN,UNRESOLVED,UNRESOLVED,DRY_RUN_REVIEWED,PM_MERGE_REQUIRED,NONE
NC-CL-R-001142,NC-CL-S-000375,docs/09_collection/ga10-final-collection-and-payoff-registry-v1.md#G10-R09,docs/09_collection/ga10-final-collection-and-payoff-registry-v1.md,188,GA10,Functional Distribution Targets,G10-R09,Cross-Region Migration and Safe-Exit Protocol,STATE_TRANSITION,C1,C1|C6|C7|C8,C1|C6|C7|C8,ACQUISITION|SYNERGY|COMPLETION_LEGACY,UNRESOLVED,UNRESOLVED,UNRESOLVED,UNKNOWN,UNRESOLVED,UNRESOLVED,DRY_RUN_REVIEWED,PM_MERGE_REQUIRED,NONE
NC-CL-R-001143,NC-CL-S-000375,docs/09_collection/ga10-final-collection-and-payoff-registry-v1.md#G10-R09,docs/09_collection/ga10-final-collection-and-payoff-registry-v1.md,188,GA10,Functional Distribution Targets,G10-R09,Cross-Region Migration and Safe-Exit Protocol,LOSS_OBLIGATION,C1,C1|C6|C7|C8,C1|C6|C7|C8,ACQUISITION|SYNERGY|COMPLETION_LEGACY,UNRESOLVED,UNRESOLVED,UNRESOLVED,UNKNOWN,UNRESOLVED,UNRESOLVED,DRY_RUN_REVIEWED,PM_MERGE_REQUIRED,NONE
NC-CL-R-001144,NC-CL-S-000376,docs/09_collection/ga10-final-collection-and-payoff-registry-v1.md#G10-R10,docs/09_collection/ga10-final-collection-and-payoff-registry-v1.md,199,GA10,Functional Distribution Targets,G10-R10,Compensation/Reparation and Claims Network,ENTITY,C1,C1,C1|C7,ACQUISITION|SYNERGY|COMPLETION_LEGACY,UNRESOLVED,UNRESOLVED,UNRESOLVED,UNKNOWN,UNRESOLVED,UNRESOLVED,DRY_RUN_REVIEWED,PM_MERGE_REQUIRED,NONE
NC-CL-R-001145,NC-CL-S-000376,docs/09_collection/ga10-final-collection-and-payoff-registry-v1.md#G10-R10,docs/09_collection/ga10-final-collection-and-payoff-registry-v1.md,199,GA10,Functional Distribution Targets,G10-R10,Compensation/Reparation and Claims Network,CONTROL_CLAIM,C1,C1|C7,C1|C7,ACQUISITION|SYNERGY|COMPLETION_LEGACY,UNRESOLVED,UNRESOLVED,UNRESOLVED,UNKNOWN,UNRESOLVED,UNRESOLVED,DRY_RUN_REVIEWED,PM_MERGE_REQUIRED,NONE
NC-CL-R-001146,NC-CL-S-000376,docs/09_collection/ga10-final-collection-and-payoff-registry-v1.md#G10-R10,docs/09_collection/ga10-final-collection-and-payoff-registry-v1.md,199,GA10,Functional Distribution Targets,G10-R10,Compensation/Reparation and Claims Network,STATE_TRANSITION,C1,C1|C7,C1|C7,ACQUISITION|SYNERGY|COMPLETION_LEGACY,UNRESOLVED,UNRESOLVED,UNRESOLVED,UNKNOWN,UNRESOLVED,UNRESOLVED,DRY_RUN_REVIEWED,PM_MERGE_REQUIRED,NONE
NC-CL-R-001147,NC-CL-S-000376,docs/09_collection/ga10-final-collection-and-payoff-registry-v1.md#G10-R10,docs/09_collection/ga10-final-collection-and-payoff-registry-v1.md,199,GA10,Functional Distribution Targets,G10-R10,Compensation/Reparation and Claims Network,LOSS_OBLIGATION,C1,C1|C7,C1|C7,ACQUISITION|SYNERGY|COMPLETION_LEGACY,UNRESOLVED,UNRESOLVED,UNRESOLVED,UNKNOWN,UNRESOLVED,UNRESOLVED,DRY_RUN_REVIEWED,PM_MERGE_REQUIRED,NONE
NC-CL-R-001148,NC-CL-S-000377,docs/09_collection/ga10-final-collection-and-payoff-registry-v1.md#G10-A01,docs/09_collection/ga10-final-collection-and-payoff-registry-v1.md,214,GA10,Representative Regional Transition States,G10-A01,First Handoff Region,ENTITY,C7,C7|C8,C7|C8,COMPLETION_LEGACY,UNRESOLVED,UNRESOLVED,UNRESOLVED,UNKNOWN,UNRESOLVED,UNRESOLVED,DRY_RUN_REVIEWED,PM_MERGE_REQUIRED,NONE
NC-CL-R-001149,NC-CL-S-000377,docs/09_collection/ga10-final-collection-and-payoff-registry-v1.md#G10-A01,docs/09_collection/ga10-final-collection-and-payoff-registry-v1.md,214,GA10,Representative Regional Transition States,G10-A01,First Handoff Region,CONTROL_CLAIM,C7,C7|C8,C7|C8,COMPLETION_LEGACY,UNRESOLVED,UNRESOLVED,UNRESOLVED,UNKNOWN,UNRESOLVED,UNRESOLVED,DRY_RUN_REVIEWED,PM_MERGE_REQUIRED,NONE
NC-CL-R-001150,NC-CL-S-000377,docs/09_collection/ga10-final-collection-and-payoff-registry-v1.md#G10-A01,docs/09_collection/ga10-final-collection-and-payoff-registry-v1.md,214,GA10,Representative Regional Transition States,G10-A01,First Handoff Region,STATE_TRANSITION,C7,C7|C8,C7|C8,COMPLETION_LEGACY,UNRESOLVED,UNRESOLVED,UNRESOLVED,UNKNOWN,UNRESOLVED,UNRESOLVED,DRY_RUN_REVIEWED,PM_MERGE_REQUIRED,NONE
NC-CL-R-001151,NC-CL-S-000377,docs/09_collection/ga10-final-collection-and-payoff-registry-v1.md#G10-A01,docs/09_collection/ga10-final-collection-and-payoff-registry-v1.md,214,GA10,Representative Regional Transition States,G10-A01,First Handoff Region,LOSS_OBLIGATION,C7,C7|C8,C7|C8,COMPLETION_LEGACY,UNRESOLVED,UNRESOLVED,UNRESOLVED,UNKNOWN,UNRESOLVED,UNRESOLVED,DRY_RUN_REVIEWED,PM_MERGE_REQUIRED,NONE
NC-CL-R-001152,NC-CL-S-000378,docs/09_collection/ga10-final-collection-and-payoff-registry-v1.md#G10-A02,docs/09_collection/ga10-final-collection-and-payoff-registry-v1.md,225,GA10,Representative Regional Transition States,G10-A02,Voluntary Delayed-Central Region,ENTITY,C6,C6|C8,C6|C7|C8,SYNERGY|COMPLETION_LEGACY,UNRESOLVED,UNRESOLVED,UNRESOLVED,UNKNOWN,UNRESOLVED,UNRESOLVED,DRY_RUN_REVIEWED,PM_MERGE_REQUIRED,NONE
NC-CL-R-001153,NC-CL-S-000378,docs/09_collection/ga10-final-collection-and-payoff-registry-v1.md#G10-A02,docs/09_collection/ga10-final-collection-and-payoff-registry-v1.md,225,GA10,Representative Regional Transition States,G10-A02,Voluntary Delayed-Central Region,CONTROL_CLAIM,C6,C6|C7|C8,C6|C7|C8,SYNERGY|COMPLETION_LEGACY,UNRESOLVED,UNRESOLVED,UNRESOLVED,UNKNOWN,UNRESOLVED,UNRESOLVED,DRY_RUN_REVIEWED,PM_MERGE_REQUIRED,NONE
NC-CL-R-001154,NC-CL-S-000378,docs/09_collection/ga10-final-collection-and-payoff-registry-v1.md#G10-A02,docs/09_collection/ga10-final-collection-and-payoff-registry-v1.md,225,GA10,Representative Regional Transition States,G10-A02,Voluntary Delayed-Central Region,STATE_TRANSITION,C6,C6|C7|C8,C6|C7|C8,SYNERGY|COMPLETION_LEGACY,UNRESOLVED,UNRESOLVED,UNRESOLVED,UNKNOWN,UNRESOLVED,UNRESOLVED,DRY_RUN_REVIEWED,PM_MERGE_REQUIRED,NONE
NC-CL-R-001155,NC-CL-S-000378,docs/09_collection/ga10-final-collection-and-payoff-registry-v1.md#G10-A02,docs/09_collection/ga10-final-collection-and-payoff-registry-v1.md,225,GA10,Representative Regional Transition States,G10-A02,Voluntary Delayed-Central Region,LOSS_OBLIGATION,C6,C6|C7|C8,C6|C7|C8,SYNERGY|COMPLETION_LEGACY,UNRESOLVED,UNRESOLVED,UNRESOLVED,UNKNOWN,UNRESOLVED,UNRESOLVED,DRY_RUN_REVIEWED,PM_MERGE_REQUIRED,NONE
NC-CL-R-001156,NC-CL-S-000379,docs/09_collection/ga10-final-collection-and-payoff-registry-v1.md#G10-A03,docs/09_collection/ga10-final-collection-and-payoff-registry-v1.md,233,GA10,Representative Regional Transition States,G10-A03,Viable Opt-Out/Hybrid Region,ENTITY,C7,C7|C8,C7|C8,COMPLETION_LEGACY,UNRESOLVED,UNRESOLVED,UNRESOLVED,UNKNOWN,UNRESOLVED,UNRESOLVED,DRY_RUN_REVIEWED,PM_MERGE_REQUIRED,NONE
NC-CL-R-001157,NC-CL-S-000379,docs/09_collection/ga10-final-collection-and-payoff-registry-v1.md#G10-A03,docs/09_collection/ga10-final-collection-and-payoff-registry-v1.md,233,GA10,Representative Regional Transition States,G10-A03,Viable Opt-Out/Hybrid Region,CONTROL_CLAIM,C7,C7|C8,C7|C8,COMPLETION_LEGACY,UNRESOLVED,UNRESOLVED,UNRESOLVED,UNKNOWN,UNRESOLVED,UNRESOLVED,DRY_RUN_REVIEWED,PM_MERGE_REQUIRED,NONE
NC-CL-R-001158,NC-CL-S-000379,docs/09_collection/ga10-final-collection-and-payoff-registry-v1.md#G10-A03,docs/09_collection/ga10-final-collection-and-payoff-registry-v1.md,233,GA10,Representative Regional Transition States,G10-A03,Viable Opt-Out/Hybrid Region,STATE_TRANSITION,C7,C7|C8,C7|C8,COMPLETION_LEGACY,UNRESOLVED,UNRESOLVED,UNRESOLVED,UNKNOWN,UNRESOLVED,UNRESOLVED,DRY_RUN_REVIEWED,PM_MERGE_REQUIRED,NONE
NC-CL-R-001159,NC-CL-S-000379,docs/09_collection/ga10-final-collection-and-payoff-registry-v1.md#G10-A03,docs/09_collection/ga10-final-collection-and-payoff-registry-v1.md,233,GA10,Representative Regional Transition States,G10-A03,Viable Opt-Out/Hybrid Region,LOSS_OBLIGATION,C7,C7|C8,C7|C8,COMPLETION_LEGACY,UNRESOLVED,UNRESOLVED,UNRESOLVED,UNKNOWN,UNRESOLVED,UNRESOLVED,DRY_RUN_REVIEWED,PM_MERGE_REQUIRED,NONE
NC-CL-R-001160,NC-CL-S-000380,docs/09_collection/ga10-final-collection-and-payoff-registry-v1.md#G10-A04,docs/09_collection/ga10-final-collection-and-payoff-registry-v1.md,241,GA10,Representative Regional Transition States,G10-A04,Local Capture/Failed Transition Region,ENTITY,C7,C7|C8,C7|C8,COMPLETION_LEGACY,UNRESOLVED,UNRESOLVED,UNRESOLVED,UNKNOWN,UNRESOLVED,UNRESOLVED,DRY_RUN_REVIEWED,PM_MERGE_REQUIRED,NONE
NC-CL-R-001161,NC-CL-S-000380,docs/09_collection/ga10-final-collection-and-payoff-registry-v1.md#G10-A04,docs/09_collection/ga10-final-collection-and-payoff-registry-v1.md,241,GA10,Representative Regional Transition States,G10-A04,Local Capture/Failed Transition Region,CONTROL_CLAIM,C7,C7|C8,C7|C8,COMPLETION_LEGACY,UNRESOLVED,UNRESOLVED,UNRESOLVED,UNKNOWN,UNRESOLVED,UNRESOLVED,DRY_RUN_REVIEWED,PM_MERGE_REQUIRED,NONE
NC-CL-R-001162,NC-CL-S-000380,docs/09_collection/ga10-final-collection-and-payoff-registry-v1.md#G10-A04,docs/09_collection/ga10-final-collection-and-payoff-registry-v1.md,241,GA10,Representative Regional Transition States,G10-A04,Local Capture/Failed Transition Region,STATE_TRANSITION,C7,C7|C8,C7|C8,COMPLETION_LEGACY,UNRESOLVED,UNRESOLVED,UNRESOLVED,UNKNOWN,UNRESOLVED,UNRESOLVED,DRY_RUN_REVIEWED,PM_MERGE_REQUIRED,NONE
NC-CL-R-001163,NC-CL-S-000380,docs/09_collection/ga10-final-collection-and-payoff-registry-v1.md#G10-A04,docs/09_collection/ga10-final-collection-and-payoff-registry-v1.md,241,GA10,Representative Regional Transition States,G10-A04,Local Capture/Failed Transition Region,LOSS_OBLIGATION,C7,C7|C8,C7|C8,COMPLETION_LEGACY,UNRESOLVED,UNRESOLVED,UNRESOLVED,UNKNOWN,UNRESOLVED,UNRESOLVED,DRY_RUN_REVIEWED,PM_MERGE_REQUIRED,NONE
NC-CL-R-001164,NC-CL-S-000381,docs/09_collection/ga10-final-collection-and-payoff-registry-v1.md#G10-A05,docs/09_collection/ga10-final-collection-and-payoff-registry-v1.md,249,GA10,Representative Regional Transition States,G10-A05,Coerced/Occupied Region,ENTITY,C7,C7|C8,C7|C8,COMPLETION_LEGACY,UNRESOLVED,UNRESOLVED,UNRESOLVED,UNKNOWN,UNRESOLVED,UNRESOLVED,DRY_RUN_REVIEWED,PM_MERGE_REQUIRED,NONE
NC-CL-R-001165,NC-CL-S-000381,docs/09_collection/ga10-final-collection-and-payoff-registry-v1.md#G10-A05,docs/09_collection/ga10-final-collection-and-payoff-registry-v1.md,249,GA10,Representative Regional Transition States,G10-A05,Coerced/Occupied Region,CONTROL_CLAIM,C7,C7|C8,C7|C8,COMPLETION_LEGACY,UNRESOLVED,UNRESOLVED,UNRESOLVED,UNKNOWN,UNRESOLVED,UNRESOLVED,DRY_RUN_REVIEWED,PM_MERGE_REQUIRED,NONE
NC-CL-R-001166,NC-CL-S-000381,docs/09_collection/ga10-final-collection-and-payoff-registry-v1.md#G10-A05,docs/09_collection/ga10-final-collection-and-payoff-registry-v1.md,249,GA10,Representative Regional Transition States,G10-A05,Coerced/Occupied Region,STATE_TRANSITION,C7,C7|C8,C7|C8,COMPLETION_LEGACY,UNRESOLVED,UNRESOLVED,UNRESOLVED,UNKNOWN,UNRESOLVED,UNRESOLVED,DRY_RUN_REVIEWED,PM_MERGE_REQUIRED,NONE
NC-CL-R-001167,NC-CL-S-000381,docs/09_collection/ga10-final-collection-and-payoff-registry-v1.md#G10-A05,docs/09_collection/ga10-final-collection-and-payoff-registry-v1.md,249,GA10,Representative Regional Transition States,G10-A05,Coerced/Occupied Region,LOSS_OBLIGATION,C7,C7|C8,C7|C8,COMPLETION_LEGACY,UNRESOLVED,UNRESOLVED,UNRESOLVED,UNKNOWN,UNRESOLVED,UNRESOLVED,DRY_RUN_REVIEWED,PM_MERGE_REQUIRED,NONE
NC-CL-R-001168,NC-CL-S-000382,docs/09_collection/ga10-final-collection-and-payoff-registry-v1.md#G10-A06,docs/09_collection/ga10-final-collection-and-payoff-registry-v1.md,257,GA10,Representative Regional Transition States,G10-A06,AI/Composite Nonterritorial Community,ENTITY,C1,C1,C1|C6|C7,SYNERGY|COMPLETION_LEGACY,UNRESOLVED,UNRESOLVED,UNRESOLVED,UNKNOWN,UNRESOLVED,UNRESOLVED,DRY_RUN_REVIEWED,PM_MERGE_REQUIRED,NONE
NC-CL-R-001169,NC-CL-S-000382,docs/09_collection/ga10-final-collection-and-payoff-registry-v1.md#G10-A06,docs/09_collection/ga10-final-collection-and-payoff-registry-v1.md,257,GA10,Representative Regional Transition States,G10-A06,AI/Composite Nonterritorial Community,RELATIONSHIP,C1,C1|C7|C6,C1|C6|C7,SYNERGY|COMPLETION_LEGACY,UNRESOLVED,UNRESOLVED,UNRESOLVED,UNKNOWN,UNRESOLVED,UNRESOLVED,DRY_RUN_REVIEWED,PM_MERGE_REQUIRED,NONE
NC-CL-R-001170,NC-CL-S-000382,docs/09_collection/ga10-final-collection-and-payoff-registry-v1.md#G10-A06,docs/09_collection/ga10-final-collection-and-payoff-registry-v1.md,257,GA10,Representative Regional Transition States,G10-A06,AI/Composite Nonterritorial Community,CONTROL_CLAIM,C1,C1|C6|C7,C1|C6|C7,SYNERGY|COMPLETION_LEGACY,UNRESOLVED,UNRESOLVED,UNRESOLVED,UNKNOWN,UNRESOLVED,UNRESOLVED,DRY_RUN_REVIEWED,PM_MERGE_REQUIRED,NONE
NC-CL-R-001171,NC-CL-S-000382,docs/09_collection/ga10-final-collection-and-payoff-registry-v1.md#G10-A06,docs/09_collection/ga10-final-collection-and-payoff-registry-v1.md,257,GA10,Representative Regional Transition States,G10-A06,AI/Composite Nonterritorial Community,STATE_TRANSITION,C1,C1|C6|C7,C1|C6|C7,SYNERGY|COMPLETION_LEGACY,UNRESOLVED,UNRESOLVED,UNRESOLVED,UNKNOWN,UNRESOLVED,UNRESOLVED,DRY_RUN_REVIEWED,PM_MERGE_REQUIRED,NONE
NC-CL-R-001172,NC-CL-S-000382,docs/09_collection/ga10-final-collection-and-payoff-registry-v1.md#G10-A06,docs/09_collection/ga10-final-collection-and-payoff-registry-v1.md,257,GA10,Representative Regional Transition States,G10-A06,AI/Composite Nonterritorial Community,LOSS_OBLIGATION,C1,C1|C6|C7,C1|C6|C7,SYNERGY|COMPLETION_LEGACY,UNRESOLVED,UNRESOLVED,UNRESOLVED,UNKNOWN,UNRESOLVED,UNRESOLVED,DRY_RUN_REVIEWED,PM_MERGE_REQUIRED,NONE
NC-CL-R-001173,NC-CL-S-000383,docs/09_collection/ga10-final-collection-and-payoff-registry-v1.md#G10-A07,docs/09_collection/ga10-final-collection-and-payoff-registry-v1.md,265,GA10,Representative Regional Transition States,G10-A07,Central Seed/Continuity Assembly,ENTITY,C6,C6|C7,C6|C7,SYNERGY|COMPLETION_LEGACY,UNRESOLVED,UNRESOLVED,UNRESOLVED,UNKNOWN,UNRESOLVED,UNRESOLVED,DRY_RUN_REVIEWED,PM_MERGE_REQUIRED,NONE
NC-CL-R-001174,NC-CL-S-000383,docs/09_collection/ga10-final-collection-and-payoff-registry-v1.md#G10-A07,docs/09_collection/ga10-final-collection-and-payoff-registry-v1.md,265,GA10,Representative Regional Transition States,G10-A07,Central Seed/Continuity Assembly,CONTROL_CLAIM,C6,C6|C7,C6|C7,SYNERGY|COMPLETION_LEGACY,UNRESOLVED,UNRESOLVED,UNRESOLVED,UNKNOWN,UNRESOLVED,UNRESOLVED,DRY_RUN_REVIEWED,PM_MERGE_REQUIRED,NONE
NC-CL-R-001175,NC-CL-S-000383,docs/09_collection/ga10-final-collection-and-payoff-registry-v1.md#G10-A07,docs/09_collection/ga10-final-collection-and-payoff-registry-v1.md,265,GA10,Representative Regional Transition States,G10-A07,Central Seed/Continuity Assembly,STATE_TRANSITION,C6,C6|C7,C6|C7,SYNERGY|COMPLETION_LEGACY,UNRESOLVED,UNRESOLVED,UNRESOLVED,UNKNOWN,UNRESOLVED,UNRESOLVED,DRY_RUN_REVIEWED,PM_MERGE_REQUIRED,NONE
NC-CL-R-001176,NC-CL-S-000383,docs/09_collection/ga10-final-collection-and-payoff-registry-v1.md#G10-A07,docs/09_collection/ga10-final-collection-and-payoff-registry-v1.md,265,GA10,Representative Regional Transition States,G10-A07,Central Seed/Continuity Assembly,LOSS_OBLIGATION,C6,C6|C7,C6|C7,SYNERGY|COMPLETION_LEGACY,UNRESOLVED,UNRESOLVED,UNRESOLVED,UNKNOWN,UNRESOLVED,UNRESOLVED,DRY_RUN_REVIEWED,PM_MERGE_REQUIRED,NONE
NC-CL-R-001177,NC-CL-S-000384,docs/09_collection/ga10-final-collection-and-payoff-registry-v1.md#G10-L01,docs/09_collection/ga10-final-collection-and-payoff-registry-v1.md,278,GA10,"Iconic People, Hardware and Institution End States",G10-L01,H-001,ENTITY,C1,C1,C1|C7|C8,COMPLETION_LEGACY,UNRESOLVED,UNRESOLVED,UNRESOLVED,UNKNOWN,UNRESOLVED,UNRESOLVED,DRY_RUN_REVIEWED,PM_MERGE_REQUIRED,NONE
NC-CL-R-001178,NC-CL-S-000384,docs/09_collection/ga10-final-collection-and-payoff-registry-v1.md#G10-L01,docs/09_collection/ga10-final-collection-and-payoff-registry-v1.md,278,GA10,"Iconic People, Hardware and Institution End States",G10-L01,H-001,RELATIONSHIP,C1,C1|C7|C8,C1|C7|C8,COMPLETION_LEGACY,UNRESOLVED,UNRESOLVED,UNRESOLVED,UNKNOWN,UNRESOLVED,UNRESOLVED,DRY_RUN_REVIEWED,PM_MERGE_REQUIRED,NONE
NC-CL-R-001179,NC-CL-S-000384,docs/09_collection/ga10-final-collection-and-payoff-registry-v1.md#G10-L01,docs/09_collection/ga10-final-collection-and-payoff-registry-v1.md,278,GA10,"Iconic People, Hardware and Institution End States",G10-L01,H-001,CONTROL_CLAIM,C1,C1|C7|C8,C1|C7|C8,COMPLETION_LEGACY,UNRESOLVED,UNRESOLVED,UNRESOLVED,UNKNOWN,UNRESOLVED,UNRESOLVED,DRY_RUN_REVIEWED,PM_MERGE_REQUIRED,NONE
NC-CL-R-001180,NC-CL-S-000384,docs/09_collection/ga10-final-collection-and-payoff-registry-v1.md#G10-L01,docs/09_collection/ga10-final-collection-and-payoff-registry-v1.md,278,GA10,"Iconic People, Hardware and Institution End States",G10-L01,H-001,STATE_TRANSITION,C1,C1|C7|C8,C1|C7|C8,COMPLETION_LEGACY,UNRESOLVED,UNRESOLVED,UNRESOLVED,UNKNOWN,UNRESOLVED,UNRESOLVED,DRY_RUN_REVIEWED,PM_MERGE_REQUIRED,NONE
NC-CL-R-001181,NC-CL-S-000384,docs/09_collection/ga10-final-collection-and-payoff-registry-v1.md#G10-L01,docs/09_collection/ga10-final-collection-and-payoff-registry-v1.md,278,GA10,"Iconic People, Hardware and Institution End States",G10-L01,H-001,LOSS_OBLIGATION,C1,C1|C7|C8,C1|C7|C8,COMPLETION_LEGACY,UNRESOLVED,UNRESOLVED,UNRESOLVED,UNKNOWN,UNRESOLVED,UNRESOLVED,DRY_RUN_REVIEWED,PM_MERGE_REQUIRED,NONE
NC-CL-R-001182,NC-CL-S-000385,docs/09_collection/ga10-final-collection-and-payoff-registry-v1.md#G10-L02,docs/09_collection/ga10-final-collection-and-payoff-registry-v1.md,288,GA10,"Iconic People, Hardware and Institution End States",G10-L02,H-002,ENTITY,C1,C1,C1|C2|C6|C7,SYNERGY|COMPLETION_LEGACY,UNRESOLVED,UNRESOLVED,UNRESOLVED,UNKNOWN,UNRESOLVED,UNRESOLVED,DRY_RUN_REVIEWED,PM_MERGE_REQUIRED,NONE
NC-CL-R-001183,NC-CL-S-000385,docs/09_collection/ga10-final-collection-and-payoff-registry-v1.md#G10-L02,docs/09_collection/ga10-final-collection-and-payoff-registry-v1.md,288,GA10,"Iconic People, Hardware and Institution End States",G10-L02,H-002,RELATIONSHIP,C1,C1|C7|C2|C6,C1|C2|C6|C7,SYNERGY|COMPLETION_LEGACY,UNRESOLVED,UNRESOLVED,UNRESOLVED,UNKNOWN,UNRESOLVED,UNRESOLVED,DRY_RUN_REVIEWED,PM_MERGE_REQUIRED,NONE
NC-CL-R-001184,NC-CL-S-000385,docs/09_collection/ga10-final-collection-and-payoff-registry-v1.md#G10-L02,docs/09_collection/ga10-final-collection-and-payoff-registry-v1.md,288,GA10,"Iconic People, Hardware and Institution End States",G10-L02,H-002,CONTROL_CLAIM,C1,C1|C2|C6|C7,C1|C2|C6|C7,SYNERGY|COMPLETION_LEGACY,UNRESOLVED,UNRESOLVED,UNRESOLVED,UNKNOWN,UNRESOLVED,UNRESOLVED,DRY_RUN_REVIEWED,PM_MERGE_REQUIRED,NONE
NC-CL-R-001185,NC-CL-S-000385,docs/09_collection/ga10-final-collection-and-payoff-registry-v1.md#G10-L02,docs/09_collection/ga10-final-collection-and-payoff-registry-v1.md,288,GA10,"Iconic People, Hardware and Institution End States",G10-L02,H-002,STATE_TRANSITION,C1,C1|C2|C6|C7,C1|C2|C6|C7,SYNERGY|COMPLETION_LEGACY,UNRESOLVED,UNRESOLVED,UNRESOLVED,UNKNOWN,UNRESOLVED,UNRESOLVED,DRY_RUN_REVIEWED,PM_MERGE_REQUIRED,NONE
NC-CL-R-001186,NC-CL-S-000385,docs/09_collection/ga10-final-collection-and-payoff-registry-v1.md#G10-L02,docs/09_collection/ga10-final-collection-and-payoff-registry-v1.md,288,GA10,"Iconic People, Hardware and Institution End States",G10-L02,H-002,SET,C1,C1|C2|C6|C7,C1|C2|C6|C7,SYNERGY|COMPLETION_LEGACY,UNRESOLVED,UNRESOLVED,UNRESOLVED,UNKNOWN,UNRESOLVED,UNRESOLVED,DRY_RUN_REVIEWED,PM_MERGE_REQUIRED,NONE
NC-CL-R-001187,NC-CL-S-000386,docs/09_collection/ga10-final-collection-and-payoff-registry-v1.md#G10-L03,docs/09_collection/ga10-final-collection-and-payoff-registry-v1.md,297,GA10,"Iconic People, Hardware and Institution End States",G10-L03,S-001,ENTITY,C1,C1,C1|C6|C7,SYNERGY|COMPLETION_LEGACY,UNRESOLVED,UNRESOLVED,UNRESOLVED,UNKNOWN,UNRESOLVED,UNRESOLVED,DRY_RUN_REVIEWED,PM_MERGE_REQUIRED,NONE
NC-CL-R-001188,NC-CL-S-000386,docs/09_collection/ga10-final-collection-and-payoff-registry-v1.md#G10-L03,docs/09_collection/ga10-final-collection-and-payoff-registry-v1.md,297,GA10,"Iconic People, Hardware and Institution End States",G10-L03,S-001,CONTROL_CLAIM,C1,C1|C6|C7,C1|C6|C7,SYNERGY|COMPLETION_LEGACY,UNRESOLVED,UNRESOLVED,UNRESOLVED,UNKNOWN,UNRESOLVED,UNRESOLVED,DRY_RUN_REVIEWED,PM_MERGE_REQUIRED,NONE
NC-CL-R-001189,NC-CL-S-000386,docs/09_collection/ga10-final-collection-and-payoff-registry-v1.md#G10-L03,docs/09_collection/ga10-final-collection-and-payoff-registry-v1.md,297,GA10,"Iconic People, Hardware and Institution End States",G10-L03,S-001,STATE_TRANSITION,C1,C1|C6|C7,C1|C6|C7,SYNERGY|COMPLETION_LEGACY,UNRESOLVED,UNRESOLVED,UNRESOLVED,UNKNOWN,UNRESOLVED,UNRESOLVED,DRY_RUN_REVIEWED,PM_MERGE_REQUIRED,NONE
NC-CL-R-001190,NC-CL-S-000387,docs/09_collection/ga10-final-collection-and-payoff-registry-v1.md#G10-L04,docs/09_collection/ga10-final-collection-and-payoff-registry-v1.md,306,GA10,"Iconic People, Hardware and Institution End States",G10-L04,M-001,ENTITY,C1,C1,C1|C7|C8,SYNERGY|COMPLETION_LEGACY,UNRESOLVED,UNRESOLVED,UNRESOLVED,UNKNOWN,UNRESOLVED,UNRESOLVED,DRY_RUN_REVIEWED,PM_MERGE_REQUIRED,NONE
NC-CL-R-001191,NC-CL-S-000387,docs/09_collection/ga10-final-collection-and-payoff-registry-v1.md#G10-L04,docs/09_collection/ga10-final-collection-and-payoff-registry-v1.md,306,GA10,"Iconic People, Hardware and Institution End States",G10-L04,M-001,CONTROL_CLAIM,C1,C1|C7|C8,C1|C7|C8,SYNERGY|COMPLETION_LEGACY,UNRESOLVED,UNRESOLVED,UNRESOLVED,UNKNOWN,UNRESOLVED,UNRESOLVED,DRY_RUN_REVIEWED,PM_MERGE_REQUIRED,NONE
NC-CL-R-001192,NC-CL-S-000387,docs/09_collection/ga10-final-collection-and-payoff-registry-v1.md#G10-L04,docs/09_collection/ga10-final-collection-and-payoff-registry-v1.md,306,GA10,"Iconic People, Hardware and Institution End States",G10-L04,M-001,STATE_TRANSITION,C1,C1|C7|C8,C1|C7|C8,SYNERGY|COMPLETION_LEGACY,UNRESOLVED,UNRESOLVED,UNRESOLVED,UNKNOWN,UNRESOLVED,UNRESOLVED,DRY_RUN_REVIEWED,PM_MERGE_REQUIRED,NONE
NC-CL-R-001193,NC-CL-S-000387,docs/09_collection/ga10-final-collection-and-payoff-registry-v1.md#G10-L04,docs/09_collection/ga10-final-collection-and-payoff-registry-v1.md,306,GA10,"Iconic People, Hardware and Institution End States",G10-L04,M-001,LOSS_OBLIGATION,C1,C1|C7|C8,C1|C7|C8,SYNERGY|COMPLETION_LEGACY,UNRESOLVED,UNRESOLVED,UNRESOLVED,UNKNOWN,UNRESOLVED,UNRESOLVED,DRY_RUN_REVIEWED,PM_MERGE_REQUIRED,NONE
NC-CL-R-001194,NC-CL-S-000388,docs/09_collection/ga10-final-collection-and-payoff-registry-v1.md#G10-L05,docs/09_collection/ga10-final-collection-and-payoff-registry-v1.md,314,GA10,"Iconic People, Hardware and Institution End States",G10-L05,A-001 Human Director,ENTITY,C1,C1,C1|C7,SYNERGY|COMPLETION_LEGACY,UNRESOLVED,UNRESOLVED,UNRESOLVED,UNKNOWN,UNRESOLVED,UNRESOLVED,DRY_RUN_REVIEWED,PM_MERGE_REQUIRED,NONE
NC-CL-R-001195,NC-CL-S-000388,docs/09_collection/ga10-final-collection-and-payoff-registry-v1.md#G10-L05,docs/09_collection/ga10-final-collection-and-payoff-registry-v1.md,314,GA10,"Iconic People, Hardware and Institution End States",G10-L05,A-001 Human Director,CONTROL_CLAIM,C1,C1|C7,C1|C7,SYNERGY|COMPLETION_LEGACY,UNRESOLVED,UNRESOLVED,UNRESOLVED,UNKNOWN,UNRESOLVED,UNRESOLVED,DRY_RUN_REVIEWED,PM_MERGE_REQUIRED,NONE
NC-CL-R-001196,NC-CL-S-000388,docs/09_collection/ga10-final-collection-and-payoff-registry-v1.md#G10-L05,docs/09_collection/ga10-final-collection-and-payoff-registry-v1.md,314,GA10,"Iconic People, Hardware and Institution End States",G10-L05,A-001 Human Director,STATE_TRANSITION,C1,C1|C7,C1|C7,SYNERGY|COMPLETION_LEGACY,UNRESOLVED,UNRESOLVED,UNRESOLVED,UNKNOWN,UNRESOLVED,UNRESOLVED,DRY_RUN_REVIEWED,PM_MERGE_REQUIRED,NONE
NC-CL-R-001197,NC-CL-S-000388,docs/09_collection/ga10-final-collection-and-payoff-registry-v1.md#G10-L05,docs/09_collection/ga10-final-collection-and-payoff-registry-v1.md,314,GA10,"Iconic People, Hardware and Institution End States",G10-L05,A-001 Human Director,LOSS_OBLIGATION,C1,C1|C7,C1|C7,SYNERGY|COMPLETION_LEGACY,UNRESOLVED,UNRESOLVED,UNRESOLVED,UNKNOWN,UNRESOLVED,UNRESOLVED,DRY_RUN_REVIEWED,PM_MERGE_REQUIRED,NONE
NC-CL-R-001198,NC-CL-S-000388,docs/09_collection/ga10-final-collection-and-payoff-registry-v1.md#G10-L05,docs/09_collection/ga10-final-collection-and-payoff-registry-v1.md,314,GA10,"Iconic People, Hardware and Institution End States",G10-L05,A-001 Human Director,NARRATIVE_PROMISE,C1,C1|C7,C1|C7,SYNERGY|COMPLETION_LEGACY,UNRESOLVED,UNRESOLVED,UNRESOLVED,UNKNOWN,UNRESOLVED,UNRESOLVED,DRY_RUN_REVIEWED,PM_MERGE_REQUIRED,NONE
NC-CL-R-001199,NC-CL-S-000389,docs/09_collection/ga10-final-collection-and-payoff-registry-v1.md#G10-L06,docs/09_collection/ga10-final-collection-and-payoff-registry-v1.md,322,GA10,"Iconic People, Hardware and Institution End States",G10-L06,A-001 Archive AI Partner,ENTITY,C1,C1,C1|C6|C7,SYNERGY|COMPLETION_LEGACY,UNRESOLVED,UNRESOLVED,UNRESOLVED,UNKNOWN,UNRESOLVED,UNRESOLVED,DRY_RUN_REVIEWED,PM_MERGE_REQUIRED,NONE
NC-CL-R-001200,NC-CL-S-000389,docs/09_collection/ga10-final-collection-and-payoff-registry-v1.md#G10-L06,docs/09_collection/ga10-final-collection-and-payoff-registry-v1.md,322,GA10,"Iconic People, Hardware and Institution End States",G10-L06,A-001 Archive AI Partner,CONTROL_CLAIM,C1,C1|C6|C7,C1|C6|C7,SYNERGY|COMPLETION_LEGACY,UNRESOLVED,UNRESOLVED,UNRESOLVED,UNKNOWN,UNRESOLVED,UNRESOLVED,DRY_RUN_REVIEWED,PM_MERGE_REQUIRED,NONE
NC-CL-R-001201,NC-CL-S-000389,docs/09_collection/ga10-final-collection-and-payoff-registry-v1.md#G10-L06,docs/09_collection/ga10-final-collection-and-payoff-registry-v1.md,322,GA10,"Iconic People, Hardware and Institution End States",G10-L06,A-001 Archive AI Partner,STATE_TRANSITION,C1,C1|C6|C7,C1|C6|C7,SYNERGY|COMPLETION_LEGACY,UNRESOLVED,UNRESOLVED,UNRESOLVED,UNKNOWN,UNRESOLVED,UNRESOLVED,DRY_RUN_REVIEWED,PM_MERGE_REQUIRED,NONE
NC-CL-R-001202,NC-CL-S-000389,docs/09_collection/ga10-final-collection-and-payoff-registry-v1.md#G10-L06,docs/09_collection/ga10-final-collection-and-payoff-registry-v1.md,322,GA10,"Iconic People, Hardware and Institution End States",G10-L06,A-001 Archive AI Partner,LOSS_OBLIGATION,C1,C1|C6|C7,C1|C6|C7,SYNERGY|COMPLETION_LEGACY,UNRESOLVED,UNRESOLVED,UNRESOLVED,UNKNOWN,UNRESOLVED,UNRESOLVED,DRY_RUN_REVIEWED,PM_MERGE_REQUIRED,NONE
NC-CL-R-001203,NC-CL-S-000389,docs/09_collection/ga10-final-collection-and-payoff-registry-v1.md#G10-L06,docs/09_collection/ga10-final-collection-and-payoff-registry-v1.md,322,GA10,"Iconic People, Hardware and Institution End States",G10-L06,A-001 Archive AI Partner,NARRATIVE_PROMISE,C1,C1|C6|C7,C1|C6|C7,SYNERGY|COMPLETION_LEGACY,UNRESOLVED,UNRESOLVED,UNRESOLVED,UNKNOWN,UNRESOLVED,UNRESOLVED,DRY_RUN_REVIEWED,PM_MERGE_REQUIRED,NONE
NC-CL-R-001204,NC-CL-S-000390,docs/09_collection/ga10-final-collection-and-payoff-registry-v1.md#G10-L07,docs/09_collection/ga10-final-collection-and-payoff-registry-v1.md,330,GA10,"Iconic People, Hardware and Institution End States",G10-L07,07 Original Frame and Open Service Spine,ENTITY,C2,C2,C2|C6,SYNERGY|COMPLETION_LEGACY,UNRESOLVED,CANON:AUX-07,UNRESOLVED,UNKNOWN,UNRESOLVED,UNRESOLVED,DRY_RUN_REVIEWED,PM_MERGE_REQUIRED,NONE
NC-CL-R-001205,NC-CL-S-000390,docs/09_collection/ga10-final-collection-and-payoff-registry-v1.md#G10-L07,docs/09_collection/ga10-final-collection-and-payoff-registry-v1.md,330,GA10,"Iconic People, Hardware and Institution End States",G10-L07,07 Original Frame and Open Service Spine,ENTITY,C6,C6,C2|C6,SYNERGY|COMPLETION_LEGACY,UNRESOLVED,OPEN_SERVICE_SPINE,UNRESOLVED,UNKNOWN,UNRESOLVED,UNRESOLVED,DRY_RUN_REVIEWED,PM_MERGE_REQUIRED,NONE
NC-CL-R-001206,NC-CL-S-000390,docs/09_collection/ga10-final-collection-and-payoff-registry-v1.md#G10-L07,docs/09_collection/ga10-final-collection-and-payoff-registry-v1.md,330,GA10,"Iconic People, Hardware and Institution End States",G10-L07,07 Original Frame and Open Service Spine,CONTROL_CLAIM,C2,C2|C6,C2|C6,SYNERGY|COMPLETION_LEGACY,UNRESOLVED,UNRESOLVED,UNRESOLVED,UNKNOWN,UNRESOLVED,UNRESOLVED,DRY_RUN_REVIEWED,PM_MERGE_REQUIRED,NONE
NC-CL-R-001207,NC-CL-S-000390,docs/09_collection/ga10-final-collection-and-payoff-registry-v1.md#G10-L07,docs/09_collection/ga10-final-collection-and-payoff-registry-v1.md,330,GA10,"Iconic People, Hardware and Institution End States",G10-L07,07 Original Frame and Open Service Spine,STATE_TRANSITION,C2,C2|C6,C2|C6,SYNERGY|COMPLETION_LEGACY,UNRESOLVED,UNRESOLVED,UNRESOLVED,UNKNOWN,UNRESOLVED,UNRESOLVED,DRY_RUN_REVIEWED,PM_MERGE_REQUIRED,NONE
NC-CL-R-001208,NC-CL-S-000390,docs/09_collection/ga10-final-collection-and-payoff-registry-v1.md#G10-L07,docs/09_collection/ga10-final-collection-and-payoff-registry-v1.md,330,GA10,"Iconic People, Hardware and Institution End States",G10-L07,07 Original Frame and Open Service Spine,LOSS_OBLIGATION,C2,C2|C6,C2|C6,SYNERGY|COMPLETION_LEGACY,UNRESOLVED,UNRESOLVED,UNRESOLVED,UNKNOWN,UNRESOLVED,UNRESOLVED,DRY_RUN_REVIEWED,PM_MERGE_REQUIRED,NONE
NC-CL-R-001209,NC-CL-S-000390,docs/09_collection/ga10-final-collection-and-payoff-registry-v1.md#G10-L07,docs/09_collection/ga10-final-collection-and-payoff-registry-v1.md,330,GA10,"Iconic People, Hardware and Institution End States",G10-L07,07 Original Frame and Open Service Spine,SET,C2,C2|C6,C2|C6,SYNERGY|COMPLETION_LEGACY,UNRESOLVED,UNRESOLVED,UNRESOLVED,UNKNOWN,UNRESOLVED,UNRESOLVED,DRY_RUN_REVIEWED,PM_MERGE_REQUIRED,NONE
NC-CL-R-001210,NC-CL-S-000391,docs/09_collection/ga10-final-collection-and-payoff-registry-v1.md#G10-L08,docs/09_collection/ga10-final-collection-and-payoff-registry-v1.md,339,GA10,"Iconic People, Hardware and Institution End States",G10-L08,First Ship / Crew Institution,ENTITY,C1,C1|C5|C7,C1|C5|C7|C8,SYNERGY|COMPLETION_LEGACY,UNRESOLVED,UNRESOLVED,UNRESOLVED,UNKNOWN,UNRESOLVED,UNRESOLVED,DRY_RUN_REVIEWED,PM_MERGE_REQUIRED,NONE
NC-CL-R-001211,NC-CL-S-000391,docs/09_collection/ga10-final-collection-and-payoff-registry-v1.md#G10-L08,docs/09_collection/ga10-final-collection-and-payoff-registry-v1.md,339,GA10,"Iconic People, Hardware and Institution End States",G10-L08,First Ship / Crew Institution,RELATIONSHIP,C1,C1|C7|C5|C8,C1|C5|C7|C8,SYNERGY|COMPLETION_LEGACY,UNRESOLVED,UNRESOLVED,UNRESOLVED,UNKNOWN,UNRESOLVED,UNRESOLVED,DRY_RUN_REVIEWED,PM_MERGE_REQUIRED,NONE
NC-CL-R-001212,NC-CL-S-000391,docs/09_collection/ga10-final-collection-and-payoff-registry-v1.md#G10-L08,docs/09_collection/ga10-final-collection-and-payoff-registry-v1.md,339,GA10,"Iconic People, Hardware and Institution End States",G10-L08,First Ship / Crew Institution,CONTROL_CLAIM,C1,C1|C5|C7|C8,C1|C5|C7|C8,SYNERGY|COMPLETION_LEGACY,UNRESOLVED,UNRESOLVED,UNRESOLVED,UNKNOWN,UNRESOLVED,UNRESOLVED,DRY_RUN_REVIEWED,PM_MERGE_REQUIRED,NONE
NC-CL-R-001213,NC-CL-S-000391,docs/09_collection/ga10-final-collection-and-payoff-registry-v1.md#G10-L08,docs/09_collection/ga10-final-collection-and-payoff-registry-v1.md,339,GA10,"Iconic People, Hardware and Institution End States",G10-L08,First Ship / Crew Institution,STATE_TRANSITION,C1,C1|C5|C7|C8,C1|C5|C7|C8,SYNERGY|COMPLETION_LEGACY,UNRESOLVED,UNRESOLVED,UNRESOLVED,UNKNOWN,UNRESOLVED,UNRESOLVED,DRY_RUN_REVIEWED,PM_MERGE_REQUIRED,NONE
NC-CL-R-001214,NC-CL-S-000391,docs/09_collection/ga10-final-collection-and-payoff-registry-v1.md#G10-L08,docs/09_collection/ga10-final-collection-and-payoff-registry-v1.md,339,GA10,"Iconic People, Hardware and Institution End States",G10-L08,First Ship / Crew Institution,LOSS_OBLIGATION,C1,C1|C5|C7|C8,C1|C5|C7|C8,SYNERGY|COMPLETION_LEGACY,UNRESOLVED,UNRESOLVED,UNRESOLVED,UNKNOWN,UNRESOLVED,UNRESOLVED,DRY_RUN_REVIEWED,PM_MERGE_REQUIRED,NONE
NC-CL-R-001215,NC-CL-S-000391,docs/09_collection/ga10-final-collection-and-payoff-registry-v1.md#G10-L08,docs/09_collection/ga10-final-collection-and-payoff-registry-v1.md,339,GA10,"Iconic People, Hardware and Institution End States",G10-L08,First Ship / Crew Institution,NARRATIVE_PROMISE,C1,C1|C5|C7|C8,C1|C5|C7|C8,SYNERGY|COMPLETION_LEGACY,UNRESOLVED,UNRESOLVED,UNRESOLVED,UNKNOWN,UNRESOLVED,UNRESOLVED,DRY_RUN_REVIEWED,PM_MERGE_REQUIRED,NONE
NC-CL-R-001216,NC-CL-S-000391,docs/09_collection/ga10-final-collection-and-payoff-registry-v1.md#G10-L08,docs/09_collection/ga10-final-collection-and-payoff-registry-v1.md,339,GA10,"Iconic People, Hardware and Institution End States",G10-L08,First Ship / Crew Institution,SET,C1,C1|C5|C7|C8,C1|C5|C7|C8,SYNERGY|COMPLETION_LEGACY,UNRESOLVED,UNRESOLVED,UNRESOLVED,UNKNOWN,UNRESOLVED,UNRESOLVED,DRY_RUN_REVIEWED,PM_MERGE_REQUIRED,NONE
NC-CL-R-001217,NC-CL-S-000392,docs/09_collection/ga10-final-collection-and-payoff-registry-v1.md#G10-L09,docs/09_collection/ga10-final-collection-and-payoff-registry-v1.md,347,GA10,"Iconic People, Hardware and Institution End States",G10-L09,Ownerless Fleet Charter,ENTITY,C5,C5|C7,C5|C7|C8,COMPLETION_LEGACY,UNRESOLVED,UNRESOLVED,UNRESOLVED,UNKNOWN,UNRESOLVED,UNRESOLVED,DRY_RUN_REVIEWED,PM_MERGE_REQUIRED,NONE
NC-CL-R-001218,NC-CL-S-000392,docs/09_collection/ga10-final-collection-and-payoff-registry-v1.md#G10-L09,docs/09_collection/ga10-final-collection-and-payoff-registry-v1.md,347,GA10,"Iconic People, Hardware and Institution End States",G10-L09,Ownerless Fleet Charter,RELATIONSHIP,C7,C7|C5|C8,C5|C7|C8,COMPLETION_LEGACY,UNRESOLVED,UNRESOLVED,UNRESOLVED,UNKNOWN,UNRESOLVED,UNRESOLVED,DRY_RUN_REVIEWED,PM_MERGE_REQUIRED,NONE
NC-CL-R-001219,NC-CL-S-000392,docs/09_collection/ga10-final-collection-and-payoff-registry-v1.md#G10-L09,docs/09_collection/ga10-final-collection-and-payoff-registry-v1.md,347,GA10,"Iconic People, Hardware and Institution End States",G10-L09,Ownerless Fleet Charter,CONTROL_CLAIM,C5,C5|C7|C8,C5|C7|C8,COMPLETION_LEGACY,UNRESOLVED,UNRESOLVED,UNRESOLVED,UNKNOWN,UNRESOLVED,UNRESOLVED,DRY_RUN_REVIEWED,PM_MERGE_REQUIRED,NONE
NC-CL-R-001220,NC-CL-S-000392,docs/09_collection/ga10-final-collection-and-payoff-registry-v1.md#G10-L09,docs/09_collection/ga10-final-collection-and-payoff-registry-v1.md,347,GA10,"Iconic People, Hardware and Institution End States",G10-L09,Ownerless Fleet Charter,STATE_TRANSITION,C5,C5|C7|C8,C5|C7|C8,COMPLETION_LEGACY,UNRESOLVED,UNRESOLVED,UNRESOLVED,UNKNOWN,UNRESOLVED,UNRESOLVED,DRY_RUN_REVIEWED,PM_MERGE_REQUIRED,NONE
NC-CL-R-001221,NC-CL-S-000393,docs/09_collection/ga10-final-collection-and-payoff-registry-v1.md#G10-L10,docs/09_collection/ga10-final-collection-and-payoff-registry-v1.md,355,GA10,"Iconic People, Hardware and Institution End States",G10-L10,Academy / Education Lineage,ENTITY,C1,C1,C1|C6|C7,SYNERGY|COMPLETION_LEGACY,UNRESOLVED,UNRESOLVED,UNRESOLVED,UNKNOWN,UNRESOLVED,UNRESOLVED,DRY_RUN_REVIEWED,PM_MERGE_REQUIRED,NONE
NC-CL-R-001222,NC-CL-S-000393,docs/09_collection/ga10-final-collection-and-payoff-registry-v1.md#G10-L10,docs/09_collection/ga10-final-collection-and-payoff-registry-v1.md,355,GA10,"Iconic People, Hardware and Institution End States",G10-L10,Academy / Education Lineage,RELATIONSHIP,C1,C1|C7|C6,C1|C6|C7,SYNERGY|COMPLETION_LEGACY,UNRESOLVED,UNRESOLVED,UNRESOLVED,UNKNOWN,UNRESOLVED,UNRESOLVED,DRY_RUN_REVIEWED,PM_MERGE_REQUIRED,NONE
NC-CL-R-001223,NC-CL-S-000393,docs/09_collection/ga10-final-collection-and-payoff-registry-v1.md#G10-L10,docs/09_collection/ga10-final-collection-and-payoff-registry-v1.md,355,GA10,"Iconic People, Hardware and Institution End States",G10-L10,Academy / Education Lineage,CONTROL_CLAIM,C1,C1|C6|C7,C1|C6|C7,SYNERGY|COMPLETION_LEGACY,UNRESOLVED,UNRESOLVED,UNRESOLVED,UNKNOWN,UNRESOLVED,UNRESOLVED,DRY_RUN_REVIEWED,PM_MERGE_REQUIRED,NONE
NC-CL-R-001224,NC-CL-S-000393,docs/09_collection/ga10-final-collection-and-payoff-registry-v1.md#G10-L10,docs/09_collection/ga10-final-collection-and-payoff-registry-v1.md,355,GA10,"Iconic People, Hardware and Institution End States",G10-L10,Academy / Education Lineage,STATE_TRANSITION,C1,C1|C6|C7,C1|C6|C7,SYNERGY|COMPLETION_LEGACY,UNRESOLVED,UNRESOLVED,UNRESOLVED,UNKNOWN,UNRESOLVED,UNRESOLVED,DRY_RUN_REVIEWED,PM_MERGE_REQUIRED,NONE
NC-CL-R-001225,NC-CL-S-000393,docs/09_collection/ga10-final-collection-and-payoff-registry-v1.md#G10-L10,docs/09_collection/ga10-final-collection-and-payoff-registry-v1.md,355,GA10,"Iconic People, Hardware and Institution End States",G10-L10,Academy / Education Lineage,LOSS_OBLIGATION,C1,C1|C6|C7,C1|C6|C7,SYNERGY|COMPLETION_LEGACY,UNRESOLVED,UNRESOLVED,UNRESOLVED,UNKNOWN,UNRESOLVED,UNRESOLVED,DRY_RUN_REVIEWED,PM_MERGE_REQUIRED,NONE
NC-CL-R-001226,NC-CL-S-000393,docs/09_collection/ga10-final-collection-and-payoff-registry-v1.md#G10-L10,docs/09_collection/ga10-final-collection-and-payoff-registry-v1.md,355,GA10,"Iconic People, Hardware and Institution End States",G10-L10,Academy / Education Lineage,SET,C1,C1|C6|C7,C1|C6|C7,SYNERGY|COMPLETION_LEGACY,UNRESOLVED,UNRESOLVED,UNRESOLVED,UNKNOWN,UNRESOLVED,UNRESOLVED,DRY_RUN_REVIEWED,PM_MERGE_REQUIRED,NONE
NC-CL-R-001227,NC-CL-S-000394,docs/09_collection/ga10-final-collection-and-payoff-registry-v1.md#G10-L11,docs/09_collection/ga10-final-collection-and-payoff-registry-v1.md,363,GA10,"Iconic People, Hardware and Institution End States",G10-L11,Neutral Assembly,ENTITY,C7,C7,C7|C8,ACQUISITION|COMPLETION_LEGACY,UNRESOLVED,UNRESOLVED,UNRESOLVED,UNKNOWN,UNRESOLVED,UNRESOLVED,DRY_RUN_REVIEWED,PM_MERGE_REQUIRED,NONE
NC-CL-R-001228,NC-CL-S-000394,docs/09_collection/ga10-final-collection-and-payoff-registry-v1.md#G10-L11,docs/09_collection/ga10-final-collection-and-payoff-registry-v1.md,363,GA10,"Iconic People, Hardware and Institution End States",G10-L11,Neutral Assembly,RELATIONSHIP,C7,C7|C8,C7|C8,ACQUISITION|COMPLETION_LEGACY,UNRESOLVED,UNRESOLVED,UNRESOLVED,UNKNOWN,UNRESOLVED,UNRESOLVED,DRY_RUN_REVIEWED,PM_MERGE_REQUIRED,NONE
NC-CL-R-001229,NC-CL-S-000394,docs/09_collection/ga10-final-collection-and-payoff-registry-v1.md#G10-L11,docs/09_collection/ga10-final-collection-and-payoff-registry-v1.md,363,GA10,"Iconic People, Hardware and Institution End States",G10-L11,Neutral Assembly,CONTROL_CLAIM,C7,C7|C8,C7|C8,ACQUISITION|COMPLETION_LEGACY,UNRESOLVED,UNRESOLVED,UNRESOLVED,UNKNOWN,UNRESOLVED,UNRESOLVED,DRY_RUN_REVIEWED,PM_MERGE_REQUIRED,NONE
NC-CL-R-001230,NC-CL-S-000394,docs/09_collection/ga10-final-collection-and-payoff-registry-v1.md#G10-L11,docs/09_collection/ga10-final-collection-and-payoff-registry-v1.md,363,GA10,"Iconic People, Hardware and Institution End States",G10-L11,Neutral Assembly,STATE_TRANSITION,C7,C7|C8,C7|C8,ACQUISITION|COMPLETION_LEGACY,UNRESOLVED,UNRESOLVED,UNRESOLVED,UNKNOWN,UNRESOLVED,UNRESOLVED,DRY_RUN_REVIEWED,PM_MERGE_REQUIRED,NONE
NC-CL-R-001231,NC-CL-S-000395,docs/09_collection/ga10-final-collection-and-payoff-registry-v1.md#G10-L12,docs/09_collection/ga10-final-collection-and-payoff-registry-v1.md,371,GA10,"Iconic People, Hardware and Institution End States",G10-L12,Helix/Industrial Successors,ENTITY,C1,C1,C1|C6|C7,SYNERGY|COMPLETION_LEGACY,UNRESOLVED,UNRESOLVED,UNRESOLVED,UNKNOWN,UNRESOLVED,UNRESOLVED,DRY_RUN_REVIEWED,PM_MERGE_REQUIRED,NONE
NC-CL-R-001232,NC-CL-S-000395,docs/09_collection/ga10-final-collection-and-payoff-registry-v1.md#G10-L12,docs/09_collection/ga10-final-collection-and-payoff-registry-v1.md,371,GA10,"Iconic People, Hardware and Institution End States",G10-L12,Helix/Industrial Successors,RELATIONSHIP,C1,C1|C7|C6,C1|C6|C7,SYNERGY|COMPLETION_LEGACY,UNRESOLVED,UNRESOLVED,UNRESOLVED,UNKNOWN,UNRESOLVED,UNRESOLVED,DRY_RUN_REVIEWED,PM_MERGE_REQUIRED,NONE
NC-CL-R-001233,NC-CL-S-000395,docs/09_collection/ga10-final-collection-and-payoff-registry-v1.md#G10-L12,docs/09_collection/ga10-final-collection-and-payoff-registry-v1.md,371,GA10,"Iconic People, Hardware and Institution End States",G10-L12,Helix/Industrial Successors,CONTROL_CLAIM,C1,C1|C6|C7,C1|C6|C7,SYNERGY|COMPLETION_LEGACY,UNRESOLVED,UNRESOLVED,UNRESOLVED,UNKNOWN,UNRESOLVED,UNRESOLVED,DRY_RUN_REVIEWED,PM_MERGE_REQUIRED,NONE
NC-CL-R-001234,NC-CL-S-000395,docs/09_collection/ga10-final-collection-and-payoff-registry-v1.md#G10-L12,docs/09_collection/ga10-final-collection-and-payoff-registry-v1.md,371,GA10,"Iconic People, Hardware and Institution End States",G10-L12,Helix/Industrial Successors,STATE_TRANSITION,C1,C1|C6|C7,C1|C6|C7,SYNERGY|COMPLETION_LEGACY,UNRESOLVED,UNRESOLVED,UNRESOLVED,UNKNOWN,UNRESOLVED,UNRESOLVED,DRY_RUN_REVIEWED,PM_MERGE_REQUIRED,NONE
NC-CL-R-001235,NC-CL-S-000395,docs/09_collection/ga10-final-collection-and-payoff-registry-v1.md#G10-L12,docs/09_collection/ga10-final-collection-and-payoff-registry-v1.md,371,GA10,"Iconic People, Hardware and Institution End States",G10-L12,Helix/Industrial Successors,LOSS_OBLIGATION,C1,C1|C6|C7,C1|C6|C7,SYNERGY|COMPLETION_LEGACY,UNRESOLVED,UNRESOLVED,UNRESOLVED,UNKNOWN,UNRESOLVED,UNRESOLVED,DRY_RUN_REVIEWED,PM_MERGE_REQUIRED,NONE
NC-CL-R-001236,NC-CL-S-000396,docs/09_collection/ga10-final-collection-and-payoff-registry-v1.md#G10-M01,docs/09_collection/ga10-final-collection-and-payoff-registry-v1.md,383,GA10,Final Mystery and Promise Payoffs,G10-M01,“당신은 역사에 기록되지 않았습니다”,CONTROL_CLAIM,C1,C1|C6|C7,C1|C6|C7,DISCOVERY|SYNERGY|COMPLETION_LEGACY,UNRESOLVED,UNRESOLVED,UNRESOLVED,UNKNOWN,UNRESOLVED,UNRESOLVED,DRY_RUN_REVIEWED,PM_MERGE_REQUIRED,NONE
NC-CL-R-001237,NC-CL-S-000396,docs/09_collection/ga10-final-collection-and-payoff-registry-v1.md#G10-M01,docs/09_collection/ga10-final-collection-and-payoff-registry-v1.md,383,GA10,Final Mystery and Promise Payoffs,G10-M01,“당신은 역사에 기록되지 않았습니다”,STATE_TRANSITION,C1,C1|C6|C7,C1|C6|C7,DISCOVERY|SYNERGY|COMPLETION_LEGACY,UNRESOLVED,UNRESOLVED,UNRESOLVED,UNKNOWN,UNRESOLVED,UNRESOLVED,DRY_RUN_REVIEWED,PM_MERGE_REQUIRED,NONE
NC-CL-R-001238,NC-CL-S-000396,docs/09_collection/ga10-final-collection-and-payoff-registry-v1.md#G10-M01,docs/09_collection/ga10-final-collection-and-payoff-registry-v1.md,383,GA10,Final Mystery and Promise Payoffs,G10-M01,“당신은 역사에 기록되지 않았습니다”,LOSS_OBLIGATION,C1,C1|C6|C7,C1|C6|C7,DISCOVERY|SYNERGY|COMPLETION_LEGACY,UNRESOLVED,UNRESOLVED,UNRESOLVED,UNKNOWN,UNRESOLVED,UNRESOLVED,DRY_RUN_REVIEWED,PM_MERGE_REQUIRED,NONE
NC-CL-R-001239,NC-CL-S-000396,docs/09_collection/ga10-final-collection-and-payoff-registry-v1.md#G10-M01,docs/09_collection/ga10-final-collection-and-payoff-registry-v1.md,383,GA10,Final Mystery and Promise Payoffs,G10-M01,“당신은 역사에 기록되지 않았습니다”,NARRATIVE_PROMISE,C1,C1|C6|C7,C1|C6|C7,DISCOVERY|SYNERGY|COMPLETION_LEGACY,UNRESOLVED,UNRESOLVED,UNRESOLVED,UNKNOWN,UNRESOLVED,UNRESOLVED,DRY_RUN_REVIEWED,PM_MERGE_REQUIRED,NONE
NC-CL-R-001240,NC-CL-S-000397,docs/09_collection/ga10-final-collection-and-payoff-registry-v1.md#G10-M02,docs/09_collection/ga10-final-collection-and-payoff-registry-v1.md,392,GA10,Final Mystery and Promise Payoffs,G10-M02,Thirteen Heroes,CONTROL_CLAIM,C1,C1|C7,C1|C7,DISCOVERY|COMPLETION_LEGACY,UNRESOLVED,UNRESOLVED,UNRESOLVED,UNKNOWN,UNRESOLVED,UNRESOLVED,DRY_RUN_REVIEWED,PM_MERGE_REQUIRED,NONE
NC-CL-R-001241,NC-CL-S-000397,docs/09_collection/ga10-final-collection-and-payoff-registry-v1.md#G10-M02,docs/09_collection/ga10-final-collection-and-payoff-registry-v1.md,392,GA10,Final Mystery and Promise Payoffs,G10-M02,Thirteen Heroes,STATE_TRANSITION,C1,C1|C7,C1|C7,DISCOVERY|COMPLETION_LEGACY,UNRESOLVED,UNRESOLVED,UNRESOLVED,UNKNOWN,UNRESOLVED,UNRESOLVED,DRY_RUN_REVIEWED,PM_MERGE_REQUIRED,NONE
NC-CL-R-001242,NC-CL-S-000397,docs/09_collection/ga10-final-collection-and-payoff-registry-v1.md#G10-M02,docs/09_collection/ga10-final-collection-and-payoff-registry-v1.md,392,GA10,Final Mystery and Promise Payoffs,G10-M02,Thirteen Heroes,NARRATIVE_PROMISE,C1,C1|C7,C1|C7,DISCOVERY|COMPLETION_LEGACY,UNRESOLVED,UNRESOLVED,UNRESOLVED,UNKNOWN,UNRESOLVED,UNRESOLVED,DRY_RUN_REVIEWED,PM_MERGE_REQUIRED,NONE
NC-CL-R-001243,NC-CL-S-000397,docs/09_collection/ga10-final-collection-and-payoff-registry-v1.md#G10-M02,docs/09_collection/ga10-final-collection-and-payoff-registry-v1.md,392,GA10,Final Mystery and Promise Payoffs,G10-M02,Thirteen Heroes,SET,C1,C1|C7,C1|C7,DISCOVERY|COMPLETION_LEGACY,UNRESOLVED,UNRESOLVED,UNRESOLVED,UNKNOWN,UNRESOLVED,UNRESOLVED,DRY_RUN_REVIEWED,PM_MERGE_REQUIRED,NONE
NC-CL-R-001244,NC-CL-S-000398,docs/09_collection/ga10-final-collection-and-payoff-registry-v1.md#G10-M03,docs/09_collection/ga10-final-collection-and-payoff-registry-v1.md,401,GA10,Final Mystery and Promise Payoffs,G10-M03,07 Lineage,CONTROL_CLAIM,C2,C2|C6|C7,C2|C6|C7,DISCOVERY|SYNERGY|COMPLETION_LEGACY,UNRESOLVED,UNRESOLVED,UNRESOLVED,UNKNOWN,UNRESOLVED,UNRESOLVED,DRY_RUN_REVIEWED,PM_MERGE_REQUIRED,NONE
NC-CL-R-001245,NC-CL-S-000398,docs/09_collection/ga10-final-collection-and-payoff-registry-v1.md#G10-M03,docs/09_collection/ga10-final-collection-and-payoff-registry-v1.md,401,GA10,Final Mystery and Promise Payoffs,G10-M03,07 Lineage,STATE_TRANSITION,C2,C2|C6|C7,C2|C6|C7,DISCOVERY|SYNERGY|COMPLETION_LEGACY,UNRESOLVED,UNRESOLVED,UNRESOLVED,UNKNOWN,UNRESOLVED,UNRESOLVED,DRY_RUN_REVIEWED,PM_MERGE_REQUIRED,NONE
NC-CL-R-001246,NC-CL-S-000398,docs/09_collection/ga10-final-collection-and-payoff-registry-v1.md#G10-M03,docs/09_collection/ga10-final-collection-and-payoff-registry-v1.md,401,GA10,Final Mystery and Promise Payoffs,G10-M03,07 Lineage,NARRATIVE_PROMISE,C2,C2|C6|C7,C2|C6|C7,DISCOVERY|SYNERGY|COMPLETION_LEGACY,UNRESOLVED,UNRESOLVED,UNRESOLVED,UNKNOWN,UNRESOLVED,UNRESOLVED,DRY_RUN_REVIEWED,PM_MERGE_REQUIRED,NONE
NC-CL-R-001247,NC-CL-S-000398,docs/09_collection/ga10-final-collection-and-payoff-registry-v1.md#G10-M03,docs/09_collection/ga10-final-collection-and-payoff-registry-v1.md,401,GA10,Final Mystery and Promise Payoffs,G10-M03,07 Lineage,SET,C2,C2|C6|C7,C2|C6|C7,DISCOVERY|SYNERGY|COMPLETION_LEGACY,UNRESOLVED,UNRESOLVED,UNRESOLVED,UNKNOWN,UNRESOLVED,UNRESOLVED,DRY_RUN_REVIEWED,PM_MERGE_REQUIRED,NONE
NC-CL-R-001248,NC-CL-S-000399,docs/09_collection/ga10-final-collection-and-payoff-registry-v1.md#G10-M04,docs/09_collection/ga10-final-collection-and-payoff-registry-v1.md,410,GA10,Final Mystery and Promise Payoffs,G10-M04,Blood Admiral,ENTITY,C1,C1,C1|C7,DISCOVERY|COMPLETION_LEGACY,UNRESOLVED,UNRESOLVED,UNRESOLVED,UNKNOWN,UNRESOLVED,UNRESOLVED,DRY_RUN_REVIEWED,PM_MERGE_REQUIRED,NONE
NC-CL-R-001249,NC-CL-S-000399,docs/09_collection/ga10-final-collection-and-payoff-registry-v1.md#G10-M04,docs/09_collection/ga10-final-collection-and-payoff-registry-v1.md,410,GA10,Final Mystery and Promise Payoffs,G10-M04,Blood Admiral,RELATIONSHIP,C1,C1|C7,C1|C7,DISCOVERY|COMPLETION_LEGACY,UNRESOLVED,UNRESOLVED,UNRESOLVED,UNKNOWN,UNRESOLVED,UNRESOLVED,DRY_RUN_REVIEWED,PM_MERGE_REQUIRED,NONE
NC-CL-R-001250,NC-CL-S-000399,docs/09_collection/ga10-final-collection-and-payoff-registry-v1.md#G10-M04,docs/09_collection/ga10-final-collection-and-payoff-registry-v1.md,410,GA10,Final Mystery and Promise Payoffs,G10-M04,Blood Admiral,CONTROL_CLAIM,C1,C1|C7,C1|C7,DISCOVERY|COMPLETION_LEGACY,UNRESOLVED,UNRESOLVED,UNRESOLVED,UNKNOWN,UNRESOLVED,UNRESOLVED,DRY_RUN_REVIEWED,PM_MERGE_REQUIRED,NONE
NC-CL-R-001251,NC-CL-S-000399,docs/09_collection/ga10-final-collection-and-payoff-registry-v1.md#G10-M04,docs/09_collection/ga10-final-collection-and-payoff-registry-v1.md,410,GA10,Final Mystery and Promise Payoffs,G10-M04,Blood Admiral,STATE_TRANSITION,C1,C1|C7,C1|C7,DISCOVERY|COMPLETION_LEGACY,UNRESOLVED,UNRESOLVED,UNRESOLVED,UNKNOWN,UNRESOLVED,UNRESOLVED,DRY_RUN_REVIEWED,PM_MERGE_REQUIRED,NONE
NC-CL-R-001252,NC-CL-S-000399,docs/09_collection/ga10-final-collection-and-payoff-registry-v1.md#G10-M04,docs/09_collection/ga10-final-collection-and-payoff-registry-v1.md,410,GA10,Final Mystery and Promise Payoffs,G10-M04,Blood Admiral,LOSS_OBLIGATION,C1,C1|C7,C1|C7,DISCOVERY|COMPLETION_LEGACY,UNRESOLVED,UNRESOLVED,UNRESOLVED,UNKNOWN,UNRESOLVED,UNRESOLVED,DRY_RUN_REVIEWED,PM_MERGE_REQUIRED,NONE
NC-CL-R-001253,NC-CL-S-000399,docs/09_collection/ga10-final-collection-and-payoff-registry-v1.md#G10-M04,docs/09_collection/ga10-final-collection-and-payoff-registry-v1.md,410,GA10,Final Mystery and Promise Payoffs,G10-M04,Blood Admiral,NARRATIVE_PROMISE,C1,C1|C7,C1|C7,DISCOVERY|COMPLETION_LEGACY,UNRESOLVED,UNRESOLVED,UNRESOLVED,UNKNOWN,UNRESOLVED,UNRESOLVED,DRY_RUN_REVIEWED,PM_MERGE_REQUIRED,NONE
NC-CL-R-001254,NC-CL-S-000400,docs/09_collection/ga10-final-collection-and-payoff-registry-v1.md#G10-M05,docs/09_collection/ga10-final-collection-and-payoff-registry-v1.md,418,GA10,Final Mystery and Promise Payoffs,G10-M05,Administrative Death and Protector Community,ENTITY,C1,C1|C8,C1|C6|C7|C8,DISCOVERY|COMPLETION_LEGACY,UNRESOLVED,UNRESOLVED,UNRESOLVED,UNKNOWN,UNRESOLVED,UNRESOLVED,DRY_RUN_REVIEWED,PM_MERGE_REQUIRED,NONE
NC-CL-R-001255,NC-CL-S-000400,docs/09_collection/ga10-final-collection-and-payoff-registry-v1.md#G10-M05,docs/09_collection/ga10-final-collection-and-payoff-registry-v1.md,418,GA10,Final Mystery and Promise Payoffs,G10-M05,Administrative Death and Protector Community,RELATIONSHIP,C1,C1|C7|C6|C8,C1|C6|C7|C8,DISCOVERY|COMPLETION_LEGACY,UNRESOLVED,UNRESOLVED,UNRESOLVED,UNKNOWN,UNRESOLVED,UNRESOLVED,DRY_RUN_REVIEWED,PM_MERGE_REQUIRED,NONE
NC-CL-R-001256,NC-CL-S-000400,docs/09_collection/ga10-final-collection-and-payoff-registry-v1.md#G10-M05,docs/09_collection/ga10-final-collection-and-payoff-registry-v1.md,418,GA10,Final Mystery and Promise Payoffs,G10-M05,Administrative Death and Protector Community,CONTROL_CLAIM,C1,C1|C6|C7|C8,C1|C6|C7|C8,DISCOVERY|COMPLETION_LEGACY,UNRESOLVED,UNRESOLVED,UNRESOLVED,UNKNOWN,UNRESOLVED,UNRESOLVED,DRY_RUN_REVIEWED,PM_MERGE_REQUIRED,NONE
NC-CL-R-001257,NC-CL-S-000400,docs/09_collection/ga10-final-collection-and-payoff-registry-v1.md#G10-M05,docs/09_collection/ga10-final-collection-and-payoff-registry-v1.md,418,GA10,Final Mystery and Promise Payoffs,G10-M05,Administrative Death and Protector Community,STATE_TRANSITION,C1,C1|C6|C7|C8,C1|C6|C7|C8,DISCOVERY|COMPLETION_LEGACY,UNRESOLVED,UNRESOLVED,UNRESOLVED,UNKNOWN,UNRESOLVED,UNRESOLVED,DRY_RUN_REVIEWED,PM_MERGE_REQUIRED,NONE
NC-CL-R-001258,NC-CL-S-000400,docs/09_collection/ga10-final-collection-and-payoff-registry-v1.md#G10-M05,docs/09_collection/ga10-final-collection-and-payoff-registry-v1.md,418,GA10,Final Mystery and Promise Payoffs,G10-M05,Administrative Death and Protector Community,LOSS_OBLIGATION,C1,C1|C6|C7|C8,C1|C6|C7|C8,DISCOVERY|COMPLETION_LEGACY,UNRESOLVED,UNRESOLVED,UNRESOLVED,UNKNOWN,UNRESOLVED,UNRESOLVED,DRY_RUN_REVIEWED,PM_MERGE_REQUIRED,NONE
NC-CL-R-001259,NC-CL-S-000400,docs/09_collection/ga10-final-collection-and-payoff-registry-v1.md#G10-M05,docs/09_collection/ga10-final-collection-and-payoff-registry-v1.md,418,GA10,Final Mystery and Promise Payoffs,G10-M05,Administrative Death and Protector Community,NARRATIVE_PROMISE,C1,C1|C6|C7|C8,C1|C6|C7|C8,DISCOVERY|COMPLETION_LEGACY,UNRESOLVED,UNRESOLVED,UNRESOLVED,UNKNOWN,UNRESOLVED,UNRESOLVED,DRY_RUN_REVIEWED,PM_MERGE_REQUIRED,NONE
NC-CL-R-001260,NC-CL-S-000401,docs/09_collection/ga10-final-collection-and-payoff-registry-v1.md#G10-M06,docs/09_collection/ga10-final-collection-and-payoff-registry-v1.md,426,GA10,Final Mystery and Promise Payoffs,G10-M06,Fifth Answer,RELATIONSHIP,C7,C7|C6,C6|C7,DISCOVERY|COMPLETION_LEGACY,UNRESOLVED,UNRESOLVED,UNRESOLVED,UNKNOWN,UNRESOLVED,UNRESOLVED,DRY_RUN_REVIEWED,PM_MERGE_REQUIRED,NONE
NC-CL-R-001261,NC-CL-S-000401,docs/09_collection/ga10-final-collection-and-payoff-registry-v1.md#G10-M06,docs/09_collection/ga10-final-collection-and-payoff-registry-v1.md,426,GA10,Final Mystery and Promise Payoffs,G10-M06,Fifth Answer,CONTROL_CLAIM,C6,C6|C7,C6|C7,DISCOVERY|COMPLETION_LEGACY,UNRESOLVED,UNRESOLVED,UNRESOLVED,UNKNOWN,UNRESOLVED,UNRESOLVED,DRY_RUN_REVIEWED,PM_MERGE_REQUIRED,NONE
NC-CL-R-001262,NC-CL-S-000401,docs/09_collection/ga10-final-collection-and-payoff-registry-v1.md#G10-M06,docs/09_collection/ga10-final-collection-and-payoff-registry-v1.md,426,GA10,Final Mystery and Promise Payoffs,G10-M06,Fifth Answer,STATE_TRANSITION,C6,C6|C7,C6|C7,DISCOVERY|COMPLETION_LEGACY,UNRESOLVED,UNRESOLVED,UNRESOLVED,UNKNOWN,UNRESOLVED,UNRESOLVED,DRY_RUN_REVIEWED,PM_MERGE_REQUIRED,NONE
NC-CL-R-001263,NC-CL-S-000401,docs/09_collection/ga10-final-collection-and-payoff-registry-v1.md#G10-M06,docs/09_collection/ga10-final-collection-and-payoff-registry-v1.md,426,GA10,Final Mystery and Promise Payoffs,G10-M06,Fifth Answer,LOSS_OBLIGATION,C6,C6|C7,C6|C7,DISCOVERY|COMPLETION_LEGACY,UNRESOLVED,UNRESOLVED,UNRESOLVED,UNKNOWN,UNRESOLVED,UNRESOLVED,DRY_RUN_REVIEWED,PM_MERGE_REQUIRED,NONE
NC-CL-R-001264,NC-CL-S-000401,docs/09_collection/ga10-final-collection-and-payoff-registry-v1.md#G10-M06,docs/09_collection/ga10-final-collection-and-payoff-registry-v1.md,426,GA10,Final Mystery and Promise Payoffs,G10-M06,Fifth Answer,NARRATIVE_PROMISE,C6,C6|C7,C6|C7,DISCOVERY|COMPLETION_LEGACY,UNRESOLVED,UNRESOLVED,UNRESOLVED,UNKNOWN,UNRESOLVED,UNRESOLVED,DRY_RUN_REVIEWED,PM_MERGE_REQUIRED,NONE
NC-CL-R-001265,NC-CL-S-000401,docs/09_collection/ga10-final-collection-and-payoff-registry-v1.md#G10-M06,docs/09_collection/ga10-final-collection-and-payoff-registry-v1.md,426,GA10,Final Mystery and Promise Payoffs,G10-M06,Fifth Answer,SET,C6,C6|C7,C6|C7,DISCOVERY|COMPLETION_LEGACY,UNRESOLVED,UNRESOLVED,UNRESOLVED,UNKNOWN,UNRESOLVED,UNRESOLVED,DRY_RUN_REVIEWED,PM_MERGE_REQUIRED,NONE
NC-CL-R-001266,NC-CL-S-000402,docs/09_collection/ga10-final-collection-and-payoff-registry-v1.md#G10-M07,docs/09_collection/ga10-final-collection-and-payoff-registry-v1.md,434,GA10,Final Mystery and Promise Payoffs,G10-M07,Original Orpheus,RELATIONSHIP,C1,C1|C7|C6|C8,C1|C6|C7|C8,DISCOVERY|COMPLETION_LEGACY,UNRESOLVED,UNRESOLVED,UNRESOLVED,UNKNOWN,UNRESOLVED,UNRESOLVED,DRY_RUN_REVIEWED,PM_MERGE_REQUIRED,NONE
NC-CL-R-001267,NC-CL-S-000402,docs/09_collection/ga10-final-collection-and-payoff-registry-v1.md#G10-M07,docs/09_collection/ga10-final-collection-and-payoff-registry-v1.md,434,GA10,Final Mystery and Promise Payoffs,G10-M07,Original Orpheus,CONTROL_CLAIM,C1,C1|C6|C7|C8,C1|C6|C7|C8,DISCOVERY|COMPLETION_LEGACY,UNRESOLVED,UNRESOLVED,UNRESOLVED,UNKNOWN,UNRESOLVED,UNRESOLVED,DRY_RUN_REVIEWED,PM_MERGE_REQUIRED,NONE
NC-CL-R-001268,NC-CL-S-000402,docs/09_collection/ga10-final-collection-and-payoff-registry-v1.md#G10-M07,docs/09_collection/ga10-final-collection-and-payoff-registry-v1.md,434,GA10,Final Mystery and Promise Payoffs,G10-M07,Original Orpheus,STATE_TRANSITION,C1,C1|C6|C7|C8,C1|C6|C7|C8,DISCOVERY|COMPLETION_LEGACY,UNRESOLVED,UNRESOLVED,UNRESOLVED,UNKNOWN,UNRESOLVED,UNRESOLVED,DRY_RUN_REVIEWED,PM_MERGE_REQUIRED,NONE
NC-CL-R-001269,NC-CL-S-000402,docs/09_collection/ga10-final-collection-and-payoff-registry-v1.md#G10-M07,docs/09_collection/ga10-final-collection-and-payoff-registry-v1.md,434,GA10,Final Mystery and Promise Payoffs,G10-M07,Original Orpheus,LOSS_OBLIGATION,C1,C1|C6|C7|C8,C1|C6|C7|C8,DISCOVERY|COMPLETION_LEGACY,UNRESOLVED,UNRESOLVED,UNRESOLVED,UNKNOWN,UNRESOLVED,UNRESOLVED,DRY_RUN_REVIEWED,PM_MERGE_REQUIRED,NONE
NC-CL-R-001270,NC-CL-S-000402,docs/09_collection/ga10-final-collection-and-payoff-registry-v1.md#G10-M07,docs/09_collection/ga10-final-collection-and-payoff-registry-v1.md,434,GA10,Final Mystery and Promise Payoffs,G10-M07,Original Orpheus,NARRATIVE_PROMISE,C1,C1|C6|C7|C8,C1|C6|C7|C8,DISCOVERY|COMPLETION_LEGACY,UNRESOLVED,UNRESOLVED,UNRESOLVED,UNKNOWN,UNRESOLVED,UNRESOLVED,DRY_RUN_REVIEWED,PM_MERGE_REQUIRED,NONE
NC-CL-R-001271,NC-CL-S-000402,docs/09_collection/ga10-final-collection-and-payoff-registry-v1.md#G10-M07,docs/09_collection/ga10-final-collection-and-payoff-registry-v1.md,434,GA10,Final Mystery and Promise Payoffs,G10-M07,Original Orpheus,SET,C1,C1|C6|C7|C8,C1|C6|C7|C8,DISCOVERY|COMPLETION_LEGACY,UNRESOLVED,UNRESOLVED,UNRESOLVED,UNKNOWN,UNRESOLVED,UNRESOLVED,DRY_RUN_REVIEWED,PM_MERGE_REQUIRED,NONE
NC-CL-R-001272,NC-CL-S-000403,docs/09_collection/ga10-final-collection-and-payoff-registry-v1.md#G10-M08,docs/09_collection/ga10-final-collection-and-payoff-registry-v1.md,442,GA10,Final Mystery and Promise Payoffs,G10-M08,Archive Right and Wrong,CONTROL_CLAIM,C6,C6|C7,C6|C7,DISCOVERY|SYNERGY|COMPLETION_LEGACY,UNRESOLVED,UNRESOLVED,UNRESOLVED,UNKNOWN,UNRESOLVED,UNRESOLVED,DRY_RUN_REVIEWED,PM_MERGE_REQUIRED,NONE
NC-CL-R-001273,NC-CL-S-000403,docs/09_collection/ga10-final-collection-and-payoff-registry-v1.md#G10-M08,docs/09_collection/ga10-final-collection-and-payoff-registry-v1.md,442,GA10,Final Mystery and Promise Payoffs,G10-M08,Archive Right and Wrong,STATE_TRANSITION,C6,C6|C7,C6|C7,DISCOVERY|SYNERGY|COMPLETION_LEGACY,UNRESOLVED,UNRESOLVED,UNRESOLVED,UNKNOWN,UNRESOLVED,UNRESOLVED,DRY_RUN_REVIEWED,PM_MERGE_REQUIRED,NONE
NC-CL-R-001274,NC-CL-S-000403,docs/09_collection/ga10-final-collection-and-payoff-registry-v1.md#G10-M08,docs/09_collection/ga10-final-collection-and-payoff-registry-v1.md,442,GA10,Final Mystery and Promise Payoffs,G10-M08,Archive Right and Wrong,LOSS_OBLIGATION,C6,C6|C7,C6|C7,DISCOVERY|SYNERGY|COMPLETION_LEGACY,UNRESOLVED,UNRESOLVED,UNRESOLVED,UNKNOWN,UNRESOLVED,UNRESOLVED,DRY_RUN_REVIEWED,PM_MERGE_REQUIRED,NONE
NC-CL-R-001275,NC-CL-S-000403,docs/09_collection/ga10-final-collection-and-payoff-registry-v1.md#G10-M08,docs/09_collection/ga10-final-collection-and-payoff-registry-v1.md,442,GA10,Final Mystery and Promise Payoffs,G10-M08,Archive Right and Wrong,NARRATIVE_PROMISE,C6,C6|C7,C6|C7,DISCOVERY|SYNERGY|COMPLETION_LEGACY,UNRESOLVED,UNRESOLVED,UNRESOLVED,UNKNOWN,UNRESOLVED,UNRESOLVED,DRY_RUN_REVIEWED,PM_MERGE_REQUIRED,NONE
NC-CL-R-001276,NC-CL-S-000403,docs/09_collection/ga10-final-collection-and-payoff-registry-v1.md#G10-M08,docs/09_collection/ga10-final-collection-and-payoff-registry-v1.md,442,GA10,Final Mystery and Promise Payoffs,G10-M08,Archive Right and Wrong,SET,C6,C6|C7,C6|C7,DISCOVERY|SYNERGY|COMPLETION_LEGACY,UNRESOLVED,UNRESOLVED,UNRESOLVED,UNKNOWN,UNRESOLVED,UNRESOLVED,DRY_RUN_REVIEWED,PM_MERGE_REQUIRED,NONE
NC-CL-R-001277,NC-CL-S-000404,docs/09_collection/ga10-final-collection-and-payoff-registry-v1.md#G10-M09,docs/09_collection/ga10-final-collection-and-payoff-registry-v1.md,450,GA10,Final Mystery and Promise Payoffs,G10-M09,Regression Cause,RELATIONSHIP,C1,C1|C6,C1|C6,DISCOVERY|SYNERGY|COMPLETION_LEGACY,UNRESOLVED,UNRESOLVED,UNRESOLVED,UNKNOWN,UNRESOLVED,UNRESOLVED,DRY_RUN_REVIEWED,PM_MERGE_REQUIRED,NONE
NC-CL-R-001278,NC-CL-S-000404,docs/09_collection/ga10-final-collection-and-payoff-registry-v1.md#G10-M09,docs/09_collection/ga10-final-collection-and-payoff-registry-v1.md,450,GA10,Final Mystery and Promise Payoffs,G10-M09,Regression Cause,CONTROL_CLAIM,C1,C1|C6,C1|C6,DISCOVERY|SYNERGY|COMPLETION_LEGACY,UNRESOLVED,UNRESOLVED,UNRESOLVED,UNKNOWN,UNRESOLVED,UNRESOLVED,DRY_RUN_REVIEWED,PM_MERGE_REQUIRED,NONE
NC-CL-R-001279,NC-CL-S-000404,docs/09_collection/ga10-final-collection-and-payoff-registry-v1.md#G10-M09,docs/09_collection/ga10-final-collection-and-payoff-registry-v1.md,450,GA10,Final Mystery and Promise Payoffs,G10-M09,Regression Cause,STATE_TRANSITION,C1,C1|C6,C1|C6,DISCOVERY|SYNERGY|COMPLETION_LEGACY,UNRESOLVED,UNRESOLVED,UNRESOLVED,UNKNOWN,UNRESOLVED,UNRESOLVED,DRY_RUN_REVIEWED,PM_MERGE_REQUIRED,NONE
NC-CL-R-001280,NC-CL-S-000404,docs/09_collection/ga10-final-collection-and-payoff-registry-v1.md#G10-M09,docs/09_collection/ga10-final-collection-and-payoff-registry-v1.md,450,GA10,Final Mystery and Promise Payoffs,G10-M09,Regression Cause,LOSS_OBLIGATION,C1,C1|C6,C1|C6,DISCOVERY|SYNERGY|COMPLETION_LEGACY,UNRESOLVED,UNRESOLVED,UNRESOLVED,UNKNOWN,UNRESOLVED,UNRESOLVED,DRY_RUN_REVIEWED,PM_MERGE_REQUIRED,NONE
NC-CL-R-001281,NC-CL-S-000404,docs/09_collection/ga10-final-collection-and-payoff-registry-v1.md#G10-M09,docs/09_collection/ga10-final-collection-and-payoff-registry-v1.md,450,GA10,Final Mystery and Promise Payoffs,G10-M09,Regression Cause,NARRATIVE_PROMISE,C1,C1|C6,C1|C6,DISCOVERY|SYNERGY|COMPLETION_LEGACY,UNRESOLVED,UNRESOLVED,UNRESOLVED,UNKNOWN,UNRESOLVED,UNRESOLVED,DRY_RUN_REVIEWED,PM_MERGE_REQUIRED,NONE
NC-CL-R-001282,NC-CL-S-000405,docs/09_collection/ga10-final-collection-and-payoff-registry-v1.md#G10-M10,docs/09_collection/ga10-final-collection-and-payoff-registry-v1.md,458,GA10,Final Mystery and Promise Payoffs,G10-M10,Autonomous War Collapse,RELATIONSHIP,C1,C1|C7|C6,C1|C6|C7,DISCOVERY|COMPLETION_LEGACY,UNRESOLVED,UNRESOLVED,UNRESOLVED,UNKNOWN,UNRESOLVED,UNRESOLVED,DRY_RUN_REVIEWED,PM_MERGE_REQUIRED,NONE
NC-CL-R-001283,NC-CL-S-000405,docs/09_collection/ga10-final-collection-and-payoff-registry-v1.md#G10-M10,docs/09_collection/ga10-final-collection-and-payoff-registry-v1.md,458,GA10,Final Mystery and Promise Payoffs,G10-M10,Autonomous War Collapse,CONTROL_CLAIM,C1,C1|C6|C7,C1|C6|C7,DISCOVERY|COMPLETION_LEGACY,UNRESOLVED,UNRESOLVED,UNRESOLVED,UNKNOWN,UNRESOLVED,UNRESOLVED,DRY_RUN_REVIEWED,PM_MERGE_REQUIRED,NONE
NC-CL-R-001284,NC-CL-S-000405,docs/09_collection/ga10-final-collection-and-payoff-registry-v1.md#G10-M10,docs/09_collection/ga10-final-collection-and-payoff-registry-v1.md,458,GA10,Final Mystery and Promise Payoffs,G10-M10,Autonomous War Collapse,STATE_TRANSITION,C1,C1|C6|C7,C1|C6|C7,DISCOVERY|COMPLETION_LEGACY,UNRESOLVED,UNRESOLVED,UNRESOLVED,UNKNOWN,UNRESOLVED,UNRESOLVED,DRY_RUN_REVIEWED,PM_MERGE_REQUIRED,NONE
NC-CL-R-001285,NC-CL-S-000405,docs/09_collection/ga10-final-collection-and-payoff-registry-v1.md#G10-M10,docs/09_collection/ga10-final-collection-and-payoff-registry-v1.md,458,GA10,Final Mystery and Promise Payoffs,G10-M10,Autonomous War Collapse,LOSS_OBLIGATION,C1,C1|C6|C7,C1|C6|C7,DISCOVERY|COMPLETION_LEGACY,UNRESOLVED,UNRESOLVED,UNRESOLVED,UNKNOWN,UNRESOLVED,UNRESOLVED,DRY_RUN_REVIEWED,PM_MERGE_REQUIRED,NONE
NC-CL-R-001286,NC-CL-S-000405,docs/09_collection/ga10-final-collection-and-payoff-registry-v1.md#G10-M10,docs/09_collection/ga10-final-collection-and-payoff-registry-v1.md,458,GA10,Final Mystery and Promise Payoffs,G10-M10,Autonomous War Collapse,NARRATIVE_PROMISE,C1,C1|C6|C7,C1|C6|C7,DISCOVERY|COMPLETION_LEGACY,UNRESOLVED,UNRESOLVED,UNRESOLVED,UNKNOWN,UNRESOLVED,UNRESOLVED,DRY_RUN_REVIEWED,PM_MERGE_REQUIRED,NONE
NC-CL-R-001287,NC-CL-S-000405,docs/09_collection/ga10-final-collection-and-payoff-registry-v1.md#G10-M10,docs/09_collection/ga10-final-collection-and-payoff-registry-v1.md,458,GA10,Final Mystery and Promise Payoffs,G10-M10,Autonomous War Collapse,SET,C1,C1|C6|C7,C1|C6|C7,DISCOVERY|COMPLETION_LEGACY,UNRESOLVED,UNRESOLVED,UNRESOLVED,UNKNOWN,UNRESOLVED,UNRESOLVED,DRY_RUN_REVIEWED,PM_MERGE_REQUIRED,NONE
NC-CL-R-001288,NC-CL-S-000406,docs/09_collection/ga10-final-collection-and-payoff-registry-v1.md#G10-M11,docs/09_collection/ga10-final-collection-and-payoff-registry-v1.md,466,GA10,Final Mystery and Promise Payoffs,G10-M11,Imperial Succession / Master Identity,RELATIONSHIP,C1,C1|C7,C1|C7,DISCOVERY|COMPLETION_LEGACY,UNRESOLVED,UNRESOLVED,UNRESOLVED,UNKNOWN,UNRESOLVED,UNRESOLVED,DRY_RUN_REVIEWED,PM_MERGE_REQUIRED,NONE
NC-CL-R-001289,NC-CL-S-000406,docs/09_collection/ga10-final-collection-and-payoff-registry-v1.md#G10-M11,docs/09_collection/ga10-final-collection-and-payoff-registry-v1.md,466,GA10,Final Mystery and Promise Payoffs,G10-M11,Imperial Succession / Master Identity,CONTROL_CLAIM,C1,C1|C7,C1|C7,DISCOVERY|COMPLETION_LEGACY,UNRESOLVED,UNRESOLVED,UNRESOLVED,UNKNOWN,UNRESOLVED,UNRESOLVED,DRY_RUN_REVIEWED,PM_MERGE_REQUIRED,NONE
NC-CL-R-001290,NC-CL-S-000406,docs/09_collection/ga10-final-collection-and-payoff-registry-v1.md#G10-M11,docs/09_collection/ga10-final-collection-and-payoff-registry-v1.md,466,GA10,Final Mystery and Promise Payoffs,G10-M11,Imperial Succession / Master Identity,STATE_TRANSITION,C1,C1|C7,C1|C7,DISCOVERY|COMPLETION_LEGACY,UNRESOLVED,UNRESOLVED,UNRESOLVED,UNKNOWN,UNRESOLVED,UNRESOLVED,DRY_RUN_REVIEWED,PM_MERGE_REQUIRED,NONE
NC-CL-R-001291,NC-CL-S-000406,docs/09_collection/ga10-final-collection-and-payoff-registry-v1.md#G10-M11,docs/09_collection/ga10-final-collection-and-payoff-registry-v1.md,466,GA10,Final Mystery and Promise Payoffs,G10-M11,Imperial Succession / Master Identity,LOSS_OBLIGATION,C1,C1|C7,C1|C7,DISCOVERY|COMPLETION_LEGACY,UNRESOLVED,UNRESOLVED,UNRESOLVED,UNKNOWN,UNRESOLVED,UNRESOLVED,DRY_RUN_REVIEWED,PM_MERGE_REQUIRED,NONE
NC-CL-R-001292,NC-CL-S-000406,docs/09_collection/ga10-final-collection-and-payoff-registry-v1.md#G10-M11,docs/09_collection/ga10-final-collection-and-payoff-registry-v1.md,466,GA10,Final Mystery and Promise Payoffs,G10-M11,Imperial Succession / Master Identity,NARRATIVE_PROMISE,C1,C1|C7,C1|C7,DISCOVERY|COMPLETION_LEGACY,UNRESOLVED,UNRESOLVED,UNRESOLVED,UNKNOWN,UNRESOLVED,UNRESOLVED,DRY_RUN_REVIEWED,PM_MERGE_REQUIRED,NONE
NC-CL-R-001293,NC-CL-S-000406,docs/09_collection/ga10-final-collection-and-payoff-registry-v1.md#G10-M11,docs/09_collection/ga10-final-collection-and-payoff-registry-v1.md,466,GA10,Final Mystery and Promise Payoffs,G10-M11,Imperial Succession / Master Identity,SET,C1,C1|C7,C1|C7,DISCOVERY|COMPLETION_LEGACY,UNRESOLVED,UNRESOLVED,UNRESOLVED,UNKNOWN,UNRESOLVED,UNRESOLVED,DRY_RUN_REVIEWED,PM_MERGE_REQUIRED,NONE
NC-CL-R-001294,NC-CL-S-000407,docs/09_collection/ga10-final-collection-and-payoff-registry-v1.md#G10-M12,docs/09_collection/ga10-final-collection-and-payoff-registry-v1.md,474,GA10,Final Mystery and Promise Payoffs,G10-M12,E-001 / Enemy Ace / Independence Path,ENTITY,C1,C1,C1|C7|C8,DISCOVERY|COMPLETION_LEGACY,UNRESOLVED,UNRESOLVED,UNRESOLVED,UNKNOWN,UNRESOLVED,UNRESOLVED,DRY_RUN_REVIEWED,PM_MERGE_REQUIRED,NONE
NC-CL-R-001295,NC-CL-S-000407,docs/09_collection/ga10-final-collection-and-payoff-registry-v1.md#G10-M12,docs/09_collection/ga10-final-collection-and-payoff-registry-v1.md,474,GA10,Final Mystery and Promise Payoffs,G10-M12,E-001 / Enemy Ace / Independence Path,RELATIONSHIP,C1,C1|C7|C8,C1|C7|C8,DISCOVERY|COMPLETION_LEGACY,UNRESOLVED,UNRESOLVED,UNRESOLVED,UNKNOWN,UNRESOLVED,UNRESOLVED,DRY_RUN_REVIEWED,PM_MERGE_REQUIRED,NONE
NC-CL-R-001296,NC-CL-S-000407,docs/09_collection/ga10-final-collection-and-payoff-registry-v1.md#G10-M12,docs/09_collection/ga10-final-collection-and-payoff-registry-v1.md,474,GA10,Final Mystery and Promise Payoffs,G10-M12,E-001 / Enemy Ace / Independence Path,CONTROL_CLAIM,C1,C1|C7|C8,C1|C7|C8,DISCOVERY|COMPLETION_LEGACY,UNRESOLVED,UNRESOLVED,UNRESOLVED,UNKNOWN,UNRESOLVED,UNRESOLVED,DRY_RUN_REVIEWED,PM_MERGE_REQUIRED,NONE
NC-CL-R-001297,NC-CL-S-000407,docs/09_collection/ga10-final-collection-and-payoff-registry-v1.md#G10-M12,docs/09_collection/ga10-final-collection-and-payoff-registry-v1.md,474,GA10,Final Mystery and Promise Payoffs,G10-M12,E-001 / Enemy Ace / Independence Path,STATE_TRANSITION,C1,C1|C7|C8,C1|C7|C8,DISCOVERY|COMPLETION_LEGACY,UNRESOLVED,UNRESOLVED,UNRESOLVED,UNKNOWN,UNRESOLVED,UNRESOLVED,DRY_RUN_REVIEWED,PM_MERGE_REQUIRED,NONE
NC-CL-R-001298,NC-CL-S-000407,docs/09_collection/ga10-final-collection-and-payoff-registry-v1.md#G10-M12,docs/09_collection/ga10-final-collection-and-payoff-registry-v1.md,474,GA10,Final Mystery and Promise Payoffs,G10-M12,E-001 / Enemy Ace / Independence Path,NARRATIVE_PROMISE,C1,C1|C7|C8,C1|C7|C8,DISCOVERY|COMPLETION_LEGACY,UNRESOLVED,UNRESOLVED,UNRESOLVED,UNKNOWN,UNRESOLVED,UNRESOLVED,DRY_RUN_REVIEWED,PM_MERGE_REQUIRED,NONE
NC-CL-R-001299,NC-CL-S-000408,docs/09_collection/ga10-final-collection-and-payoff-registry-v1.md#G10-M13,docs/09_collection/ga10-final-collection-and-payoff-registry-v1.md,482,GA10,Final Mystery and Promise Payoffs,G10-M13,H-002 Official Death/Collective Authorship,ENTITY,C1,C1,C1|C6|C7,DISCOVERY|COMPLETION_LEGACY,UNRESOLVED,UNRESOLVED,UNRESOLVED,UNKNOWN,UNRESOLVED,UNRESOLVED,DRY_RUN_REVIEWED,PM_MERGE_REQUIRED,NONE
NC-CL-R-001300,NC-CL-S-000408,docs/09_collection/ga10-final-collection-and-payoff-registry-v1.md#G10-M13,docs/09_collection/ga10-final-collection-and-payoff-registry-v1.md,482,GA10,Final Mystery and Promise Payoffs,G10-M13,H-002 Official Death/Collective Authorship,RELATIONSHIP,C1,C1|C7|C6,C1|C6|C7,DISCOVERY|COMPLETION_LEGACY,UNRESOLVED,UNRESOLVED,UNRESOLVED,UNKNOWN,UNRESOLVED,UNRESOLVED,DRY_RUN_REVIEWED,PM_MERGE_REQUIRED,NONE
NC-CL-R-001301,NC-CL-S-000408,docs/09_collection/ga10-final-collection-and-payoff-registry-v1.md#G10-M13,docs/09_collection/ga10-final-collection-and-payoff-registry-v1.md,482,GA10,Final Mystery and Promise Payoffs,G10-M13,H-002 Official Death/Collective Authorship,CONTROL_CLAIM,C1,C1|C6|C7,C1|C6|C7,DISCOVERY|COMPLETION_LEGACY,UNRESOLVED,UNRESOLVED,UNRESOLVED,UNKNOWN,UNRESOLVED,UNRESOLVED,DRY_RUN_REVIEWED,PM_MERGE_REQUIRED,NONE
NC-CL-R-001302,NC-CL-S-000408,docs/09_collection/ga10-final-collection-and-payoff-registry-v1.md#G10-M13,docs/09_collection/ga10-final-collection-and-payoff-registry-v1.md,482,GA10,Final Mystery and Promise Payoffs,G10-M13,H-002 Official Death/Collective Authorship,STATE_TRANSITION,C1,C1|C6|C7,C1|C6|C7,DISCOVERY|COMPLETION_LEGACY,UNRESOLVED,UNRESOLVED,UNRESOLVED,UNKNOWN,UNRESOLVED,UNRESOLVED,DRY_RUN_REVIEWED,PM_MERGE_REQUIRED,NONE
NC-CL-R-001303,NC-CL-S-000408,docs/09_collection/ga10-final-collection-and-payoff-registry-v1.md#G10-M13,docs/09_collection/ga10-final-collection-and-payoff-registry-v1.md,482,GA10,Final Mystery and Promise Payoffs,G10-M13,H-002 Official Death/Collective Authorship,LOSS_OBLIGATION,C1,C1|C6|C7,C1|C6|C7,DISCOVERY|COMPLETION_LEGACY,UNRESOLVED,UNRESOLVED,UNRESOLVED,UNKNOWN,UNRESOLVED,UNRESOLVED,DRY_RUN_REVIEWED,PM_MERGE_REQUIRED,NONE
NC-CL-R-001304,NC-CL-S-000408,docs/09_collection/ga10-final-collection-and-payoff-registry-v1.md#G10-M13,docs/09_collection/ga10-final-collection-and-payoff-registry-v1.md,482,GA10,Final Mystery and Promise Payoffs,G10-M13,H-002 Official Death/Collective Authorship,NARRATIVE_PROMISE,C1,C1|C6|C7,C1|C6|C7,DISCOVERY|COMPLETION_LEGACY,UNRESOLVED,UNRESOLVED,UNRESOLVED,UNKNOWN,UNRESOLVED,UNRESOLVED,DRY_RUN_REVIEWED,PM_MERGE_REQUIRED,NONE
NC-CL-R-001305,NC-CL-S-000408,docs/09_collection/ga10-final-collection-and-payoff-registry-v1.md#G10-M13,docs/09_collection/ga10-final-collection-and-payoff-registry-v1.md,482,GA10,Final Mystery and Promise Payoffs,G10-M13,H-002 Official Death/Collective Authorship,SET,C1,C1|C6|C7,C1|C6|C7,DISCOVERY|COMPLETION_LEGACY,UNRESOLVED,UNRESOLVED,UNRESOLVED,UNKNOWN,UNRESOLVED,UNRESOLVED,DRY_RUN_REVIEWED,PM_MERGE_REQUIRED,NONE
NC-CL-R-001306,NC-CL-S-000409,docs/09_collection/ga10-final-collection-and-payoff-registry-v1.md#G10-M14,docs/09_collection/ga10-final-collection-and-payoff-registry-v1.md,490,GA10,Final Mystery and Promise Payoffs,G10-M14,Black Ward Witness / Continuity Protocol,ENTITY,C1,C1|C6,C1|C6|C7,DISCOVERY|COMPLETION_LEGACY,UNRESOLVED,UNRESOLVED,UNRESOLVED,UNKNOWN,UNRESOLVED,UNRESOLVED,DRY_RUN_REVIEWED,PM_MERGE_REQUIRED,NONE
NC-CL-R-001307,NC-CL-S-000409,docs/09_collection/ga10-final-collection-and-payoff-registry-v1.md#G10-M14,docs/09_collection/ga10-final-collection-and-payoff-registry-v1.md,490,GA10,Final Mystery and Promise Payoffs,G10-M14,Black Ward Witness / Continuity Protocol,RELATIONSHIP,C1,C1|C7|C6,C1|C6|C7,DISCOVERY|COMPLETION_LEGACY,UNRESOLVED,UNRESOLVED,UNRESOLVED,UNKNOWN,UNRESOLVED,UNRESOLVED,DRY_RUN_REVIEWED,PM_MERGE_REQUIRED,NONE
NC-CL-R-001308,NC-CL-S-000409,docs/09_collection/ga10-final-collection-and-payoff-registry-v1.md#G10-M14,docs/09_collection/ga10-final-collection-and-payoff-registry-v1.md,490,GA10,Final Mystery and Promise Payoffs,G10-M14,Black Ward Witness / Continuity Protocol,CONTROL_CLAIM,C1,C1|C6|C7,C1|C6|C7,DISCOVERY|COMPLETION_LEGACY,UNRESOLVED,UNRESOLVED,UNRESOLVED,UNKNOWN,UNRESOLVED,UNRESOLVED,DRY_RUN_REVIEWED,PM_MERGE_REQUIRED,NONE
NC-CL-R-001309,NC-CL-S-000409,docs/09_collection/ga10-final-collection-and-payoff-registry-v1.md#G10-M14,docs/09_collection/ga10-final-collection-and-payoff-registry-v1.md,490,GA10,Final Mystery and Promise Payoffs,G10-M14,Black Ward Witness / Continuity Protocol,STATE_TRANSITION,C1,C1|C6|C7,C1|C6|C7,DISCOVERY|COMPLETION_LEGACY,UNRESOLVED,UNRESOLVED,UNRESOLVED,UNKNOWN,UNRESOLVED,UNRESOLVED,DRY_RUN_REVIEWED,PM_MERGE_REQUIRED,NONE
NC-CL-R-001310,NC-CL-S-000409,docs/09_collection/ga10-final-collection-and-payoff-registry-v1.md#G10-M14,docs/09_collection/ga10-final-collection-and-payoff-registry-v1.md,490,GA10,Final Mystery and Promise Payoffs,G10-M14,Black Ward Witness / Continuity Protocol,LOSS_OBLIGATION,C1,C1|C6|C7,C1|C6|C7,DISCOVERY|COMPLETION_LEGACY,UNRESOLVED,UNRESOLVED,UNRESOLVED,UNKNOWN,UNRESOLVED,UNRESOLVED,DRY_RUN_REVIEWED,PM_MERGE_REQUIRED,NONE
NC-CL-R-001311,NC-CL-S-000409,docs/09_collection/ga10-final-collection-and-payoff-registry-v1.md#G10-M14,docs/09_collection/ga10-final-collection-and-payoff-registry-v1.md,490,GA10,Final Mystery and Promise Payoffs,G10-M14,Black Ward Witness / Continuity Protocol,NARRATIVE_PROMISE,C1,C1|C6|C7,C1|C6|C7,DISCOVERY|COMPLETION_LEGACY,UNRESOLVED,UNRESOLVED,UNRESOLVED,UNKNOWN,UNRESOLVED,UNRESOLVED,DRY_RUN_REVIEWED,PM_MERGE_REQUIRED,NONE
NC-CL-R-001312,NC-CL-S-000409,docs/09_collection/ga10-final-collection-and-payoff-registry-v1.md#G10-M14,docs/09_collection/ga10-final-collection-and-payoff-registry-v1.md,490,GA10,Final Mystery and Promise Payoffs,G10-M14,Black Ward Witness / Continuity Protocol,SET,C1,C1|C6|C7,C1|C6|C7,DISCOVERY|COMPLETION_LEGACY,UNRESOLVED,UNRESOLVED,UNRESOLVED,UNKNOWN,UNRESOLVED,UNRESOLVED,DRY_RUN_REVIEWED,PM_MERGE_REQUIRED,NONE
NC-CL-R-001313,NC-CL-S-000410,docs/09_collection/ga10-final-collection-and-payoff-registry-v1.md#G10-M15,docs/09_collection/ga10-final-collection-and-payoff-registry-v1.md,498,GA10,Final Mystery and Promise Payoffs,G10-M15,Neutral Orpheus Refusal,RELATIONSHIP,C7,C7|C8,C7|C8,DISCOVERY|SYNERGY|COMPLETION_LEGACY,UNRESOLVED,UNRESOLVED,UNRESOLVED,UNKNOWN,UNRESOLVED,UNRESOLVED,DRY_RUN_REVIEWED,PM_MERGE_REQUIRED,NONE
NC-CL-R-001314,NC-CL-S-000410,docs/09_collection/ga10-final-collection-and-payoff-registry-v1.md#G10-M15,docs/09_collection/ga10-final-collection-and-payoff-registry-v1.md,498,GA10,Final Mystery and Promise Payoffs,G10-M15,Neutral Orpheus Refusal,CONTROL_CLAIM,C7,C7|C8,C7|C8,DISCOVERY|SYNERGY|COMPLETION_LEGACY,UNRESOLVED,UNRESOLVED,UNRESOLVED,UNKNOWN,UNRESOLVED,UNRESOLVED,DRY_RUN_REVIEWED,PM_MERGE_REQUIRED,NONE
NC-CL-R-001315,NC-CL-S-000410,docs/09_collection/ga10-final-collection-and-payoff-registry-v1.md#G10-M15,docs/09_collection/ga10-final-collection-and-payoff-registry-v1.md,498,GA10,Final Mystery and Promise Payoffs,G10-M15,Neutral Orpheus Refusal,STATE_TRANSITION,C7,C7|C8,C7|C8,DISCOVERY|SYNERGY|COMPLETION_LEGACY,UNRESOLVED,UNRESOLVED,UNRESOLVED,UNKNOWN,UNRESOLVED,UNRESOLVED,DRY_RUN_REVIEWED,PM_MERGE_REQUIRED,NONE
NC-CL-R-001316,NC-CL-S-000410,docs/09_collection/ga10-final-collection-and-payoff-registry-v1.md#G10-M15,docs/09_collection/ga10-final-collection-and-payoff-registry-v1.md,498,GA10,Final Mystery and Promise Payoffs,G10-M15,Neutral Orpheus Refusal,LOSS_OBLIGATION,C7,C7|C8,C7|C8,DISCOVERY|SYNERGY|COMPLETION_LEGACY,UNRESOLVED,UNRESOLVED,UNRESOLVED,UNKNOWN,UNRESOLVED,UNRESOLVED,DRY_RUN_REVIEWED,PM_MERGE_REQUIRED,NONE
NC-CL-R-001317,NC-CL-S-000410,docs/09_collection/ga10-final-collection-and-payoff-registry-v1.md#G10-M15,docs/09_collection/ga10-final-collection-and-payoff-registry-v1.md,498,GA10,Final Mystery and Promise Payoffs,G10-M15,Neutral Orpheus Refusal,NARRATIVE_PROMISE,C7,C7|C8,C7|C8,DISCOVERY|SYNERGY|COMPLETION_LEGACY,UNRESOLVED,UNRESOLVED,UNRESOLVED,UNKNOWN,UNRESOLVED,UNRESOLVED,DRY_RUN_REVIEWED,PM_MERGE_REQUIRED,NONE
NC-CL-R-001318,NC-CL-S-000411,docs/09_collection/ga10-final-collection-and-payoff-registry-v1.md#G10-M16,docs/09_collection/ga10-final-collection-and-payoff-registry-v1.md,506,GA10,Final Mystery and Promise Payoffs,G10-M16,Helix Standardization,RELATIONSHIP,C1,C1|C7|C6,C1|C6|C7,DISCOVERY|SYNERGY|COMPLETION_LEGACY,UNRESOLVED,UNRESOLVED,UNRESOLVED,UNKNOWN,UNRESOLVED,UNRESOLVED,DRY_RUN_REVIEWED,PM_MERGE_REQUIRED,NONE
NC-CL-R-001319,NC-CL-S-000411,docs/09_collection/ga10-final-collection-and-payoff-registry-v1.md#G10-M16,docs/09_collection/ga10-final-collection-and-payoff-registry-v1.md,506,GA10,Final Mystery and Promise Payoffs,G10-M16,Helix Standardization,CONTROL_CLAIM,C1,C1|C6|C7,C1|C6|C7,DISCOVERY|SYNERGY|COMPLETION_LEGACY,UNRESOLVED,UNRESOLVED,UNRESOLVED,UNKNOWN,UNRESOLVED,UNRESOLVED,DRY_RUN_REVIEWED,PM_MERGE_REQUIRED,NONE
NC-CL-R-001320,NC-CL-S-000411,docs/09_collection/ga10-final-collection-and-payoff-registry-v1.md#G10-M16,docs/09_collection/ga10-final-collection-and-payoff-registry-v1.md,506,GA10,Final Mystery and Promise Payoffs,G10-M16,Helix Standardization,STATE_TRANSITION,C1,C1|C6|C7,C1|C6|C7,DISCOVERY|SYNERGY|COMPLETION_LEGACY,UNRESOLVED,UNRESOLVED,UNRESOLVED,UNKNOWN,UNRESOLVED,UNRESOLVED,DRY_RUN_REVIEWED,PM_MERGE_REQUIRED,NONE
NC-CL-R-001321,NC-CL-S-000411,docs/09_collection/ga10-final-collection-and-payoff-registry-v1.md#G10-M16,docs/09_collection/ga10-final-collection-and-payoff-registry-v1.md,506,GA10,Final Mystery and Promise Payoffs,G10-M16,Helix Standardization,LOSS_OBLIGATION,C1,C1|C6|C7,C1|C6|C7,DISCOVERY|SYNERGY|COMPLETION_LEGACY,UNRESOLVED,UNRESOLVED,UNRESOLVED,UNKNOWN,UNRESOLVED,UNRESOLVED,DRY_RUN_REVIEWED,PM_MERGE_REQUIRED,NONE
NC-CL-R-001322,NC-CL-S-000411,docs/09_collection/ga10-final-collection-and-payoff-registry-v1.md#G10-M16,docs/09_collection/ga10-final-collection-and-payoff-registry-v1.md,506,GA10,Final Mystery and Promise Payoffs,G10-M16,Helix Standardization,NARRATIVE_PROMISE,C1,C1|C6|C7,C1|C6|C7,DISCOVERY|SYNERGY|COMPLETION_LEGACY,UNRESOLVED,UNRESOLVED,UNRESOLVED,UNKNOWN,UNRESOLVED,UNRESOLVED,DRY_RUN_REVIEWED,PM_MERGE_REQUIRED,NONE
NC-CL-R-001323,NC-CL-S-000412,docs/09_collection/ga10-final-collection-and-payoff-registry-v1.md#G10-M17,docs/09_collection/ga10-final-collection-and-payoff-registry-v1.md,514,GA10,Final Mystery and Promise Payoffs,G10-M17,Ownership of Collected Legacy,RELATIONSHIP,C1,C1|C7|C2|C5|C6,C1|C2|C5|C6|C7,DISCOVERY|ACQUISITION|COMPLETION_LEGACY,UNRESOLVED,UNRESOLVED,UNRESOLVED,UNKNOWN,UNRESOLVED,UNRESOLVED,DRY_RUN_REVIEWED,PM_MERGE_REQUIRED,NONE
NC-CL-R-001324,NC-CL-S-000412,docs/09_collection/ga10-final-collection-and-payoff-registry-v1.md#G10-M17,docs/09_collection/ga10-final-collection-and-payoff-registry-v1.md,514,GA10,Final Mystery and Promise Payoffs,G10-M17,Ownership of Collected Legacy,CONTROL_CLAIM,C1,C1|C2|C5|C6|C7,C1|C2|C5|C6|C7,DISCOVERY|ACQUISITION|COMPLETION_LEGACY,UNRESOLVED,UNRESOLVED,UNRESOLVED,UNKNOWN,UNRESOLVED,UNRESOLVED,DRY_RUN_REVIEWED,PM_MERGE_REQUIRED,NONE
NC-CL-R-001325,NC-CL-S-000412,docs/09_collection/ga10-final-collection-and-payoff-registry-v1.md#G10-M17,docs/09_collection/ga10-final-collection-and-payoff-registry-v1.md,514,GA10,Final Mystery and Promise Payoffs,G10-M17,Ownership of Collected Legacy,STATE_TRANSITION,C1,C1|C2|C5|C6|C7,C1|C2|C5|C6|C7,DISCOVERY|ACQUISITION|COMPLETION_LEGACY,UNRESOLVED,UNRESOLVED,UNRESOLVED,UNKNOWN,UNRESOLVED,UNRESOLVED,DRY_RUN_REVIEWED,PM_MERGE_REQUIRED,NONE
NC-CL-R-001326,NC-CL-S-000412,docs/09_collection/ga10-final-collection-and-payoff-registry-v1.md#G10-M17,docs/09_collection/ga10-final-collection-and-payoff-registry-v1.md,514,GA10,Final Mystery and Promise Payoffs,G10-M17,Ownership of Collected Legacy,LOSS_OBLIGATION,C1,C1|C2|C5|C6|C7,C1|C2|C5|C6|C7,DISCOVERY|ACQUISITION|COMPLETION_LEGACY,UNRESOLVED,UNRESOLVED,UNRESOLVED,UNKNOWN,UNRESOLVED,UNRESOLVED,DRY_RUN_REVIEWED,PM_MERGE_REQUIRED,NONE
NC-CL-R-001327,NC-CL-S-000412,docs/09_collection/ga10-final-collection-and-payoff-registry-v1.md#G10-M17,docs/09_collection/ga10-final-collection-and-payoff-registry-v1.md,514,GA10,Final Mystery and Promise Payoffs,G10-M17,Ownership of Collected Legacy,NARRATIVE_PROMISE,C1,C1|C2|C5|C6|C7,C1|C2|C5|C6|C7,DISCOVERY|ACQUISITION|COMPLETION_LEGACY,UNRESOLVED,UNRESOLVED,UNRESOLVED,UNKNOWN,UNRESOLVED,UNRESOLVED,DRY_RUN_REVIEWED,PM_MERGE_REQUIRED,NONE
NC-CL-R-001328,NC-CL-S-000412,docs/09_collection/ga10-final-collection-and-payoff-registry-v1.md#G10-M17,docs/09_collection/ga10-final-collection-and-payoff-registry-v1.md,514,GA10,Final Mystery and Promise Payoffs,G10-M17,Ownership of Collected Legacy,SET,C1,C1|C2|C5|C6|C7,C1|C2|C5|C6|C7,DISCOVERY|ACQUISITION|COMPLETION_LEGACY,UNRESOLVED,UNRESOLVED,UNRESOLVED,UNKNOWN,UNRESOLVED,UNRESOLVED,DRY_RUN_REVIEWED,PM_MERGE_REQUIRED,NONE
NC-CL-R-001329,NC-CL-S-000413,docs/09_collection/ga10-final-collection-and-payoff-registry-v1.md#G10-M18,docs/09_collection/ga10-final-collection-and-payoff-registry-v1.md,522,GA10,Final Mystery and Promise Payoffs,G10-M18,Memory Contamination,CONTROL_CLAIM,C1,C1|C6,C1|C6,DISCOVERY|COMPLETION_LEGACY,UNRESOLVED,UNRESOLVED,UNRESOLVED,UNKNOWN,UNRESOLVED,UNRESOLVED,DRY_RUN_REVIEWED,PM_MERGE_REQUIRED,NONE
NC-CL-R-001330,NC-CL-S-000413,docs/09_collection/ga10-final-collection-and-payoff-registry-v1.md#G10-M18,docs/09_collection/ga10-final-collection-and-payoff-registry-v1.md,522,GA10,Final Mystery and Promise Payoffs,G10-M18,Memory Contamination,STATE_TRANSITION,C1,C1|C6,C1|C6,DISCOVERY|COMPLETION_LEGACY,UNRESOLVED,UNRESOLVED,UNRESOLVED,UNKNOWN,UNRESOLVED,UNRESOLVED,DRY_RUN_REVIEWED,PM_MERGE_REQUIRED,NONE
NC-CL-R-001331,NC-CL-S-000413,docs/09_collection/ga10-final-collection-and-payoff-registry-v1.md#G10-M18,docs/09_collection/ga10-final-collection-and-payoff-registry-v1.md,522,GA10,Final Mystery and Promise Payoffs,G10-M18,Memory Contamination,LOSS_OBLIGATION,C1,C1|C6,C1|C6,DISCOVERY|COMPLETION_LEGACY,UNRESOLVED,UNRESOLVED,UNRESOLVED,UNKNOWN,UNRESOLVED,UNRESOLVED,DRY_RUN_REVIEWED,PM_MERGE_REQUIRED,NONE
NC-CL-R-001332,NC-CL-S-000413,docs/09_collection/ga10-final-collection-and-payoff-registry-v1.md#G10-M18,docs/09_collection/ga10-final-collection-and-payoff-registry-v1.md,522,GA10,Final Mystery and Promise Payoffs,G10-M18,Memory Contamination,NARRATIVE_PROMISE,C1,C1|C6,C1|C6,DISCOVERY|COMPLETION_LEGACY,UNRESOLVED,UNRESOLVED,UNRESOLVED,UNKNOWN,UNRESOLVED,UNRESOLVED,DRY_RUN_REVIEWED,PM_MERGE_REQUIRED,NONE
NC-CL-R-001333,NC-CL-S-000414,docs/09_collection/ga10-final-collection-and-payoff-registry-v1.md#G10-M19,docs/09_collection/ga10-final-collection-and-payoff-registry-v1.md,530,GA10,Final Mystery and Promise Payoffs,G10-M19,Unlabeled People,ENTITY,C1,C1,C1|C7,DISCOVERY|COMPLETION_LEGACY,UNRESOLVED,UNRESOLVED,UNRESOLVED,UNKNOWN,UNRESOLVED,UNRESOLVED,DRY_RUN_REVIEWED,PM_MERGE_REQUIRED,NONE
NC-CL-R-001334,NC-CL-S-000414,docs/09_collection/ga10-final-collection-and-payoff-registry-v1.md#G10-M19,docs/09_collection/ga10-final-collection-and-payoff-registry-v1.md,530,GA10,Final Mystery and Promise Payoffs,G10-M19,Unlabeled People,CONTROL_CLAIM,C1,C1|C7,C1|C7,DISCOVERY|COMPLETION_LEGACY,UNRESOLVED,UNRESOLVED,UNRESOLVED,UNKNOWN,UNRESOLVED,UNRESOLVED,DRY_RUN_REVIEWED,PM_MERGE_REQUIRED,NONE
NC-CL-R-001335,NC-CL-S-000414,docs/09_collection/ga10-final-collection-and-payoff-registry-v1.md#G10-M19,docs/09_collection/ga10-final-collection-and-payoff-registry-v1.md,530,GA10,Final Mystery and Promise Payoffs,G10-M19,Unlabeled People,STATE_TRANSITION,C1,C1|C7,C1|C7,DISCOVERY|COMPLETION_LEGACY,UNRESOLVED,UNRESOLVED,UNRESOLVED,UNKNOWN,UNRESOLVED,UNRESOLVED,DRY_RUN_REVIEWED,PM_MERGE_REQUIRED,NONE
NC-CL-R-001336,NC-CL-S-000414,docs/09_collection/ga10-final-collection-and-payoff-registry-v1.md#G10-M19,docs/09_collection/ga10-final-collection-and-payoff-registry-v1.md,530,GA10,Final Mystery and Promise Payoffs,G10-M19,Unlabeled People,NARRATIVE_PROMISE,C1,C1|C7,C1|C7,DISCOVERY|COMPLETION_LEGACY,UNRESOLVED,UNRESOLVED,UNRESOLVED,UNKNOWN,UNRESOLVED,UNRESOLVED,DRY_RUN_REVIEWED,PM_MERGE_REQUIRED,NONE
NC-CL-R-001337,NC-CL-S-000415,docs/09_collection/ga10-final-collection-and-payoff-registry-v1.md#G10-M20,docs/09_collection/ga10-final-collection-and-payoff-registry-v1.md,539,GA10,Final Mystery and Promise Payoffs,G10-M20,Can History Be Completed?,CONTROL_CLAIM,C1,C1|C6|C7,C1|C6|C7,DISCOVERY|COMPLETION_LEGACY,UNRESOLVED,UNRESOLVED,UNRESOLVED,UNKNOWN,UNRESOLVED,UNRESOLVED,DRY_RUN_REVIEWED,PM_MERGE_REQUIRED,NONE
NC-CL-R-001338,NC-CL-S-000415,docs/09_collection/ga10-final-collection-and-payoff-registry-v1.md#G10-M20,docs/09_collection/ga10-final-collection-and-payoff-registry-v1.md,539,GA10,Final Mystery and Promise Payoffs,G10-M20,Can History Be Completed?,STATE_TRANSITION,C1,C1|C6|C7,C1|C6|C7,DISCOVERY|COMPLETION_LEGACY,UNRESOLVED,UNRESOLVED,UNRESOLVED,UNKNOWN,UNRESOLVED,UNRESOLVED,DRY_RUN_REVIEWED,PM_MERGE_REQUIRED,NONE
NC-CL-R-001339,NC-CL-S-000415,docs/09_collection/ga10-final-collection-and-payoff-registry-v1.md#G10-M20,docs/09_collection/ga10-final-collection-and-payoff-registry-v1.md,539,GA10,Final Mystery and Promise Payoffs,G10-M20,Can History Be Completed?,LOSS_OBLIGATION,C1,C1|C6|C7,C1|C6|C7,DISCOVERY|COMPLETION_LEGACY,UNRESOLVED,UNRESOLVED,UNRESOLVED,UNKNOWN,UNRESOLVED,UNRESOLVED,DRY_RUN_REVIEWED,PM_MERGE_REQUIRED,NONE
NC-CL-R-001340,NC-CL-S-000415,docs/09_collection/ga10-final-collection-and-payoff-registry-v1.md#G10-M20,docs/09_collection/ga10-final-collection-and-payoff-registry-v1.md,539,GA10,Final Mystery and Promise Payoffs,G10-M20,Can History Be Completed?,NARRATIVE_PROMISE,C1,C1|C6|C7,C1|C6|C7,DISCOVERY|COMPLETION_LEGACY,UNRESOLVED,UNRESOLVED,UNRESOLVED,UNKNOWN,UNRESOLVED,UNRESOLVED,DRY_RUN_REVIEWED,PM_MERGE_REQUIRED,NONE
NC-CL-R-001341,NC-CL-S-000415,docs/09_collection/ga10-final-collection-and-payoff-registry-v1.md#G10-M20,docs/09_collection/ga10-final-collection-and-payoff-registry-v1.md,539,GA10,Final Mystery and Promise Payoffs,G10-M20,Can History Be Completed?,SET,C1,C1|C6|C7,C1|C6|C7,DISCOVERY|COMPLETION_LEGACY,UNRESOLVED,UNRESOLVED,UNRESOLVED,UNKNOWN,UNRESOLVED,UNRESOLVED,DRY_RUN_REVIEWED,PM_MERGE_REQUIRED,NONE
