source_row_id,source_key,source_file,source_line,arc,section,source_id,title,normalized_record_ids,entry_kinds,primary_domain,domain_tags,desire_phases,record_states,acquisition_text,integration_text,cost_text,loss_exit_text,ending_text,later_reuse_text,entity_id_candidate,subject_ids,host_id_candidate,current_holder,canon_tier,classification_basis,classification_reason,review_flags,canon_promotion
NC-CL-S-000001,docs/09_collection/first-100-collectible-registry-v1.md#P-001,docs/09_collection/first-100-collectible-registry-v1.md,30,GA1,People & Relationship Records,P-001,H-001 / Future Blood Admiral,NC-CL-R-000001|NC-CL-R-000002|NC-CL-R-000003,ENTITY|RELATIONSHIP|NARRATIVE_PROMISE,C1,C1,DISCOVERY|ACQUISITION|SYNERGY|COMPLETION_LEGACY,G,"shared test evidence, community-record operation, independent agreement","route planning, resource/population movement, distributed records, siege evacuation","community surveillance, political autonomy, conflict with P-001","joins another faction, breaks over protector/community manipulation, refuses central command","`G — independent conditional ally`, not subordinate",all grand acts,UNRESOLVED,UNRESOLVED,UNKNOWN,UNRESOLVED,UNRESOLVED,DRY_RUN_REVIEWED,인물·조건부 동맹과 미래 정체 약속이 한 행에 결합,PM_MERGE_REQUIRED,NONE
NC-CL-S-000002,docs/09_collection/first-100-collectible-registry-v1.md#P-002,docs/09_collection/first-100-collectible-registry-v1.md,42,GA1,People & Relationship Records,P-002,H-002 / Future Fleet Designer,NC-CL-R-000004|NC-CL-R-000005|NC-CL-R-000006|NC-CL-R-000007,ENTITY|RELATIONSHIP|CONTROL_CLAIM|NARRATIVE_PROMISE,C1,C1|C2|C6|C7,DISCOVERY|ACQUISITION|SYNERGY,G,"maintenance/design-right contract, workshop access, component recovery","07 restoration, open service documentation, siege power/repair","theft exposure, family workshop claim, Helix conflict, maintenance veto","contract absorption, independent workshop, refusal to repair unsafe mission",`G — team-linked independent technical owner`,GA2–10,UNRESOLVED,UNRESOLVED,UNKNOWN,UNRESOLVED,UNRESOLVED,DRY_RUN_REVIEWED,인물·계약 관계와 설계권·미래 역할 약속이 결합,PM_MERGE_REQUIRED,NONE
NC-CL-S-000003,docs/09_collection/first-100-collectible-registry-v1.md#P-003,docs/09_collection/first-100-collectible-registry-v1.md,53,GA1,People & Relationship Records,P-003,S-001 / Data and Audit Cadet,NC-CL-R-000008|NC-CL-R-000009|NC-CL-R-000010,ENTITY|RELATIONSHIP|CONTROL_CLAIM,C1,C1|C7,DISCOVERY|ACQUISITION|SYNERGY,G,"admission, evidence key, conditional source/privacy rules","provenance, comms, public broadcast, patient identity protection, charter logs","trust, family/identity risk, exposure of prior informing",joins Imperial/Neutral/independent archive; publishes against team,`G — conditional auditor/comms partner`,GA4/8–10 core,UNRESOLVED,UNRESOLVED,UNKNOWN,UNRESOLVED,UNRESOLVED,DRY_RUN_REVIEWED,인물·감사 관계와 자격·정보 통제가 함께 기록됨,PM_MERGE_REQUIRED,NONE
NC-CL-S-000004,docs/09_collection/first-100-collectible-registry-v1.md#P-004,docs/09_collection/first-100-collectible-registry-v1.md,65,GA1,People & Relationship Records,P-004,M-001 / Medical and Rescue Cadet,NC-CL-R-000011|NC-CL-R-000012|NC-CL-R-000013,ENTITY|RELATIONSHIP|CONTROL_CLAIM,C1,C1|C7,DISCOVERY|ACQUISITION|SYNERGY,G,"Black Ward access, medical stop authority, consent-centered triage","casualty care, patient representation, siege medical zones, charter health minimum","limited supplies, choices against protagonist preference, treatment dependency/debt",medical neutrality conflict or central Continuity support,`G — medical/rescue partner with stop authority`,GA6/9–10,UNRESOLVED,UNRESOLVED,UNKNOWN,UNRESOLVED,UNRESOLVED,DRY_RUN_REVIEWED,인물·의료 협력과 중지·접근 권한이 함께 기록됨,PM_MERGE_REQUIRED,NONE
NC-CL-S-000005,docs/09_collection/first-100-collectible-registry-v1.md#P-005,docs/09_collection/first-100-collectible-registry-v1.md,76,GA1,People & Relationship Records,P-005,I-001 / Field Instructor,NC-CL-R-000014|NC-CL-R-000015|NC-CL-R-000016|NC-CL-R-000017,ENTITY|RELATIONSHIP|CONTROL_CLAIM|STATE_TRANSITION,C1,C1|C7,DISCOVERY|ACQUISITION|SYNERGY,G,"public inquiry, Black Ward access, siege command, accountability","training, staff/students, independent academy front","past harmed cells, limited trust, loss of unilateral authority","removal, review, transfer, refusal to close academy",`G/R — charter instructor under investigation/reduced authority`,academy/alumni arcs,UNRESOLVED,UNRESOLVED,UNKNOWN,UNRESOLVED,UNRESOLVED,DRY_RUN_REVIEWED,인물·제도 관계와 조사·권한 축소 상태가 결합,PM_MERGE_REQUIRED,NONE
NC-CL-S-000006,docs/09_collection/first-100-collectible-registry-v1.md#P-006,docs/09_collection/first-100-collectible-registry-v1.md,88,GA1,People & Relationship Records,P-006,E-001 / White Dock Enemy Ace,NC-CL-R-000018|NC-CL-R-000019|NC-CL-R-000020,ENTITY|RELATIONSHIP|NARRATIVE_PROMISE,C1,C1,DISCOVERY|ACQUISITION|SYNERGY,C,"joint civilian rescue, record exchange, recurring opposition","enemy motive, capture-not-destroy combat, Independence federal/liberation option","operative injury/capture, distrust, separate agenda","breaks agreement, chooses radical/federal path, prioritizes missing person","`C — independent rival/negotiator`, not team member",GA2–3 and GA7,UNRESOLVED,UNRESOLVED,UNKNOWN,UNRESOLVED,UNRESOLVED,DRY_RUN_REVIEWED,인물·경쟁 관계와 미회수 목적 약속이 함께 기록됨,PM_MERGE_REQUIRED,NONE
NC-CL-S-000007,docs/09_collection/first-100-collectible-registry-v1.md#P-007,docs/09_collection/first-100-collectible-registry-v1.md,99,GA1,People & Relationship Records,P-007,R-IMP-001 / Imperial Observer,NC-CL-R-000021|NC-CL-R-000022|NC-CL-R-000023,ENTITY|RELATIONSHIP|CONTROL_CLAIM,C1,C1|C2|C7,DISCOVERY|ACQUISITION|SYNERGY,G,"joint custody, secret offers, succession protocol","delays seizures, access to imperial records, charter state observer","classified relocation, surveillance, service claim","Purge/Continuity alignment, cover collapse",`G — official observer with limited charter power`,,UNRESOLVED,UNRESOLVED,UNKNOWN,UNRESOLVED,UNRESOLVED,DRY_RUN_REVIEWED,인물·제국 대표 관계와 코어·헌장 권한이 결합,PM_MERGE_REQUIRED,NONE
NC-CL-S-000008,docs/09_collection/first-100-collectible-registry-v1.md#P-008,docs/09_collection/first-100-collectible-registry-v1.md,110,GA1,People & Relationship Records,P-008,R-NEU-001 / Neutral Rescue and Claims Officer,NC-CL-R-000024|NC-CL-R-000025|NC-CL-R-000026|NC-CL-R-000027,ENTITY|RELATIONSHIP|CONTROL_CLAIM|LOSS_OBLIGATION,C1,C1|C7,DISCOVERY|ACQUISITION|SYNERGY,G,"evidence chain, capacity guarantee, paid/conditional trusteeship","medical protection, public witness, charter audit","debt, limits, refusal of asylum/contraband",,"`G — neutral trustee/auditor, not ally ownership`",,UNRESOLVED,UNRESOLVED,UNKNOWN,UNRESOLVED,UNRESOLVED,DRY_RUN_REVIEWED,인물·중립 수탁 관계와 보호권·채무가 결합,PM_MERGE_REQUIRED,NONE
NC-CL-S-000009,docs/09_collection/first-100-collectible-registry-v1.md#P-009,docs/09_collection/first-100-collectible-registry-v1.md,120,GA1,People & Relationship Records,P-009,R-HEL-001 / Helix Evaluator,NC-CL-R-000028|NC-CL-R-000029|NC-CL-R-000030|NC-CL-R-000031,ENTITY|RELATIONSHIP|CONTROL_CLAIM|LOSS_OBLIGATION,C1,C1|C2|C3|C7,DISCOVERY|ACQUISITION|SYNERGY,G,"claims, inspection, recognition of H-002 labor, safety info","components/treatment/contract realism, Helix internal split","debt, audit, data rights, supply pressure",,`G — constrained contract stakeholder`,,UNRESOLVED,UNRESOLVED,UNKNOWN,UNRESOLVED,UNRESOLVED,DRY_RUN_REVIEWED,인물·계약 관계와 재산·정보권·채무가 결합,PM_MERGE_REQUIRED,NONE
NC-CL-S-000010,docs/09_collection/first-100-collectible-registry-v1.md#P-010,docs/09_collection/first-100-collectible-registry-v1.md,130,GA1,People & Relationship Records,P-010,AI-W001 / Black Ward Witness Interface,NC-CL-R-000032|NC-CL-R-000033|NC-CL-R-000034|NC-CL-R-000035,ENTITY|RELATIONSHIP|CONTROL_CLAIM|NARRATIVE_PROMISE,C1,C1|C6|C7,DISCOVERY|ACQUISITION|SYNERGY,C,"patient consent, limited data copy, medical survival","protocol clue, identity-death evidence, siege authentication","incomplete information, vulnerability, political seizure attempts","deletion request, independent custodian, refusal to speak",`C/G — consent-limited witness under multi-party protection`,,UNRESOLVED,UNRESOLVED,UNKNOWN,UNRESOLVED,UNRESOLVED,DRY_RUN_REVIEWED,인격체·증언 관계와 동의권·정체 미스터리가 결합,PM_MERGE_REQUIRED,NONE
NC-CL-S-000011,docs/09_collection/first-100-collectible-registry-v1.md#P-011,docs/09_collection/first-100-collectible-registry-v1.md,141,GA1,People & Relationship Records,P-011,Protector/Community Focal Network,NC-CL-R-000036|NC-CL-R-000037|NC-CL-R-000038,ENTITY|RELATIONSHIP|CONTROL_CLAIM,C1,C1|C7,DISCOVERY|ACQUISITION|SYNERGY,G,not personal rescue only; community representation and treatment,"H-001 agency, Black Ward, charter rights, future route federation","public exposure, internal disagreement, refusal of hero plans",,"`G — represented community with separate voice`, exact focal 2–3 people open",,UNRESOLVED,UNRESOLVED,UNKNOWN,UNRESOLVED,UNRESOLVED,DRY_RUN_REVIEWED,공동체 실체·대표 관계와 치료·헌장 권리가 결합,PM_MERGE_REQUIRED,NONE
NC-CL-S-000012,docs/09_collection/first-100-collectible-registry-v1.md#F-001,docs/09_collection/first-100-collectible-registry-v1.md,159,GA1,"07호 Frame, Tools and Service-Key Set",F-001,07 Core / AUXILIA Inspection Kernel,NC-CL-R-000039|NC-CL-R-000040|NC-CL-R-000041,ENTITY|CONTROL_CLAIM|STATE_TRANSITION,C2,C2|C6,DISCOVERY|ACQUISITION|SYNERGY,G,partial access E7–10; dispersed E19; joint recovery E39–45,"diagnostics, old node/service protocol, frame operation","surveillance, cyber vulnerability, multi-party custody",can be seized/diverted; no hidden superweapon,`G — installed under shared locks`,,UNRESOLVED,UNRESOLVED,CANON:AUX-07,UNRESOLVED,UNRESOLVED,DRY_RUN_REVIEWED,코어 실체와 공동 접근권·분산복구 상태가 결합,PM_MERGE_REQUIRED,NONE
NC-CL-S-000013,docs/09_collection/first-100-collectible-registry-v1.md#F-002,docs/09_collection/first-100-collectible-registry-v1.md,168,GA1,"07호 Frame, Tools and Service-Key Set",F-002,Asymmetric Radiator Wing,NC-CL-R-000042|NC-CL-R-000043|NC-CL-R-000044,ENTITY|CONTROL_CLAIM|LOSS_OBLIGATION,C2,C2|C7,DISCOVERY|ACQUISITION|SYNERGY,G,E33–38 auction/debt/claim,"extends combat/work window, vulnerable deployed geometry",Helix inspection/debt; asymmetric torque,,`G — functional but contract-inspected`,,UNRESOLVED,UNRESOLVED,CANON:AUX-07,UNRESOLVED,UNRESOLVED,DRY_RUN_REVIEWED,냉각 부품과 경매 청구권·검사채무가 결합,PM_MERGE_REQUIRED,NONE
NC-CL-S-000014,docs/09_collection/first-100-collectible-registry-v1.md#F-003,docs/09_collection/first-100-collectible-registry-v1.md,176,GA1,"07호 Frame, Tools and Service-Key Set",F-003,Industrial Manipulator Arm,NC-CL-R-000045|NC-CL-R-000046,ENTITY|CONTROL_CLAIM,C2,C2|C3|C7,DISCOVERY|ACQUISITION|SYNERGY,G,school salvage/labor claim E33–38,"rescue, cutting, anchoring, repair","slow combat traverse, exposed bundles",,`G`,,UNRESOLVED,UNRESOLVED,CANON:AUX-07,UNRESOLVED,UNRESOLVED,DRY_RUN_REVIEWED,기체 팔·공구 실체와 회수·노동 청구가 결합,PM_MERGE_REQUIRED,NONE
NC-CL-S-000015,docs/09_collection/first-100-collectible-registry-v1.md#F-004,docs/09_collection/first-100-collectible-registry-v1.md,184,GA1,"07호 Frame, Tools and Service-Key Set",F-004,Anchor Shield Plate,NC-CL-R-000047|NC-CL-R-000048,ENTITY|CONTROL_CLAIM,C3,C3|C7,DISCOVERY|SYNERGY,G,remains school property/mission equipment; rights negotiated E39–45,debris/position control,weight and focused-fire weakness,,"`G — mission-use right, not ownership`",,UNRESOLVED,UNRESOLVED,CANON:AUX-07,UNRESOLVED,UNRESOLVED,DRY_RUN_REVIEWED,방어 장비와 임무 사용권이 명시적으로 분리됨,PM_MERGE_REQUIRED,NONE
NC-CL-S-000016,docs/09_collection/first-100-collectible-registry-v1.md#F-005,docs/09_collection/first-100-collectible-registry-v1.md,192,GA1,"07호 Frame, Tools and Service-Key Set",F-005,Mixed Leg Pair,NC-CL-R-000049|NC-CL-R-000050,ENTITY|STATE_TRANSITION,C2,C2,DISCOVERY|SYNERGY,G,"starts attached, suffers E19 damage, rebuilt across E21–45",anchor-leg + vector-leg doctrine,"joint damage, control difficulty, parts mismatch",,`G/R — defect becomes doctrine`,,UNRESOLVED,UNRESOLVED,CANON:AUX-07,UNRESOLVED,UNRESOLVED,DRY_RUN_REVIEWED,다리 실체와 손상·재건·교리화 전이가 결합,PM_MERGE_REQUIRED,NONE
NC-CL-S-000017,docs/09_collection/first-100-collectible-registry-v1.md#F-006,docs/09_collection/first-100-collectible-registry-v1.md,200,GA1,"07호 Frame, Tools and Service-Key Set",F-006,Utility Sensor Head,NC-CL-R-000051|NC-CL-R-000052,ENTITY|STATE_TRANSITION,C2,C2,DISCOVERY|SYNERGY,G,"initial, damaged/lost E19, replacement/repair E33–45",close-range heat/material/life signs and sensor tags,poor long-range fire control,,`G`,,UNRESOLVED,UNRESOLVED,CANON:AUX-07,UNRESOLVED,UNRESOLVED,DRY_RUN_REVIEWED,센서 헤드와 손실·교체·수리 전이가 결합,PM_MERGE_REQUIRED,NONE
NC-CL-S-000018,docs/09_collection/first-100-collectible-registry-v1.md#F-007,docs/09_collection/first-100-collectible-registry-v1.md,208,GA1,"07호 Frame, Tools and Service-Key Set",F-007,Thermal Cutter Lance,NC-CL-R-000053,ENTITY,C3,C3,DISCOVERY|ACQUISITION|SYNERGY,G,E13–16 emergency equipment access,"hull/door/joint cutting, rescue",contact time and heat,,`G — tool/weapon dual use`,,UNRESOLVED,UNRESOLVED,CANON:AUX-07,UNRESOLVED,UNRESOLVED,DRY_RUN_REVIEWED,독립 운용되는 절단 공구·무기 실체,PM_MERGE_REQUIRED,NONE
NC-CL-S-000019,docs/09_collection/first-100-collectible-registry-v1.md#F-008,docs/09_collection/first-100-collectible-registry-v1.md,216,GA1,"07호 Frame, Tools and Service-Key Set",F-008,Rescue Tether/Cable Launcher,NC-CL-R-000054,ENTITY,C3,C3,DISCOVERY|SYNERGY,G,E13–15,"anchor, retrieve, redirect relative movement","cable tension, cut vulnerability, no magical grapple",,`G`,,UNRESOLVED,UNRESOLVED,CANON:AUX-07,UNRESOLVED,UNRESOLVED,DRY_RUN_REVIEWED,독립 기능과 비용을 지닌 구조 발사기 실체,PM_MERGE_REQUIRED,NONE
NC-CL-S-000020,docs/09_collection/first-100-collectible-registry-v1.md#F-009,docs/09_collection/first-100-collectible-registry-v1.md,224,GA1,"07호 Frame, Tools and Service-Key Set",F-009,Sensor-Tag Projector,NC-CL-R-000055|NC-CL-R-000056,ENTITY|STATE_TRANSITION,C3,C3,DISCOVERY|SYNERGY,G,"starting equipment, modified E13–16",comm/sensor relay under lattice noise,"low direct damage, traceable signature",,`G`,,UNRESOLVED,UNRESOLVED,CANON:AUX-07,UNRESOLVED,UNRESOLVED,DRY_RUN_REVIEWED,훈련 장비와 통신 중계용 개조 전이가 결합,PM_MERGE_REQUIRED,NONE
NC-CL-S-000021,docs/09_collection/first-100-collectible-registry-v1.md#F-010,docs/09_collection/first-100-collectible-registry-v1.md,232,GA1,"07호 Frame, Tools and Service-Key Set",F-010,H-002 Calibration Toolset,NC-CL-R-000057|NC-CL-R-000058|NC-CL-R-000059,ENTITY|CONTROL_CLAIM|LOSS_OBLIGATION,C1,C1|C3|C6|C7,DISCOVERY|ACQUISITION|SYNERGY,G,partial workshop access E7–10; family mark/claim E33–38,safe Open Service calibration and documentation,"criminal/contract claim, limited tools",,"`G — H-002 controlled, not team property`",,UNRESOLVED,UNRESOLVED,UNKNOWN,UNRESOLVED,UNRESOLVED,DRY_RUN_REVIEWED,공구 실체와 접근·가족 소유권·계약부담이 결합,PM_MERGE_REQUIRED,NONE
NC-CL-S-000022,docs/09_collection/first-100-collectible-registry-v1.md#F-011,docs/09_collection/first-100-collectible-registry-v1.md,240,GA1,"07호 Frame, Tools and Service-Key Set",F-011,Service Authority Key A,NC-CL-R-000060|NC-CL-R-000061|NC-CL-R-000062,ENTITY|CONTROL_CLAIM|NARRATIVE_PROMISE,C4,C4|C6|C8,DISCOVERY|ACQUISITION|SYNERGY,G,,archive access/rescue controls,Imperial detection,,"`G/R — first of seven authorities, not seven machines`",,UNRESOLVED,UNRESOLVED,UNKNOWN,UNRESOLVED,UNRESOLVED,DRY_RUN_REVIEWED,물리 키와 서비스 권한·칠중 권한 약속이 결합,PM_MERGE_REQUIRED,NONE
NC-CL-S-000023,docs/09_collection/first-100-collectible-registry-v1.md#F-012,docs/09_collection/first-100-collectible-registry-v1.md,247,GA1,"07호 Frame, Tools and Service-Key Set",F-012,Service Authority Key B,NC-CL-R-000063|NC-CL-R-000064|NC-CL-R-000065,ENTITY|CONTROL_CLAIM|NARRATIVE_PROMISE,C2,C2|C4|C6|C7,DISCOVERY|ACQUISITION|SYNERGY,C,access under joint custody E39–45,diagnostics and succession/continuity clue,secret-service oversight,,`C/G — cannot be freely copied`,,UNRESOLVED,UNRESOLVED,UNKNOWN,UNRESOLVED,UNRESOLVED,DRY_RUN_REVIEWED,물리 키와 공동 접근권·승계 단서가 결합,PM_MERGE_REQUIRED,NONE
NC-CL-S-000024,docs/09_collection/first-100-collectible-registry-v1.md#F-013,docs/09_collection/first-100-collectible-registry-v1.md,255,GA1,"07호 Frame, Tools and Service-Key Set",F-013,Service Authority Key C,NC-CL-R-000066|NC-CL-R-000067|NC-CL-R-000068,CONTROL_CLAIM|STATE_TRANSITION|NARRATIVE_PROMISE,C1,C1|C6|C7,DISCOVERY|ACQUISITION|SYNERGY,C,"partial protocol, not full physical key",medical/identity system translation during siege,patient/AI consent and incomplete access,,`C — protocol fragment` Keys D–G: may be named/teased only after E100 unless already present as background identifiers. no surprise functional key beyond A–C in GA1.,,UNRESOLVED,UNRESOLVED,UNKNOWN,UNRESOLVED,UNRESOLVED,DRY_RUN_REVIEWED,비물리 프로토콜 접근과 부분획득·정체 단서가 결합,PM_MERGE_REQUIRED,NONE
NC-CL-S-000025,docs/09_collection/first-100-collectible-registry-v1.md#F-014,docs/09_collection/first-100-collectible-registry-v1.md,267,GA1,"07호 Frame, Tools and Service-Key Set",F-014,Previous Technician Logs,NC-CL-R-000069|NC-CL-R-000070|NC-CL-R-000071|NC-CL-R-000072,ENTITY|CONTROL_CLAIM|NARRATIVE_PROMISE|SET,C2,C2|C4|C6,DISCOVERY|ACQUISITION|SYNERGY,C,fragmented across school/Helix/Imperial records,"proves lineage, repair history, ownership labor","conflicting authorship, missing sections",,`C/R — lineage still incomplete`,,UNRESOLVED,UNRESOLVED,UNKNOWN,UNRESOLVED,UNRESOLVED,DRY_RUN_REVIEWED,분산 로그·소유 증거와 미완성 계보 세트가 결합,PM_MERGE_REQUIRED,NONE
NC-CL-S-000026,docs/09_collection/first-100-collectible-registry-v1.md#R-001,docs/09_collection/first-100-collectible-registry-v1.md,285,GA1,"Records, Rights and Legal Collection",R-001,Betrayal-Trial Relay Fragment,NC-CL-R-000073|NC-CL-R-000074|NC-CL-R-000075,ENTITY|CONTROL_CLAIM|NARRATIVE_PROMISE,C4,C4|C7,DISCOVERY|SYNERGY,G,,"proves manipulation, triggers inquiry and D-001",surveillance/protector risk,,`G — authenticated but incomplete`,,UNRESOLVED,UNRESOLVED,UNKNOWN,UNRESOLVED,UNRESOLVED,DRY_RUN_REVIEWED,기록 파편·증거 효력과 미완 배신 진실이 결합,PM_MERGE_REQUIRED,NONE
NC-CL-S-000027,docs/09_collection/first-100-collectible-registry-v1.md#R-002,docs/09_collection/first-100-collectible-registry-v1.md,292,GA1,"Records, Rights and Legal Collection",R-002,Student/Family Custody Manifest Fragments,NC-CL-R-000076|NC-CL-R-000077|NC-CL-R-000078|NC-CL-R-000079|NC-CL-R-000080,ENTITY|CONTROL_CLAIM|STATE_TRANSITION|LOSS_OBLIGATION|SET,C1,C1|C4|C7,DISCOVERY|ACQUISITION|SYNERGY,G,,"H-001 community, transfers, school/Helix system evidence",exposes vulnerable identities,,"`G/L — distributed, no single full copy`",,UNRESOLVED,UNRESOLVED,UNKNOWN,UNRESOLVED,UNRESOLVED,DRY_RUN_REVIEWED,명단 파편·신원 통제·분산손실·사건세트가 결합,PM_MERGE_REQUIRED,NONE
NC-CL-S-000028,docs/09_collection/first-100-collectible-registry-v1.md#R-003,docs/09_collection/first-100-collectible-registry-v1.md,300,GA1,"Records, Rights and Legal Collection",R-003,Medical/Administrative Death Records,NC-CL-R-000081|NC-CL-R-000082|NC-CL-R-000083|NC-CL-R-000084,ENTITY|CONTROL_CLAIM|NARRATIVE_PROMISE|SET,C1,C1|C4|C7,DISCOVERY|SYNERGY,G,consent-limited fragments,"protector, AI-W001, identity-closure mystery","patient privacy, incomplete truth",,`G/R — death ≠ physical death alone`,,UNRESOLVED,UNRESOLVED,UNKNOWN,UNRESOLVED,UNRESOLVED,DRY_RUN_REVIEWED,사망기록 파편·동의 통제와 정체 미스터리 세트가 결합,PM_MERGE_REQUIRED,NONE
NC-CL-S-000029,docs/09_collection/first-100-collectible-registry-v1.md#R-004,docs/09_collection/first-100-collectible-registry-v1.md,308,GA1,"Records, Rights and Legal Collection",R-004,Neutral Medical Protection Clause,NC-CL-R-000085|NC-CL-R-000086,CONTROL_CLAIM|LOSS_OBLIGATION,C1,C1|C7,DISCOVERY|ACQUISITION|SYNERGY,G,,E18–26 temporary custody and evidence chain,"limited duration, debt/guarantees, no asylum",,`G — precedent used in charter`,,UNRESOLVED,UNRESOLVED,UNKNOWN,UNRESOLVED,UNRESOLVED,DRY_RUN_REVIEWED,임시 의료보호권과 채무·보증 의무가 결합,PM_MERGE_REQUIRED,NONE
NC-CL-S-000030,docs/09_collection/first-100-collectible-registry-v1.md#R-005,docs/09_collection/first-100-collectible-registry-v1.md,315,GA1,"Records, Rights and Legal Collection",R-005,White Dock Joint-Custody/Evidence Order,NC-CL-R-000087|NC-CL-R-000088|NC-CL-R-000089,CONTROL_CLAIM|STATE_TRANSITION|LOSS_OBLIGATION,C2,C2|C3|C7,ACQUISITION|SYNERGY,G,E20–26,"public inquiry, seals components/data",team must return and submit to investigation,,`G — expired but precedent retained`,,UNRESOLVED,UNRESOLVED,UNKNOWN,UNRESOLVED,UNRESOLVED,DRY_RUN_REVIEWED,공동보관 명령과 만료 전이·복귀 의무가 결합,PM_MERGE_REQUIRED,NONE
NC-CL-S-000031,docs/09_collection/first-100-collectible-registry-v1.md#R-006,docs/09_collection/first-100-collectible-registry-v1.md,322,GA1,"Records, Rights and Legal Collection",R-006,Student Mutual Guarantee Fund,NC-CL-R-000090|NC-CL-R-000091|NC-CL-R-000092|NC-CL-R-000093,ENTITY|RELATIONSHIP|CONTROL_CLAIM|LOSS_OBLIGATION,C1,C1|C7,DISCOVERY|SYNERGY,G,,"scapegoat family/legal support, small independent resource",collective contributions/debt and infiltration,,`G — part of student assembly finance`,,UNRESOLVED,UNRESOLVED,UNKNOWN,UNRESOLVED,UNRESOLVED,DRY_RUN_REVIEWED,공동기금 실체·지원관계와 출자·채무 의무가 결합,PM_MERGE_REQUIRED,NONE
NC-CL-S-000032,docs/09_collection/first-100-collectible-registry-v1.md#R-007,docs/09_collection/first-100-collectible-registry-v1.md,329,GA1,"Records, Rights and Legal Collection",R-007,H-002 Maintenance and Design-Rights Agreement,NC-CL-R-000094|NC-CL-R-000095|NC-CL-R-000096,RELATIONSHIP|CONTROL_CLAIM|LOSS_OBLIGATION,C1,C1|C2|C6|C7,DISCOVERY|ACQUISITION|SYNERGY,G,,"veto/ownership, workshop, 07 recovery","operational delays, data obligations, disputes",,`G — charter-recognized partial right`,,UNRESOLVED,UNRESOLVED,UNKNOWN,UNRESOLVED,UNRESOLVED,DRY_RUN_REVIEWED,계약 관계와 설계·정비권·데이터 의무가 결합,PM_MERGE_REQUIRED,NONE
NC-CL-S-000033,docs/09_collection/first-100-collectible-registry-v1.md#R-008,docs/09_collection/first-100-collectible-registry-v1.md,337,GA1,"Records, Rights and Legal Collection",R-008,External Mission License,NC-CL-R-000097|NC-CL-R-000098|NC-CL-R-000099,CONTROL_CLAIM|STATE_TRANSITION|LOSS_OBLIGATION,C1,C1|C5|C7,DISCOVERY|ACQUISITION|SYNERGY,G,,legal GA2 missions,"oversight, debt, risk classification, multiple sponsors",,`G — limited cell/ship eligibility`,,UNRESOLVED,UNRESOLVED,UNKNOWN,UNRESOLVED,UNRESOLVED,DRY_RUN_REVIEWED,외부 임무권과 개정 전이·감독채무가 결합,PM_MERGE_REQUIRED,NONE
NC-CL-S-000034,docs/09_collection/first-100-collectible-registry-v1.md#R-009,docs/09_collection/first-100-collectible-registry-v1.md,345,GA1,"Records, Rights and Legal Collection",R-009,Patient Consent and Data-Access Protocol,NC-CL-R-000100|NC-CL-R-000101,CONTROL_CLAIM|LOSS_OBLIGATION,C1,C1|C6|C7,ACQUISITION|SYNERGY,G,E59–72,"AI-W001, medical records, Black Ward oversight","missing information, slower treatment/research",,`G — provisional standard`,,UNRESOLVED,UNRESOLVED,UNKNOWN,UNRESOLVED,UNRESOLVED,DRY_RUN_REVIEWED,환자 동의·데이터권과 정보제한 책임이 결합,PM_MERGE_REQUIRED,NONE
NC-CL-S-000035,docs/09_collection/first-100-collectible-registry-v1.md#R-010,docs/09_collection/first-100-collectible-registry-v1.md,352,GA1,"Records, Rights and Legal Collection",R-010,Student/Staff Preference and Representation Record,NC-CL-R-000102,CONTROL_CLAIM,C1,C1|C7,SYNERGY|COMPLETION_LEGACY,G,E73–84,closure/takeover negotiations,exposes internal divisions and faction targets,,`G — not permanent constitution`,,UNRESOLVED,UNRESOLVED,UNKNOWN,UNRESOLVED,UNRESOLVED,DRY_RUN_REVIEWED,선호·대표성을 증명하는 단일 통제 기록,PM_MERGE_REQUIRED,NONE
NC-CL-S-000036,docs/09_collection/first-100-collectible-registry-v1.md#R-011,docs/09_collection/first-100-collectible-registry-v1.md,359,GA1,"Records, Rights and Legal Collection",R-011,제13학원 임시공동운영·보호헌장,NC-CL-R-000103|NC-CL-R-000104|NC-CL-R-000105,RELATIONSHIP|CONTROL_CLAIM|LOSS_OBLIGATION,C1,C1|C7,DISCOVERY|ACQUISITION|SYNERGY,G,,"rights, mission board, audit, representation, conditional autonomy","slowness, underfunding, revocability, competing claims",,`G — grand-act institutional reward`,,UNRESOLVED,UNRESOLVED,UNKNOWN,UNRESOLVED,UNRESOLVED,DRY_RUN_REVIEWED,공동운영 관계와 권리·대표·재정부담이 결합,PM_MERGE_REQUIRED,NONE
NC-CL-S-000037,docs/09_collection/first-100-collectible-registry-v1.md#R-012,docs/09_collection/first-100-collectible-registry-v1.md,367,GA1,"Records, Rights and Legal Collection",R-012,07 Multi-Party Custody and Command Key Scheme,NC-CL-R-000106|NC-CL-R-000107|NC-CL-R-000108|NC-CL-R-000109,RELATIONSHIP|CONTROL_CLAIM|LOSS_OBLIGATION|SET,C2,C2|C7,ACQUISITION|SYNERGY,G,E39–45 and E93–100,no single faction/person can deploy/erase frame/core,delayed response and complicated emergency access,,`G — early model for later distributed command` --,,UNRESOLVED,UNRESOLVED,UNKNOWN,UNRESOLVED,UNRESOLVED,DRY_RUN_REVIEWED,다자 보관관계·지휘권·지연부담·기능세트가 결합,PM_MERGE_REQUIRED,NONE
NC-CL-S-000038,docs/09_collection/first-100-collectible-registry-v1.md#I-001,docs/09_collection/first-100-collectible-registry-v1.md,378,GA1,Institutions and Collective Assets,I-001,Student Mutual Network / Assembly Seed,NC-CL-R-000110|NC-CL-R-000111,ENTITY|RELATIONSHIP,C1,C1|C7,DISCOVERY|SYNERGY,G,mutual fund E27–32; preference process E73–84,representation/evacuation/charter E85–100,"factional division, surveillance, elected leaders can be captured",,"`G — limited assembly, not united student nation`",,UNRESOLVED,UNRESOLVED,UNKNOWN,UNRESOLVED,UNRESOLVED,DRY_RUN_REVIEWED,학생 조직 실체와 대표·상호부조 관계가 결합,PM_MERGE_REQUIRED,NONE
NC-CL-S-000039,docs/09_collection/first-100-collectible-registry-v1.md#I-002,docs/09_collection/first-100-collectible-registry-v1.md,386,GA1,Institutions and Collective Assets,I-002,Open-Service Workshop Seed,NC-CL-R-000112|NC-CL-R-000113|NC-CL-R-000114,ENTITY|CONTROL_CLAIM|LOSS_OBLIGATION,C3,C3|C6|C7,DISCOVERY|ACQUISITION|SYNERGY,G,component recovery/documentation E21–45,Black Ward adapters and siege repair,"Helix claims, safety, worker time, unauthorized weapons spread",,`G — charter-recognized workshop under audit`,,UNRESOLVED,UNRESOLVED,UNKNOWN,UNRESOLVED,UNRESOLVED,DRY_RUN_REVIEWED,작업장 실체와 승인·감사권·안전부담이 결합,PM_MERGE_REQUIRED,NONE
NC-CL-S-000040,docs/09_collection/first-100-collectible-registry-v1.md#I-003,docs/09_collection/first-100-collectible-registry-v1.md,394,GA1,Institutions and Collective Assets,I-003,Multi-Party Medical Oversight,NC-CL-R-000115|NC-CL-R-000116|NC-CL-R-000117|NC-CL-R-000118,ENTITY|RELATIONSHIP|CONTROL_CLAIM|LOSS_OBLIGATION,C1,C1|C7,SYNERGY,G,E52–72,"patients, AI witness, siege medical zones, charter","data disputes, supply dependence, slower research",,`G`,,UNRESOLVED,UNRESOLVED,UNKNOWN,UNRESOLVED,UNRESOLVED,DRY_RUN_REVIEWED,감독기구·다자관계와 의료권한·공급책임이 결합,PM_MERGE_REQUIRED,NONE
NC-CL-S-000041,docs/09_collection/first-100-collectible-registry-v1.md#I-004,docs/09_collection/first-100-collectible-registry-v1.md,401,GA1,Institutions and Collective Assets,I-004,Fifth-Answer Myth,NC-CL-R-000119|NC-CL-R-000120,STATE_TRANSITION|NARRATIVE_PROMISE,C1,C1|C7,DISCOVERY|SYNERGY|COMPLETION_LEGACY,R,,student organizing and charter language,"reckless imitation, protagonist myth, simplification",,"`R — principle becomes shared-risk/authority, not clever loophole`",,UNRESOLVED,UNRESOLVED,UNKNOWN,UNRESOLVED,UNRESOLVED,DRY_RUN_REVIEWED,사회적 신화 약속과 원칙 재해석 전이가 결합,PM_MERGE_REQUIRED,NONE
NC-CL-S-000042,docs/09_collection/first-100-collectible-registry-v1.md#I-005,docs/09_collection/first-100-collectible-registry-v1.md,410,GA1,Institutions and Collective Assets,I-005,Academy Alumni/External Mission Cell,NC-CL-R-000121|NC-CL-R-000122|NC-CL-R-000123,ENTITY|RELATIONSHIP|CONTROL_CLAIM,C1,C1|C5|C7,ACQUISITION|SYNERGY,C,E93–100,GA2 ship/contract structure,"academy reputation, sponsor influence, members can choose other factions",,`C/G — first licensed autonomous mission unit` --,,UNRESOLVED,UNRESOLVED,UNKNOWN,UNRESOLVED,UNRESOLVED,DRY_RUN_REVIEWED,임무조직 실체·구성원 관계와 면허권이 결합,PM_MERGE_REQUIRED,NONE
NC-CL-S-000043,docs/09_collection/ga2-collection-registry-v1.md#G2-P01,docs/09_collection/ga2-collection-registry-v1.md,31,GA2,Crew and Relationship Targets,G2-P01,CAP-001 / Ship Master,NC-CL-R-000124|NC-CL-R-000125|NC-CL-R-000126|NC-CL-R-000127,ENTITY|RELATIONSHIP|STATE_TRANSITION|LOSS_OBLIGATION,C1,C1|C5|C7,DISCOVERY|ACQUISITION|SYNERGY|COMPLETION_LEGACY,G,conditional command agreement and first voyage.,navigation/ship safety/surrender/crew discipline.,P-001 loses unilateral movement and emergency authority.,"resignation, suspension, crew vote/claim conflict, unacceptable mission.",`G — independent captain under distributed ship charter`.,,UNRESOLVED,UNRESOLVED,UNKNOWN,UNRESOLVED,UNRESOLVED,HEURISTIC_PROVISIONAL,Automated provisional split; category-agent and PM semantic review required,CATEGORY_REVIEW_REQUIRED|ENTITY_MERGE_REQUIRED,NONE
NC-CL-S-000044,docs/09_collection/ga2-collection-registry-v1.md#G2-P02,docs/09_collection/ga2-collection-registry-v1.md,51,GA2,Crew and Relationship Targets,G2-P02,ENG-001 / Chief Engineer,NC-CL-R-000128|NC-CL-R-000129|NC-CL-R-000130|NC-CL-R-000131,ENTITY|RELATIONSHIP|STATE_TRANSITION|LOSS_OBLIGATION,C1,C1,DISCOVERY|ACQUISITION|SYNERGY|COMPLETION_LEGACY,G,"defect disclosure, wage/safety terms.",reactor/cooling/ship technical stop and H-002 mentorship/conflict.,"slower repair, certification debt, old-complicity exposure.",,"`G — chief engineer sharing modification authority, not owner of H-002 work`.",,UNRESOLVED,UNRESOLVED,UNKNOWN,UNRESOLVED,UNRESOLVED,HEURISTIC_PROVISIONAL,Automated provisional split; category-agent and PM semantic review required,CATEGORY_REVIEW_REQUIRED|ENTITY_MERGE_REQUIRED,NONE
NC-CL-S-000045,docs/09_collection/ga2-collection-registry-v1.md#G2-P03,docs/09_collection/ga2-collection-registry-v1.md,68,GA2,Crew and Relationship Targets,G2-P03,NAV-001 / Route Pilot,NC-CL-R-000132|NC-CL-R-000133|NC-CL-R-000134|NC-CL-R-000135,ENTITY|RELATIONSHIP|STATE_TRANSITION|LOSS_OBLIGATION,C1,C1|C8,ACQUISITION|SYNERGY|COMPLETION_LEGACY,G,current route license and damaged-route knowledge.,"route/queue/phase-window decisions, Silex access.","side obligations, limited safety margins, route information not fully public.",,`G — ship navigator with independent route contacts`.,,UNRESOLVED,UNRESOLVED,UNKNOWN,UNRESOLVED,UNRESOLVED,HEURISTIC_PROVISIONAL,Automated provisional split; category-agent and PM semantic review required,CATEGORY_REVIEW_REQUIRED|ENTITY_MERGE_REQUIRED,NONE
NC-CL-S-000046,docs/09_collection/ga2-collection-registry-v1.md#G2-P04,docs/09_collection/ga2-collection-registry-v1.md,82,GA2,Crew and Relationship Targets,G2-P04,Q-001 / Quartermaster-Claims Officer,NC-CL-R-000136|NC-CL-R-000137|NC-CL-R-000138|NC-CL-R-000139,ENTITY|RELATIONSHIP|STATE_TRANSITION|LOSS_OBLIGATION,C1,C1,ACQUISITION|SYNERGY|COMPLETION_LEGACY,G,title/manifest/wage and cargo legal work.,module/cargo/passenger allocation and ship solvency.,visible refusal of “small exceptions”; personal claim/reputation risk.,,"`G — crew/mission trust purser, not moral owner of resources`.",,UNRESOLVED,UNRESOLVED,UNKNOWN,UNRESOLVED,UNRESOLVED,HEURISTIC_PROVISIONAL,Automated provisional split; category-agent and PM semantic review required,CATEGORY_REVIEW_REQUIRED|ENTITY_MERGE_REQUIRED,NONE
NC-CL-S-000047,docs/09_collection/ga2-collection-registry-v1.md#G2-P05,docs/09_collection/ga2-collection-registry-v1.md,96,GA2,Crew and Relationship Targets,G2-P05,Old Crew/Worker Claimants,NC-CL-R-000140|NC-CL-R-000141|NC-CL-R-000142|NC-CL-R-000143,ENTITY|RELATIONSHIP|STATE_TRANSITION|LOSS_OBLIGATION,C1,C1,DISCOVERY|ACQUISITION|SYNERGY|COMPLETION_LEGACY,G,"survey, repair labor, revenue share, testimony.","hull history, maintenance, crew culture, ghost-ship claim.",pay/revenue obligations and resistance to cadet authority.,,"`G/L — some remain, some paid/leave, claims persist institutionally`.",,UNRESOLVED,UNRESOLVED,UNKNOWN,UNRESOLVED,UNRESOLVED,HEURISTIC_PROVISIONAL,Automated provisional split; category-agent and PM semantic review required,CATEGORY_REVIEW_REQUIRED|ENTITY_MERGE_REQUIRED,NONE
NC-CL-S-000048,docs/09_collection/ga2-collection-registry-v1.md#G2-P06,docs/09_collection/ga2-collection-registry-v1.md,116,GA2,Crew and Relationship Targets,G2-P06,Ghost-Caravan Residents/Workers,NC-CL-R-000144|NC-CL-R-000145|NC-CL-R-000146,RELATIONSHIP|STATE_TRANSITION|LOSS_OBLIGATION,C1,C1,DISCOVERY|ACQUISITION|SYNERGY|COMPLETION_LEGACY,C,recognition of residence/labor/salvage rights.,"genuine service module, old route/ship history, worker network.","protection/payment/revenue share, no clean salvage capture.",,`C/G — independent claimants and technical allies`.,,UNRESOLVED,UNRESOLVED,UNKNOWN,UNRESOLVED,UNRESOLVED,HEURISTIC_PROVISIONAL,Automated provisional split; category-agent and PM semantic review required,CATEGORY_REVIEW_REQUIRED|ENTITY_MERGE_REQUIRED,NONE
NC-CL-S-000049,docs/09_collection/ga2-collection-registry-v1.md#G2-P07,docs/09_collection/ga2-collection-registry-v1.md,133,GA2,Crew and Relationship Targets,G2-P07,Brann–Neris Standards/Worker Council,NC-CL-R-000147|NC-CL-R-000148|NC-CL-R-000149|NC-CL-R-000150,ENTITY|RELATIONSHIP|STATE_TRANSITION|LOSS_OBLIGATION,C1,C1|C7,DISCOVERY|ACQUISITION|SYNERGY|COMPLETION_LEGACY,G,accident investigation and emergency standard negotiation.,"tests, certification, labor/user representation and Silex mission.","internal split, liability, political targeting.",,"`G — provisional council, not unified permanent faction`.",,UNRESOLVED,UNRESOLVED,UNKNOWN,UNRESOLVED,UNRESOLVED,HEURISTIC_PROVISIONAL,Automated provisional split; category-agent and PM semantic review required,CATEGORY_REVIEW_REQUIRED|ENTITY_MERGE_REQUIRED,NONE
NC-CL-S-000050,docs/09_collection/ga2-collection-registry-v1.md#G2-P08,docs/09_collection/ga2-collection-registry-v1.md,150,GA2,Crew and Relationship Targets,G2-P08,Community Destination Groups,NC-CL-R-000151|NC-CL-R-000152|NC-CL-R-000153|NC-CL-R-000154,ENTITY|RELATIONSHIP|STATE_TRANSITION|LOSS_OBLIGATION,C1,C1|C8,SYNERGY|COMPLETION_LEGACY,G,,"route obligations, representation and later independent choices.",separation and unequal outcomes.,,`G/L — community physically dispersed; route federation seed exists`.,,UNRESOLVED,UNRESOLVED,UNKNOWN,UNRESOLVED,UNRESOLVED,HEURISTIC_PROVISIONAL,Automated provisional split; category-agent and PM semantic review required,CATEGORY_REVIEW_REQUIRED|ENTITY_MERGE_REQUIRED,NONE
NC-CL-S-000051,docs/09_collection/ga2-collection-registry-v1.md#G2-P09,docs/09_collection/ga2-collection-registry-v1.md,172,GA2,Crew and Relationship Targets,G2-P09,Regional Helix Manufacturing/Service Dissenters,NC-CL-R-000155|NC-CL-R-000156|NC-CL-R-000157,RELATIONSHIP|STATE_TRANSITION|LOSS_OBLIGATION,C1,C1,DISCOVERY|ACQUISITION|SYNERGY|COMPLETION_LEGACY,C,"safety investigation, limited licensing or worker alliance.","certified parts, tests, internal Helix split.",not full allies; contracts/data/liability and corporate retaliation.,,"`C — bounded cooperation, finance/security hostility remains`.",,UNRESOLVED,UNRESOLVED,UNKNOWN,UNRESOLVED,UNRESOLVED,HEURISTIC_PROVISIONAL,Automated provisional split; category-agent and PM semantic review required,CATEGORY_REVIEW_REQUIRED|ENTITY_MERGE_REQUIRED,NONE
NC-CL-S-000052,docs/09_collection/ga2-collection-registry-v1.md#G2-P10,docs/09_collection/ga2-collection-registry-v1.md,189,GA2,Crew and Relationship Targets,G2-P10,Local Silex/Ardis Operators,NC-CL-R-000158|NC-CL-R-000159|NC-CL-R-000160,RELATIONSHIP|STATE_TRANSITION|LOSS_OBLIGATION,C1,C1,DISCOVERY|ACQUISITION|SYNERGY|COMPLETION_LEGACY,G,access and repair conditions.,physical node operation and GA3 invitation.,local ownership/political demands; may deny hero plan.,,"`G — local partners/claimants, not protagonist subjects`. --",,UNRESOLVED,UNRESOLVED,UNKNOWN,UNRESOLVED,UNRESOLVED,HEURISTIC_PROVISIONAL,Automated provisional split; category-agent and PM semantic review required,CATEGORY_REVIEW_REQUIRED|ENTITY_MERGE_REQUIRED,NONE
NC-CL-S-000053,docs/09_collection/ga2-collection-registry-v1.md#G2-S01,docs/09_collection/ga2-collection-registry-v1.md,210,GA2,"First Ship Hull, Module and Systems Targets",G2-S01,NR72-118 Mission Trust / Operational Hull,NC-CL-R-000161|NC-CL-R-000162|NC-CL-R-000163|NC-CL-R-000164,ENTITY|RELATIONSHIP|STATE_TRANSITION|LOSS_OBLIGATION,C5,C5,DISCOVERY|ACQUISITION|SYNERGY|COMPLETION_LEGACY,G,"E101–121 through lease, claims, crew and certification.",actual travel/missions.,"debt, wage, insurance, inspections, mission obligations.","repossession, grounding, crew departure, severe damage.","`G — functioning but indebted, split-right ship`.",,UNRESOLVED,UNRESOLVED,UNKNOWN,UNRESOLVED,UNRESOLVED,HEURISTIC_PROVISIONAL,Automated provisional split; category-agent and PM semantic review required,CATEGORY_REVIEW_REQUIRED|ENTITY_MERGE_REQUIRED,NONE
NC-CL-S-000054,docs/09_collection/ga2-collection-registry-v1.md#G2-S02,docs/09_collection/ga2-collection-registry-v1.md,230,GA2,"First Ship Hull, Module and Systems Targets",G2-S02,Ship Command Charter,NC-CL-R-000165|NC-CL-R-000166|NC-CL-R-000167,CONTROL_CLAIM|STATE_TRANSITION|LOSS_OBLIGATION,C5,C5|C7,SYNERGY|COMPLETION_LEGACY,G,E108–114 provisional; revised after incidents and E206–210.,captain/mission/engineering/medical/logistics/data authority.,delay and veto conflicts.,,`G/R — proven and revised distributed command`.,,UNRESOLVED,UNRESOLVED,UNKNOWN,UNRESOLVED,UNRESOLVED,HEURISTIC_PROVISIONAL,Automated provisional split; category-agent and PM semantic review required,CATEGORY_REVIEW_REQUIRED|ENTITY_MERGE_REQUIRED,NONE
NC-CL-S-000055,docs/09_collection/ga2-collection-registry-v1.md#G2-S03,docs/09_collection/ga2-collection-registry-v1.md,244,GA2,"First Ship Hull, Module and Systems Targets",G2-S03,Reactor A Transit Certification,NC-CL-R-000168|NC-CL-R-000169,STATE_TRANSITION|LOSS_OBLIGATION,C3,C3|C5|C6,SYNERGY|COMPLETION_LEGACY,G,E115–121.,minimum route and mission power.,limited output and inspection.,,`G`.,,UNRESOLVED,UNRESOLVED,UNKNOWN,UNRESOLVED,UNRESOLVED,HEURISTIC_PROVISIONAL,Automated provisional split; category-agent and PM semantic review required,CATEGORY_REVIEW_REQUIRED|ENTITY_MERGE_REQUIRED,NONE
NC-CL-S-000056,docs/09_collection/ga2-collection-registry-v1.md#G2-S04,docs/09_collection/ga2-collection-registry-v1.md,258,GA2,"First Ship Hull, Module and Systems Targets",G2-S04,Reactor B Restricted Peak Support,NC-CL-R-000170|NC-CL-R-000171,STATE_TRANSITION|LOSS_OBLIGATION,C3,C3|C5|C6,DISCOVERY|SYNERGY|COMPLETION_LEGACY,C,,,"high heat, certification, failure risk.",,`C/G — usable only under explicit conditions`.,,UNRESOLVED,UNRESOLVED,UNKNOWN,UNRESOLVED,UNRESOLVED,HEURISTIC_PROVISIONAL,Automated provisional split; category-agent and PM semantic review required,CATEGORY_REVIEW_REQUIRED|ENTITY_MERGE_REQUIRED,NONE
NC-CL-S-000057,docs/09_collection/ga2-collection-registry-v1.md#G2-S05,docs/09_collection/ga2-collection-registry-v1.md,272,GA2,"First Ship Hull, Module and Systems Targets",G2-S05,Common-Coolant Bypass,NC-CL-R-000172|NC-CL-R-000173,STATE_TRANSITION|LOSS_OBLIGATION,C3,C3|C5,SYNERGY|COMPLETION_LEGACY,G,,prevents immediate common failure but introduces maintenance/security tradeoff.,"module space, inspection, uneven reliability.",,"`G — bounded open/certified hybrid, later replacement still needed`.",,UNRESOLVED,UNRESOLVED,UNKNOWN,UNRESOLVED,UNRESOLVED,HEURISTIC_PROVISIONAL,Automated provisional split; category-agent and PM semantic review required,CATEGORY_REVIEW_REQUIRED|ENTITY_MERGE_REQUIRED,NONE
NC-CL-S-000058,docs/09_collection/ga2-collection-registry-v1.md#G2-S06,docs/09_collection/ga2-collection-registry-v1.md,286,GA2,"First Ship Hull, Module and Systems Targets",G2-S06,Frame Bay 1 / 07 Cradle,NC-CL-R-000174|NC-CL-R-000175|NC-CL-R-000176,ENTITY|STATE_TRANSITION|LOSS_OBLIGATION,C5,C5|C2,SYNERGY|COMPLETION_LEGACY,G,E115–121.,07 launch/recovery.,workshop/heat/crew and one active frame only.,,`G`.,,UNRESOLVED,UNRESOLVED,UNKNOWN,UNRESOLVED,UNRESOLVED,SPECIALIST_CORRECTED,Automated provisional split; category-agent and PM semantic review required,PM_MERGE_REQUIRED|ENTITY_MERGE_REQUIRED,NONE
NC-CL-S-000059,docs/09_collection/ga2-collection-registry-v1.md#G2-S07,docs/09_collection/ga2-collection-registry-v1.md,300,GA2,"First Ship Hull, Module and Systems Targets",G2-S07,Partial Bay 2 / Relay-Service Collar,NC-CL-R-000177|NC-CL-R-000178|NC-CL-R-000179,ENTITY|STATE_TRANSITION|LOSS_OBLIGATION,C3,C3|C5,DISCOVERY|ACQUISITION|SYNERGY|COMPLETION_LEGACY,G,E138–160 joint claim.,,"cargo/hab loss, labor/revenue/protection obligation.",,`G/R — service capability prioritized over second elite combat frame`.,,UNRESOLVED,UNRESOLVED,UNKNOWN,UNRESOLVED,UNRESOLVED,HEURISTIC_PROVISIONAL,Automated provisional split; category-agent and PM semantic review required,CATEGORY_REVIEW_REQUIRED|ENTITY_MERGE_REQUIRED,NONE
NC-CL-S-000060,docs/09_collection/ga2-collection-registry-v1.md#G2-S08,docs/09_collection/ga2-collection-registry-v1.md,317,GA2,"First Ship Hull, Module and Systems Targets",G2-S08,Workshop Module,NC-CL-R-000180|NC-CL-R-000181|NC-CL-R-000182,ENTITY|STATE_TRANSITION|LOSS_OBLIGATION,C3,C3|C5,SYNERGY|COMPLETION_LEGACY,G,,ship/frame repair and standard testing.,"power, heat, crew, less refugee/cargo space.",,`G`.,,UNRESOLVED,UNRESOLVED,UNKNOWN,UNRESOLVED,UNRESOLVED,HEURISTIC_PROVISIONAL,Automated provisional split; category-agent and PM semantic review required,CATEGORY_REVIEW_REQUIRED|ENTITY_MERGE_REQUIRED,NONE
NC-CL-S-000061,docs/09_collection/ga2-collection-registry-v1.md#G2-S09,docs/09_collection/ga2-collection-registry-v1.md,331,GA2,"First Ship Hull, Module and Systems Targets",G2-S09,Medical/Refugee Conversion Package,NC-CL-R-000183|NC-CL-R-000184,STATE_TRANSITION|LOSS_OBLIGATION,C3,C3|C5,DISCOVERY|SYNERGY|COMPLETION_LEGACY,C,,,"workshop/cargo reduction, water/air, debt and inspection.",,`C/G/L — used for convoy; final module configuration open`.,,UNRESOLVED,UNRESOLVED,UNKNOWN,UNRESOLVED,UNRESOLVED,HEURISTIC_PROVISIONAL,Automated provisional split; category-agent and PM semantic review required,CATEGORY_REVIEW_REQUIRED|ENTITY_MERGE_REQUIRED,NONE
NC-CL-S-000062,docs/09_collection/ga2-collection-registry-v1.md#G2-S10,docs/09_collection/ga2-collection-registry-v1.md,348,GA2,"First Ship Hull, Module and Systems Targets",G2-S10,Relay Calibration Package,NC-CL-R-000185|NC-CL-R-000186|NC-CL-R-000187,ENTITY|STATE_TRANSITION|LOSS_OBLIGATION,C3,C3|C5|C6,DISCOVERY|ACQUISITION|SYNERGY|COMPLETION_LEGACY,G,parts and service Authority D E154–160.,Silex limited stabilization.,"sensitive keys, specialized crew, political claims.",,`G — damaged/expended or still limited after Silex`.,,UNRESOLVED,UNRESOLVED,UNKNOWN,UNRESOLVED,UNRESOLVED,HEURISTIC_PROVISIONAL,Automated provisional split; category-agent and PM semantic review required,CATEGORY_REVIEW_REQUIRED|ENTITY_MERGE_REQUIRED,NONE
NC-CL-S-000063,docs/09_collection/ga2-collection-registry-v1.md#G2-S11,docs/09_collection/ga2-collection-registry-v1.md,365,GA2,"First Ship Hull, Module and Systems Targets",G2-S11,Multi-Signature Comms and Identity Overlay,NC-CL-R-000188|NC-CL-R-000189|NC-CL-R-000190,STATE_TRANSITION|LOSS_OBLIGATION|NARRATIVE_PROMISE,C5,C5,SYNERGY|COMPLETION_LEGACY,G,E108–121 by S-001/Neutral/Imperial/ship crew.,"route authentication, passenger/evidence, anti-spoofing.",no single fast override; metadata and audit exposure.,,`G`.,,UNRESOLVED,UNRESOLVED,UNKNOWN,UNRESOLVED,UNRESOLVED,HEURISTIC_PROVISIONAL,Automated provisional split; category-agent and PM semantic review required,CATEGORY_REVIEW_REQUIRED|ENTITY_MERGE_REQUIRED,NONE
NC-CL-S-000064,docs/09_collection/ga2-collection-registry-v1.md#G2-S12,docs/09_collection/ga2-collection-registry-v1.md,379,GA2,"First Ship Hull, Module and Systems Targets",G2-S12,Recycler Upgrade or Vela Biological Module,NC-CL-R-000191|NC-CL-R-000192|NC-CL-R-000193,ENTITY|STATE_TRANSITION|LOSS_OBLIGATION,C3,C3|C5,DISCOVERY|SYNERGY|COMPLETION_LEGACY,C,optional contract/mission reward E122–185.,increases endurance/passenger safety.,module/maintenance/biological dependency.,,"`C/G — one capacity improvement, not unlimited passengers`.",,UNRESOLVED,UNRESOLVED,UNKNOWN,UNRESOLVED,UNRESOLVED,HEURISTIC_PROVISIONAL,Automated provisional split; category-agent and PM semantic review required,CATEGORY_REVIEW_REQUIRED|ENTITY_MERGE_REQUIRED,NONE
NC-CL-S-000065,docs/09_collection/ga2-collection-registry-v1.md#G2-S13,docs/09_collection/ga2-collection-registry-v1.md,396,GA2,"First Ship Hull, Module and Systems Targets",G2-S13,Point-Defense Restoration,NC-CL-R-000194|NC-CL-R-000195,STATE_TRANSITION|LOSS_OBLIGATION,C3,C3|C5,DISCOVERY|ACQUISITION|SYNERGY|COMPLETION_LEGACY,C,partial repairs and limited interceptors through mission/claims.,survival under one serious engagement.,"heat, ammunition, money and module choice.",,`C/G — still below full design load`.,,UNRESOLVED,UNRESOLVED,UNKNOWN,UNRESOLVED,UNRESOLVED,HEURISTIC_PROVISIONAL,Automated provisional split; category-agent and PM semantic review required,CATEGORY_REVIEW_REQUIRED|ENTITY_MERGE_REQUIRED,NONE
NC-CL-S-000066,docs/09_collection/ga2-collection-registry-v1.md#G2-S14,docs/09_collection/ga2-collection-registry-v1.md,413,GA2,"First Ship Hull, Module and Systems Targets",G2-S14,Crew Drum/Bunks/Habitation Repair,NC-CL-R-000196|NC-CL-R-000197,STATE_TRANSITION|LOSS_OBLIGATION,C1,C1|C3|C5|C6,SYNERGY|COMPLETION_LEGACY,G,gradual worker/crew effort.,sleep/fatigue and community transport.,time/material diverted from combat systems.,,"`G — visible home improvement, not luxury`. --",,UNRESOLVED,UNRESOLVED,UNKNOWN,UNRESOLVED,UNRESOLVED,HEURISTIC_PROVISIONAL,Automated provisional split; category-agent and PM semantic review required,CATEGORY_REVIEW_REQUIRED|ENTITY_MERGE_REQUIRED,NONE
NC-CL-S-000067,docs/09_collection/ga2-collection-registry-v1.md#G2-G01,docs/09_collection/ga2-collection-registry-v1.md,434,GA2,"Ghost Ship, AUXILIA and Provenance Targets",G2-G01,NR72-061 Duplicate Transponder,NC-CL-R-000198|NC-CL-R-000199,STATE_TRANSITION|LOSS_OBLIGATION,C5,C5,DISCOVERY|ACQUISITION|SYNERGY|COMPLETION_LEGACY,R,,claim/evidence and route to genuine module.,current residents/worker identity and multiple claimants.,,`R — proof of hull/person identity compression`.,not intact ghost ship; reused registry/identity chain.,UNRESOLVED,UNRESOLVED,UNKNOWN,UNRESOLVED,UNRESOLVED,HEURISTIC_PROVISIONAL,Automated provisional split; category-agent and PM semantic review required,CATEGORY_REVIEW_REQUIRED|ENTITY_MERGE_REQUIRED,NONE
NC-CL-S-000068,docs/09_collection/ga2-collection-registry-v1.md#G2-G02,docs/09_collection/ga2-collection-registry-v1.md,454,GA2,"Ghost Ship, AUXILIA and Provenance Targets",G2-G02,061 Crew/Wage/Rescue Ledger,NC-CL-R-000200|NC-CL-R-000201|NC-CL-R-000202|NC-CL-R-000203,ENTITY|RELATIONSHIP|STATE_TRANSITION|LOSS_OBLIGATION,C1,C1|C5,ACQUISITION|SYNERGY|COMPLETION_LEGACY,G,fragmented through Kael/Neris/caravan.,"worker/family claims, original incident, ownership rights.",exposes people and institutional complicity.,,"`G/L — plural custody, not one complete archive`.",,UNRESOLVED,UNRESOLVED,UNKNOWN,UNRESOLVED,UNRESOLVED,HEURISTIC_PROVISIONAL,Automated provisional split; category-agent and PM semantic review required,CATEGORY_REVIEW_REQUIRED|ENTITY_MERGE_REQUIRED,NONE
NC-CL-S-000069,docs/09_collection/ga2-collection-registry-v1.md#G2-G03,docs/09_collection/ga2-collection-registry-v1.md,468,GA2,"Ghost Ship, AUXILIA and Provenance Targets",G2-G03,Genuine Service Collar Core,NC-CL-R-000204|NC-CL-R-000205,STATE_TRANSITION|LOSS_OBLIGATION,C5,C5,ACQUISITION|SYNERGY|COMPLETION_LEGACY,G,E138–160.,partial Bay 2/relay package and Silex.,current claimant rights and sensitive protocol.,,`G`.,,UNRESOLVED,UNRESOLVED,UNKNOWN,UNRESOLVED,UNRESOLVED,HEURISTIC_PROVISIONAL,Automated provisional split; category-agent and PM semantic review required,CATEGORY_REVIEW_REQUIRED|ENTITY_MERGE_REQUIRED,NONE
NC-CL-S-000070,docs/09_collection/ga2-collection-registry-v1.md#G2-G04,docs/09_collection/ga2-collection-registry-v1.md,482,GA2,"Ghost Ship, AUXILIA and Provenance Targets",G2-G04,Forged/Reconstructed Legacy Controller,NC-CL-R-000206,STATE_TRANSITION,C5,C5,DISCOVERY|SYNERGY|COMPLETION_LEGACY,R,,,,,"`R/L — quarantined evidence, not power reward`.",Archive may rank future-used reconstructed item as legacy despite current provenance.,UNRESOLVED,UNRESOLVED,UNKNOWN,UNRESOLVED,UNRESOLVED,HEURISTIC_PROVISIONAL,Automated provisional split; category-agent and PM semantic review required,CATEGORY_REVIEW_REQUIRED|ENTITY_MERGE_REQUIRED,NONE
NC-CL-S-000071,docs/09_collection/ga2-collection-registry-v1.md#G2-G05,docs/09_collection/ga2-collection-registry-v1.md,496,GA2,"Ghost Ship, AUXILIA and Provenance Targets",G2-G05,Service Authority D / Relay Maintenance Authority,NC-CL-R-000207|NC-CL-R-000208|NC-CL-R-000209|NC-CL-R-000210,ENTITY|CONTROL_CLAIM|STATE_TRANSITION|LOSS_OBLIGATION,C5,C5|C7,DISCOVERY|ACQUISITION|SYNERGY|COMPLETION_LEGACY,G,"partial, multi-party/worker-controlled access.",Silex service window.,Imperial/Helix/Continuity detection and access limits.,,"`G — fourth authority identified, not freely owned`.",,UNRESOLVED,UNRESOLVED,UNKNOWN,UNRESOLVED,UNRESOLVED,HEURISTIC_PROVISIONAL,Automated provisional split; category-agent and PM semantic review required,CATEGORY_REVIEW_REQUIRED|ENTITY_MERGE_REQUIRED,NONE
NC-CL-S-000072,docs/09_collection/ga2-collection-registry-v1.md#G2-G06,docs/09_collection/ga2-collection-registry-v1.md,513,GA2,"Ghost Ship, AUXILIA and Provenance Targets",G2-G06,Open-Service Lineage Map,NC-CL-R-000211|NC-CL-R-000212|NC-CL-R-000213,STATE_TRANSITION|LOSS_OBLIGATION|SET,C5,C5,SYNERGY|COMPLETION_LEGACY,C,"combine 07, ship, worker logs and Silex protocols.",shows lineage spread through rescue/relay equipment rather than seven legendary machines.,incomplete and politically dangerous.,,"`C/R — enough for GA3, not complete history`. --",,UNRESOLVED,UNRESOLVED,UNKNOWN,UNRESOLVED,UNRESOLVED,HEURISTIC_PROVISIONAL,Automated provisional split; category-agent and PM semantic review required,CATEGORY_REVIEW_REQUIRED|ENTITY_MERGE_REQUIRED,NONE
NC-CL-S-000073,docs/09_collection/ga2-collection-registry-v1.md#G2-R01,docs/09_collection/ga2-collection-registry-v1.md,531,GA2,"Community, Route, Legal and Standard Targets",G2-R01,Minimum Transit Certificate,NC-CL-R-000214|NC-CL-R-000215|NC-CL-R-000216|NC-CL-R-000217,RELATIONSHIP|CONTROL_CLAIM|STATE_TRANSITION|LOSS_OBLIGATION,C6,C6|C7|C8,SYNERGY|COMPLETION_LEGACY,G,E115–121.,leave K-13 and dock/insure on selected route.,load/crew/module/inspection restrictions.,,`G — updated after damage/standard changes`.,,UNRESOLVED,UNRESOLVED,UNKNOWN,UNRESOLVED,UNRESOLVED,HEURISTIC_PROVISIONAL,Automated provisional split; category-agent and PM semantic review required,CATEGORY_REVIEW_REQUIRED|ENTITY_MERGE_REQUIRED,NONE
NC-CL-S-000074,docs/09_collection/ga2-collection-registry-v1.md#G2-R02,docs/09_collection/ga2-collection-registry-v1.md,545,GA2,"Community, Route, Legal and Standard Targets",G2-R02,First Mission/Revenue Contract,NC-CL-R-000218|NC-CL-R-000219|NC-CL-R-000220|NC-CL-R-000221,RELATIONSHIP|CONTROL_CLAIM|STATE_TRANSITION|LOSS_OBLIGATION,C6,C6|C7|C8,SYNERGY|COMPLETION_LEGACY,R,E101–121.,funds/departure obligation and first voyage.,lost objective/payment and sponsor oversight.,,"`R — proves contracts are mission constraints, not rewards alone`.",,UNRESOLVED,UNRESOLVED,UNKNOWN,UNRESOLVED,UNRESOLVED,HEURISTIC_PROVISIONAL,Automated provisional split; category-agent and PM semantic review required,CATEGORY_REVIEW_REQUIRED|ENTITY_MERGE_REQUIRED,NONE
NC-CL-S-000075,docs/09_collection/ga2-collection-registry-v1.md#G2-R03,docs/09_collection/ga2-collection-registry-v1.md,559,GA2,"Community, Route, Legal and Standard Targets",G2-R03,Ghost Salvage Joint-Claim Agreement,NC-CL-R-000222|NC-CL-R-000223|NC-CL-R-000224|NC-CL-R-000225,RELATIONSHIP|CONTROL_CLAIM|STATE_TRANSITION|LOSS_OBLIGATION,C7,C7,ACQUISITION|SYNERGY|COMPLETION_LEGACY,G,E131–160.,access without dispossessing current residents/worker claimants.,revenue/protection and multiple vetoes.,,`G`.,,UNRESOLVED,UNRESOLVED,UNKNOWN,UNRESOLVED,UNRESOLVED,HEURISTIC_PROVISIONAL,Automated provisional split; category-agent and PM semantic review required,CATEGORY_REVIEW_REQUIRED|ENTITY_MERGE_REQUIRED,NONE
NC-CL-S-000076,docs/09_collection/ga2-collection-registry-v1.md#G2-R04,docs/09_collection/ga2-collection-registry-v1.md,573,GA2,"Community, Route, Legal and Standard Targets",G2-R04,Community Split Manifest and Consent Record,NC-CL-R-000226|NC-CL-R-000227|NC-CL-R-000228|NC-CL-R-000229|NC-CL-R-000230,ENTITY|RELATIONSHIP|CONTROL_CLAIM|STATE_TRANSITION|LOSS_OBLIGATION,C8,C8,SYNERGY|COMPLETION_LEGACY,G,E161–173.,"destinations, guardianship, identity/medical/cargo planning.",internal divisions become visible and targetable.,,`G/L — ongoing corrections and unresolved cases`.,,UNRESOLVED,UNRESOLVED,UNKNOWN,UNRESOLVED,UNRESOLVED,HEURISTIC_PROVISIONAL,Automated provisional split; category-agent and PM semantic review required,CATEGORY_REVIEW_REQUIRED|ENTITY_MERGE_REQUIRED,NONE
NC-CL-S-000077,docs/09_collection/ga2-collection-registry-v1.md#G2-R05,docs/09_collection/ga2-collection-registry-v1.md,587,GA2,"Community, Route, Legal and Standard Targets",G2-R05,Route-Federation Minimum Obligations,NC-CL-R-000231|NC-CL-R-000232|NC-CL-R-000233|NC-CL-R-000234|NC-CL-R-000235,ENTITY|RELATIONSHIP|CONTROL_CLAIM|STATE_TRANSITION|LOSS_OBLIGATION,C7,C7|C8,SYNERGY|COMPLETION_LEGACY,G,E180–185.,"contact, emergency aid, record correction, care/resource promises across separated groups.","debt, slow negotiation, right to leave/refuse.",,"`G — seed, not sovereign organization`.",,UNRESOLVED,UNRESOLVED,UNKNOWN,UNRESOLVED,UNRESOLVED,HEURISTIC_PROVISIONAL,Automated provisional split; category-agent and PM semantic review required,CATEGORY_REVIEW_REQUIRED|ENTITY_MERGE_REQUIRED,NONE
NC-CL-S-000078,docs/09_collection/ga2-collection-registry-v1.md#G2-R06,docs/09_collection/ga2-collection-registry-v1.md,601,GA2,"Community, Route, Legal and Standard Targets",G2-R06,Emergency Open-Service Specification v0.1,NC-CL-R-000236|NC-CL-R-000237|NC-CL-R-000238|NC-CL-R-000239|NC-CL-R-000240,ENTITY|RELATIONSHIP|CONTROL_CLAIM|STATE_TRANSITION|LOSS_OBLIGATION,C6,C6|C7|C8,SYNERGY|COMPLETION_LEGACY,G,E186–199 after failure.,essential repairs and Silex mission.,"lower performance, public liability, incomplete coverage, security exposure.",,`G — provisional and contested`.,,UNRESOLVED,UNRESOLVED,UNKNOWN,UNRESOLVED,UNRESOLVED,HEURISTIC_PROVISIONAL,Automated provisional split; category-agent and PM semantic review required,CATEGORY_REVIEW_REQUIRED|ENTITY_MERGE_REQUIRED,NONE
NC-CL-S-000079,docs/09_collection/ga2-collection-registry-v1.md#G2-R07,docs/09_collection/ga2-collection-registry-v1.md,623,GA2,"Community, Route, Legal and Standard Targets",G2-R07,Multi-Certifier Standards Council,NC-CL-R-000241|NC-CL-R-000242|NC-CL-R-000243|NC-CL-R-000244|NC-CL-R-000245,ENTITY|RELATIONSHIP|CONTROL_CLAIM|STATE_TRANSITION|LOSS_OBLIGATION,C7,C7,SYNERGY|COMPLETION_LEGACY,C,E193–199.,issue bounded emergency certification.,"slow, political, capturable and not universal.",,`C/G — regional provisional institution`.,,UNRESOLVED,UNRESOLVED,UNKNOWN,UNRESOLVED,UNRESOLVED,HEURISTIC_PROVISIONAL,Automated provisional split; category-agent and PM semantic review required,CATEGORY_REVIEW_REQUIRED|ENTITY_MERGE_REQUIRED,NONE
NC-CL-S-000080,docs/09_collection/ga2-collection-registry-v1.md#G2-R08,docs/09_collection/ga2-collection-registry-v1.md,640,GA2,"Community, Route, Legal and Standard Targets",G2-R08,Silex Limited Access and Repair Trust,NC-CL-R-000246|NC-CL-R-000247|NC-CL-R-000248|NC-CL-R-000249,RELATIONSHIP|CONTROL_CLAIM|STATE_TRANSITION|LOSS_OBLIGATION,C6,C6|C8,ACQUISITION|SYNERGY|COMPLETION_LEGACY,G,E200–205.,one route window and shared physical/authentication control.,"local worker claims, Neutral audit, Imperial/Helix/Independence political conflict.",,"`G — temporary and damaged, not full node ownership`.",,UNRESOLVED,UNRESOLVED,UNKNOWN,UNRESOLVED,UNRESOLVED,HEURISTIC_PROVISIONAL,Automated provisional split; category-agent and PM semantic review required,CATEGORY_REVIEW_REQUIRED|ENTITY_MERGE_REQUIRED,NONE
NC-CL-S-000081,docs/09_collection/ga2-collection-registry-v1.md#G2-R09,docs/09_collection/ga2-collection-registry-v1.md,654,GA2,"Community, Route, Legal and Standard Targets",G2-R09,Ardis Service/Defense Invitation,NC-CL-R-000250|NC-CL-R-000251|NC-CL-R-000252|NC-CL-R-000253,RELATIONSHIP|CONTROL_CLAIM|STATE_TRANSITION|LOSS_OBLIGATION,C6,C6|C7|C8,SYNERGY|COMPLETION_LEGACY,C,E206–210.,legal/operational entry into GA3.,repair/debt/defense obligation and local political standing.,,"`C — accepted conditionally, implementation is GA3`.",,UNRESOLVED,UNRESOLVED,UNKNOWN,UNRESOLVED,UNRESOLVED,HEURISTIC_PROVISIONAL,Automated provisional split; category-agent and PM semantic review required,CATEGORY_REVIEW_REQUIRED|ENTITY_MERGE_REQUIRED,NONE
NC-CL-S-000082,docs/09_collection/ga2-collection-registry-v1.md#G2-R10,docs/09_collection/ga2-collection-registry-v1.md,668,GA2,"Community, Route, Legal and Standard Targets",G2-R10,Regional Embargo and Liability Dossier,NC-CL-R-000254|NC-CL-R-000255|NC-CL-R-000256|NC-CL-R-000257,RELATIONSHIP|CONTROL_CLAIM|STATE_TRANSITION|LOSS_OBLIGATION,C6,C6|C7|C8,ACQUISITION|SYNERGY|COMPLETION_LEGACY,G,Helix/Imperial/insurance actions across GA2.,explains what routes/parts/people the team cannot access.,visible scarcity and legal risk.,,"`G/L — some sanctions remain, some split/appealed`. --",,UNRESOLVED,UNRESOLVED,UNKNOWN,UNRESOLVED,UNRESOLVED,HEURISTIC_PROVISIONAL,Automated provisional split; category-agent and PM semantic review required,CATEGORY_REVIEW_REQUIRED|ENTITY_MERGE_REQUIRED,NONE
NC-CL-S-000083,docs/09_collection/ga2-collection-registry-v1.md#G2-I01,docs/09_collection/ga2-collection-registry-v1.md,689,GA2,Institutional/Symbolic Collection States,G2-I01,First Ship Crew and Mission Trust,NC-CL-R-000258|NC-CL-R-000259|NC-CL-R-000260|NC-CL-R-000261,ENTITY|RELATIONSHIP|STATE_TRANSITION|LOSS_OBLIGATION,C1,C1|C4|C5|C7,SYNERGY,G,E101–130 command/crew charter; revised through GA2.,recurring mobile institution.,"wages, votes/authority, crew exits, no personal ownership.",,`G — functional but fragile crew institution`.,,UNRESOLVED,UNRESOLVED,UNKNOWN,UNRESOLVED,UNRESOLVED,HEURISTIC_PROVISIONAL,Automated provisional split; category-agent and PM semantic review required,CATEGORY_REVIEW_REQUIRED|ENTITY_MERGE_REQUIRED,NONE
NC-CL-S-000084,docs/09_collection/ga2-collection-registry-v1.md#G2-I02,docs/09_collection/ga2-collection-registry-v1.md,703,GA2,Institutional/Symbolic Collection States,G2-I02,Distributed Home / Route Federation Seed,NC-CL-R-000262|NC-CL-R-000263|NC-CL-R-000264,ENTITY|STATE_TRANSITION|LOSS_OBLIGATION,C4,C4|C7|C8,SYNERGY,G,E161–185.,H-001’s future political/logistics path.,home dispersal and conflicting members.,,`G`.,,UNRESOLVED,UNRESOLVED,UNKNOWN,UNRESOLVED,UNRESOLVED,HEURISTIC_PROVISIONAL,Automated provisional split; category-agent and PM semantic review required,CATEGORY_REVIEW_REQUIRED|ENTITY_MERGE_REQUIRED,NONE
NC-CL-S-000085,docs/09_collection/ga2-collection-registry-v1.md#G2-I03,docs/09_collection/ga2-collection-registry-v1.md,717,GA2,Institutional/Symbolic Collection States,G2-I03,Open-Service Worker Network,NC-CL-R-000265|NC-CL-R-000266|NC-CL-R-000267,ENTITY|STATE_TRANSITION|LOSS_OBLIGATION,C1,C1|C6,SYNERGY,G,GA1 workshop → Neris/Brann/ghost workers → standard council.,regional repair and GA3 production.,"quality conflicts, infiltration, labor burden.",,"`G — plural network, not H-002 personal guild`.",,UNRESOLVED,UNRESOLVED,UNKNOWN,UNRESOLVED,UNRESOLVED,HEURISTIC_PROVISIONAL,Automated provisional split; category-agent and PM semantic review required,CATEGORY_REVIEW_REQUIRED|ENTITY_MERGE_REQUIRED,NONE
NC-CL-S-000086,docs/09_collection/ga2-collection-registry-v1.md#G2-I04,docs/09_collection/ga2-collection-registry-v1.md,731,GA2,Institutional/Symbolic Collection States,G2-I04,“Ghost Ship” Public Story,NC-CL-R-000268|NC-CL-R-000269|NC-CL-R-000270|NC-CL-R-000271,ENTITY|STATE_TRANSITION|LOSS_OBLIGATION|NARRATIVE_PROMISE,C4,C4|C5,DISCOVERY,R,,,simplifies current residents and fuels collectors.,,`R — competing public versions remain`.,,UNRESOLVED,UNRESOLVED,UNKNOWN,UNRESOLVED,UNRESOLVED,HEURISTIC_PROVISIONAL,Automated provisional split; category-agent and PM semantic review required,CATEGORY_REVIEW_REQUIRED|ENTITY_MERGE_REQUIRED,NONE
NC-CL-S-000087,docs/09_collection/ga2-collection-registry-v1.md#G2-I05,docs/09_collection/ga2-collection-registry-v1.md,745,GA2,Institutional/Symbolic Collection States,G2-I05,Regional Standard War Precedent,NC-CL-R-000272|NC-CL-R-000273|NC-CL-R-000274|NC-CL-R-000275|NC-CL-R-000276,ENTITY|CONTROL_CLAIM|STATE_TRANSITION|LOSS_OBLIGATION|NARRATIVE_PROMISE,C4,C4|C6|C7,SYNERGY,G,"accident, investigation, council, Silex use.",GA3 law/production conflict and GA9/10 standard governance.,named harms and unresolved liability.,,`G`. --,,UNRESOLVED,UNRESOLVED,UNKNOWN,UNRESOLVED,UNRESOLVED,HEURISTIC_PROVISIONAL,Automated provisional split; category-agent and PM semantic review required,CATEGORY_REVIEW_REQUIRED|ENTITY_MERGE_REQUIRED,NONE
NC-CL-S-000088,docs/09_collection/ga3-collection-registry-v1.md#G3-P01,docs/09_collection/ga3-collection-registry-v1.md,30,GA3,Local People and Faction Relationships,G3-P01,AR-CIV-001 / Civic Continuity Leader,NC-CL-R-000277|NC-CL-R-000278|NC-CL-R-000279|NC-CL-R-000280,ENTITY|RELATIONSHIP|STATE_TRANSITION|LOSS_OBLIGATION,C1,C1,ACQUISITION|SYNERGY|COMPLETION_LEGACY,G,emergency berth/service negotiations.,"public budgets, hospitals, registered services and joint-trust civic standing.","service restrictions, registered-resident backlash and exclusion conflict.","election defeat, Imperial alignment, opposition role.","`G/L — local civic actor, supportive or oppositional to trust; never protagonist appointee`.",,UNRESOLVED,UNRESOLVED,UNKNOWN,UNRESOLVED,UNRESOLVED,HEURISTIC_PROVISIONAL,Automated provisional split; category-agent and PM semantic review required,CATEGORY_REVIEW_REQUIRED|ENTITY_MERGE_REQUIRED,NONE
NC-CL-S-000089,docs/09_collection/ga3-collection-registry-v1.md#G3-P02,docs/09_collection/ga3-collection-registry-v1.md,47,GA3,Local People and Faction Relationships,G3-P02,AR-WRK-001 / Foundry Compact Leader,NC-CL-R-000281|NC-CL-R-000282|NC-CL-R-000283|NC-CL-R-000284,ENTITY|RELATIONSHIP|STATE_TRANSITION|LOSS_OBLIGATION,C1,C1|C7,ACQUISITION|SYNERGY,G,"strike, production and worker safety.",repair/production authority and local standards governance.,"service leverage, technocratic temptation and internal split.",,`G — worker/production authority sharing power with nontechnical groups`.,,UNRESOLVED,UNRESOLVED,UNKNOWN,UNRESOLVED,UNRESOLVED,HEURISTIC_PROVISIONAL,Automated provisional split; category-agent and PM semantic review required,CATEGORY_REVIEW_REQUIRED|ENTITY_MERGE_REQUIRED,NONE
NC-CL-S-000090,docs/09_collection/ga3-collection-registry-v1.md#G3-P03,docs/09_collection/ga3-collection-registry-v1.md,61,GA3,Local People and Faction Relationships,G3-P03,AR-NOD-001 / Node Custodian Leader,NC-CL-R-000285|NC-CL-R-000286|NC-CL-R-000287|NC-CL-R-000288,ENTITY|RELATIONSHIP|STATE_TRANSITION|LOSS_OBLIGATION,C1,C1|C8,ACQUISITION|SYNERGY,G,"diagnostics, technical stop and Spine access.","operator succession, safety, multi-spine operation.","secrecy, reduced throughput and public distrust.",,"`G/R — technical stop retained, monopoly reduced through documentation/apprenticeship`.",,UNRESOLVED,UNRESOLVED,UNKNOWN,UNRESOLVED,UNRESOLVED,HEURISTIC_PROVISIONAL,Automated provisional split; category-agent and PM semantic review required,CATEGORY_REVIEW_REQUIRED|ENTITY_MERGE_REQUIRED,NONE
NC-CL-S-000091,docs/09_collection/ga3-collection-registry-v1.md#G3-P04,docs/09_collection/ga3-collection-registry-v1.md,75,GA3,Local People and Faction Relationships,G3-P04,AR-TRN-001 / Transit Assembly Delegate,NC-CL-R-000289|NC-CL-R-000290|NC-CL-R-000291|NC-CL-R-000292,ENTITY|RELATIONSHIP|STATE_TRANSITION|LOSS_OBLIGATION,C1,C1|C7,ACQUISITION|SYNERGY,G,"service access, identity and district networks.",provisional residency/representation and city-service operation.,"internal division, data burden and opposition.",,"`G/L — rotating local representation, not sole voice of all transients`.",,UNRESOLVED,UNRESOLVED,UNKNOWN,UNRESOLVED,UNRESOLVED,HEURISTIC_PROVISIONAL,Automated provisional split; category-agent and PM semantic review required,CATEGORY_REVIEW_REQUIRED|ENTITY_MERGE_REQUIRED,NONE
NC-CL-S-000092,docs/09_collection/ga3-collection-registry-v1.md#G3-P05,docs/09_collection/ga3-collection-registry-v1.md,89,GA3,Local People and Faction Relationships,G3-P05,AR-FED-001 / Federalist Leader,NC-CL-R-000293|NC-CL-R-000294|NC-CL-R-000295|NC-CL-R-000296,ENTITY|RELATIONSHIP|STATE_TRANSITION|LOSS_OBLIGATION,C1,C1,ACQUISITION|SYNERGY,C,autonomy and defense negotiations.,"local sovereignty claims, militia and external Independence links.",coercion/denial threat and coalition split.,,`C/L — one federalist bloc joins trust; another remains opposition or exits`.,,UNRESOLVED,UNRESOLVED,UNKNOWN,UNRESOLVED,UNRESOLVED,HEURISTIC_PROVISIONAL,Automated provisional split; category-agent and PM semantic review required,CATEGORY_REVIEW_REQUIRED|ENTITY_MERGE_REQUIRED,NONE
NC-CL-S-000093,docs/09_collection/ga3-collection-registry-v1.md#G3-P06,docs/09_collection/ga3-collection-registry-v1.md,103,GA3,Local People and Faction Relationships,G3-P06,AR-HEL-001 / Helix Recovery Director,NC-CL-R-000297|NC-CL-R-000298,STATE_TRANSITION|LOSS_OBLIGATION,C1,C1,ACQUISITION|SYNERGY,C,"supplies, medicine, receivership and facility claims.",bounded creditor/supplier role and local Helix split.,"remote locks, debt, exclusions and security escalation.",,`C/G — limited contract role; finance/security conflict persists`.,,UNRESOLVED,UNRESOLVED,UNKNOWN,UNRESOLVED,UNRESOLVED,HEURISTIC_PROVISIONAL,Automated provisional split; category-agent and PM semantic review required,CATEGORY_REVIEW_REQUIRED|ENTITY_MERGE_REQUIRED,NONE
NC-CL-S-000094,docs/09_collection/ga3-collection-registry-v1.md#G3-P07,docs/09_collection/ga3-collection-registry-v1.md,117,GA3,Local People and Faction Relationships,G3-P07,AR-DEF-001 / Local Defense Commander,NC-CL-R-000299|NC-CL-R-000300|NC-CL-R-000301,ENTITY|STATE_TRANSITION|LOSS_OBLIGATION,C1,C1,ACQUISITION|SYNERGY,G,readiness map and segmented command.,civilian-bounded local defense and siege operation.,"delay, force-preservation bias and unit defection.",,`G/L — retains or loses office through local process; force remains local`.,,UNRESOLVED,UNRESOLVED,UNKNOWN,UNRESOLVED,UNRESOLVED,HEURISTIC_PROVISIONAL,Automated provisional split; category-agent and PM semantic review required,CATEGORY_REVIEW_REQUIRED|ENTITY_MERGE_REQUIRED,NONE
NC-CL-S-000095,docs/09_collection/ga3-collection-registry-v1.md#G3-P08,docs/09_collection/ga3-collection-registry-v1.md,131,GA3,Local People and Faction Relationships,G3-P08,Garden/Care Service Network,NC-CL-R-000302|NC-CL-R-000303|NC-CL-R-000304,ENTITY|STATE_TRANSITION|LOSS_OBLIGATION,C1,C1|C6,DISCOVERY|SYNERGY,G,,food/water/air/medical minimums and independent front during siege.,"power/work burden, contamination risk and political undervaluation.",,`G — formal minimum-service standing in joint trust`.,,UNRESOLVED,UNRESOLVED,UNKNOWN,UNRESOLVED,UNRESOLVED,HEURISTIC_PROVISIONAL,Automated provisional split; category-agent and PM semantic review required,CATEGORY_REVIEW_REQUIRED|ENTITY_MERGE_REQUIRED,NONE
NC-CL-S-000096,docs/09_collection/ga3-collection-registry-v1.md#G3-P09,docs/09_collection/ga3-collection-registry-v1.md,148,GA3,Local People and Faction Relationships,G3-P09,Local Utility-Frame/Operator Teams,NC-CL-R-000305|NC-CL-R-000306|NC-CL-R-000307,ENTITY|STATE_TRANSITION|LOSS_OBLIGATION,C1,C1|C2,ACQUISITION|SYNERGY,G,diagnostic and Spine B/C work.,"decisive repair/defense, training and local hardware custody.","casualties, overwork and claim conflicts.",,"`G — locally governed technical force, not 07 followers`.",,UNRESOLVED,UNRESOLVED,UNKNOWN,UNRESOLVED,UNRESOLVED,SPECIALIST_CORRECTED,Automated provisional split; category-agent and PM semantic review required,PM_MERGE_REQUIRED|ENTITY_MERGE_REQUIRED,NONE
NC-CL-S-000097,docs/09_collection/ga3-collection-registry-v1.md#G3-P10,docs/09_collection/ga3-collection-registry-v1.md,162,GA3,Local People and Faction Relationships,G3-P10,Ardis-Linked Community/Destination Group,NC-CL-R-000308|NC-CL-R-000309|NC-CL-R-000310|NC-CL-R-000311,ENTITY|RELATIONSHIP|STATE_TRANSITION|LOSS_OBLIGATION,C1,C1|C8,ACQUISITION|SYNERGY,G,GA2 community members who chose Ardis.,"local constituency, work/care/transit representation and bridge to H-001.",reject some H-001 plans and bear city-specific obligations.,,"`G — local residents/representatives, no longer “H-001’s group”`. --",,UNRESOLVED,UNRESOLVED,UNKNOWN,UNRESOLVED,UNRESOLVED,HEURISTIC_PROVISIONAL,Automated provisional split; category-agent and PM semantic review required,CATEGORY_REVIEW_REQUIRED|ENTITY_MERGE_REQUIRED,NONE
NC-CL-S-000098,docs/09_collection/ga3-collection-registry-v1.md#G3-N01,docs/09_collection/ga3-collection-registry-v1.md,180,GA3,Node and Infrastructure Targets,G3-N01,Public Ardis Failure Map,NC-CL-R-000312|NC-CL-R-000313,STATE_TRANSITION|LOSS_OBLIGATION,C8,C8,ACQUISITION|SYNERGY|COMPLETION_LEGACY,G,E225–232 multi-source inspection.,"repair phases, budgets, service priorities and external claims.",exposes weak points and political edits.,,"`G/R — updated public operational record, not perfect truth`.",,UNRESOLVED,UNRESOLVED,UNKNOWN,UNRESOLVED,UNRESOLVED,HEURISTIC_PROVISIONAL,Automated provisional split; category-agent and PM semantic review required,CATEGORY_REVIEW_REQUIRED|ENTITY_MERGE_REQUIRED,NONE
NC-CL-S-000099,docs/09_collection/ga3-collection-registry-v1.md#G3-N02,docs/09_collection/ga3-collection-registry-v1.md,194,GA3,Node and Infrastructure Targets,G3-N02,Spine A Stable Core Access,NC-CL-R-000314|NC-CL-R-000315|NC-CL-R-000316,CONTROL_CLAIM|STATE_TRANSITION|LOSS_OBLIGATION,C8,C8,ACQUISITION|SYNERGY|COMPLETION_LEGACY,G,,stable traffic/legal layer in final joint operation.,centralization and service/thermal load.,,`G — retained under bounded civic/Imperial/local authority`.,,UNRESOLVED,UNRESOLVED,UNKNOWN,UNRESOLVED,UNRESOLVED,HEURISTIC_PROVISIONAL,Automated provisional split; category-agent and PM semantic review required,CATEGORY_REVIEW_REQUIRED|ENTITY_MERGE_REQUIRED,NONE
NC-CL-S-000100,docs/09_collection/ga3-collection-registry-v1.md#G3-N03,docs/09_collection/ga3-collection-registry-v1.md,208,GA3,Node and Infrastructure Targets,G3-N03,Spine B Open-Service Restoration,NC-CL-R-000317|NC-CL-R-000318,STATE_TRANSITION|LOSS_OBLIGATION,C8,C8|C6,SYNERGY|COMPLETION_LEGACY,G,E255–263.,"cargo/medical window, local repair and diagnostics.","lower power, vulnerability and certification conflict.",,`G — locally maintained limited-capacity spine`.,,UNRESOLVED,UNRESOLVED,UNKNOWN,UNRESOLVED,UNRESOLVED,SPECIALIST_CORRECTED,Automated provisional split; category-agent and PM semantic review required,PM_MERGE_REQUIRED|ENTITY_MERGE_REQUIRED,NONE
NC-CL-S-000101,docs/09_collection/ga3-collection-registry-v1.md#G3-N04,docs/09_collection/ga3-collection-registry-v1.md,222,GA3,Node and Infrastructure Targets,G3-N04,Spine C Emergency/Legacy Recovery,NC-CL-R-000319|NC-CL-R-000320,STATE_TRANSITION|LOSS_OBLIGATION,C8,C8,DISCOVERY|ACQUISITION|SYNERGY|COMPLETION_LEGACY,C,E285–292 partial recovery.,fallback/local-custody layer and three-spine operation.,"Continuity detection, old risks and political secrecy.",,"`C/G — limited audited use, not full activation`.",,UNRESOLVED,UNRESOLVED,UNKNOWN,UNRESOLVED,UNRESOLVED,HEURISTIC_PROVISIONAL,Automated provisional split; category-agent and PM semantic review required,CATEGORY_REVIEW_REQUIRED|ENTITY_MERGE_REQUIRED,NONE
NC-CL-S-000102,docs/09_collection/ga3-collection-registry-v1.md#G3-N05,docs/09_collection/ga3-collection-registry-v1.md,239,GA3,Node and Infrastructure Targets,G3-N05,Service Authority E / Local Node Custody,NC-CL-R-000321|NC-CL-R-000322|NC-CL-R-000323|NC-CL-R-000324,ENTITY|CONTROL_CLAIM|STATE_TRANSITION|LOSS_OBLIGATION,C7,C7|C8,ACQUISITION|SYNERGY|COMPLETION_LEGACY,G,E285–292 through local operators/legacy interface.,physical/local-custody authentication and denial segmentation.,cannot command traffic alone; external actors seek it.,,`G — held by local trust/operators under split conditions`.,,UNRESOLVED,UNRESOLVED,UNKNOWN,UNRESOLVED,UNRESOLVED,HEURISTIC_PROVISIONAL,Automated provisional split; category-agent and PM semantic review required,CATEGORY_REVIEW_REQUIRED|ENTITY_MERGE_REQUIRED,NONE
NC-CL-S-000103,docs/09_collection/ga3-collection-registry-v1.md#G3-N06,docs/09_collection/ga3-collection-registry-v1.md,253,GA3,Node and Infrastructure Targets,G3-N06,Thermal Reserve Allocation System,NC-CL-R-000325|NC-CL-R-000326,STATE_TRANSITION|LOSS_OBLIGATION,C6,C6|C8,SYNERGY|COMPLETION_LEGACY,G,E218–240 and E255 onward.,"tradeoffs among city services, traffic, industry and defense.",one district/front receives less; no hidden capacity.,,"`G — transparent allocation/standing rules, still insufficient`.",,UNRESOLVED,UNRESOLVED,UNKNOWN,UNRESOLVED,UNRESOLVED,HEURISTIC_PROVISIONAL,Automated provisional split; category-agent and PM semantic review required,CATEGORY_REVIEW_REQUIRED|ENTITY_MERGE_REQUIRED,NONE
NC-CL-S-000104,docs/09_collection/ga3-collection-registry-v1.md#G3-N07,docs/09_collection/ga3-collection-registry-v1.md,267,GA3,Node and Infrastructure Targets,G3-N07,Multi-Signature Authentication Bridge,NC-CL-R-000327|NC-CL-R-000328|NC-CL-R-000329|NC-CL-R-000330,CONTROL_CLAIM|STATE_TRANSITION|LOSS_OBLIGATION|NARRATIVE_PROMISE,C6,C6|C8,SYNERGY|COMPLETION_LEGACY,G,GA2 overlay adapted to local Civic/Transit/Foundry/Custodian/Neutral/Imperial systems.,Spine B/C traffic and command legitimacy.,"slower decisions, spoof/delay risk, metadata exposure.",,`G/R — improved with delegated standing rules after major loss`.,,UNRESOLVED,UNRESOLVED,UNKNOWN,UNRESOLVED,UNRESOLVED,HEURISTIC_PROVISIONAL,Automated provisional split; category-agent and PM semantic review required,CATEGORY_REVIEW_REQUIRED|ENTITY_MERGE_REQUIRED,NONE
NC-CL-S-000105,docs/09_collection/ga3-collection-registry-v1.md#G3-N08,docs/09_collection/ga3-collection-registry-v1.md,281,GA3,Node and Infrastructure Targets,G3-N08,Distributed Denial/Scuttle Authority,NC-CL-R-000331|NC-CL-R-000332|NC-CL-R-000333,CONTROL_CLAIM|STATE_TRANSITION|LOSS_OBLIGATION,C7,C7|C8,DISCOVERY|SYNERGY|COMPLETION_LEGACY,G,,"segmented, public conditions and multiple custodians.",residual destruction capability and distrust.,,`G/L — controlled but not eliminated`.,not one red button; several physical/data/thermal mechanisms.,UNRESOLVED,UNRESOLVED,UNKNOWN,UNRESOLVED,UNRESOLVED,HEURISTIC_PROVISIONAL,Automated provisional split; category-agent and PM semantic review required,CATEGORY_REVIEW_REQUIRED|ENTITY_MERGE_REQUIRED,NONE
NC-CL-S-000106,docs/09_collection/ga3-collection-registry-v1.md#G3-N09,docs/09_collection/ga3-collection-registry-v1.md,298,GA3,Node and Infrastructure Targets,G3-N09,Limited A+B+C Joint Reference Window,NC-CL-R-000334|NC-CL-R-000335,STATE_TRANSITION|LOSS_OBLIGATION,C8,C8,SYNERGY|COMPLETION_LEGACY,G,E315–323.,convoy/traffic and city survival.,"low throughput, damage, strict timing and shared authority.",,`G — repeatable only with repair and local institutions`.,,UNRESOLVED,UNRESOLVED,UNKNOWN,UNRESOLVED,UNRESOLVED,HEURISTIC_PROVISIONAL,Automated provisional split; category-agent and PM semantic review required,CATEGORY_REVIEW_REQUIRED|ENTITY_MERGE_REQUIRED,NONE
NC-CL-S-000107,docs/09_collection/ga3-collection-registry-v1.md#G3-N10,docs/09_collection/ga3-collection-registry-v1.md,312,GA3,Node and Infrastructure Targets,G3-N10,L2 Candidate Path,NC-CL-R-000336|NC-CL-R-000337,STATE_TRANSITION|LOSS_OBLIGATION,C8,C8,DISCOVERY|SYNERGY|COMPLETION_LEGACY,C,"E324–330 as recognized roadmap, not upgrade.","future investment, obligations and GA4 politics.","strategic targeting, regional responsibilities and debt.",,"`C — candidate path, months/years from completion`. --",,UNRESOLVED,UNRESOLVED,UNKNOWN,UNRESOLVED,UNRESOLVED,HEURISTIC_PROVISIONAL,Automated provisional split; category-agent and PM semantic review required,CATEGORY_REVIEW_REQUIRED|ENTITY_MERGE_REQUIRED,NONE
NC-CL-S-000108,docs/09_collection/ga3-collection-registry-v1.md#G3-R01,docs/09_collection/ga3-collection-registry-v1.md,333,GA3,"Public-Service, Rights and Governance Targets",G3-R01,72-Hour Emergency Service Permit,NC-CL-R-000338|NC-CL-R-000339|NC-CL-R-000340,CONTROL_CLAIM|STATE_TRANSITION|LOSS_OBLIGATION,C7,C7,SYNERGY|COMPLETION_LEGACY,G,E211–217.,berth/unload/initial work.,"no command, divided cargo and temporary scope.",,,,UNRESOLVED,UNRESOLVED,UNKNOWN,UNRESOLVED,UNRESOLVED,HEURISTIC_PROVISIONAL,Automated provisional split; category-agent and PM semantic review required,CATEGORY_REVIEW_REQUIRED|ENTITY_MERGE_REQUIRED,NONE
NC-CL-S-000109,docs/09_collection/ga3-collection-registry-v1.md#G3-R02,docs/09_collection/ga3-collection-registry-v1.md,347,GA3,"Public-Service, Rights and Governance Targets",G3-R02,Citywide Data-Sharing and Clock Report,NC-CL-R-000341|NC-CL-R-000342,STATE_TRANSITION|LOSS_OBLIGATION,C7,C7,SYNERGY|COMPLETION_LEGACY,G,E218–232.,shared food/medical/thermal/node facts.,political exposure and weak-point disclosure.,,`G`.,,UNRESOLVED,UNRESOLVED,UNKNOWN,UNRESOLVED,UNRESOLVED,HEURISTIC_PROVISIONAL,Automated provisional split; category-agent and PM semantic review required,CATEGORY_REVIEW_REQUIRED|ENTITY_MERGE_REQUIRED,NONE
NC-CL-S-000110,docs/09_collection/ga3-collection-registry-v1.md#G3-R03,docs/09_collection/ga3-collection-registry-v1.md,361,GA3,"Public-Service, Rights and Governance Targets",G3-R03,30-Day Minimum-Service Pact,NC-CL-R-000343|NC-CL-R-000344|NC-CL-R-000345,CONTROL_CLAIM|STATE_TRANSITION|LOSS_OBLIGATION,C7,C7,SYNERGY|COMPLETION_LEGACY,R,E233–240.,"food/air/medical, work, public clocks and emergency decision.","budget cuts, limited duration and faction leverage.",,`R/G — incorporated into joint trust minimums`.,,UNRESOLVED,UNRESOLVED,UNKNOWN,UNRESOLVED,UNRESOLVED,HEURISTIC_PROVISIONAL,Automated provisional split; category-agent and PM semantic review required,CATEGORY_REVIEW_REQUIRED|ENTITY_MERGE_REQUIRED,NONE
NC-CL-S-000111,docs/09_collection/ga3-collection-registry-v1.md#G3-R04,docs/09_collection/ga3-collection-registry-v1.md,375,GA3,"Public-Service, Rights and Governance Targets",G3-R04,Foundry Essential-Production Protocol,NC-CL-R-000346|NC-CL-R-000347|NC-CL-R-000348,CONTROL_CLAIM|STATE_TRANSITION|LOSS_OBLIGATION,C6,C6|C7,ACQUISITION|SYNERGY|COMPLETION_LEGACY,G,E241–247.,keeps critical production while strike/claims continue.,"lower output, worker/internal division and public resentment.",,`G — production rights/obligations in trust`.,,UNRESOLVED,UNRESOLVED,UNKNOWN,UNRESOLVED,UNRESOLVED,HEURISTIC_PROVISIONAL,Automated provisional split; category-agent and PM semantic review required,CATEGORY_REVIEW_REQUIRED|ENTITY_MERGE_REQUIRED,NONE
NC-CL-S-000112,docs/09_collection/ga3-collection-registry-v1.md#G3-R05,docs/09_collection/ga3-collection-registry-v1.md,389,GA3,"Public-Service, Rights and Governance Targets",G3-R05,Provisional Service Residency,NC-CL-R-000349|NC-CL-R-000350,STATE_TRANSITION|LOSS_OBLIGATION,C7,C7,ACQUISITION|SYNERGY|COMPLETION_LEGACY,G,E248–254.,defined medical/ration/housing/work/representation access.,"registration burden, backlash, data/security disputes.",,"`G — reviewable local status, not full universal citizenship`.",,UNRESOLVED,UNRESOLVED,UNKNOWN,UNRESOLVED,UNRESOLVED,HEURISTIC_PROVISIONAL,Automated provisional split; category-agent and PM semantic review required,CATEGORY_REVIEW_REQUIRED|ENTITY_MERGE_REQUIRED,NONE
NC-CL-S-000113,docs/09_collection/ga3-collection-registry-v1.md#G3-R06,docs/09_collection/ga3-collection-registry-v1.md,403,GA3,"Public-Service, Rights and Governance Targets",G3-R06,Three-Body Representation Board,NC-CL-R-000351|NC-CL-R-000352,STATE_TRANSITION|LOSS_OBLIGATION,C7,C7,SYNERGY|COMPLETION_LEGACY,R,E264–270.,Phase 3 allocation and later siege governance.,"slow, incomplete and contested.",,`R/G — precursor incorporated into larger joint trust`.,,UNRESOLVED,UNRESOLVED,UNKNOWN,UNRESOLVED,UNRESOLVED,HEURISTIC_PROVISIONAL,Automated provisional split; category-agent and PM semantic review required,CATEGORY_REVIEW_REQUIRED|ENTITY_MERGE_REQUIRED,NONE
NC-CL-S-000114,docs/09_collection/ga3-collection-registry-v1.md#G3-R07,docs/09_collection/ga3-collection-registry-v1.md,420,GA3,"Public-Service, Rights and Governance Targets",G3-R07,Segmented Civilian Defense Charter,NC-CL-R-000353|NC-CL-R-000354|NC-CL-R-000355,CONTROL_CLAIM|STATE_TRANSITION|LOSS_OBLIGATION,C7,C7,SYNERGY|COMPLETION_LEGACY,G,E271–277; revised through siege.,"district/technical rules, external coordination and local force authority.","delay, unit refusal and divided command.",,`G — standing local defense under civilian review`.,,UNRESOLVED,UNRESOLVED,UNKNOWN,UNRESOLVED,UNRESOLVED,HEURISTIC_PROVISIONAL,Automated provisional split; category-agent and PM semantic review required,CATEGORY_REVIEW_REQUIRED|ENTITY_MERGE_REQUIRED,NONE
NC-CL-S-000115,docs/09_collection/ga3-collection-registry-v1.md#G3-R08,docs/09_collection/ga3-collection-registry-v1.md,434,GA3,"Public-Service, Rights and Governance Targets",G3-R08,Helix Emergency Supply/Facility Agreement,NC-CL-R-000356|NC-CL-R-000357|NC-CL-R-000358,CONTROL_CLAIM|STATE_TRANSITION|LOSS_OBLIGATION,C7,C7,ACQUISITION|SYNERGY|COMPLETION_LEGACY,C,E278–284.,"medicine, parts and facility continuity.","debt, bounded creditor rights, local employee split and sanctions.",,`C/G — remains contested contract`.,,UNRESOLVED,UNRESOLVED,UNKNOWN,UNRESOLVED,UNRESOLVED,HEURISTIC_PROVISIONAL,Automated provisional split; category-agent and PM semantic review required,CATEGORY_REVIEW_REQUIRED|ENTITY_MERGE_REQUIRED,NONE
NC-CL-S-000116,docs/09_collection/ga3-collection-registry-v1.md#G3-R09,docs/09_collection/ga3-collection-registry-v1.md,448,GA3,"Public-Service, Rights and Governance Targets",G3-R09,Narrow Imperial Coordination Accord,NC-CL-R-000359|NC-CL-R-000360,STATE_TRANSITION|LOSS_OBLIGATION,C7,C7,SYNERGY|COMPLETION_LEGACY,C,E293–300.,external fleet/authentication/service coordination.,"central foothold, local opposition and limited emergency power.",,"`C/G — time-limited treaty term, not sovereignty transfer`.",,UNRESOLVED,UNRESOLVED,UNKNOWN,UNRESOLVED,UNRESOLVED,HEURISTIC_PROVISIONAL,Automated provisional split; category-agent and PM semantic review required,CATEGORY_REVIEW_REQUIRED|ENTITY_MERGE_REQUIRED,NONE
NC-CL-S-000117,docs/09_collection/ga3-collection-registry-v1.md#G3-R10,docs/09_collection/ga3-collection-registry-v1.md,462,GA3,"Public-Service, Rights and Governance Targets",G3-R10,Delegated Standing Rules,NC-CL-R-000361|NC-CL-R-000362,STATE_TRANSITION|LOSS_OBLIGATION,C7,C7,SYNERGY|COMPLETION_LEGACY,G,E308–314 after command delay/loss.,local fronts act without waiting for central approval.,local error and accountability; less global optimization.,,`G`.,,UNRESOLVED,UNRESOLVED,UNKNOWN,UNRESOLVED,UNRESOLVED,HEURISTIC_PROVISIONAL,Automated provisional split; category-agent and PM semantic review required,CATEGORY_REVIEW_REQUIRED|ENTITY_MERGE_REQUIRED,NONE
NC-CL-S-000118,docs/09_collection/ga3-collection-registry-v1.md#G3-R11,docs/09_collection/ga3-collection-registry-v1.md,476,GA3,"Public-Service, Rights and Governance Targets",G3-R11,Ardis Node Joint Trust Charter,NC-CL-R-000363|NC-CL-R-000364|NC-CL-R-000365|NC-CL-R-000366|NC-CL-R-000367,ENTITY|RELATIONSHIP|CONTROL_CLAIM|STATE_TRANSITION|LOSS_OBLIGATION,C7,C7|C8,SYNERGY|COMPLETION_LEGACY,G,E324–330.,city/node runs after heroes leave.,"slow, underfunded, sanctionable, oppositional and capturable.",,`G — grand-act institutional reward`.,,UNRESOLVED,UNRESOLVED,UNKNOWN,UNRESOLVED,UNRESOLVED,HEURISTIC_PROVISIONAL,Automated provisional split; category-agent and PM semantic review required,CATEGORY_REVIEW_REQUIRED|ENTITY_MERGE_REQUIRED,NONE
NC-CL-S-000119,docs/09_collection/ga3-collection-registry-v1.md#G3-R12,docs/09_collection/ga3-collection-registry-v1.md,501,GA3,"Public-Service, Rights and Governance Targets",G3-R12,Local Succession/Operator Training Program,NC-CL-R-000368|NC-CL-R-000369|NC-CL-R-000370,CONTROL_CLAIM|STATE_TRANSITION|LOSS_OBLIGATION,C7,C7,SYNERGY|COMPLETION_LEGACY,C,E285–330.,reduces dependence on AR-NOD-001 and imported experts.,knowledge/security risk and long training time.,,"`C/G — begun, not completed`. --",,UNRESOLVED,UNRESOLVED,UNKNOWN,UNRESOLVED,UNRESOLVED,HEURISTIC_PROVISIONAL,Automated provisional split; category-agent and PM semantic review required,CATEGORY_REVIEW_REQUIRED|ENTITY_MERGE_REQUIRED,NONE
NC-CL-S-000120,docs/09_collection/ga3-collection-registry-v1.md#G3-D01,docs/09_collection/ga3-collection-registry-v1.md,519,GA3,"Defense, Fleet and Production Targets",G3-D01,Public Defense Readiness Map,NC-CL-R-000371|NC-CL-R-000372,STATE_TRANSITION|LOSS_OBLIGATION,C7,C7,SYNERGY|COMPLETION_LEGACY,G,E271–277.,sector/resource allocation and exposes false readiness.,enemies/factions learn weak points.,,`G/R`.,,UNRESOLVED,UNRESOLVED,UNKNOWN,UNRESOLVED,UNRESOLVED,HEURISTIC_PROVISIONAL,Automated provisional split; category-agent and PM semantic review required,CATEGORY_REVIEW_REQUIRED|ENTITY_MERGE_REQUIRED,NONE
NC-CL-S-000121,docs/09_collection/ga3-collection-registry-v1.md#G3-D02,docs/09_collection/ga3-collection-registry-v1.md,533,GA3,"Defense, Fleet and Production Targets",G3-D02,Local Utility-Frame Defense Network,NC-CL-R-000373|NC-CL-R-000374|NC-CL-R-000375,ENTITY|STATE_TRANSITION|LOSS_OBLIGATION,C6,C6|C2,SYNERGY|COMPLETION_LEGACY,G,Foundry/Transit/Custodian/Defense teams.,"repair, rescue, local capture and district defense.","uneven training, worker militarization and equipment loss.",,"`G — local civil-defense/technical network, not P-001 squadron`.",,UNRESOLVED,UNRESOLVED,UNKNOWN,UNRESOLVED,UNRESOLVED,SPECIALIST_CORRECTED,Automated provisional split; category-agent and PM semantic review required,PM_MERGE_REQUIRED|ENTITY_MERGE_REQUIRED,NONE
NC-CL-S-000122,docs/09_collection/ga3-collection-registry-v1.md#G3-D03,docs/09_collection/ga3-collection-registry-v1.md,547,GA3,"Defense, Fleet and Production Targets",G3-D03,Combined Approach/Convoy Plan,NC-CL-R-000376|NC-CL-R-000377|NC-CL-R-000378,ENTITY|STATE_TRANSITION|LOSS_OBLIGATION,C5,C5,SYNERGY|COMPLETION_LEGACY,G,E293–307.,"local fleet, first ship, Neutral/Imperial/other formations.",multiple rules of engagement and slower coordination.,,"`G/L — used in siege, later revised`.",,UNRESOLVED,UNRESOLVED,UNKNOWN,UNRESOLVED,UNRESOLVED,HEURISTIC_PROVISIONAL,Automated provisional split; category-agent and PM semantic review required,CATEGORY_REVIEW_REQUIRED|ENTITY_MERGE_REQUIRED,NONE
NC-CL-S-000123,docs/09_collection/ga3-collection-registry-v1.md#G3-D04,docs/09_collection/ga3-collection-registry-v1.md,561,GA3,"Defense, Fleet and Production Targets",G3-D04,Foundry Open-Production Cell,NC-CL-R-000379|NC-CL-R-000380,STATE_TRANSITION|LOSS_OBLIGATION,C6,C6|C2,SYNERGY|COMPLETION_LEGACY,G,E241–270.,"node parts, frame/ship repair and GA5 lineage.","materials, liability, local labor credit and Helix sanctions.",,`G — locally governed production capability`.,,UNRESOLVED,UNRESOLVED,UNKNOWN,UNRESOLVED,UNRESOLVED,SPECIALIST_CORRECTED,Automated provisional split; category-agent and PM semantic review required,PM_MERGE_REQUIRED|ENTITY_MERGE_REQUIRED,NONE
NC-CL-S-000124,docs/09_collection/ga3-collection-registry-v1.md#G3-D05,docs/09_collection/ga3-collection-registry-v1.md,575,GA3,"Defense, Fleet and Production Targets",G3-D05,Fixed Defense Segmentation,NC-CL-R-000381|NC-CL-R-000382,STATE_TRANSITION|LOSS_OBLIGATION,C8,C8,SYNERGY|COMPLETION_LEGACY,G,E271–323.,separates traffic/node/civilian controls and limits single seizure.,reduced coordination/fire efficiency.,,`G`.,,UNRESOLVED,UNRESOLVED,UNKNOWN,UNRESOLVED,UNRESOLVED,HEURISTIC_PROVISIONAL,Automated provisional split; category-agent and PM semantic review required,CATEGORY_REVIEW_REQUIRED|ENTITY_MERGE_REQUIRED,NONE
NC-CL-S-000125,docs/09_collection/ga3-collection-registry-v1.md#G3-D06,docs/09_collection/ga3-collection-registry-v1.md,589,GA3,"Defense, Fleet and Production Targets",G3-D06,Major Loss Record,NC-CL-R-000383|NC-CL-R-000384,CONTROL_CLAIM|STATE_TRANSITION,C3,C3,SYNERGY|COMPLETION_LEGACY,G,E308–314.,demonstrates cost of delayed plural command and shapes later opposition.,,,`G — publicly attributed with disputed responsibility; not erased by victory`. --,,UNRESOLVED,UNRESOLVED,UNKNOWN,UNRESOLVED,UNRESOLVED,HEURISTIC_PROVISIONAL,Automated provisional split; category-agent and PM semantic review required,CATEGORY_REVIEW_REQUIRED|ENTITY_MERGE_REQUIRED,NONE
NC-CL-S-000126,docs/09_collection/ga3-collection-registry-v1.md#G3-M01,docs/09_collection/ga3-collection-registry-v1.md,610,GA3,"Mystery, Identity and Symbolic Targets",G3-M01,Original Ardis Accident Record Fragments,NC-CL-R-000385|NC-CL-R-000386|NC-CL-R-000387|NC-CL-R-000388,CONTROL_CLAIM|STATE_TRANSITION|LOSS_OBLIGATION|NARRATIVE_PROMISE,C4,C4,DISCOVERY|SYNERGY|COMPLETION_LEGACY,C,E225–292 in fragments.,"shows political edits, identity closure and Continuity-era architecture.",current leaders/institutions implicated; incomplete.,,"`C/R — enough for GA4/8, not complete truth`.",,UNRESOLVED,UNRESOLVED,UNKNOWN,UNRESOLVED,UNRESOLVED,HEURISTIC_PROVISIONAL,Automated provisional split; category-agent and PM semantic review required,CATEGORY_REVIEW_REQUIRED|ENTITY_MERGE_REQUIRED,NONE
NC-CL-S-000127,docs/09_collection/ga3-collection-registry-v1.md#G3-M02,docs/09_collection/ga3-collection-registry-v1.md,627,GA3,"Mystery, Identity and Symbolic Targets",G3-M02,Historically Impossible Ardis Restoration,NC-CL-R-000389|NC-CL-R-000390,STATE_TRANSITION|NARRATIVE_PROMISE,C4,C4,DISCOVERY|SYNERGY|COMPLETION_LEGACY,R,,P-001’s future regional map invalidated.,,,`R — Archive adapts awkwardly or changes labels/counts`.,,UNRESOLVED,UNRESOLVED,UNKNOWN,UNRESOLVED,UNRESOLVED,HEURISTIC_PROVISIONAL,Automated provisional split; category-agent and PM semantic review required,CATEGORY_REVIEW_REQUIRED|ENTITY_MERGE_REQUIRED,NONE
NC-CL-S-000128,docs/09_collection/ga3-collection-registry-v1.md#G3-M03,docs/09_collection/ga3-collection-registry-v1.md,641,GA3,"Mystery, Identity and Symbolic Targets",G3-M03,Multiple Valid Imperial Succession Protocols,NC-CL-R-000391|NC-CL-R-000392|NC-CL-R-000393|NC-CL-R-000394,CONTROL_CLAIM|STATE_TRANSITION|LOSS_OBLIGATION|NARRATIVE_PROMISE,C4,C4|C7,DISCOVERY|SYNERGY|COMPLETION_LEGACY,T,E324–330.,launches GA4.,no immediate single rightful answer; Ardis route becomes prize.,,`T/I — one new CORE question only`.,,UNRESOLVED,UNRESOLVED,UNKNOWN,UNRESOLVED,UNRESOLVED,HEURISTIC_PROVISIONAL,Automated provisional split; category-agent and PM semantic review required,CATEGORY_REVIEW_REQUIRED|ENTITY_MERGE_REQUIRED,NONE
NC-CL-S-000129,docs/09_collection/ga3-collection-registry-v1.md#G3-I01,docs/09_collection/ga3-collection-registry-v1.md,658,GA3,"Mystery, Identity and Symbolic Targets",G3-I01,“City That Repairs What Others Abandon” Public Identity,NC-CL-R-000395|NC-CL-R-000396|NC-CL-R-000397|NC-CL-R-000398,ENTITY|STATE_TRANSITION|LOSS_OBLIGATION|NARRATIVE_PROMISE,C4,C4|C8,DISCOVERY|COMPLETION_LEGACY,R,,,can erase those excluded or force city to accept impossible burdens.,,`R — multiple local versions remain`.,,UNRESOLVED,UNRESOLVED,UNKNOWN,UNRESOLVED,UNRESOLVED,HEURISTIC_PROVISIONAL,Automated provisional split; category-agent and PM semantic review required,CATEGORY_REVIEW_REQUIRED|ENTITY_MERGE_REQUIRED,NONE
NC-CL-S-000130,docs/09_collection/ga3-collection-registry-v1.md#G3-I02,docs/09_collection/ga3-collection-registry-v1.md,669,GA3,"Mystery, Identity and Symbolic Targets",G3-I02,Ardis as Reproducible Governance Precedent,NC-CL-R-000399|NC-CL-R-000400|NC-CL-R-000401,STATE_TRANSITION|LOSS_OBLIGATION|NARRATIVE_PROMISE,C4,C4|C7,DISCOVERY|SYNERGY|COMPLETION_LEGACY,G,emergency/service/defense/joint-trust process.,"GA4 legal fight, GA5 fleet support and GA10 plural authority.",model has documented failures and cannot be copied unchanged.,,`G`. --,,UNRESOLVED,UNRESOLVED,UNKNOWN,UNRESOLVED,UNRESOLVED,HEURISTIC_PROVISIONAL,Automated provisional split; category-agent and PM semantic review required,CATEGORY_REVIEW_REQUIRED|ENTITY_MERGE_REQUIRED,NONE
NC-CL-S-000131,docs/09_collection/ga4-collection-registry-v1.md#G4-P01,docs/09_collection/ga4-collection-registry-v1.md,30,GA4,Claimant and Institutional Relationships,G4-P01,Registered Heir Relationship,NC-CL-R-000402|NC-CL-R-000403|NC-CL-R-000404|NC-CL-R-000405,ENTITY|RELATIONSHIP|STATE_TRANSITION|LOSS_OBLIGATION,C1,C1,ACQUISITION|SYNERGY,G,"public/court access, partial accession and protection.",ceremonial/public legitimacy in compact.,"endorsement pressure, dynastic suppression and public polarization.",,`G/L — bounded crown role or continuing claimant; independent constituency remains`.,,UNRESOLVED,UNRESOLVED,UNKNOWN,UNRESOLVED,UNRESOLVED,HEURISTIC_PROVISIONAL,Automated provisional split; category-agent and PM semantic review required,CATEGORY_REVIEW_REQUIRED|ENTITY_MERGE_REQUIRED,NONE
NC-CL-S-000132,docs/09_collection/ga4-collection-registry-v1.md#G4-P02,docs/09_collection/ga4-collection-registry-v1.md,44,GA4,Claimant and Institutional Relationships,G4-P02,Designated Regent Relationship,NC-CL-R-000406|NC-CL-R-000407|NC-CL-R-000408|NC-CL-R-000409,ENTITY|RELATIONSHIP|STATE_TRANSITION|LOSS_OBLIGATION,C1,C1,ACQUISITION|SYNERGY,G,civil-service/service continuity and executive offer.,time-limited audited executive role.,"classification, fund/appointment control and dependency.",,`G — bounded executive/regency with sunset/removal`.,,UNRESOLVED,UNRESOLVED,UNKNOWN,UNRESOLVED,UNRESOLVED,HEURISTIC_PROVISIONAL,Automated provisional split; category-agent and PM semantic review required,CATEGORY_REVIEW_REQUIRED|ENTITY_MERGE_REQUIRED,NONE
NC-CL-S-000133,docs/09_collection/ga4-collection-registry-v1.md#G4-P03,docs/09_collection/ga4-collection-registry-v1.md,58,GA4,Claimant and Institutional Relationships,G4-P03,Emergency Protector Relationship,NC-CL-R-000410|NC-CL-R-000411|NC-CL-R-000412|NC-CL-R-000413,ENTITY|RELATIONSHIP|STATE_TRANSITION|LOSS_OBLIGATION,C1,C1,ACQUISITION|SYNERGY,C,military crisis and operational peer recognition.,narrow military coordination/protector role.,"occupation, communication suspension, fleet/province mistrust.",,`C/G/L — accepts bounded role or carries major rejecter forces into GA5`.,,UNRESOLVED,UNRESOLVED,UNKNOWN,UNRESOLVED,UNRESOLVED,HEURISTIC_PROVISIONAL,Automated provisional split; category-agent and PM semantic review required,CATEGORY_REVIEW_REQUIRED|ENTITY_MERGE_REQUIRED,NONE
NC-CL-S-000134,docs/09_collection/ga4-collection-registry-v1.md#G4-P04,docs/09_collection/ga4-collection-registry-v1.md,72,GA4,Claimant and Institutional Relationships,G4-P04,Continuity Custodian Relationship,NC-CL-R-000414|NC-CL-R-000415|NC-CL-R-000416|NC-CL-R-000417,ENTITY|RELATIONSHIP|STATE_TRANSITION|LOSS_OBLIGATION,C1,C1|C7,ACQUISITION|SYNERGY,G,forged-order detection and suspension.,authentication/verification with published uncertainty and split custody.,frozen identities/routes/funds and long-term office legitimacy.,,"`G — bounded Continuity seat, future antagonist path preserved`.",,UNRESOLVED,UNRESOLVED,UNKNOWN,UNRESOLVED,UNRESOLVED,HEURISTIC_PROVISIONAL,Automated provisional split; category-agent and PM semantic review required,CATEGORY_REVIEW_REQUIRED|ENTITY_MERGE_REQUIRED,NONE
NC-CL-S-000135,docs/09_collection/ga4-collection-registry-v1.md#G4-P05,docs/09_collection/ga4-collection-registry-v1.md,86,GA4,Claimant and Institutional Relationships,G4-P05,Provincial Compact Coalition,NC-CL-R-000418|NC-CL-R-000419|NC-CL-R-000420|NC-CL-R-000421,ENTITY|RELATIONSHIP|STATE_TRANSITION|LOSS_OBLIGATION,C7,C7,ACQUISITION|SYNERGY,G,"Ardis response, consultation and burden negotiations.",recognition seats/obligations in compact.,"bargaining, regional inequality, veto and weak-region neglect.",,"`G/L — enough signatories for compact, major provinces dissent`.",,UNRESOLVED,UNRESOLVED,UNKNOWN,UNRESOLVED,UNRESOLVED,HEURISTIC_PROVISIONAL,Automated provisional split; category-agent and PM semantic review required,CATEGORY_REVIEW_REQUIRED|ENTITY_MERGE_REQUIRED,NONE
NC-CL-S-000136,docs/09_collection/ga4-collection-registry-v1.md#G4-P06,docs/09_collection/ga4-collection-registry-v1.md,100,GA4,Claimant and Institutional Relationships,G4-P06,Founding Covenant Coalition,NC-CL-R-000422|NC-CL-R-000423|NC-CL-R-000424|NC-CL-R-000425,ENTITY|RELATIONSHIP|STATE_TRANSITION|LOSS_OBLIGATION,C7,C7,ACQUISITION|SYNERGY,C,old records/judicial limits and covenant hearing.,legal/historical checks on emergency power.,elite exclusion and disputed institutional descent.,,"`C/G — contributes limits, fails to regain sole authority`.",,UNRESOLVED,UNRESOLVED,UNKNOWN,UNRESOLVED,UNRESOLVED,HEURISTIC_PROVISIONAL,Automated provisional split; category-agent and PM semantic review required,CATEGORY_REVIEW_REQUIRED|ENTITY_MERGE_REQUIRED,NONE
NC-CL-S-000137,docs/09_collection/ga4-collection-registry-v1.md#G4-P07,docs/09_collection/ga4-collection-registry-v1.md,114,GA4,Claimant and Institutional Relationships,G4-P07,R-IMP-001 / Intelligence Field Network,NC-CL-R-000426|NC-CL-R-000427|NC-CL-R-000428,ENTITY|STATE_TRANSITION|LOSS_OBLIGATION,C6,C6,ACQUISITION|SYNERGY,G,courier/witness protection and bloc conflict.,plural oversight/safe routes or claimant-aligned field network.,"compromised identities, past manipulation and agency fracture.",,`G/L — one network survives but no unified Intelligence obedience`.,,UNRESOLVED,UNRESOLVED,UNKNOWN,UNRESOLVED,UNRESOLVED,HEURISTIC_PROVISIONAL,Automated provisional split; category-agent and PM semantic review required,CATEGORY_REVIEW_REQUIRED|ENTITY_MERGE_REQUIRED,NONE
NC-CL-S-000138,docs/09_collection/ga4-collection-registry-v1.md#G4-P08,docs/09_collection/ga4-collection-registry-v1.md,128,GA4,Claimant and Institutional Relationships,G4-P08,Witness and Source Coalition,NC-CL-R-000429|NC-CL-R-000430|NC-CL-R-000431|NC-CL-R-000432,ENTITY|RELATIONSHIP|STATE_TRANSITION|LOSS_OBLIGATION,C1,C1|C7,ACQUISITION|SYNERGY,G,,protected testimony/public findings with privacy layers.,"exposure, disappearance, sealed custody and contradictory memory.",,`G/L — enough survives for compact; no complete witness set`. --,,UNRESOLVED,UNRESOLVED,UNKNOWN,UNRESOLVED,UNRESOLVED,HEURISTIC_PROVISIONAL,Automated provisional split; category-agent and PM semantic review required,CATEGORY_REVIEW_REQUIRED|ENTITY_MERGE_REQUIRED,NONE
NC-CL-S-000139,docs/09_collection/ga4-collection-registry-v1.md#G4-E01,docs/09_collection/ga4-collection-registry-v1.md,146,GA4,Succession Evidence and Protocol Targets,G4-E01,Sovereign Medical/Incapacity Record,NC-CL-R-000433|NC-CL-R-000434,CONTROL_CLAIM|STATE_TRANSITION,C7,C7,DISCOVERY|SYNERGY|COMPLETION_LEGACY,G,,determines legal timing/capacity.,,,"`G/R — accepted range, not single perfect timestamp`.",,UNRESOLVED,UNRESOLVED,UNKNOWN,UNRESOLVED,UNRESOLVED,HEURISTIC_PROVISIONAL,Automated provisional split; category-agent and PM semantic review required,CATEGORY_REVIEW_REQUIRED|ENTITY_MERGE_REQUIRED,NONE
NC-CL-S-000140,docs/09_collection/ga4-collection-registry-v1.md#G4-E02,docs/09_collection/ga4-collection-registry-v1.md,160,GA4,Succession Evidence and Protocol Targets,G4-E02,Final Designation Instrument,NC-CL-R-000435|NC-CL-R-000436,CONTROL_CLAIM|STATE_TRANSITION,C1,C1,SYNERGY|COMPLETION_LEGACY,G,,Regent scope and sovereign intent.,,,"`G/R — validates executive role, not total crown`.",,UNRESOLVED,UNRESOLVED,UNKNOWN,UNRESOLVED,UNRESOLVED,HEURISTIC_PROVISIONAL,Automated provisional split; category-agent and PM semantic review required,CATEGORY_REVIEW_REQUIRED|ENTITY_MERGE_REQUIRED,NONE
NC-CL-S-000141,docs/09_collection/ga4-collection-registry-v1.md#G4-E03,docs/09_collection/ga4-collection-registry-v1.md,171,GA4,Succession Evidence and Protocol Targets,G4-E03,Registry Lineage Snapshot,NC-CL-R-000437|NC-CL-R-000438|NC-CL-R-000439,CONTROL_CLAIM|STATE_TRANSITION|SET,C1,C1,SYNERGY|COMPLETION_LEGACY,G,,Heir eligibility.,,,"`G/L — supports presumptive crown, final line remains reviewable`.",,UNRESOLVED,UNRESOLVED,UNKNOWN,UNRESOLVED,UNRESOLVED,HEURISTIC_PROVISIONAL,Automated provisional split; category-agent and PM semantic review required,CATEGORY_REVIEW_REQUIRED|ENTITY_MERGE_REQUIRED,NONE
NC-CL-S-000142,docs/09_collection/ga4-collection-registry-v1.md#G4-E04,docs/09_collection/ga4-collection-registry-v1.md,182,GA4,Succession Evidence and Protocol Targets,G4-E04,General Staff Emergency Threshold Log,NC-CL-R-000440|NC-CL-R-000441|NC-CL-R-000442,ENTITY|CONTROL_CLAIM|STATE_TRANSITION,C4,C4,SYNERGY|COMPLETION_LEGACY,G,,Protector authority and military state.,,,"`G/R — validates bounded protectorate, not permanent rule`.",,UNRESOLVED,UNRESOLVED,UNKNOWN,UNRESOLVED,UNRESOLVED,HEURISTIC_PROVISIONAL,Automated provisional split; category-agent and PM semantic review required,CATEGORY_REVIEW_REQUIRED|ENTITY_MERGE_REQUIRED,NONE
NC-CL-S-000143,docs/09_collection/ga4-collection-registry-v1.md#G4-E05,docs/09_collection/ga4-collection-registry-v1.md,193,GA4,Succession Evidence and Protocol Targets,G4-E05,Continuity Conflict Hashes,NC-CL-R-000443|NC-CL-R-000444,CONTROL_CLAIM|STATE_TRANSITION,C7,C7,SYNERGY|COMPLETION_LEGACY,G,,proves command/authentication divergence and forged/replayed orders.,,,`G — verification service with published confidence`.,,UNRESOLVED,UNRESOLVED,UNKNOWN,UNRESOLVED,UNRESOLVED,HEURISTIC_PROVISIONAL,Automated provisional split; category-agent and PM semantic review required,CATEGORY_REVIEW_REQUIRED|ENTITY_MERGE_REQUIRED,NONE
NC-CL-S-000144,docs/09_collection/ga4-collection-registry-v1.md#G4-E06,docs/09_collection/ga4-collection-registry-v1.md,204,GA4,Succession Evidence and Protocol Targets,G4-E06,Provincial Recognition Ledger,NC-CL-R-000445|NC-CL-R-000446|NC-CL-R-000447,CONTROL_CLAIM|STATE_TRANSITION|LOSS_OBLIGATION,C7,C7,SYNERGY|COMPLETION_LEGACY,G,governors/node authorities submit conditional recognition.,SP-06 compact threshold.,"coercion, delay, concessions and disputed signatories.",,"`G/L — enough for temporary compact, not universal`.",,UNRESOLVED,UNRESOLVED,UNKNOWN,UNRESOLVED,UNRESOLVED,HEURISTIC_PROVISIONAL,Automated provisional split; category-agent and PM semantic review required,CATEGORY_REVIEW_REQUIRED|ENTITY_MERGE_REQUIRED,NONE
NC-CL-S-000145,docs/09_collection/ga4-collection-registry-v1.md#G4-E07,docs/09_collection/ga4-collection-registry-v1.md,218,GA4,Succession Evidence and Protocol Targets,G4-E07,Founding Covenant Originals/Lineage Map,NC-CL-R-000448|NC-CL-R-000449|NC-CL-R-000450,CONTROL_CLAIM|STATE_TRANSITION|SET,C7,C7,SYNERGY|COMPLETION_LEGACY,C,,limits emergency offices and identifies old signatory structure.,,,"`C/R — legal source, not restoration mandate`.",,UNRESOLVED,UNRESOLVED,UNKNOWN,UNRESOLVED,UNRESOLVED,HEURISTIC_PROVISIONAL,Automated provisional split; category-agent and PM semantic review required,CATEGORY_REVIEW_REQUIRED|ENTITY_MERGE_REQUIRED,NONE
NC-CL-S-000146,docs/09_collection/ga4-collection-registry-v1.md#G4-E08,docs/09_collection/ga4-collection-registry-v1.md,229,GA4,Succession Evidence and Protocol Targets,G4-E08,Ardis Multiple-Legitimacy Response,NC-CL-R-000451|NC-CL-R-000452|NC-CL-R-000453,CONTROL_CLAIM|STATE_TRANSITION|LOSS_OBLIGATION,C7,C7,SYNERGY|COMPLETION_LEGACY,G,E331–337.,provincial precedent and courier mandate.,Core suspicion and local dissent.,,"`G — compact precedent, not universal rule`.",,UNRESOLVED,UNRESOLVED,UNKNOWN,UNRESOLVED,UNRESOLVED,HEURISTIC_PROVISIONAL,Automated provisional split; category-agent and PM semantic review required,CATEGORY_REVIEW_REQUIRED|ENTITY_MERGE_REQUIRED,NONE
NC-CL-S-000147,docs/09_collection/ga4-collection-registry-v1.md#G4-E09,docs/09_collection/ga4-collection-registry-v1.md,243,GA4,Succession Evidence and Protocol Targets,G4-E09,Multiple Legitimacy Finding,NC-CL-R-000454|NC-CL-R-000455|NC-CL-R-000456,CONTROL_CLAIM|STATE_TRANSITION|LOSS_OBLIGATION,C7,C7,ACQUISITION|SYNERGY|COMPLETION_LEGACY,G,E354–360.,publicly certifies genuine contradiction.,"panic, mobilization and inability to claim easy truth.",,`G — central legal payoff of GA4`.,,UNRESOLVED,UNRESOLVED,UNKNOWN,UNRESOLVED,UNRESOLVED,HEURISTIC_PROVISIONAL,Automated provisional split; category-agent and PM semantic review required,CATEGORY_REVIEW_REQUIRED|ENTITY_MERGE_REQUIRED,NONE
NC-CL-S-000148,docs/09_collection/ga4-collection-registry-v1.md#G4-E10,docs/09_collection/ga4-collection-registry-v1.md,257,GA4,Succession Evidence and Protocol Targets,G4-E10,Plural Evidence Custody Map,NC-CL-R-000457|NC-CL-R-000458|NC-CL-R-000459,CONTROL_CLAIM|STATE_TRANSITION|LOSS_OBLIGATION,C7,C7,ACQUISITION|SYNERGY|COMPLETION_LEGACY,G,E391–420.,"distributes records, witnesses and public/private layers.",incomplete access and institution rivalry.,,`G/L — no single master archive`. --,,UNRESOLVED,UNRESOLVED,UNKNOWN,UNRESOLVED,UNRESOLVED,HEURISTIC_PROVISIONAL,Automated provisional split; category-agent and PM semantic review required,CATEGORY_REVIEW_REQUIRED|ENTITY_MERGE_REQUIRED,NONE
NC-CL-S-000149,docs/09_collection/ga4-collection-registry-v1.md#G4-R01,docs/09_collection/ga4-collection-registry-v1.md,275,GA4,Public-Service and Administrative Targets,G4-R01,Emergency Service Payment Scheme,NC-CL-R-000460|NC-CL-R-000461,STATE_TRANSITION|LOSS_OBLIGATION,C7,C7,SYNERGY|COMPLETION_LEGACY,G,E361–367.,"salaries, pensions, hospitals and food contracts.","multi-signature delay, exclusions and data control.",,`G/R — integrated into compact executive/treasury rules`.,,UNRESOLVED,UNRESOLVED,UNKNOWN,UNRESOLVED,UNRESOLVED,HEURISTIC_PROVISIONAL,Automated provisional split; category-agent and PM semantic review required,CATEGORY_REVIEW_REQUIRED|ENTITY_MERGE_REQUIRED,NONE
NC-CL-S-000150,docs/09_collection/ga4-collection-registry-v1.md#G4-R02,docs/09_collection/ga4-collection-registry-v1.md,289,GA4,Public-Service and Administrative Targets,G4-R02,Partial Accession/Ceremonial Recognition,NC-CL-R-000462|NC-CL-R-000463,STATE_TRANSITION|LOSS_OBLIGATION,C7,C7,ACQUISITION|SYNERGY|COMPLETION_LEGACY,G,E368–375.,visible public legitimacy and household continuity.,polarization and pressure on other institutions.,,`G/L — ceremonial role separated from total power`.,,UNRESOLVED,UNRESOLVED,UNKNOWN,UNRESOLVED,UNRESOLVED,HEURISTIC_PROVISIONAL,Automated provisional split; category-agent and PM semantic review required,CATEGORY_REVIEW_REQUIRED|ENTITY_MERGE_REQUIRED,NONE
NC-CL-S-000151,docs/09_collection/ga4-collection-registry-v1.md#G4-R03,docs/09_collection/ga4-collection-registry-v1.md,303,GA4,Public-Service and Administrative Targets,G4-R03,Provincial Consultation and Burden Mechanism,NC-CL-R-000464|NC-CL-R-000465,STATE_TRANSITION|LOSS_OBLIGATION,C7,C7,SYNERGY|COMPLETION_LEGACY,G,E376–383.,food/tax/route/administration continuation.,unequal concessions and weak-region risk.,,`G — compact provincial chamber/process seed`.,,UNRESOLVED,UNRESOLVED,UNKNOWN,UNRESOLVED,UNRESOLVED,HEURISTIC_PROVISIONAL,Automated provisional split; category-agent and PM semantic review required,CATEGORY_REVIEW_REQUIRED|ENTITY_MERGE_REQUIRED,NONE
NC-CL-S-000152,docs/09_collection/ga4-collection-registry-v1.md#G4-R04,docs/09_collection/ga4-collection-registry-v1.md,317,GA4,Public-Service and Administrative Targets,G4-R04,Audited Executive Regency,NC-CL-R-000466|NC-CL-R-000467,STATE_TRANSITION|LOSS_OBLIGATION,C7,C7,SYNERGY|COMPLETION_LEGACY,G,E384–390 and E421–443.,civil administration and services.,classification/appointment power and dependency.,,"`G — sunset, audit, removal and limited scope`.",,UNRESOLVED,UNRESOLVED,UNKNOWN,UNRESOLVED,UNRESOLVED,HEURISTIC_PROVISIONAL,Automated provisional split; category-agent and PM semantic review required,CATEGORY_REVIEW_REQUIRED|ENTITY_MERGE_REQUIRED,NONE
NC-CL-S-000153,docs/09_collection/ga4-collection-registry-v1.md#G4-R05,docs/09_collection/ga4-collection-registry-v1.md,331,GA4,Public-Service and Administrative Targets,G4-R05,Military Protector Mandate,NC-CL-R-000468|NC-CL-R-000469|NC-CL-R-000470|NC-CL-R-000471,ENTITY|CONTROL_CLAIM|STATE_TRANSITION|LOSS_OBLIGATION,C1,C1|C7,SYNERGY|COMPLETION_LEGACY,C,E398–404 and compact.,"common military intent, unit deconfliction and strategic defense.","civil fear, provincial refusal and command concentration.",,"`C/G/L — accepted by some forces, rejected/reinterpreted by others`.",,UNRESOLVED,UNRESOLVED,UNKNOWN,UNRESOLVED,UNRESOLVED,HEURISTIC_PROVISIONAL,Automated provisional split; category-agent and PM semantic review required,CATEGORY_REVIEW_REQUIRED|ENTITY_MERGE_REQUIRED,NONE
NC-CL-S-000154,docs/09_collection/ga4-collection-registry-v1.md#G4-R06,docs/09_collection/ga4-collection-registry-v1.md,345,GA4,Public-Service and Administrative Targets,G4-R06,Bounded Continuity Verification Charter,NC-CL-R-000472|NC-CL-R-000473|NC-CL-R-000474,CONTROL_CLAIM|STATE_TRANSITION|LOSS_OBLIGATION,C7,C7,SYNERGY|COMPLETION_LEGACY,G,E405–412 and compact.,order authentication/suspension.,"temporary freezes, data power and unelected influence.",,"`G — published confidence, split keys and sunset/review`.",,UNRESOLVED,UNRESOLVED,UNKNOWN,UNRESOLVED,UNRESOLVED,HEURISTIC_PROVISIONAL,Automated provisional split; category-agent and PM semantic review required,CATEGORY_REVIEW_REQUIRED|ENTITY_MERGE_REQUIRED,NONE
NC-CL-S-000155,docs/09_collection/ga4-collection-registry-v1.md#G4-R07,docs/09_collection/ga4-collection-registry-v1.md,359,GA4,Public-Service and Administrative Targets,G4-R07,Public Findings and Protected-Source Protocol,NC-CL-R-000475|NC-CL-R-000476|NC-CL-R-000477,CONTROL_CLAIM|STATE_TRANSITION|LOSS_OBLIGATION,C6,C6,SYNERGY|COMPLETION_LEGACY,G,E413–420.,"public truth, witness privacy and independent copies.",incomplete disclosure and disputes.,,`G`.,,UNRESOLVED,UNRESOLVED,UNKNOWN,UNRESOLVED,UNRESOLVED,HEURISTIC_PROVISIONAL,Automated provisional split; category-agent and PM semantic review required,CATEGORY_REVIEW_REQUIRED|ENTITY_MERGE_REQUIRED,NONE
NC-CL-S-000156,docs/09_collection/ga4-collection-registry-v1.md#G4-R08,docs/09_collection/ga4-collection-registry-v1.md,373,GA4,Public-Service and Administrative Targets,G4-R08,Imperial Continuity Compact Draft,NC-CL-R-000478|NC-CL-R-000479|NC-CL-R-000480,RELATIONSHIP|STATE_TRANSITION|LOSS_OBLIGATION,C7,C7,SYNERGY|COMPLETION_LEGACY,G,E421–427.,authority categories and negotiation.,unresolved fleet/anchor/succession clauses.,,,,UNRESOLVED,UNRESOLVED,UNKNOWN,UNRESOLVED,UNRESOLVED,HEURISTIC_PROVISIONAL,Automated provisional split; category-agent and PM semantic review required,CATEGORY_REVIEW_REQUIRED|ENTITY_MERGE_REQUIRED,NONE
NC-CL-S-000157,docs/09_collection/ga4-collection-registry-v1.md#G4-R09,docs/09_collection/ga4-collection-registry-v1.md,387,GA4,Public-Service and Administrative Targets,G4-R09,Imperial Continuity Compact,NC-CL-R-000481|NC-CL-R-000482|NC-CL-R-000483,RELATIONSHIP|STATE_TRANSITION|LOSS_OBLIGATION,C7,C7,SYNERGY|COMPLETION_LEGACY,G,E435–443.,,"distributed slower authority, dissent, ambiguity and emergency renewal risk.",,"`G — grand-act institutional reward, not final constitution`.",,UNRESOLVED,UNRESOLVED,UNKNOWN,UNRESOLVED,UNRESOLVED,HEURISTIC_PROVISIONAL,Automated provisional split; category-agent and PM semantic review required,CATEGORY_REVIEW_REQUIRED|ENTITY_MERGE_REQUIRED,NONE
NC-CL-S-000158,docs/09_collection/ga4-collection-registry-v1.md#G4-R10,docs/09_collection/ga4-collection-registry-v1.md,406,GA4,Public-Service and Administrative Targets,G4-R10,Compact Sunset/Review/Removal Schedule,NC-CL-R-000484|NC-CL-R-000485|NC-CL-R-000486,RELATIONSHIP|STATE_TRANSITION|LOSS_OBLIGATION,C7,C7,SYNERGY|COMPLETION_LEGACY,G,E421–443.,prevents permanent emergency office in principle.,crises may renew or bypass it; enforcement uncertain.,,`G — future conflict object`. --,,UNRESOLVED,UNRESOLVED,UNKNOWN,UNRESOLVED,UNRESOLVED,HEURISTIC_PROVISIONAL,Automated provisional split; category-agent and PM semantic review required,CATEGORY_REVIEW_REQUIRED|ENTITY_MERGE_REQUIRED,NONE
NC-CL-S-000159,docs/09_collection/ga4-collection-registry-v1.md#G4-M01,docs/09_collection/ga4-collection-registry-v1.md,424,GA4,"Military, Route and Industrial Targets",G4-M01,Core Force Alignment Map,NC-CL-R-000487|NC-CL-R-000488,STATE_TRANSITION|LOSS_OBLIGATION,C8,C8,SYNERGY|COMPLETION_LEGACY,G,E346–404.,tracks institutional loyalty/readiness/route exposure.,information can trigger preemptive defections/attacks.,,`G/R — immediately outdated as fleets choose compact`.,,UNRESOLVED,UNRESOLVED,UNKNOWN,UNRESOLVED,UNRESOLVED,HEURISTIC_PROVISIONAL,Automated provisional split; category-agent and PM semantic review required,CATEGORY_REVIEW_REQUIRED|ENTITY_MERGE_REQUIRED,NONE
NC-CL-S-000160,docs/09_collection/ga4-collection-registry-v1.md#G4-M02,docs/09_collection/ga4-collection-registry-v1.md,438,GA4,"Military, Route and Industrial Targets",G4-M02,Bounded Common Military Intent,NC-CL-R-000489|NC-CL-R-000490,STATE_TRANSITION|LOSS_OBLIGATION,C8,C8,SYNERGY|COMPLETION_LEGACY,G,E398–404/435–443.,"protect Core/routes, prevent unit clash, define prohibited actions.",not detailed command; field autonomy and interpretation.,,`G/L — basis and problem for GA5 ownerless fleet`.,,UNRESOLVED,UNRESOLVED,UNKNOWN,UNRESOLVED,UNRESOLVED,HEURISTIC_PROVISIONAL,Automated provisional split; category-agent and PM semantic review required,CATEGORY_REVIEW_REQUIRED|ENTITY_MERGE_REQUIRED,NONE
NC-CL-S-000161,docs/09_collection/ga4-collection-registry-v1.md#G4-M03,docs/09_collection/ga4-collection-registry-v1.md,452,GA4,"Military, Route and Industrial Targets",G4-M03,Meridian Anchor Split-Key Scheme,NC-CL-R-000491|NC-CL-R-000492|NC-CL-R-000493,ENTITY|STATE_TRANSITION|LOSS_OBLIGATION,C4,C4|C8,ACQUISITION|SYNERGY|COMPLETION_LEGACY,G,E405–443.,prevents single claimant/office master control.,slower route/command action and custodian power.,,"`G — central technical precedent, still vulnerable`.",,UNRESOLVED,UNRESOLVED,UNKNOWN,UNRESOLVED,UNRESOLVED,HEURISTIC_PROVISIONAL,Automated provisional split; category-agent and PM semantic review required,CATEGORY_REVIEW_REQUIRED|ENTITY_MERGE_REQUIRED,NONE
NC-CL-S-000162,docs/09_collection/ga4-collection-registry-v1.md#G4-M04,docs/09_collection/ga4-collection-registry-v1.md,466,GA4,"Military, Route and Industrial Targets",G4-M04,Helios Shipyard Continuity Agreement,NC-CL-R-000494|NC-CL-R-000495,STATE_TRANSITION|LOSS_OBLIGATION,C8,C8,ACQUISITION|SYNERGY|COMPLETION_LEGACY,C,through H-002/Helix/Regent/Protector negotiations.,repairs/pay/production continue despite claimant split.,"contracts, industrial influence and fleet alignment leverage.",,"`C/G — some yards comply, others choose claimants`.",,UNRESOLVED,UNRESOLVED,UNKNOWN,UNRESOLVED,UNRESOLVED,HEURISTIC_PROVISIONAL,Automated provisional split; category-agent and PM semantic review required,CATEGORY_REVIEW_REQUIRED|ENTITY_MERGE_REQUIRED,NONE
NC-CL-S-000163,docs/09_collection/ga4-collection-registry-v1.md#G4-M05,docs/09_collection/ga4-collection-registry-v1.md,480,GA4,"Military, Route and Industrial Targets",G4-M05,Provincial/Core Courier and Safe-Passage Network,NC-CL-R-000496|NC-CL-R-000497|NC-CL-R-000498,ENTITY|STATE_TRANSITION|LOSS_OBLIGATION,C6,C6|C8,SYNERGY|COMPLETION_LEGACY,G,"first ship, Neutral, Ardis, Intelligence field offices and provinces.",evidence/people/orders move outside one faction.,routes exposed and politically contested.,,`G — basis for GA5 distributed fleet coordination`.,,UNRESOLVED,UNRESOLVED,UNKNOWN,UNRESOLVED,UNRESOLVED,HEURISTIC_PROVISIONAL,Automated provisional split; category-agent and PM semantic review required,CATEGORY_REVIEW_REQUIRED|ENTITY_MERGE_REQUIRED,NONE
NC-CL-S-000164,docs/09_collection/ga4-collection-registry-v1.md#G4-M06,docs/09_collection/ga4-collection-registry-v1.md,494,GA4,"Military, Route and Industrial Targets",G4-M06,Strategically Recognized P-001 Coalition Status,NC-CL-R-000499|NC-CL-R-000500|NC-CL-R-000501|NC-CL-R-000502,ENTITY|RELATIONSHIP|STATE_TRANSITION|LOSS_OBLIGATION,C7,C7|C8,SYNERGY|COMPLETION_LEGACY,C,E444–450.,permits mediation/mission/fleet coordination under compact.,"scrutiny, accountability and no sovereign/kingmaker authority.",,"`C/G — bounded recognition, scope disputed`. --",,UNRESOLVED,UNRESOLVED,UNKNOWN,UNRESOLVED,UNRESOLVED,HEURISTIC_PROVISIONAL,Automated provisional split; category-agent and PM semantic review required,CATEGORY_REVIEW_REQUIRED|ENTITY_MERGE_REQUIRED,NONE
NC-CL-S-000165,docs/09_collection/ga4-collection-registry-v1.md#G4-X01,docs/09_collection/ga4-collection-registry-v1.md,512,GA4,Mystery and Symbolic Targets,G4-X01,Curated Imperial Future History,NC-CL-R-000503|NC-CL-R-000504,STATE_TRANSITION|NARRATIVE_PROMISE,C4,C4,DISCOVERY|ACQUISITION|SYNERGY|COMPLETION_LEGACY,R,,undermines deterministic claimant choice.,,,`R — historical survival is not proof of sole legitimacy`.,,UNRESOLVED,UNRESOLVED,UNKNOWN,UNRESOLVED,UNRESOLVED,HEURISTIC_PROVISIONAL,Automated provisional split; category-agent and PM semantic review required,CATEGORY_REVIEW_REQUIRED|ENTITY_MERGE_REQUIRED,NONE
NC-CL-S-000166,docs/09_collection/ga4-collection-registry-v1.md#G4-X02,docs/09_collection/ga4-collection-registry-v1.md,523,GA4,Mystery and Symbolic Targets,G4-X02,P-001 Institutional Erasure Evidence,NC-CL-R-000505|NC-CL-R-000506|NC-CL-R-000507,CONTROL_CLAIM|STATE_TRANSITION|NARRATIVE_PROMISE,C4,C4,DISCOVERY|SYNERGY|COMPLETION_LEGACY,C,,explains some absence without completing Archive selection truth.,,,`C/R — deliberate/institutional suppression partly proven`.,,UNRESOLVED,UNRESOLVED,UNKNOWN,UNRESOLVED,UNRESOLVED,HEURISTIC_PROVISIONAL,Automated provisional split; category-agent and PM semantic review required,CATEGORY_REVIEW_REQUIRED|ENTITY_MERGE_REQUIRED,NONE
NC-CL-S-000167,docs/09_collection/ga4-collection-registry-v1.md#G4-X03,docs/09_collection/ga4-collection-registry-v1.md,534,GA4,Mystery and Symbolic Targets,G4-X03,Continuity Office Public Legitimacy,NC-CL-R-000508|NC-CL-R-000509|NC-CL-R-000510|NC-CL-R-000511,ENTITY|STATE_TRANSITION|LOSS_OBLIGATION|NARRATIVE_PROMISE,C7,C7,DISCOVERY|SYNERGY|COMPLETION_LEGACY,G,"forged-order prevention, service stability and bounded charter.",,freezes/exclusion and future preservation regime path.,,`G — long-term antagonist institution normalized`.,,UNRESOLVED,UNRESOLVED,UNKNOWN,UNRESOLVED,UNRESOLVED,HEURISTIC_PROVISIONAL,Automated provisional split; category-agent and PM semantic review required,CATEGORY_REVIEW_REQUIRED|ENTITY_MERGE_REQUIRED,NONE
NC-CL-S-000168,docs/09_collection/ga4-collection-registry-v1.md#G4-I01,docs/09_collection/ga4-collection-registry-v1.md,545,GA4,Mystery and Symbolic Targets,G4-I01,“True Heir” Public Myth,NC-CL-R-000512|NC-CL-R-000513|NC-CL-R-000514|NC-CL-R-000515,ENTITY|STATE_TRANSITION|LOSS_OBLIGATION|NARRATIVE_PROMISE,C1,C1|C4,DISCOVERY|ACQUISITION|COMPLETION_LEGACY,R,,,simplifies institutional and popular legitimacy.,,`R — persists culturally despite legal complexity`.,,UNRESOLVED,UNRESOLVED,UNKNOWN,UNRESOLVED,UNRESOLVED,HEURISTIC_PROVISIONAL,Automated provisional split; category-agent and PM semantic review required,CATEGORY_REVIEW_REQUIRED|ENTITY_MERGE_REQUIRED,NONE
NC-CL-S-000169,docs/09_collection/ga4-collection-registry-v1.md#G4-I02,docs/09_collection/ga4-collection-registry-v1.md,556,GA4,Mystery and Symbolic Targets,G4-I02,“Empire Without Emperor” Compact Narrative,NC-CL-R-000516|NC-CL-R-000517|NC-CL-R-000518|NC-CL-R-000519,RELATIONSHIP|STATE_TRANSITION|LOSS_OBLIGATION|NARRATIVE_PROMISE,C4,C4|C7,DISCOVERY|SYNERGY|COMPLETION_LEGACY,G,services/army/records continue under temporary split authority.,inspires provinces/fleets and frightens centralists.,can become propaganda masking oligarchy/deadlock.,,`G/R`.,,UNRESOLVED,UNRESOLVED,UNKNOWN,UNRESOLVED,UNRESOLVED,HEURISTIC_PROVISIONAL,Automated provisional split; category-agent and PM semantic review required,CATEGORY_REVIEW_REQUIRED|ENTITY_MERGE_REQUIRED,NONE
NC-CL-S-000170,docs/09_collection/ga4-collection-registry-v1.md#G4-I03,docs/09_collection/ga4-collection-registry-v1.md,570,GA4,Mystery and Symbolic Targets,G4-I03,Ownerless Fleet Problem,NC-CL-R-000520|NC-CL-R-000521,STATE_TRANSITION|NARRATIVE_PROMISE,C4,C4,DISCOVERY|SYNERGY|COMPLETION_LEGACY,T,,direct GA5 collection/conflict target.,,,`T/I — active next-grand-act problem`. --,,UNRESOLVED,UNRESOLVED,UNKNOWN,UNRESOLVED,UNRESOLVED,HEURISTIC_PROVISIONAL,Automated provisional split; category-agent and PM semantic review required,CATEGORY_REVIEW_REQUIRED|ENTITY_MERGE_REQUIRED,NONE
NC-CL-S-000171,docs/09_collection/ga5-collection-registry-v1.md#G5-P01,docs/09_collection/ga5-collection-registry-v1.md,30,GA5,"Commander, Crew and Formation Relationships",G5-P01,FC-001 / Vanguard Commander,NC-CL-R-000522|NC-CL-R-000523|NC-CL-R-000524|NC-CL-R-000525,ENTITY|RELATIONSHIP|STATE_TRANSITION|LOSS_OBLIGATION,C1,C1,ACQUISITION|SYNERGY,C,joint defense and task-command negotiation.,disciplined formation and unified-command expertise.,seizure/detention risk and Protector alignment.,,`C/G/L — charter participant or major bounded opposition; not P-001 subordinate by loyalty`.,,UNRESOLVED,UNRESOLVED,UNKNOWN,UNRESOLVED,UNRESOLVED,HEURISTIC_PROVISIONAL,Automated provisional split; category-agent and PM semantic review required,CATEGORY_REVIEW_REQUIRED|ENTITY_MERGE_REQUIRED,NONE
NC-CL-S-000172,docs/09_collection/ga5-collection-registry-v1.md#G5-P02,docs/09_collection/ga5-collection-registry-v1.md,44,GA5,"Commander, Crew and Formation Relationships",G5-P02,FC-002 / Provincial Commodore,NC-CL-R-000526|NC-CL-R-000527|NC-CL-R-000528,RELATIONSHIP|STATE_TRANSITION|LOSS_OBLIGATION,C7,C7,ACQUISITION|SYNERGY,G,"recalls, mandate and provincial contributions.",enforceable burden/exit framework.,withdrawal threats and home-route priority.,,`G — provincial fleet voice with binding but limited obligations`.,,UNRESOLVED,UNRESOLVED,UNKNOWN,UNRESOLVED,UNRESOLVED,HEURISTIC_PROVISIONAL,Automated provisional split; category-agent and PM semantic review required,CATEGORY_REVIEW_REQUIRED|ENTITY_MERGE_REQUIRED,NONE
NC-CL-S-000173,docs/09_collection/ga5-collection-registry-v1.md#G5-P03,docs/09_collection/ga5-collection-registry-v1.md,58,GA5,"Commander, Crew and Formation Relationships",G5-P03,FC-003 / Crown Guard Captain,NC-CL-R-000529|NC-CL-R-000530|NC-CL-R-000531|NC-CL-R-000532,ENTITY|RELATIONSHIP|STATE_TRANSITION|LOSS_OBLIGATION,C1,C1|C7,ACQUISITION|SYNERGY,C,Crown Passage/civilian convoy and public-law protection.,civilian/crown legitimacy in fleet charter.,household/crown priority over wider mission.,,"`C/G — independent formation aligned by mission, not personal P-001 command`.",,UNRESOLVED,UNRESOLVED,UNKNOWN,UNRESOLVED,UNRESOLVED,HEURISTIC_PROVISIONAL,Automated provisional split; category-agent and PM semantic review required,CATEGORY_REVIEW_REQUIRED|ENTITY_MERGE_REQUIRED,NONE
NC-CL-S-000174,docs/09_collection/ga5-collection-registry-v1.md#G5-P04,docs/09_collection/ga5-collection-registry-v1.md,72,GA5,"Commander, Crew and Formation Relationships",G5-P04,FC-004 / Yard Defense Commander,NC-CL-R-000533|NC-CL-R-000534|NC-CL-R-000535|NC-CL-R-000536,ENTITY|RELATIONSHIP|STATE_TRANSITION|LOSS_OBLIGATION,C1,C1|C8,ACQUISITION|SYNERGY,G,"repair tender, yards and pooled readiness.",maintenance/ammunition/support allocation.,"technical leverage, grounding and industrial contracts.",,`G — pooled maintenance actor with retained yard authority`.,,UNRESOLVED,UNRESOLVED,UNKNOWN,UNRESOLVED,UNRESOLVED,HEURISTIC_PROVISIONAL,Automated provisional split; category-agent and PM semantic review required,CATEGORY_REVIEW_REQUIRED|ENTITY_MERGE_REQUIRED,NONE
NC-CL-S-000175,docs/09_collection/ga5-collection-registry-v1.md#G5-P05,docs/09_collection/ga5-collection-registry-v1.md,86,GA5,"Commander, Crew and Formation Relationships",G5-P05,CR-001 / Crew-Oath Representative,NC-CL-R-000537|NC-CL-R-000538|NC-CL-R-000539|NC-CL-R-000540,ENTITY|RELATIONSHIP|STATE_TRANSITION|LOSS_OBLIGATION,C1,C1,ACQUISITION|SYNERGY,G,"disputed ship, pay and refusal crisis.","crew guarantees, representation, rescue/parole and review.",work stoppage/refusal and solidarity shielding misconduct.,,`G — charter crew representation without tactical plebiscite`.,,UNRESOLVED,UNRESOLVED,UNKNOWN,UNRESOLVED,UNRESOLVED,HEURISTIC_PROVISIONAL,Automated provisional split; category-agent and PM semantic review required,CATEGORY_REVIEW_REQUIRED|ENTITY_MERGE_REQUIRED,NONE
NC-CL-S-000176,docs/09_collection/ga5-collection-registry-v1.md#G5-P06,docs/09_collection/ga5-collection-registry-v1.md,100,GA5,"Commander, Crew and Formation Relationships",G5-P06,FC-005 / Outer Front Commander,NC-CL-R-000541|NC-CL-R-000542|NC-CL-R-000543|NC-CL-R-000544,ENTITY|RELATIONSHIP|STATE_TRANSITION|LOSS_OBLIGATION,C1,C1|C7,ACQUISITION|SYNERGY,C,theater relief and performance legitimacy.,"tactical cooperation, local route/support or bounded charter terms.","resource seizure, separate command and rejection.",,`C/L — credible rival or conditional participant entering GA6`.,,UNRESOLVED,UNRESOLVED,UNKNOWN,UNRESOLVED,UNRESOLVED,HEURISTIC_PROVISIONAL,Automated provisional split; category-agent and PM semantic review required,CATEGORY_REVIEW_REQUIRED|ENTITY_MERGE_REQUIRED,NONE
NC-CL-S-000177,docs/09_collection/ga5-collection-registry-v1.md#G5-P07,docs/09_collection/ga5-collection-registry-v1.md,114,GA5,"Commander, Crew and Formation Relationships",G5-P07,Disputed Destroyer Crew,NC-CL-R-000545|NC-CL-R-000546|NC-CL-R-000547|NC-CL-R-000548,ENTITY|RELATIONSHIP|STATE_TRANSITION|LOSS_OBLIGATION,C1,C1|C5,DISCOVERY|ACQUISITION|SYNERGY,G,,first oath/mission/crew agreement.,officers/crew split and reduced readiness.,,`G/L — one ship becomes charter precedent; internal wounds remain`.,,UNRESOLVED,UNRESOLVED,UNKNOWN,UNRESOLVED,UNRESOLVED,HEURISTIC_PROVISIONAL,Automated provisional split; category-agent and PM semantic review required,CATEGORY_REVIEW_REQUIRED|ENTITY_MERGE_REQUIRED,NONE
NC-CL-S-000178,docs/09_collection/ga5-collection-registry-v1.md#G5-P08,docs/09_collection/ga5-collection-registry-v1.md,128,GA5,"Commander, Crew and Formation Relationships",G5-P08,Surrendered/Paroled Formation,NC-CL-R-000549|NC-CL-R-000550|NC-CL-R-000551,RELATIONSHIP|STATE_TRANSITION|LOSS_OBLIGATION,C6,C6,ACQUISITION|SYNERGY,C,,trust/lease/parole and mission-limited service.,"crimes, victim claims, security and repair burden.",,"`C/G/L — some ships join, others ground/leave`.",,UNRESOLVED,UNRESOLVED,UNKNOWN,UNRESOLVED,UNRESOLVED,HEURISTIC_PROVISIONAL,Automated provisional split; category-agent and PM semantic review required,CATEGORY_REVIEW_REQUIRED|ENTITY_MERGE_REQUIRED,NONE
NC-CL-S-000179,docs/09_collection/ga5-collection-registry-v1.md#G5-P09,docs/09_collection/ga5-collection-registry-v1.md,142,GA5,"Commander, Crew and Formation Relationships",G5-P09,Yard/Repair Worker Network,NC-CL-R-000552|NC-CL-R-000553|NC-CL-R-000554|NC-CL-R-000555,ENTITY|RELATIONSHIP|STATE_TRANSITION|LOSS_OBLIGATION,C6,C6|C8,SYNERGY,G,,"tender/yard operation, pooled parts and safety.","overwork, political pressure and labor leverage.",,`G — formal fleet-support constituency`.,,UNRESOLVED,UNRESOLVED,UNKNOWN,UNRESOLVED,UNRESOLVED,HEURISTIC_PROVISIONAL,Automated provisional split; category-agent and PM semantic review required,CATEGORY_REVIEW_REQUIRED|ENTITY_MERGE_REQUIRED,NONE
NC-CL-S-000180,docs/09_collection/ga5-collection-registry-v1.md#G5-P10,docs/09_collection/ga5-collection-registry-v1.md,153,GA5,"Commander, Crew and Formation Relationships",G5-P10,Provincial/Civilian Route Stakeholders,NC-CL-R-000556|NC-CL-R-000557|NC-CL-R-000558|NC-CL-R-000559,ENTITY|RELATIONSHIP|STATE_TRANSITION|LOSS_OBLIGATION,C8,C8,SYNERGY,G,,"mission mandate, burden and recall decisions.",competing home needs and unequal protection.,,"`G/L — some signatories remain, others withdraw`. --",,UNRESOLVED,UNRESOLVED,UNKNOWN,UNRESOLVED,UNRESOLVED,HEURISTIC_PROVISIONAL,Automated provisional split; category-agent and PM semantic review required,CATEGORY_REVIEW_REQUIRED|ENTITY_MERGE_REQUIRED,NONE
NC-CL-S-000181,docs/09_collection/ga5-collection-registry-v1.md#G5-C01,docs/09_collection/ga5-collection-registry-v1.md,168,GA5,Fleet Charter and Command Targets,G5-C01,7–10 Day Vesper Shared Mandate,NC-CL-R-000560|NC-CL-R-000561|NC-CL-R-000562,CONTROL_CLAIM|STATE_TRANSITION|LOSS_OBLIGATION,C7,C7,SYNERGY|COMPLETION_LEGACY,G,E451–457.,depot/Talren defense and service.,narrow scope and excluded ships.,,,,UNRESOLVED,UNRESOLVED,UNKNOWN,UNRESOLVED,UNRESOLVED,HEURISTIC_PROVISIONAL,Automated provisional split; category-agent and PM semantic review required,CATEGORY_REVIEW_REQUIRED|ENTITY_MERGE_REQUIRED,NONE
NC-CL-S-000182,docs/09_collection/ga5-collection-registry-v1.md#G5-C02,docs/09_collection/ga5-collection-registry-v1.md,182,GA5,Fleet Charter and Command Targets,G5-C02,Ship-Specific Oath and Mission Agreement,NC-CL-R-000563|NC-CL-R-000564|NC-CL-R-000565,CONTROL_CLAIM|STATE_TRANSITION|LOSS_OBLIGATION,C5,C5|C7,ACQUISITION|SYNERGY|COMPLETION_LEGACY,G,E458–464.,disputed destroyer operation and crew representation.,reduced readiness and personnel split.,,`G/R — template for fleet charter`.,,UNRESOLVED,UNRESOLVED,UNKNOWN,UNRESOLVED,UNRESOLVED,SPECIALIST_CORRECTED,Automated provisional split; category-agent and PM semantic review required,PM_MERGE_REQUIRED|ENTITY_MERGE_REQUIRED,NONE
NC-CL-S-000183,docs/09_collection/ga5-collection-registry-v1.md#G5-C03,docs/09_collection/ga5-collection-registry-v1.md,196,GA5,Fleet Charter and Command Targets,G5-C03,Standing Defensive Intent,NC-CL-R-000566|NC-CL-R-000567|NC-CL-R-000568,CONTROL_CLAIM|STATE_TRANSITION|LOSS_OBLIGATION,C7,C7,SYNERGY|COMPLETION_LEGACY,G,E465–472.,autonomous action under comm/authentication delay.,interpretation error and central-command critique.,,`G`.,,UNRESOLVED,UNRESOLVED,UNKNOWN,UNRESOLVED,UNRESOLVED,SPECIALIST_CORRECTED,Automated provisional split; category-agent and PM semantic review required,PM_MERGE_REQUIRED|ENTITY_MERGE_REQUIRED,NONE
NC-CL-S-000184,docs/09_collection/ga5-collection-registry-v1.md#G5-C04,docs/09_collection/ga5-collection-registry-v1.md,210,GA5,Fleet Charter and Command Targets,G5-C04,Common Fleet Charter v0.1,NC-CL-R-000569|NC-CL-R-000570|NC-CL-R-000571,CONTROL_CLAIM|STATE_TRANSITION|LOSS_OBLIGATION,C7,C7,SYNERGY|COMPLETION_LEGACY,G,E473–480.,,no strong burden/recall/rescue integration.,,,,UNRESOLVED,UNRESOLVED,UNKNOWN,UNRESOLVED,UNRESOLVED,HEURISTIC_PROVISIONAL,Automated provisional split; category-agent and PM semantic review required,CATEGORY_REVIEW_REQUIRED|ENTITY_MERGE_REQUIRED,NONE
NC-CL-S-000185,docs/09_collection/ga5-collection-registry-v1.md#G5-C05,docs/09_collection/ga5-collection-registry-v1.md,224,GA5,Fleet Charter and Command Targets,G5-C05,Crew Pay/Pension/Family Guarantee,NC-CL-R-000572|NC-CL-R-000573|NC-CL-R-000574|NC-CL-R-000575|NC-CL-R-000576,ENTITY|RELATIONSHIP|CONTROL_CLAIM|STATE_TRANSITION|LOSS_OBLIGATION,C1,C1,SYNERGY|COMPLETION_LEGACY,G,E481–502.,prevents total desertion and makes mission obligation credible.,"money, records, uneven contributors and fraud/exclusion.",,`G — incomplete but operational`.,,UNRESOLVED,UNRESOLVED,UNKNOWN,UNRESOLVED,UNRESOLVED,HEURISTIC_PROVISIONAL,Automated provisional split; category-agent and PM semantic review required,CATEGORY_REVIEW_REQUIRED|ENTITY_MERGE_REQUIRED,NONE
NC-CL-S-000186,docs/09_collection/ga5-collection-registry-v1.md#G5-C06,docs/09_collection/ga5-collection-registry-v1.md,238,GA5,Fleet Charter and Command Targets,G5-C06,Rescue/Parole/Surrender Protocol,NC-CL-R-000577|NC-CL-R-000578|NC-CL-R-000579,CONTROL_CLAIM|STATE_TRANSITION|LOSS_OBLIGATION,C6,C6,ACQUISITION|SYNERGY|COMPLETION_LEGACY,G,E495–510.,surrendered/disputed crews and captured ships.,"public backlash, security and victims’ claims.",,`G`.,,UNRESOLVED,UNRESOLVED,UNKNOWN,UNRESOLVED,UNRESOLVED,HEURISTIC_PROVISIONAL,Automated provisional split; category-agent and PM semantic review required,CATEGORY_REVIEW_REQUIRED|ENTITY_MERGE_REQUIRED,NONE
NC-CL-S-000187,docs/09_collection/ga5-collection-registry-v1.md#G5-C07,docs/09_collection/ga5-collection-registry-v1.md,252,GA5,Fleet Charter and Command Targets,G5-C07,Prize/Title Trust Rule,NC-CL-R-000580|NC-CL-R-000581|NC-CL-R-000582|NC-CL-R-000583,RELATIONSHIP|CONTROL_CLAIM|STATE_TRANSITION|LOSS_OBLIGATION,C6,C6,SYNERGY|COMPLETION_LEGACY,G,E503–510.,no personal/faction capture of surrendered hulls.,legal/financial complexity and repair obligations.,,`G`.,,UNRESOLVED,UNRESOLVED,UNKNOWN,UNRESOLVED,UNRESOLVED,HEURISTIC_PROVISIONAL,Automated provisional split; category-agent and PM semantic review required,CATEGORY_REVIEW_REQUIRED|ENTITY_MERGE_REQUIRED,NONE
NC-CL-S-000188,docs/09_collection/ga5-collection-registry-v1.md#G5-C08,docs/09_collection/ga5-collection-registry-v1.md,266,GA5,Fleet Charter and Command Targets,G5-C08,Recall/Exit Framework,NC-CL-R-000584|NC-CL-R-000585|NC-CL-R-000586,CONTROL_CLAIM|STATE_TRANSITION|LOSS_OBLIGATION,C7,C7,SYNERGY|COMPLETION_LEGACY,G,E511–517.,"notice, replacement, remaining obligations and emergency exceptions.",still permits damaging withdrawal.,,,,UNRESOLVED,UNRESOLVED,UNKNOWN,UNRESOLVED,UNRESOLVED,HEURISTIC_PROVISIONAL,Automated provisional split; category-agent and PM semantic review required,CATEGORY_REVIEW_REQUIRED|ENTITY_MERGE_REQUIRED,NONE
NC-CL-S-000189,docs/09_collection/ga5-collection-registry-v1.md#G5-C09,docs/09_collection/ga5-collection-registry-v1.md,280,GA5,Fleet Charter and Command Targets,G5-C09,Common Fleet Charter v0.2,NC-CL-R-000587|NC-CL-R-000588|NC-CL-R-000589,CONTROL_CLAIM|STATE_TRANSITION|LOSS_OBLIGATION,C7,C7,SYNERGY|COMPLETION_LEGACY,G,E534–540.,,formations refuse and command remains slow.,,,,UNRESOLVED,UNRESOLVED,UNKNOWN,UNRESOLVED,UNRESOLVED,HEURISTIC_PROVISIONAL,Automated provisional split; category-agent and PM semantic review required,CATEGORY_REVIEW_REQUIRED|ENTITY_MERGE_REQUIRED,NONE
NC-CL-S-000190,docs/09_collection/ga5-collection-registry-v1.md#G5-C10,docs/09_collection/ga5-collection-registry-v1.md,294,GA5,Fleet Charter and Command Targets,G5-C10,Delegated Formation Command and Standing Rules,NC-CL-R-000590|NC-CL-R-000591|NC-CL-R-000592,CONTROL_CLAIM|STATE_TRANSITION|LOSS_OBLIGATION,C7,C7,SYNERGY|COMPLETION_LEGACY,G,,fronts operate without P-001 real-time control.,misinterpretation and distributed responsibility.,,`G`.,,UNRESOLVED,UNRESOLVED,UNKNOWN,UNRESOLVED,UNRESOLVED,HEURISTIC_PROVISIONAL,Automated provisional split; category-agent and PM semantic review required,CATEGORY_REVIEW_REQUIRED|ENTITY_MERGE_REQUIRED,NONE
NC-CL-S-000191,docs/09_collection/ga5-collection-registry-v1.md#G5-C11,docs/09_collection/ga5-collection-registry-v1.md,308,GA5,Fleet Charter and Command Targets,G5-C11,Common Fleet Charter v1.0,NC-CL-R-000593|NC-CL-R-000594|NC-CL-R-000595,CONTROL_CLAIM|STATE_TRANSITION|LOSS_OBLIGATION,C7,C7,COMPLETION_LEGACY,G,E564–570.,,not universally signed; slower and vulnerable to guild/capture.,,`G — grand-act institutional reward`.,,UNRESOLVED,UNRESOLVED,UNKNOWN,UNRESOLVED,UNRESOLVED,HEURISTIC_PROVISIONAL,Automated provisional split; category-agent and PM semantic review required,CATEGORY_REVIEW_REQUIRED|ENTITY_MERGE_REQUIRED,NONE
NC-CL-S-000192,docs/09_collection/ga5-collection-registry-v1.md#G5-C12,docs/09_collection/ga5-collection-registry-v1.md,334,GA5,Fleet Charter and Command Targets,G5-C12,Bounded P-001 Theater/Task Command,NC-CL-R-000596|NC-CL-R-000597|NC-CL-R-000598,CONTROL_CLAIM|STATE_TRANSITION|LOSS_OBLIGATION,C7,C7,SYNERGY|COMPLETION_LEGACY,C,E541–570 through mandate/performance.,one defined campaign/theater operation.,"audit, limited scope, no title/pay/keys monopoly and valid refusals.",,`C/G — recognized but not permanent fleet ownership`. --,,UNRESOLVED,UNRESOLVED,UNKNOWN,UNRESOLVED,UNRESOLVED,HEURISTIC_PROVISIONAL,Automated provisional split; category-agent and PM semantic review required,CATEGORY_REVIEW_REQUIRED|ENTITY_MERGE_REQUIRED,NONE
NC-CL-S-000193,docs/09_collection/ga5-collection-registry-v1.md#G5-L01,docs/09_collection/ga5-collection-registry-v1.md,352,GA5,"Logistics, Repair and Readiness Targets",G5-L01,Vesper Depot Shared Access,NC-CL-R-000599|NC-CL-R-000600|NC-CL-R-000601,CONTROL_CLAIM|STATE_TRANSITION|LOSS_OBLIGATION,C1,C1,ACQUISITION|SYNERGY|COMPLETION_LEGACY,G,E451–457.,"fuel, food, medicine, missiles and support.","rationing, worker/civil authority and security conflict.",,`G/L — still contested and depleted`.,,UNRESOLVED,UNRESOLVED,UNKNOWN,UNRESOLVED,UNRESOLVED,HEURISTIC_PROVISIONAL,Automated provisional split; category-agent and PM semantic review required,CATEGORY_REVIEW_REQUIRED|ENTITY_MERGE_REQUIRED,NONE
NC-CL-S-000194,docs/09_collection/ga5-collection-registry-v1.md#G5-L02,docs/09_collection/ga5-collection-registry-v1.md,366,GA5,"Logistics, Repair and Readiness Targets",G5-L02,Mobile Repair Tender,NC-CL-R-000602|NC-CL-R-000603|NC-CL-R-000604,ENTITY|STATE_TRANSITION|LOSS_OBLIGATION,C5,C5|C6,SYNERGY|COMPLETION_LEGACY,G,,mobile readiness and field repair.,"vulnerable, damaged and crew/parts constrained.",,`G/L — operational but heavily used/damaged`.,,UNRESOLVED,UNRESOLVED,UNKNOWN,UNRESOLVED,UNRESOLVED,SPECIALIST_CORRECTED,Automated provisional split; category-agent and PM semantic review required,PM_MERGE_REQUIRED|ENTITY_MERGE_REQUIRED,NONE
NC-CL-S-000195,docs/09_collection/ga5-collection-registry-v1.md#G5-L03,docs/09_collection/ga5-collection-registry-v1.md,380,GA5,"Logistics, Repair and Readiness Targets",G5-L03,Pooled Maintenance and Readiness Board,NC-CL-R-000605|NC-CL-R-000606,STATE_TRANSITION|LOSS_OBLIGATION,C1,C1,SYNERGY|COMPLETION_LEGACY,G,E488–494.,allocates yard/tender/parts by mission/readiness with worker/technical voice.,grounds powerful ships and creates technical governance power.,,`G`.,,UNRESOLVED,UNRESOLVED,UNKNOWN,UNRESOLVED,UNRESOLVED,HEURISTIC_PROVISIONAL,Automated provisional split; category-agent and PM semantic review required,CATEGORY_REVIEW_REQUIRED|ENTITY_MERGE_REQUIRED,NONE
NC-CL-S-000196,docs/09_collection/ga5-collection-registry-v1.md#G5-L04,docs/09_collection/ga5-collection-registry-v1.md,394,GA5,"Logistics, Repair and Readiness Targets",G5-L04,Distributed Parts and Cannibalization Pool,NC-CL-R-000607|NC-CL-R-000608,STATE_TRANSITION|LOSS_OBLIGATION,C6,C6,SYNERGY|COMPLETION_LEGACY,G,E481–510.,interoperability and emergency repair.,title/labor/long-term fleet depletion.,,`G/L — many spares consumed`.,,UNRESOLVED,UNRESOLVED,UNKNOWN,UNRESOLVED,UNRESOLVED,HEURISTIC_PROVISIONAL,Automated provisional split; category-agent and PM semantic review required,CATEGORY_REVIEW_REQUIRED|ENTITY_MERGE_REQUIRED,NONE
NC-CL-S-000197,docs/09_collection/ga5-collection-registry-v1.md#G5-L05,docs/09_collection/ga5-collection-registry-v1.md,408,GA5,"Logistics, Repair and Readiness Targets",G5-L05,Missile/Countermeasure Allocation Pool,NC-CL-R-000609|NC-CL-R-000610|NC-CL-R-000611,ENTITY|STATE_TRANSITION|LOSS_OBLIGATION,C3,C3,SYNERGY|COMPLETION_LEGACY,G,through Depot/charter.,campaign endurance.,one front under-armed; strategic reserve depleted.,,`G/L — severe depletion creates GA6 constraint`.,,UNRESOLVED,UNRESOLVED,UNKNOWN,UNRESOLVED,UNRESOLVED,HEURISTIC_PROVISIONAL,Automated provisional split; category-agent and PM semantic review required,CATEGORY_REVIEW_REQUIRED|ENTITY_MERGE_REQUIRED,NONE
NC-CL-S-000198,docs/09_collection/ga5-collection-registry-v1.md#G5-L06,docs/09_collection/ga5-collection-registry-v1.md,422,GA5,"Logistics, Repair and Readiness Targets",G5-L06,Multi-Authority Payroll and Family Ledger,NC-CL-R-000612|NC-CL-R-000613|NC-CL-R-000614,CONTROL_CLAIM|STATE_TRANSITION|LOSS_OBLIGATION,C7,C7,SYNERGY|COMPLETION_LEGACY,G,Treasury/provinces/Crown/yards/Neutral support.,pay/pension/family continuation.,"complex identity, fraud and unequal guarantees.",,"`G — operational, not fully funded`.",,UNRESOLVED,UNRESOLVED,UNKNOWN,UNRESOLVED,UNRESOLVED,HEURISTIC_PROVISIONAL,Automated provisional split; category-agent and PM semantic review required,CATEGORY_REVIEW_REQUIRED|ENTITY_MERGE_REQUIRED,NONE
NC-CL-S-000199,docs/09_collection/ga5-collection-registry-v1.md#G5-L07,docs/09_collection/ga5-collection-registry-v1.md,436,GA5,"Logistics, Repair and Readiness Targets",G5-L07,Fleet Authentication/Courier Mesh,NC-CL-R-000615|NC-CL-R-000616|NC-CL-R-000617,CONTROL_CLAIM|STATE_TRANSITION|LOSS_OBLIGATION,C6,C6,SYNERGY|COMPLETION_LEGACY,G,GA4 safe-passage/Continuity + S-001 + local/physical courier.,orders under network attack and plural keys.,"delay, metadata and inconsistent trust.",,`G/R — standing intent compensates for gaps`.,,UNRESOLVED,UNRESOLVED,UNKNOWN,UNRESOLVED,UNRESOLVED,HEURISTIC_PROVISIONAL,Automated provisional split; category-agent and PM semantic review required,CATEGORY_REVIEW_REQUIRED|ENTITY_MERGE_REQUIRED,NONE
NC-CL-S-000200,docs/09_collection/ga5-collection-registry-v1.md#G5-L08,docs/09_collection/ga5-collection-registry-v1.md,450,GA5,"Logistics, Repair and Readiness Targets",G5-L08,Civilian Convoy/Route Capacity,NC-CL-R-000618|NC-CL-R-000619|NC-CL-R-000620,ENTITY|STATE_TRANSITION|LOSS_OBLIGATION,C5,C5|C8,SYNERGY|COMPLETION_LEGACY,G,,E511–570. Talren/Civilian Chain movement and protection.,"escorts, fuel, rescue capacity and Orpheus concentration.",,"`G/L — many civilians moved toward V08, creating GA6 pressure`.",,UNRESOLVED,UNRESOLVED,UNKNOWN,UNRESOLVED,UNRESOLVED,HEURISTIC_PROVISIONAL,Automated provisional split; category-agent and PM semantic review required,CATEGORY_REVIEW_REQUIRED|ENTITY_MERGE_REQUIRED,NONE
NC-CL-S-000201,docs/09_collection/ga5-collection-registry-v1.md#G5-L09,docs/09_collection/ga5-collection-registry-v1.md,464,GA5,"Logistics, Repair and Readiness Targets",G5-L09,Fleet Casualty and Repair Debt Ledger,NC-CL-R-000621|NC-CL-R-000622,STATE_TRANSITION|LOSS_OBLIGATION,C6,C6,SYNERGY|COMPLETION_LEGACY,G,after every operation.,prevents reset and assigns compensation/repair/audit.,"political blame, delays and no perfect attribution.",,`G — heavy unresolved debt`. --,,UNRESOLVED,UNRESOLVED,UNKNOWN,UNRESOLVED,UNRESOLVED,HEURISTIC_PROVISIONAL,Automated provisional split; category-agent and PM semantic review required,CATEGORY_REVIEW_REQUIRED|ENTITY_MERGE_REQUIRED,NONE
NC-CL-S-000202,docs/09_collection/ga5-collection-registry-v1.md#G5-F01,docs/09_collection/ga5-collection-registry-v1.md,482,GA5,Formation and Operational Targets,G5-F01,Initial Vesper Task Force,NC-CL-R-000623,STATE_TRANSITION,C7,C7,SYNERGY|COMPLETION_LEGACY,G,E473–480.,,,,,,UNRESOLVED,UNRESOLVED,UNKNOWN,UNRESOLVED,UNRESOLVED,HEURISTIC_PROVISIONAL,Automated provisional split; category-agent and PM semantic review required,CATEGORY_REVIEW_REQUIRED|ENTITY_MERGE_REQUIRED,NONE
NC-CL-S-000203,docs/09_collection/ga5-collection-registry-v1.md#G5-F02,docs/09_collection/ga5-collection-registry-v1.md,493,GA5,Formation and Operational Targets,G5-F02,Maintenance-Supported Charter Formation,NC-CL-R-000624|NC-CL-R-000625|NC-CL-R-000626,CONTROL_CLAIM|STATE_TRANSITION|LOSS_OBLIGATION,C7,C7,SYNERGY|COMPLETION_LEGACY,G,E503–510.,,many grounded/conditional ships.,,,,UNRESOLVED,UNRESOLVED,UNKNOWN,UNRESOLVED,UNRESOLVED,HEURISTIC_PROVISIONAL,Automated provisional split; category-agent and PM semantic review required,CATEGORY_REVIEW_REQUIRED|ENTITY_MERGE_REQUIRED,NONE
NC-CL-S-000204,docs/09_collection/ga5-collection-registry-v1.md#G5-F03,docs/09_collection/ga5-collection-registry-v1.md,507,GA5,Formation and Operational Targets,G5-F03,Provincial Contribution Network,NC-CL-R-000627|NC-CL-R-000628|NC-CL-R-000629,ENTITY|STATE_TRANSITION|LOSS_OBLIGATION,C6,C6,SYNERGY|COMPLETION_LEGACY,G,E511–540.,distributed routes and formations.,recalls and uneven commitments.,,`G/L`.,,UNRESOLVED,UNRESOLVED,UNKNOWN,UNRESOLVED,UNRESOLVED,HEURISTIC_PROVISIONAL,Automated provisional split; category-agent and PM semantic review required,CATEGORY_REVIEW_REQUIRED|ENTITY_MERGE_REQUIRED,NONE
NC-CL-S-000205,docs/09_collection/ga5-collection-registry-v1.md#G5-F04,docs/09_collection/ga5-collection-registry-v1.md,521,GA5,Formation and Operational Targets,G5-F04,Outer Front Cooperation,NC-CL-R-000630|NC-CL-R-000631,STATE_TRANSITION|LOSS_OBLIGATION,C7,C7,SYNERGY|COMPLETION_LEGACY,C,E525–533.,local route/forces and major theater operation.,FC-005 authority and political concessions.,,`C/L`.,,UNRESOLVED,UNRESOLVED,UNKNOWN,UNRESOLVED,UNRESOLVED,HEURISTIC_PROVISIONAL,Automated provisional split; category-agent and PM semantic review required,CATEGORY_REVIEW_REQUIRED|ENTITY_MERGE_REQUIRED,NONE
NC-CL-S-000206,docs/09_collection/ga5-collection-registry-v1.md#G5-F05,docs/09_collection/ga5-collection-registry-v1.md,535,GA5,Formation and Operational Targets,G5-F05,Crown/Civilian Escort Commitment,NC-CL-R-000632|NC-CL-R-000633,STATE_TRANSITION|LOSS_OBLIGATION,C7,C7,SYNERGY|COMPLETION_LEGACY,G,E518–524.,civilian route/public legitimacy.,military front weakened.,,`G`.,,UNRESOLVED,UNRESOLVED,UNKNOWN,UNRESOLVED,UNRESOLVED,HEURISTIC_PROVISIONAL,Automated provisional split; category-agent and PM semantic review required,CATEGORY_REVIEW_REQUIRED|ENTITY_MERGE_REQUIRED,NONE
NC-CL-S-000207,docs/09_collection/ga5-collection-registry-v1.md#G5-F06,docs/09_collection/ga5-collection-registry-v1.md,549,GA5,Formation and Operational Targets,G5-F06,Ownerless Fleet Network,NC-CL-R-000634|NC-CL-R-000635|NC-CL-R-000636,ENTITY|STATE_TRANSITION|LOSS_OBLIGATION,C5,C5|C7,SYNERGY|COMPLETION_LEGACY,G,E541–570.,common campaign and later evacuation/war.,"not universally commanded, heavily depleted and politically divided.",,"`G — grand-act fleet state, not P-001 personal roster`.",,UNRESOLVED,UNRESOLVED,UNKNOWN,UNRESOLVED,UNRESOLVED,SPECIALIST_CORRECTED,Automated provisional split; category-agent and PM semantic review required,PM_MERGE_REQUIRED|ENTITY_MERGE_REQUIRED,NONE
NC-CL-S-000208,docs/09_collection/ga5-collection-registry-v1.md#G5-F07,docs/09_collection/ga5-collection-registry-v1.md,566,GA5,Formation and Operational Targets,G5-F07,Autonomous Front Victory Record,NC-CL-R-000637|NC-CL-R-000638|NC-CL-R-000639,CONTROL_CLAIM|STATE_TRANSITION|LOSS_OBLIGATION,C7,C7,SYNERGY|COMPLETION_LEGACY,G,E548–554.,proves shared intent works without P-001.,another front may fail or interpret differently.,,"`G/R — distributed credit, not single hero record`.",,UNRESOLVED,UNRESOLVED,UNKNOWN,UNRESOLVED,UNRESOLVED,HEURISTIC_PROVISIONAL,Automated provisional split; category-agent and PM semantic review required,CATEGORY_REVIEW_REQUIRED|ENTITY_MERGE_REQUIRED,NONE
NC-CL-S-000209,docs/09_collection/ga5-collection-registry-v1.md#G5-F08,docs/09_collection/ga5-collection-registry-v1.md,580,GA5,Formation and Operational Targets,G5-F08,Under-Resourced Front Loss,NC-CL-R-000640|NC-CL-R-000641,STATE_TRANSITION|LOSS_OBLIGATION,C1,C1,SYNERGY|COMPLETION_LEGACY,G,E555–563.,demonstrates allocation cost and feeds Orpheus.,ships/people/route lost and responsibility disputed.,,`G — irreversible negative state`. --,,UNRESOLVED,UNRESOLVED,UNKNOWN,UNRESOLVED,UNRESOLVED,HEURISTIC_PROVISIONAL,Automated provisional split; category-agent and PM semantic review required,CATEGORY_REVIEW_REQUIRED|ENTITY_MERGE_REQUIRED,NONE
NC-CL-S-000210,docs/09_collection/ga5-collection-registry-v1.md#G5-X01,docs/09_collection/ga5-collection-registry-v1.md,598,GA5,"Mystery, Symbolic and GA6 Bridge Targets",G5-X01,Future Hero-Fleet Compression,NC-CL-R-000642|NC-CL-R-000643,STATE_TRANSITION|NARRATIVE_PROMISE,C4,C4,DISCOVERY|COMPLETION_LEGACY,R,,,,,`R`.,ownerless charter reveals distributed authorship.,UNRESOLVED,UNRESOLVED,UNKNOWN,UNRESOLVED,UNRESOLVED,HEURISTIC_PROVISIONAL,Automated provisional split; category-agent and PM semantic review required,CATEGORY_REVIEW_REQUIRED|ENTITY_MERGE_REQUIRED,NONE
NC-CL-S-000211,docs/09_collection/ga5-collection-registry-v1.md#G5-X02,docs/09_collection/ga5-collection-registry-v1.md,609,GA5,"Mystery, Symbolic and GA6 Bridge Targets",G5-X02,Continuity Preference for Unified Command,NC-CL-R-000644|NC-CL-R-000645|NC-CL-R-000646,CONTROL_CLAIM|STATE_TRANSITION|NARRATIVE_PROMISE,C4,C4|C7,DISCOVERY|SYNERGY|COMPLETION_LEGACY,G,,makes later Seed regime credible.,,,"`G/R — technically useful, politically incomplete`.",,UNRESOLVED,UNRESOLVED,UNKNOWN,UNRESOLVED,UNRESOLVED,HEURISTIC_PROVISIONAL,Automated provisional split; category-agent and PM semantic review required,CATEGORY_REVIEW_REQUIRED|ENTITY_MERGE_REQUIRED,NONE
NC-CL-S-000212,docs/09_collection/ga5-collection-registry-v1.md#G5-X03,docs/09_collection/ga5-collection-registry-v1.md,620,GA5,"Mystery, Symbolic and GA6 Bridge Targets",G5-X03,P-001 Connective Command Pattern,NC-CL-R-000647|NC-CL-R-000648|NC-CL-R-000649,CONTROL_CLAIM|STATE_TRANSITION|NARRATIVE_PROMISE,C4,C4|C7,DISCOVERY|COMPLETION_LEGACY,C,,,,,`C/R — supports unrecorded-connector mystery`.,,UNRESOLVED,UNRESOLVED,UNKNOWN,UNRESOLVED,UNRESOLVED,HEURISTIC_PROVISIONAL,Automated provisional split; category-agent and PM semantic review required,CATEGORY_REVIEW_REQUIRED|ENTITY_MERGE_REQUIRED,NONE
NC-CL-S-000213,docs/09_collection/ga5-collection-registry-v1.md#G5-X04,docs/09_collection/ga5-collection-registry-v1.md,628,GA5,"Mystery, Symbolic and GA6 Bridge Targets",G5-X04,Original Orpheus Structural Match,NC-CL-R-000650|NC-CL-R-000651,STATE_TRANSITION|NARRATIVE_PROMISE,C4,C4,DISCOVERY|COMPLETION_LEGACY,I,,,,,`I — direct GA6 trigger`.,,UNRESOLVED,UNRESOLVED,UNKNOWN,UNRESOLVED,UNRESOLVED,HEURISTIC_PROVISIONAL,Automated provisional split; category-agent and PM semantic review required,CATEGORY_REVIEW_REQUIRED|ENTITY_MERGE_REQUIRED,NONE
NC-CL-S-000214,docs/09_collection/ga5-collection-registry-v1.md#G5-I01,docs/09_collection/ga5-collection-registry-v1.md,636,GA5,"Mystery, Symbolic and GA6 Bridge Targets",G5-I01,“Ownerless Fleet” Public Narrative,NC-CL-R-000652|NC-CL-R-000653|NC-CL-R-000654,STATE_TRANSITION|LOSS_OBLIGATION|NARRATIVE_PROMISE,C4,C4,DISCOVERY|COMPLETION_LEGACY,R,,,can mask hidden command and accountability problems.,,`R/G`.,,UNRESOLVED,UNRESOLVED,UNKNOWN,UNRESOLVED,UNRESOLVED,HEURISTIC_PROVISIONAL,Automated provisional split; category-agent and PM semantic review required,CATEGORY_REVIEW_REQUIRED|ENTITY_MERGE_REQUIRED,NONE
NC-CL-S-000215,docs/09_collection/ga5-collection-registry-v1.md#G5-I02,docs/09_collection/ga5-collection-registry-v1.md,647,GA5,"Mystery, Symbolic and GA6 Bridge Targets",G5-I02,Borrowed Command Principle,NC-CL-R-000655|NC-CL-R-000656|NC-CL-R-000657|NC-CL-R-000658,CONTROL_CLAIM|STATE_TRANSITION|LOSS_OBLIGATION|NARRATIVE_PROMISE,C4,C4|C7,DISCOVERY|SYNERGY|COMPLETION_LEGACY,G,mission-specific command rather than permanent ownership.,GA6–10 distributed authority.,"delay, withdrawal and unclear responsibility.",,`G`. --,,UNRESOLVED,UNRESOLVED,UNKNOWN,UNRESOLVED,UNRESOLVED,HEURISTIC_PROVISIONAL,Automated provisional split; category-agent and PM semantic review required,CATEGORY_REVIEW_REQUIRED|ENTITY_MERGE_REQUIRED,NONE
NC-CL-S-000216,docs/09_collection/ga6-collection-registry-v1.md#G6-P01,docs/09_collection/ga6-collection-registry-v1.md,31,GA6,Decision Constituencies and Relationships,G6-P01,State/Capital Continuity Group,NC-CL-R-000659|NC-CL-R-000660,STATE_TRANSITION|LOSS_OBLIGATION,C7,C7,ACQUISITION|SYNERGY|COMPLETION_LEGACY,G,shared emergency council and institutional-dependency verification.,"releases selected escorts/functions, accepts distributed transit or contests it under bounded process.","central operational integrity, ships, staff and future war capacity.",,`G/L — major functions survive in distributed form; intact State group does not`.,,UNRESOLVED,UNRESOLVED,UNKNOWN,UNRESOLVED,UNRESOLVED,HEURISTIC_PROVISIONAL,Automated provisional split; category-agent and PM semantic review required,CATEGORY_REVIEW_REQUIRED|ENTITY_MERGE_REQUIRED,NONE
NC-CL-S-000217,docs/09_collection/ga6-collection-registry-v1.md#G6-P02,docs/09_collection/ga6-collection-registry-v1.md,48,GA6,Decision Constituencies and Relationships,G6-P02,Civilian Convoy Council Network,NC-CL-R-000661|NC-CL-R-000662|NC-CL-R-000663,ENTITY|STATE_TRANSITION|LOSS_OBLIGATION,C5,C5|C6|C7,ACQUISITION|SYNERGY,G,"census, public route information and manifest representation.","traffic discipline, supplies and mixed-window decisions.","organized groups cannot speak for every ship; some are deprioritized, refuse or break formation.",,"`G/L — several councils/routes survive, no unified civilian fleet`.",,UNRESOLVED,UNRESOLVED,UNKNOWN,UNRESOLVED,UNRESOLVED,HEURISTIC_PROVISIONAL,Automated provisional split; category-agent and PM semantic review required,CATEGORY_REVIEW_REQUIRED|ENTITY_MERGE_REQUIRED,NONE
NC-CL-S-000218,docs/09_collection/ga6-collection-registry-v1.md#G6-P03,docs/09_collection/ga6-collection-registry-v1.md,65,GA6,Decision Constituencies and Relationships,G6-P03,Institutional Distribution Team,NC-CL-R-000664|NC-CL-R-000665,STATE_TRANSITION|LOSS_OBLIGATION,C7,C7,ACQUISITION|SYNERGY,G,minimum viable service/function decomposition.,"command, hospital, payment, Registry and technical functions dispersed across ships/nodes.","one or more institutions lose scale, identity, staff or operational capability permanently.",,`G/L — plural functions survive; central institution set is broken`.,,UNRESOLVED,UNRESOLVED,UNKNOWN,UNRESOLVED,UNRESOLVED,HEURISTIC_PROVISIONAL,Automated provisional split; category-agent and PM semantic review required,CATEGORY_REVIEW_REQUIRED|ENTITY_MERGE_REQUIRED,NONE
NC-CL-S-000219,docs/09_collection/ga6-collection-registry-v1.md#G6-P04,docs/09_collection/ga6-collection-registry-v1.md,82,GA6,Decision Constituencies and Relationships,G6-P04,Neutral Rescue Coalition,NC-CL-R-000666|NC-CL-R-000667|NC-CL-R-000668|NC-CL-R-000669,ENTITY|RELATIONSHIP|STATE_TRANSITION|LOSS_OBLIGATION,C7,C7,ACQUISITION|SYNERGY,G,"rescue capacity, insurance, medical triage and side routes.","defined exceptions, boarding/disarmament and future obligations.","refusals, exhausted ships/crews and damaged neutrality.",,"`G/L — some branches/captains remain committed, others withdraw from future guarantees`.",,UNRESOLVED,UNRESOLVED,UNKNOWN,UNRESOLVED,UNRESOLVED,HEURISTIC_PROVISIONAL,Automated provisional split; category-agent and PM semantic review required,CATEGORY_REVIEW_REQUIRED|ENTITY_MERGE_REQUIRED,NONE
NC-CL-S-000220,docs/09_collection/ga6-collection-registry-v1.md#G6-P05,docs/09_collection/ga6-collection-registry-v1.md,99,GA6,Decision Constituencies and Relationships,G6-P05,Orpheus Local Node/Worker Authority,NC-CL-R-000670|NC-CL-R-000671|NC-CL-R-000672|NC-CL-R-000673,ENTITY|CONTROL_CLAIM|STATE_TRANSITION|LOSS_OBLIGATION,C1,C1|C7|C8,ACQUISITION|SYNERGY,G,"thermal, structural, traffic and local-risk authority.",Windows A/B/C and holdout/local-shelter operations.,"node damage, worker casualties, local defense/power/route loss.",,`G/L — local custody survives in reduced/damaged form; no external ownership`.,,UNRESOLVED,UNRESOLVED,UNKNOWN,UNRESOLVED,UNRESOLVED,HEURISTIC_PROVISIONAL,Automated provisional split; category-agent and PM semantic review required,CATEGORY_REVIEW_REQUIRED|ENTITY_MERGE_REQUIRED,NONE
NC-CL-S-000221,docs/09_collection/ga6-collection-registry-v1.md#G6-P06,docs/09_collection/ga6-collection-registry-v1.md,116,GA6,Decision Constituencies and Relationships,G6-P06,Holdout/Stay Communities,NC-CL-R-000674|NC-CL-R-000675|NC-CL-R-000676|NC-CL-R-000677,ENTITY|RELATIONSHIP|STATE_TRANSITION|LOSS_OBLIGATION,C1,C1|C7|C8,ACQUISITION|SYNERGY,C,"supplies, defense, surrender/occupation and communication terms.",deliberate stay/holdout plan and later claims.,"severe isolation, capture risk and unequal support.",,`C/G/L — some contact and obligations survive; not all holdouts are rescued`.,,UNRESOLVED,UNRESOLVED,UNKNOWN,UNRESOLVED,UNRESOLVED,SPECIALIST_CORRECTED,Automated provisional split; category-agent and PM semantic review required,PM_MERGE_REQUIRED|ENTITY_MERGE_REQUIRED,NONE
NC-CL-S-000222,docs/09_collection/ga6-collection-registry-v1.md#G6-P07,docs/09_collection/ga6-collection-registry-v1.md,133,GA6,Decision Constituencies and Relationships,G6-P07,Autonomous Fleet Commanders,NC-CL-R-000678|NC-CL-R-000679|NC-CL-R-000680|NC-CL-R-000681,ENTITY|RELATIONSHIP|STATE_TRANSITION|LOSS_OBLIGATION,C1,C1|C7|C5,SYNERGY,G,,separate Window/defense/Grey/holdout fronts under standing intent.,one valid refusal or divergent operation; one major success and one major failure outside P-001 control.,,"`G/L — fleet charter survives, command unity and relationships do not fully`.",,UNRESOLVED,UNRESOLVED,UNKNOWN,UNRESOLVED,UNRESOLVED,SPECIALIST_CORRECTED,Automated provisional split; category-agent and PM semantic review required,PM_MERGE_REQUIRED|ENTITY_MERGE_REQUIRED,NONE
NC-CL-S-000223,docs/09_collection/ga6-collection-registry-v1.md#G6-P08,docs/09_collection/ga6-collection-registry-v1.md,147,GA6,Decision Constituencies and Relationships,G6-P08,Orpheus Survivors and Original Survivors/Witnesses,NC-CL-R-000682|NC-CL-R-000683|NC-CL-R-000684|NC-CL-R-000685,ENTITY|RELATIONSHIP|STATE_TRANSITION|LOSS_OBLIGATION,C1,C1|C7,SYNERGY,G,,casualty finding and original-event reconstruction.,"contradictory testimony, privacy, trauma and political use.",,"`G/L — plural testimony preserved, no single definitive survivor narrative`. --",,UNRESOLVED,UNRESOLVED,UNKNOWN,UNRESOLVED,UNRESOLVED,SPECIALIST_CORRECTED,Automated provisional split; category-agent and PM semantic review required,PM_MERGE_REQUIRED|ENTITY_MERGE_REQUIRED,NONE
NC-CL-S-000224,docs/09_collection/ga6-collection-registry-v1.md#G6-R01,docs/09_collection/ga6-collection-registry-v1.md,165,GA6,"Operational Truth, Mandate and Authority Targets",G6-R01,Current Operational Census,NC-CL-R-000686|NC-CL-R-000687|NC-CL-R-000688,CONTROL_CLAIM|STATE_TRANSITION|LOSS_OBLIGATION,C7,C7,SYNERGY|COMPLETION_LEGACY,G,E578–584.,mixed plan and manifest priorities.,"leaks, targeting and visibility bias against isolated/unregistered groups.",,`G/R — continually revised; final casualty/missing remains range`.,,UNRESOLVED,UNRESOLVED,UNKNOWN,UNRESOLVED,UNRESOLVED,HEURISTIC_PROVISIONAL,Automated provisional split; category-agent and PM semantic review required,CATEGORY_REVIEW_REQUIRED|ENTITY_MERGE_REQUIRED,NONE
NC-CL-S-000225,docs/09_collection/ga6-collection-registry-v1.md#G6-R02,docs/09_collection/ga6-collection-registry-v1.md,182,GA6,"Operational Truth, Mandate and Authority Targets",G6-R02,Institutional Dependency Map,NC-CL-R-000689|NC-CL-R-000690|NC-CL-R-000691,CONTROL_CLAIM|STATE_TRANSITION|LOSS_OBLIGATION,C7,C7,ACQUISITION|SYNERGY|COMPLETION_LEGACY,G,E578–607.,identifies functions that can or cannot be distributed.,exposes strategic targets and creates value-ranking pressure.,,`G/R — shows some central claims overstated and some functions truly nonportable`.,,UNRESOLVED,UNRESOLVED,UNKNOWN,UNRESOLVED,UNRESOLVED,HEURISTIC_PROVISIONAL,Automated provisional split; category-agent and PM semantic review required,CATEGORY_REVIEW_REQUIRED|ENTITY_MERGE_REQUIRED,NONE
NC-CL-S-000226,docs/09_collection/ga6-collection-registry-v1.md#G6-R03,docs/09_collection/ga6-collection-registry-v1.md,196,GA6,"Operational Truth, Mandate and Authority Targets",G6-R03,Temporary Traffic Hold and Shared Queue Rules,NC-CL-R-000692|NC-CL-R-000693|NC-CL-R-000694,CONTROL_CLAIM|STATE_TRANSITION|LOSS_OBLIGATION,C7,C7,SYNERGY|COMPLETION_LEGACY,G,E585–592.,prevents unilateral Window A seizure.,thermal/window probability and incident deaths during delay.,,,,UNRESOLVED,UNRESOLVED,UNKNOWN,UNRESOLVED,UNRESOLVED,HEURISTIC_PROVISIONAL,Automated provisional split; category-agent and PM semantic review required,CATEGORY_REVIEW_REQUIRED|ENTITY_MERGE_REQUIRED,NONE
NC-CL-S-000227,docs/09_collection/ga6-collection-registry-v1.md#G6-R04,docs/09_collection/ga6-collection-registry-v1.md,210,GA6,"Operational Truth, Mandate and Authority Targets",G6-R04,Mixed Evacuation Mandate,NC-CL-R-000695|NC-CL-R-000696|NC-CL-R-000697,CONTROL_CLAIM|STATE_TRANSITION|LOSS_OBLIGATION,C7,C7,SYNERGY|COMPLETION_LEGACY,G,E593–600.,,explicitly leaves people/functions without sufficient rescue.,,"`G — central political/ethical choice, not proof of optimality`.",,UNRESOLVED,UNRESOLVED,UNKNOWN,UNRESOLVED,UNRESOLVED,HEURISTIC_PROVISIONAL,Automated provisional split; category-agent and PM semantic review required,CATEGORY_REVIEW_REQUIRED|ENTITY_MERGE_REQUIRED,NONE
NC-CL-S-000228,docs/09_collection/ga6-collection-registry-v1.md#G6-R05,docs/09_collection/ga6-collection-registry-v1.md,228,GA6,"Operational Truth, Mandate and Authority Targets",G6-R05,Distributed Function Manifest,NC-CL-R-000698|NC-CL-R-000699|NC-CL-R-000700,CONTROL_CLAIM|STATE_TRANSITION|LOSS_OBLIGATION,C7,C7,SYNERGY|COMPLETION_LEGACY,G,E601–607.,"assigns minimum civil, medical, payment, Registry, command and technical teams/data to multiple ships/destinations.","coerced separation, lost scale, duplicated gaps and reduced central performance.",,"`G/L — some packages survive, some are lost or fail after transit`.",,UNRESOLVED,UNRESOLVED,UNKNOWN,UNRESOLVED,UNRESOLVED,HEURISTIC_PROVISIONAL,Automated provisional split; category-agent and PM semantic review required,CATEGORY_REVIEW_REQUIRED|ENTITY_MERGE_REQUIRED,NONE
NC-CL-S-000229,docs/09_collection/ga6-collection-registry-v1.md#G6-R06,docs/09_collection/ga6-collection-registry-v1.md,242,GA6,"Operational Truth, Mandate and Authority Targets",G6-R06,Strategic Hull Sacrifice and Scuttle Plan,NC-CL-R-000701|NC-CL-R-000702|NC-CL-R-000703,CONTROL_CLAIM|STATE_TRANSITION|LOSS_OBLIGATION,C5,C5|C7,SYNERGY|COMPLETION_LEGACY,G,E608–614.,frees traffic/thermal/crew capacity and creates rearguards/sinks.,25–45 combat/support hulls ultimately destroyed/abandoned across the full operation; exact set open.,,`G/L — irreversible negative/operational asset state`.,,UNRESOLVED,UNRESOLVED,UNKNOWN,UNRESOLVED,UNRESOLVED,HEURISTIC_PROVISIONAL,Automated provisional split; category-agent and PM semantic review required,CATEGORY_REVIEW_REQUIRED|ENTITY_MERGE_REQUIRED,NONE
NC-CL-S-000230,docs/09_collection/ga6-collection-registry-v1.md#G6-R07,docs/09_collection/ga6-collection-registry-v1.md,256,GA6,"Operational Truth, Mandate and Authority Targets",G6-R07,Grey-Route and Local-Shelter Plan,NC-CL-R-000704|NC-CL-R-000705|NC-CL-R-000706|NC-CL-R-000707,ENTITY|CONTROL_CLAIM|STATE_TRANSITION|LOSS_OBLIGATION,C7,C7|C8,SYNERGY|COMPLETION_LEGACY,G,E615–622.,"additional 180,000–350,000 side-route capacity and 150,000–300,000 local shelter capacity under ideal ranges.","unsafe conversions, low medical support, destination limits and hostile capture.",,`G/L — partial success with stranded/failed groups`.,,UNRESOLVED,UNRESOLVED,UNKNOWN,UNRESOLVED,UNRESOLVED,HEURISTIC_PROVISIONAL,Automated provisional split; category-agent and PM semantic review required,CATEGORY_REVIEW_REQUIRED|ENTITY_MERGE_REQUIRED,NONE
NC-CL-S-000231,docs/09_collection/ga6-collection-registry-v1.md#G6-R08,docs/09_collection/ga6-collection-registry-v1.md,270,GA6,"Operational Truth, Mandate and Authority Targets",G6-R08,Bounded Continuity Synchronization Accord,NC-CL-R-000708|NC-CL-R-000709|NC-CL-R-000710,CONTROL_CLAIM|STATE_TRANSITION|LOSS_OBLIGATION,C7,C7,SYNERGY|COMPLETION_LEGACY,C,E623–630.,narrow safety/authentication/traffic synchronization without full manifest or political control.,Continuity Office gains operational legitimacy/data and some groups accept broader authority than others.,,"`C/G — useful, contested precedent; full override refused`.",,UNRESOLVED,UNRESOLVED,UNKNOWN,UNRESOLVED,UNRESOLVED,HEURISTIC_PROVISIONAL,Automated provisional split; category-agent and PM semantic review required,CATEGORY_REVIEW_REQUIRED|ENTITY_MERGE_REQUIRED,NONE
NC-CL-S-000232,docs/09_collection/ga6-collection-registry-v1.md#G6-R09,docs/09_collection/ga6-collection-registry-v1.md,284,GA6,"Operational Truth, Mandate and Authority Targets",G6-R09,Window A Mixed Manifest,NC-CL-R-000711|NC-CL-R-000712|NC-CL-R-000713,CONTROL_CLAIM|STATE_TRANSITION|LOSS_OBLIGATION,C7,C7,SYNERGY|COMPLETION_LEGACY,G,,distributed State functions plus high-risk/critical civilian groups.,neither State nor civilian side receives full priority; named exclusions/losses.,,`G/L`.,,UNRESOLVED,UNRESOLVED,UNKNOWN,UNRESOLVED,UNRESOLVED,HEURISTIC_PROVISIONAL,Automated provisional split; category-agent and PM semantic review required,CATEGORY_REVIEW_REQUIRED|ENTITY_MERGE_REQUIRED,NONE
NC-CL-S-000233,docs/09_collection/ga6-collection-registry-v1.md#G6-R10,docs/09_collection/ga6-collection-registry-v1.md,298,GA6,"Operational Truth, Mandate and Authority Targets",G6-R10,Window B Repair and Standing-Intent Plan,NC-CL-R-000714|NC-CL-R-000715|NC-CL-R-000716,CONTROL_CLAIM|STATE_TRANSITION|LOSS_OBLIGATION,C6,C6|C7,SYNERGY|COMPLETION_LEGACY,G,,"repair, delayed traffic and autonomous formation decisions.",one major outdated/misinterpreted plan failure.,,`G/L`.,,UNRESOLVED,UNRESOLVED,UNKNOWN,UNRESOLVED,UNRESOLVED,HEURISTIC_PROVISIONAL,Automated provisional split; category-agent and PM semantic review required,CATEGORY_REVIEW_REQUIRED|ENTITY_MERGE_REQUIRED,NONE
NC-CL-S-000234,docs/09_collection/ga6-collection-registry-v1.md#G6-R11,docs/09_collection/ga6-collection-registry-v1.md,312,GA6,"Operational Truth, Mandate and Authority Targets",G6-R11,Window C Sacrifice/Final Manifest,NC-CL-R-000717|NC-CL-R-000718|NC-CL-R-000719,CONTROL_CLAIM|STATE_TRANSITION|LOSS_OBLIGATION,C7,C7,SYNERGY|COMPLETION_LEGACY,G,,"final limited transit, Grey routes, local shelter and rearguard.","fixed defenses/thermal stores/hulls, holdouts and mass unresolved casualties.",,`G/L`.,,UNRESOLVED,UNRESOLVED,UNKNOWN,UNRESOLVED,UNRESOLVED,HEURISTIC_PROVISIONAL,Automated provisional split; category-agent and PM semantic review required,CATEGORY_REVIEW_REQUIRED|ENTITY_MERGE_REQUIRED,NONE
NC-CL-S-000235,docs/09_collection/ga6-collection-registry-v1.md#G6-R12,docs/09_collection/ga6-collection-registry-v1.md,326,GA6,"Operational Truth, Mandate and Authority Targets",G6-R12,Survivor/Holdout Obligation Network,NC-CL-R-000720|NC-CL-R-000721|NC-CL-R-000722|NC-CL-R-000723,ENTITY|CONTROL_CLAIM|STATE_TRANSITION|LOSS_OBLIGATION,C1,C1|C6|C7,ACQUISITION|SYNERGY|COMPLETION_LEGACY,C,E655–667.,"contact, supplies, rescue attempts, surrender/prisoner/occupation terms and future claims.",wider fronts/resources receive less; not all obligations fulfilled.,,`C/G/L`.,,UNRESOLVED,UNRESOLVED,UNKNOWN,UNRESOLVED,UNRESOLVED,HEURISTIC_PROVISIONAL,Automated provisional split; category-agent and PM semantic review required,CATEGORY_REVIEW_REQUIRED|ENTITY_MERGE_REQUIRED,NONE
NC-CL-S-000236,docs/09_collection/ga6-collection-registry-v1.md#G6-R13,docs/09_collection/ga6-collection-registry-v1.md,340,GA6,"Operational Truth, Mandate and Authority Targets",G6-R13,Public Orpheus After-Action Finding,NC-CL-R-000724|NC-CL-R-000725|NC-CL-R-000726,CONTROL_CLAIM|STATE_TRANSITION|LOSS_OBLIGATION,C7,C7,SYNERGY|COMPLETION_LEGACY,G,E668–674.,,"political rupture, incomplete attribution, privacy and litigation.",,"`G — plural finding, not final moral verdict`.",,UNRESOLVED,UNRESOLVED,UNKNOWN,UNRESOLVED,UNRESOLVED,HEURISTIC_PROVISIONAL,Automated provisional split; category-agent and PM semantic review required,CATEGORY_REVIEW_REQUIRED|ENTITY_MERGE_REQUIRED,NONE
NC-CL-S-000237,docs/09_collection/ga6-collection-registry-v1.md#G6-R14,docs/09_collection/ga6-collection-registry-v1.md,354,GA6,"Operational Truth, Mandate and Authority Targets",G6-R14,Emergency Route/Manifest Reform Package,NC-CL-R-000727|NC-CL-R-000728|NC-CL-R-000729|NC-CL-R-000730,ENTITY|CONTROL_CLAIM|STATE_TRANSITION|LOSS_OBLIGATION,C7,C7|C8,ACQUISITION|SYNERGY|COMPLETION_LEGACY,C,E683–690 from current and original evidence.,"future mixed access, public uncertainty, representation, holdouts, hull sacrifice and bounded override rules.","slower operations, compliance burden and centralist/localist opposition.",,`C/G — reform begins; enforcement uneven`. --,,UNRESOLVED,UNRESOLVED,UNKNOWN,UNRESOLVED,UNRESOLVED,HEURISTIC_PROVISIONAL,Automated provisional split; category-agent and PM semantic review required,CATEGORY_REVIEW_REQUIRED|ENTITY_MERGE_REQUIRED,NONE
NC-CL-S-000238,docs/09_collection/ga6-collection-registry-v1.md#G6-A01,docs/09_collection/ga6-collection-registry-v1.md,372,GA6,"Institutional, Ship and Infrastructure Survival/Loss Targets",G6-A01,Distributed Compact Command Function,NC-CL-R-000731|NC-CL-R-000732|NC-CL-R-000733|NC-CL-R-000734,RELATIONSHIP|CONTROL_CLAIM|STATE_TRANSITION|LOSS_OBLIGATION,C7,C7,SYNERGY|COMPLETION_LEGACY,G,,enough command survives across several ships/nodes.,"slower, incomplete and politically split.",,`G/L`.,,UNRESOLVED,UNRESOLVED,UNKNOWN,UNRESOLVED,UNRESOLVED,HEURISTIC_PROVISIONAL,Automated provisional split; category-agent and PM semantic review required,CATEGORY_REVIEW_REQUIRED|ENTITY_MERGE_REQUIRED,NONE
NC-CL-S-000239,docs/09_collection/ga6-collection-registry-v1.md#G6-A02,docs/09_collection/ga6-collection-registry-v1.md,386,GA6,"Institutional, Ship and Infrastructure Survival/Loss Targets",G6-A02,Distributed Treasury/Payment Function,NC-CL-R-000735|NC-CL-R-000736,STATE_TRANSITION|LOSS_OBLIGATION,C5,C5,SYNERGY|COMPLETION_LEGACY,G,,preserves some salaries/pensions/supply payments after central convoy breakup.,"identity gaps, regional inequality and lost clearing capacity.",,`G/L`.,,UNRESOLVED,UNRESOLVED,UNKNOWN,UNRESOLVED,UNRESOLVED,HEURISTIC_PROVISIONAL,Automated provisional split; category-agent and PM semantic review required,CATEGORY_REVIEW_REQUIRED|ENTITY_MERGE_REQUIRED,NONE
NC-CL-S-000240,docs/09_collection/ga6-collection-registry-v1.md#G6-A03,docs/09_collection/ga6-collection-registry-v1.md,397,GA6,"Institutional, Ship and Infrastructure Survival/Loss Targets",G6-A03,Distributed Registry/Identity Function,NC-CL-R-000737|NC-CL-R-000738|NC-CL-R-000739,STATE_TRANSITION|LOSS_OBLIGATION|NARRATIVE_PROMISE,C5,C5,ACQUISITION|SYNERGY|COMPLETION_LEGACY,G,,keeps some identity/citizenship/claims systems alive.,"inconsistent copies, missing people and local divergence.",,`G/L`.,,UNRESOLVED,UNRESOLVED,UNKNOWN,UNRESOLVED,UNRESOLVED,HEURISTIC_PROVISIONAL,Automated provisional split; category-agent and PM semantic review required,CATEGORY_REVIEW_REQUIRED|ENTITY_MERGE_REQUIRED,NONE
NC-CL-S-000241,docs/09_collection/ga6-collection-registry-v1.md#G6-A04,docs/09_collection/ga6-collection-registry-v1.md,408,GA6,"Institutional, Ship and Infrastructure Survival/Loss Targets",G6-A04,Distributed Hospital/Medical Production Function,NC-CL-R-000740|NC-CL-R-000741,STATE_TRANSITION|LOSS_OBLIGATION,C5,C5,SYNERGY|COMPLETION_LEGACY,G,,several hospital/production teams and modules disperse.,at least one hospital ship/team/module is lost or rendered nonfunctional.,,`G/L`.,,UNRESOLVED,UNRESOLVED,UNKNOWN,UNRESOLVED,UNRESOLVED,HEURISTIC_PROVISIONAL,Automated provisional split; category-agent and PM semantic review required,CATEGORY_REVIEW_REQUIRED|ENTITY_MERGE_REQUIRED,NONE
NC-CL-S-000242,docs/09_collection/ga6-collection-registry-v1.md#G6-A05,docs/09_collection/ga6-collection-registry-v1.md,419,GA6,"Institutional, Ship and Infrastructure Survival/Loss Targets",G6-A05,Distributed Continuity/Authentication Function,NC-CL-R-000742|NC-CL-R-000743|NC-CL-R-000744,CONTROL_CLAIM|STATE_TRANSITION|LOSS_OBLIGATION,C5,C5|C6,SYNERGY|COMPLETION_LEGACY,G,,prevents total command/identity collapse.,Continuity Office influence and incomplete plural trust.,,`G/R`.,,UNRESOLVED,UNRESOLVED,UNKNOWN,UNRESOLVED,UNRESOLVED,HEURISTIC_PROVISIONAL,Automated provisional split; category-agent and PM semantic review required,CATEGORY_REVIEW_REQUIRED|ENTITY_MERGE_REQUIRED,NONE
NC-CL-S-000243,docs/09_collection/ga6-collection-registry-v1.md#G6-A06,docs/09_collection/ga6-collection-registry-v1.md,430,GA6,"Institutional, Ship and Infrastructure Survival/Loss Targets",G6-A06,Heavy Hull/Support Sacrifice Set,NC-CL-R-000745|NC-CL-R-000746,STATE_TRANSITION|SET,C5,C5,COMPLETION_LEGACY,L,,,,,`L — permanent strategic loss`.,,UNRESOLVED,UNRESOLVED,UNKNOWN,UNRESOLVED,UNRESOLVED,HEURISTIC_PROVISIONAL,Automated provisional split; category-agent and PM semantic review required,CATEGORY_REVIEW_REQUIRED|ENTITY_MERGE_REQUIRED,NONE
NC-CL-S-000244,docs/09_collection/ga6-collection-registry-v1.md#G6-A07,docs/09_collection/ga6-collection-registry-v1.md,441,GA6,"Institutional, Ship and Infrastructure Survival/Loss Targets",G6-A07,First Ship Orpheus State,NC-CL-R-000747|NC-CL-R-000748,ENTITY|STATE_TRANSITION,C5,C5,SYNERGY|COMPLETION_LEGACY,G,,,,,`G/L — meaningful irreversible transformation; exact fate open before scene cards`.,,UNRESOLVED,UNRESOLVED,UNKNOWN,UNRESOLVED,UNRESOLVED,HEURISTIC_PROVISIONAL,Automated provisional split; category-agent and PM semantic review required,CATEGORY_REVIEW_REQUIRED|ENTITY_MERGE_REQUIRED,NONE
NC-CL-S-000245,docs/09_collection/ga6-collection-registry-v1.md#G6-A08,docs/09_collection/ga6-collection-registry-v1.md,452,GA6,"Institutional, Ship and Infrastructure Survival/Loss Targets",G6-A08,Orpheus Node/Defense/Thermal Capacity,NC-CL-R-000749|NC-CL-R-000750|NC-CL-R-000751,ENTITY|STATE_TRANSITION|LOSS_OBLIGATION,C5,C5|C8,SYNERGY|COMPLETION_LEGACY,G,,enables Windows A/B/C.,"permanent capacity reduction, damaged route and local strategic vulnerability.",,`G/L — route remains limited or temporarily closed after operation`.,,UNRESOLVED,UNRESOLVED,UNKNOWN,UNRESOLVED,UNRESOLVED,HEURISTIC_PROVISIONAL,Automated provisional split; category-agent and PM semantic review required,CATEGORY_REVIEW_REQUIRED|ENTITY_MERGE_REQUIRED,NONE
NC-CL-S-000246,docs/09_collection/ga6-collection-registry-v1.md#G6-A09,docs/09_collection/ga6-collection-registry-v1.md,463,GA6,"Institutional, Ship and Infrastructure Survival/Loss Targets",G6-A09,Major Civilian Convoy Loss,NC-CL-R-000752|NC-CL-R-000753,ENTITY|STATE_TRANSITION,C5,C5,ACQUISITION|COMPLETION_LEGACY,L,,,,,"`L — named, witnessed and present in aftermath/claims`.",,UNRESOLVED,UNRESOLVED,UNKNOWN,UNRESOLVED,UNRESOLVED,HEURISTIC_PROVISIONAL,Automated provisional split; category-agent and PM semantic review required,CATEGORY_REVIEW_REQUIRED|ENTITY_MERGE_REQUIRED,NONE
NC-CL-S-000247,docs/09_collection/ga6-collection-registry-v1.md#G6-A10,docs/09_collection/ga6-collection-registry-v1.md,474,GA6,"Institutional, Ship and Infrastructure Survival/Loss Targets",G6-A10,Wider-Front Consequence,NC-CL-R-000754,STATE_TRANSITION,C5,C5,SYNERGY|COMPLETION_LEGACY,L,,direct GA7/wider-war consequence.,,,`L — not treated as off-screen footnote`. --,,UNRESOLVED,UNRESOLVED,UNKNOWN,UNRESOLVED,UNRESOLVED,HEURISTIC_PROVISIONAL,Automated provisional split; category-agent and PM semantic review required,CATEGORY_REVIEW_REQUIRED|ENTITY_MERGE_REQUIRED,NONE
NC-CL-S-000248,docs/09_collection/ga6-collection-registry-v1.md#G6-M01,docs/09_collection/ga6-collection-registry-v1.md,489,GA6,"Mystery, History and Thematic Payoff Targets",G6-M01,Original Orpheus Mixed-Window Alternative,NC-CL-R-000755|NC-CL-R-000756,STATE_TRANSITION|NARRATIVE_PROMISE,C5,C5,DISCOVERY|COMPLETION_LEGACY,G,E675–682.,,,,`G/R — major M-007 payoff`.,,UNRESOLVED,UNRESOLVED,UNKNOWN,UNRESOLVED,UNRESOLVED,HEURISTIC_PROVISIONAL,Automated provisional split; category-agent and PM semantic review required,CATEGORY_REVIEW_REQUIRED|ENTITY_MERGE_REQUIRED,NONE
NC-CL-S-000249,docs/09_collection/ga6-collection-registry-v1.md#G6-M02,docs/09_collection/ga6-collection-registry-v1.md,500,GA6,"Mystery, History and Thematic Payoff Targets",G6-M02,Original Security/Information Confidence Suppression,NC-CL-R-000757|NC-CL-R-000758|NC-CL-R-000759,STATE_TRANSITION|LOSS_OBLIGATION|NARRATIVE_PROMISE,C7,C7,DISCOVERY|SYNERGY|COMPLETION_LEGACY,G,E675–682 through records/witnesses.,proves uncertainty/alternatives were narrowed or withheld.,does not erase credible infiltration and State-risk concerns.,,`G/R`.,,UNRESOLVED,UNRESOLVED,UNKNOWN,UNRESOLVED,UNRESOLVED,HEURISTIC_PROVISIONAL,Automated provisional split; category-agent and PM semantic review required,CATEGORY_REVIEW_REQUIRED|ENTITY_MERGE_REQUIRED,NONE
NC-CL-S-000250,docs/09_collection/ga6-collection-registry-v1.md#G6-M03,docs/09_collection/ga6-collection-registry-v1.md,514,GA6,"Mystery, History and Thematic Payoff Targets",G6-M03,Archive Historical-Loss Classification,NC-CL-R-000760|NC-CL-R-000761,STATE_TRANSITION|NARRATIVE_PROMISE,C7,C7,DISCOVERY|SYNERGY|COMPLETION_LEGACY,G,E668–674.,advances Archive/Seed value conflict.,,,`G/R`.,,UNRESOLVED,UNRESOLVED,UNKNOWN,UNRESOLVED,UNRESOLVED,HEURISTIC_PROVISIONAL,Automated provisional split; category-agent and PM semantic review required,CATEGORY_REVIEW_REQUIRED|ENTITY_MERGE_REQUIRED,NONE
NC-CL-S-000251,docs/09_collection/ga6-collection-registry-v1.md#G6-M04,docs/09_collection/ga6-collection-registry-v1.md,528,GA6,"Mystery, History and Thematic Payoff Targets",G6-M04,P-001 Original Responsibility Record,NC-CL-R-000762|NC-CL-R-000763|NC-CL-R-000764,CONTROL_CLAIM|STATE_TRANSITION|NARRATIVE_PROMISE,C1,C1,DISCOVERY|COMPLETION_LEGACY,G,"public testimony, orders, source confidence and systemic context.",,,,`G — responsibility contextualized and retained`.,,UNRESOLVED,UNRESOLVED,UNKNOWN,UNRESOLVED,UNRESOLVED,HEURISTIC_PROVISIONAL,Automated provisional split; category-agent and PM semantic review required,CATEGORY_REVIEW_REQUIRED|ENTITY_MERGE_REQUIRED,NONE
NC-CL-S-000252,docs/09_collection/ga6-collection-registry-v1.md#G6-M05,docs/09_collection/ga6-collection-registry-v1.md,539,GA6,"Mystery, History and Thematic Payoff Targets",G6-M05,P-001 Connective Pattern,NC-CL-R-000765|NC-CL-R-000766,STATE_TRANSITION|NARRATIVE_PROMISE,C7,C7,DISCOVERY|SYNERGY|COMPLETION_LEGACY,C,,,,,`C/R — unrecorded-connector mystery strengthened`.,,UNRESOLVED,UNRESOLVED,UNKNOWN,UNRESOLVED,UNRESOLVED,HEURISTIC_PROVISIONAL,Automated provisional split; category-agent and PM semantic review required,CATEGORY_REVIEW_REQUIRED|ENTITY_MERGE_REQUIRED,NONE
NC-CL-S-000253,docs/09_collection/ga6-collection-registry-v1.md#G6-M06,docs/09_collection/ga6-collection-registry-v1.md,547,GA6,"Mystery, History and Thematic Payoff Targets",G6-M06,Blood Admiral Record Drift,NC-CL-R-000767|NC-CL-R-000768|NC-CL-R-000769|NC-CL-R-000770,ENTITY|CONTROL_CLAIM|STATE_TRANSITION|NARRATIVE_PROMISE,C1,C1,DISCOVERY|SYNERGY|COMPLETION_LEGACY,T,,GA7 launch.,,,`T/I — record no longer maps cleanly to one person`.,,UNRESOLVED,UNRESOLVED,UNKNOWN,UNRESOLVED,UNRESOLVED,HEURISTIC_PROVISIONAL,Automated provisional split; category-agent and PM semantic review required,CATEGORY_REVIEW_REQUIRED|ENTITY_MERGE_REQUIRED,NONE
NC-CL-S-000254,docs/09_collection/ga6-collection-registry-v1.md#G6-I01,docs/09_collection/ga6-collection-registry-v1.md,558,GA6,"Mystery, History and Thematic Payoff Targets",G6-I01,“Second Orpheus” Public Memory,NC-CL-R-000771|NC-CL-R-000772|NC-CL-R-000773,STATE_TRANSITION|LOSS_OBLIGATION|NARRATIVE_PROMISE,C7,C7,DISCOVERY|COMPLETION_LEGACY,R,,,no single public account represents survivors/holdouts/institutions.,,"`R/G — plural memory, active political weapon`.",,UNRESOLVED,UNRESOLVED,UNKNOWN,UNRESOLVED,UNRESOLVED,HEURISTIC_PROVISIONAL,Automated provisional split; category-agent and PM semantic review required,CATEGORY_REVIEW_REQUIRED|ENTITY_MERGE_REQUIRED,NONE
NC-CL-S-000255,docs/09_collection/ga6-collection-registry-v1.md#G6-I02,docs/09_collection/ga6-collection-registry-v1.md,569,GA6,"Mystery, History and Thematic Payoff Targets",G6-I02,Distributed Sacrifice Principle,NC-CL-R-000774|NC-CL-R-000775|NC-CL-R-000776,STATE_TRANSITION|LOSS_OBLIGATION|NARRATIVE_PROMISE,C7,C7,DISCOVERY|SYNERGY|COMPLETION_LEGACY,G,functions/ships/authority dispersed instead of preserving one center.,later war and final Seed distribution.,"unequal capacity, higher friction and abandoned regions/groups.",,`G`. --,,UNRESOLVED,UNRESOLVED,UNKNOWN,UNRESOLVED,UNRESOLVED,HEURISTIC_PROVISIONAL,Automated provisional split; category-agent and PM semantic review required,CATEGORY_REVIEW_REQUIRED|ENTITY_MERGE_REQUIRED,NONE
NC-CL-S-000256,docs/09_collection/ga7-collection-registry-v1.md#G7-P01,docs/09_collection/ga7-collection-registry-v1.md,30,GA7,Route-War People and Relationship Targets,G7-P01,H-001 as Bounded Route Coordinator,NC-CL-R-000777|NC-CL-R-000778|NC-CL-R-000779|NC-CL-R-000780,ENTITY|RELATIONSHIP|STATE_TRANSITION|LOSS_OBLIGATION,C1,C1|C8,SYNERGY|COMPLETION_LEGACY,G,E705–710 under federation emergency mandate.,"route models, obligations, convoy/closure coordination.","public accountability, removal/suspension and no personal veto over local/affected regions.",,`G/R/L — singular emergency office ended or narrowed; H-001 remains independent political/logistics actor`.,,UNRESOLVED,UNRESOLVED,UNKNOWN,UNRESOLVED,UNRESOLVED,HEURISTIC_PROVISIONAL,Automated provisional split; category-agent and PM semantic review required,CATEGORY_REVIEW_REQUIRED|ENTITY_MERGE_REQUIRED,NONE
NC-CL-S-000257,docs/09_collection/ga7-collection-registry-v1.md#G7-P02,docs/09_collection/ga7-collection-registry-v1.md,44,GA7,Route-War People and Relationship Targets,G7-P02,RF-L01 Federation Delegate,NC-CL-R-000781|NC-CL-R-000782|NC-CL-R-000783|NC-CL-R-000784,ENTITY|RELATIONSHIP|STATE_TRANSITION|LOSS_OBLIGATION,C1,C1,SYNERGY|COMPLETION_LEGACY,G,,"member mandates, affected-region standing, removal/appeal and burden rules.","delay, free-riding and weak-node abandonment.",,`G — federation authority not reducible to H-001`.,,UNRESOLVED,UNRESOLVED,UNKNOWN,UNRESOLVED,UNRESOLVED,HEURISTIC_PROVISIONAL,Automated provisional split; category-agent and PM semantic review required,CATEGORY_REVIEW_REQUIRED|ENTITY_MERGE_REQUIRED,NONE
NC-CL-S-000258,docs/09_collection/ga7-collection-registry-v1.md#G7-P03,docs/09_collection/ga7-collection-registry-v1.md,55,GA7,Route-War People and Relationship Targets,G7-P03,RF-L02 Continuity Corridor Administrator,NC-CL-R-000785|NC-CL-R-000786|NC-CL-R-000787|NC-CL-R-000788,ENTITY|RELATIONSHIP|STATE_TRANSITION|LOSS_OBLIGATION,C1,C1|C8,SYNERGY|COMPLETION_LEGACY,C,,central minimum food/medical/authentication corridors and selective interoperability.,"identity/risk freezes, route ranking and central key expansion.",,`C/G — useful rival system with stronger future legitimacy`.,,UNRESOLVED,UNRESOLVED,UNKNOWN,UNRESOLVED,UNRESOLVED,HEURISTIC_PROVISIONAL,Automated provisional split; category-agent and PM semantic review required,CATEGORY_REVIEW_REQUIRED|ENTITY_MERGE_REQUIRED,NONE
NC-CL-S-000259,docs/09_collection/ga7-collection-registry-v1.md#G7-P04,docs/09_collection/ga7-collection-registry-v1.md,66,GA7,Route-War People and Relationship Targets,G7-P04,RF-L03 Scorched Route Commander,NC-CL-R-000789|NC-CL-R-000790|NC-CL-R-000791|NC-CL-R-000792,ENTITY|RELATIONSHIP|STATE_TRANSITION|LOSS_OBLIGATION,C1,C1|C8,SYNERGY|COMPLETION_LEGACY,C,,"real anti-capture defense, key/charge network and title/doctrine succession.",coercive/unauthorized denial and community division.,,"`C/L — faction splits, commander remains rival/captured/independent; not all acts attributed to H-001`.",,UNRESOLVED,UNRESOLVED,UNKNOWN,UNRESOLVED,UNRESOLVED,HEURISTIC_PROVISIONAL,Automated provisional split; category-agent and PM semantic review required,CATEGORY_REVIEW_REQUIRED|ENTITY_MERGE_REQUIRED,NONE
NC-CL-S-000260,docs/09_collection/ga7-collection-registry-v1.md#G7-P05,docs/09_collection/ga7-collection-registry-v1.md,77,GA7,Route-War People and Relationship Targets,G7-P05,RF-L04 Local Node/Civic Leader,NC-CL-R-000793|NC-CL-R-000794|NC-CL-R-000795|NC-CL-R-000796,ENTITY|RELATIONSHIP|STATE_TRANSITION|LOSS_OBLIGATION,C1,C1|C8,ACQUISITION|SYNERGY|COMPLETION_LEGACY,G,,"local custody, risk and route decisions.",downstream abandonment or burdensome regional duty.,,`G/L — local authority retained with federation obligations or organized opposition`.,,UNRESOLVED,UNRESOLVED,UNKNOWN,UNRESOLVED,UNRESOLVED,HEURISTIC_PROVISIONAL,Automated provisional split; category-agent and PM semantic review required,CATEGORY_REVIEW_REQUIRED|ENTITY_MERGE_REQUIRED,NONE
NC-CL-S-000261,docs/09_collection/ga7-collection-registry-v1.md#G7-P06,docs/09_collection/ga7-collection-registry-v1.md,88,GA7,Route-War People and Relationship Targets,G7-P06,RF-L05 Dependent-Region Advocate,NC-CL-R-000797|NC-CL-R-000798|NC-CL-R-000799|NC-CL-R-000800,ENTITY|RELATIONSHIP|STATE_TRANSITION|LOSS_OBLIGATION,C8,C8,ACQUISITION|SYNERGY|COMPLETION_LEGACY,G,,"downstream standing, replacement route/support, claims and reparations.",pressures local node into risk and prioritizes own dependents.,,`G — affected-region voice in denial decisions and direct claimant against H-001 act`.,,UNRESOLVED,UNRESOLVED,UNKNOWN,UNRESOLVED,UNRESOLVED,HEURISTIC_PROVISIONAL,Automated provisional split; category-agent and PM semantic review required,CATEGORY_REVIEW_REQUIRED|ENTITY_MERGE_REQUIRED,NONE
NC-CL-S-000262,docs/09_collection/ga7-collection-registry-v1.md#G7-P07,docs/09_collection/ga7-collection-registry-v1.md,99,GA7,Route-War People and Relationship Targets,G7-P07,E-001 / Independence Counterexample,NC-CL-R-000801|NC-CL-R-000802|NC-CL-R-000803,RELATIONSHIP|STATE_TRANSITION|LOSS_OBLIGATION,C1,C1|C8,SYNERGY|COMPLETION_LEGACY,C,,resists both central corridor monopoly and automatic scorched doctrine.,separate route/constituency choices and possible conflict with federation.,,"`C/G — independent federal/liberation actor, not H-001/P-001 follower`.",,UNRESOLVED,UNRESOLVED,UNKNOWN,UNRESOLVED,UNRESOLVED,HEURISTIC_PROVISIONAL,Automated provisional split; category-agent and PM semantic review required,CATEGORY_REVIEW_REQUIRED|ENTITY_MERGE_REQUIRED,NONE
NC-CL-S-000263,docs/09_collection/ga7-collection-registry-v1.md#G7-P08,docs/09_collection/ga7-collection-registry-v1.md,110,GA7,Route-War People and Relationship Targets,G7-P08,Blood Admiral Incident Victim/Survivor Networks,NC-CL-R-000804|NC-CL-R-000805|NC-CL-R-000806|NC-CL-R-000807,ENTITY|RELATIONSHIP|STATE_TRANSITION|LOSS_OBLIGATION,C1,C1,ACQUISITION|SYNERGY|COMPLETION_LEGACY,G,,"evidence, claims, direct responsibility and plural records.","internal disagreement, privacy, political instrumentalization.",,"`G/L — multiple proceedings/records, no single victim mandate`.",,UNRESOLVED,UNRESOLVED,UNKNOWN,UNRESOLVED,UNRESOLVED,HEURISTIC_PROVISIONAL,Automated provisional split; category-agent and PM semantic review required,CATEGORY_REVIEW_REQUIRED|ENTITY_MERGE_REQUIRED,NONE
NC-CL-S-000264,docs/09_collection/ga7-collection-registry-v1.md#G7-P09,docs/09_collection/ga7-collection-registry-v1.md,121,GA7,Route-War People and Relationship Targets,G7-P09,Route Office Successors/Delegated Commanders,NC-CL-R-000808|NC-CL-R-000809|NC-CL-R-000810|NC-CL-R-000811,ENTITY|RELATIONSHIP|STATE_TRANSITION|LOSS_OBLIGATION,C1,C1|C7|C8,SYNERGY|COMPLETION_LEGACY,G,,title/office/signature decomposition.,some own harmful choices; some records remain ambiguous.,,`G/L/R — named separately from H-001 where evidence supports`. --,,UNRESOLVED,UNRESOLVED,UNKNOWN,UNRESOLVED,UNRESOLVED,HEURISTIC_PROVISIONAL,Automated provisional split; category-agent and PM semantic review required,CATEGORY_REVIEW_REQUIRED|ENTITY_MERGE_REQUIRED,NONE
NC-CL-S-000265,docs/09_collection/ga7-collection-registry-v1.md#G7-R01,docs/09_collection/ga7-collection-registry-v1.md,136,GA7,"Federation, Service and Denial Authority Targets",G7-R01,Post-Orpheus Route Obligation Map,NC-CL-R-000812|NC-CL-R-000813|NC-CL-R-000814|NC-CL-R-000815,ENTITY|CONTROL_CLAIM|STATE_TRANSITION|LOSS_OBLIGATION,C7,C7|C8,SYNERGY|COMPLETION_LEGACY,G,E691–697.,"exposes shortages, promises, holdouts and free-riding.",political targeting and impossible commitments.,,`G/R — updated as routes close/die`.,,UNRESOLVED,UNRESOLVED,UNKNOWN,UNRESOLVED,UNRESOLVED,HEURISTIC_PROVISIONAL,Automated provisional split; category-agent and PM semantic review required,CATEGORY_REVIEW_REQUIRED|ENTITY_MERGE_REQUIRED,NONE
NC-CL-S-000266,docs/09_collection/ga7-collection-registry-v1.md#G7-R02,docs/09_collection/ga7-collection-registry-v1.md,150,GA7,"Federation, Service and Denial Authority Targets",G7-R02,Controlled Passage and Compensation Precedent,NC-CL-R-000816|NC-CL-R-000817|NC-CL-R-000818|NC-CL-R-000819|NC-CL-R-000820,ENTITY|CONTROL_CLAIM|STATE_TRANSITION|LOSS_OBLIGATION|NARRATIVE_PROMISE,C7,C7|C8,SYNERGY|COMPLETION_LEGACY,G,E698–704.,balances local risk and downstream need under D1/D2.,another group/service loses capacity; compensation may be late/inadequate.,,`G`.,,UNRESOLVED,UNRESOLVED,UNKNOWN,UNRESOLVED,UNRESOLVED,HEURISTIC_PROVISIONAL,Automated provisional split; category-agent and PM semantic review required,CATEGORY_REVIEW_REQUIRED|ENTITY_MERGE_REQUIRED,NONE
NC-CL-S-000267,docs/09_collection/ga7-collection-registry-v1.md#G7-R03,docs/09_collection/ga7-collection-registry-v1.md,164,GA7,"Federation, Service and Denial Authority Targets",G7-R03,Federation Emergency Mandate,NC-CL-R-000821|NC-CL-R-000822|NC-CL-R-000823|NC-CL-R-000824,ENTITY|CONTROL_CLAIM|STATE_TRANSITION|LOSS_OBLIGATION,C7,C7,SYNERGY|COMPLETION_LEGACY,G,E705–710.,"bounded H-001/coordinator authority, public models, affected/local/technical standing and removal.",slow and ambiguous emergency responsibility.,,,,UNRESOLVED,UNRESOLVED,UNKNOWN,UNRESOLVED,UNRESOLVED,HEURISTIC_PROVISIONAL,Automated provisional split; category-agent and PM semantic review required,CATEGORY_REVIEW_REQUIRED|ENTITY_MERGE_REQUIRED,NONE
NC-CL-S-000268,docs/09_collection/ga7-collection-registry-v1.md#G7-R04,docs/09_collection/ga7-collection-registry-v1.md,178,GA7,"Federation, Service and Denial Authority Targets",G7-R04,Federation–Continuity Minimum Corridor Link,NC-CL-R-000825|NC-CL-R-000826|NC-CL-R-000827|NC-CL-R-000828,ENTITY|CONTROL_CLAIM|STATE_TRANSITION|LOSS_OBLIGATION,C7,C7|C8,ACQUISITION|SYNERGY|COMPLETION_LEGACY,C,E711–715.,hospital/food/authentication movement and shared data.,"Continuity access, central ranking and frozen low-confidence routes/identities.",,`C/G`.,,UNRESOLVED,UNRESOLVED,UNKNOWN,UNRESOLVED,UNRESOLVED,HEURISTIC_PROVISIONAL,Automated provisional split; category-agent and PM semantic review required,CATEGORY_REVIEW_REQUIRED|ENTITY_MERGE_REQUIRED,NONE
NC-CL-S-000269,docs/09_collection/ga7-collection-registry-v1.md#G7-R05,docs/09_collection/ga7-collection-registry-v1.md,192,GA7,"Federation, Service and Denial Authority Targets",G7-R05,Denial Signature and Delegation Map,NC-CL-R-000829|NC-CL-R-000830|NC-CL-R-000831,CONTROL_CLAIM|STATE_TRANSITION|LOSS_OBLIGATION,C7,C7,SYNERGY|COMPLETION_LEGACY,G,E716–722.,"separates human issuer, office, doctrine, key and execution chain.",exposes security vulnerabilities and H-001 delegation responsibility.,,`G/R`.,,UNRESOLVED,UNRESOLVED,UNKNOWN,UNRESOLVED,UNRESOLVED,HEURISTIC_PROVISIONAL,Automated provisional split; category-agent and PM semantic review required,CATEGORY_REVIEW_REQUIRED|ENTITY_MERGE_REQUIRED,NONE
NC-CL-S-000270,docs/09_collection/ga7-collection-registry-v1.md#G7-R06,docs/09_collection/ga7-collection-registry-v1.md,206,GA7,"Federation, Service and Denial Authority Targets",G7-R06,Layered Denial Registry D0–D4,NC-CL-R-000832|NC-CL-R-000833|NC-CL-R-000834,CONTROL_CLAIM|STATE_TRANSITION|LOSS_OBLIGATION,C7,C7,SYNERGY|COMPLETION_LEGACY,G,E729–735.,"records closure/destruction capability, threshold, custodian, affected regions and audit.","incomplete registry, target value and delay.",,`G/L — some keys/charges remain outside system`.,,UNRESOLVED,UNRESOLVED,UNKNOWN,UNRESOLVED,UNRESOLVED,HEURISTIC_PROVISIONAL,Automated provisional split; category-agent and PM semantic review required,CATEGORY_REVIEW_REQUIRED|ENTITY_MERGE_REQUIRED,NONE
NC-CL-S-000271,docs/09_collection/ga7-collection-registry-v1.md#G7-R07,docs/09_collection/ga7-collection-registry-v1.md,220,GA7,"Federation, Service and Denial Authority Targets",G7-R07,Distributed Denial-Key Custody,NC-CL-R-000835|NC-CL-R-000836|NC-CL-R-000837|NC-CL-R-000838,ENTITY|CONTROL_CLAIM|STATE_TRANSITION|LOSS_OBLIGATION,C7,C7,ACQUISITION|SYNERGY|COMPLETION_LEGACY,G,E729–740 and revised E781–790.,prevents one local/central/federation monopoly.,slower action and ambiguous command.,,`G`.,,UNRESOLVED,UNRESOLVED,UNKNOWN,UNRESOLVED,UNRESOLVED,HEURISTIC_PROVISIONAL,Automated provisional split; category-agent and PM semantic review required,CATEGORY_REVIEW_REQUIRED|ENTITY_MERGE_REQUIRED,NONE
NC-CL-S-000272,docs/09_collection/ga7-collection-registry-v1.md#G7-R08,docs/09_collection/ga7-collection-registry-v1.md,234,GA7,"Federation, Service and Denial Authority Targets",G7-R08,Office/Title Delegation and Revocation Rules,NC-CL-R-000839|NC-CL-R-000840|NC-CL-R-000841|NC-CL-R-000842,ENTITY|CONTROL_CLAIM|STATE_TRANSITION|LOSS_OBLIGATION,C7,C7,SYNERGY|COMPLETION_LEGACY,G,E736–740.,narrows inherited title/signature authority and requires successor identification.,breakaway units and operational gaps.,,`G/R`.,,UNRESOLVED,UNRESOLVED,UNKNOWN,UNRESOLVED,UNRESOLVED,HEURISTIC_PROVISIONAL,Automated provisional split; category-agent and PM semantic review required,CATEGORY_REVIEW_REQUIRED|ENTITY_MERGE_REQUIRED,NONE
NC-CL-S-000273,docs/09_collection/ga7-collection-registry-v1.md#G7-R09,docs/09_collection/ga7-collection-registry-v1.md,248,GA7,"Federation, Service and Denial Authority Targets",G7-R09,H-001 D4 Denial Order,NC-CL-R-000843|NC-CL-R-000844|NC-CL-R-000845,CONTROL_CLAIM|STATE_TRANSITION|LOSS_OBLIGATION,C7,C7,SYNERGY|COMPLETION_LEGACY,G,,prevents strategic capture and saves another population/front.,"working range 80,000–250,000 people stranded/captured/missing/severely exposed plus downstream service deaths, pending simulation.",,`G/L — genuine harmful choice and core responsibility record`.,,UNRESOLVED,UNRESOLVED,UNKNOWN,UNRESOLVED,UNRESOLVED,HEURISTIC_PROVISIONAL,Automated provisional split; category-agent and PM semantic review required,CATEGORY_REVIEW_REQUIRED|ENTITY_MERGE_REQUIRED,NONE
NC-CL-S-000274,docs/09_collection/ga7-collection-registry-v1.md#G7-R10,docs/09_collection/ga7-collection-registry-v1.md,262,GA7,"Federation, Service and Denial Authority Targets",G7-R10,"Survivor Aid, Claims and Reparation Obligation",NC-CL-R-000846|NC-CL-R-000847|NC-CL-R-000848|NC-CL-R-000849,ENTITY|CONTROL_CLAIM|STATE_TRANSITION|LOSS_OBLIGATION,C1,C1|C7,ACQUISITION|SYNERGY|COMPLETION_LEGACY,C,E760–800.,"rescue, replacement services, compensation, local/downstream claims and review.",federation resources and unresolved harm; cannot restore route/lives.,,`C/G/L`.,,UNRESOLVED,UNRESOLVED,UNKNOWN,UNRESOLVED,UNRESOLVED,HEURISTIC_PROVISIONAL,Automated provisional split; category-agent and PM semantic review required,CATEGORY_REVIEW_REQUIRED|ENTITY_MERGE_REQUIRED,NONE
NC-CL-S-000275,docs/09_collection/ga7-collection-registry-v1.md#G7-R11,docs/09_collection/ga7-collection-registry-v1.md,276,GA7,"Federation, Service and Denial Authority Targets",G7-R11,Affected-Region Standing Rule,NC-CL-R-000850|NC-CL-R-000851|NC-CL-R-000852|NC-CL-R-000853,ENTITY|CONTROL_CLAIM|STATE_TRANSITION|LOSS_OBLIGATION,C7,C7|C8,SYNERGY|COMPLETION_LEGACY,G,E741–790.,downstream regions gain evidence/appeal/decision standing before denial.,slows emergency action and can pressure local residents into risk.,,`G`.,,UNRESOLVED,UNRESOLVED,UNKNOWN,UNRESOLVED,UNRESOLVED,HEURISTIC_PROVISIONAL,Automated provisional split; category-agent and PM semantic review required,CATEGORY_REVIEW_REQUIRED|ENTITY_MERGE_REQUIRED,NONE
NC-CL-S-000276,docs/09_collection/ga7-collection-registry-v1.md#G7-R12,docs/09_collection/ga7-collection-registry-v1.md,290,GA7,"Federation, Service and Denial Authority Targets",G7-R12,Reformed Mutual Route Federation Charter,NC-CL-R-000854|NC-CL-R-000855|NC-CL-R-000856|NC-CL-R-000857,ENTITY|CONTROL_CLAIM|STATE_TRANSITION|LOSS_OBLIGATION,C7,C7,ACQUISITION|SYNERGY|COMPLETION_LEGACY,G,E781–800.,,"slower, unequal and not universally joined.",,"`G — grand-act institutional reward, not H-001 personal network`. --",,UNRESOLVED,UNRESOLVED,UNKNOWN,UNRESOLVED,UNRESOLVED,HEURISTIC_PROVISIONAL,Automated provisional split; category-agent and PM semantic review required,CATEGORY_REVIEW_REQUIRED|ENTITY_MERGE_REQUIRED,NONE
NC-CL-S-000277,docs/09_collection/ga7-collection-registry-v1.md#G7-A01,docs/09_collection/ga7-collection-registry-v1.md,316,GA7,"Route, Node and Infrastructure Targets",G7-A01,Central Continuity Corridor,NC-CL-R-000858|NC-CL-R-000859|NC-CL-R-000860,ENTITY|STATE_TRANSITION|LOSS_OBLIGATION,C8,C8,ACQUISITION|SYNERGY|COMPLETION_LEGACY,G,,stable minimum food/medical/military/authenticated traffic.,"ranked access, identity exclusions and permanent-corridor risk.",,`G — survives/expands as rival infrastructure`.,,UNRESOLVED,UNRESOLVED,UNKNOWN,UNRESOLVED,UNRESOLVED,HEURISTIC_PROVISIONAL,Automated provisional split; category-agent and PM semantic review required,CATEGORY_REVIEW_REQUIRED|ENTITY_MERGE_REQUIRED,NONE
NC-CL-S-000278,docs/09_collection/ga7-collection-registry-v1.md#G7-A02,docs/09_collection/ga7-collection-registry-v1.md,327,GA7,"Route, Node and Infrastructure Targets",G7-A02,Federation Open/Controlled Route Set,NC-CL-R-000861|NC-CL-R-000862|NC-CL-R-000863,STATE_TRANSITION|LOSS_OBLIGATION|SET,C8,C8,ACQUISITION|SYNERGY|COMPLETION_LEGACY,G,,"distributed passage, local custody and reciprocal obligations.","closures, low capacity and free-riding.",,"`G/L — several routes survive, others close/die`.",,UNRESOLVED,UNRESOLVED,UNKNOWN,UNRESOLVED,UNRESOLVED,HEURISTIC_PROVISIONAL,Automated provisional split; category-agent and PM semantic review required,CATEGORY_REVIEW_REQUIRED|ENTITY_MERGE_REQUIRED,NONE
NC-CL-S-000279,docs/09_collection/ga7-collection-registry-v1.md#G7-A03,docs/09_collection/ga7-collection-registry-v1.md,338,GA7,"Route, Node and Infrastructure Targets",G7-A03,Reversible D1–D3 Degradation Toolkit,NC-CL-R-000864|NC-CL-R-000865,STATE_TRANSITION|LOSS_OBLIGATION,C8,C8,SYNERGY|COMPLETION_LEGACY,G,H-002/operators/federation.,"inspection, one-way, limited-class and temporary closures before D4.",cannot always stop capture; technical/labor burdens.,,`G`.,,UNRESOLVED,UNRESOLVED,UNKNOWN,UNRESOLVED,UNRESOLVED,HEURISTIC_PROVISIONAL,Automated provisional split; category-agent and PM semantic review required,CATEGORY_REVIEW_REQUIRED|ENTITY_MERGE_REQUIRED,NONE
NC-CL-S-000280,docs/09_collection/ga7-collection-registry-v1.md#G7-A04,docs/09_collection/ga7-collection-registry-v1.md,352,GA7,"Route, Node and Infrastructure Targets",G7-A04,Scorched Automatic Trigger Network,NC-CL-R-000866|NC-CL-R-000867|NC-CL-R-000868,ENTITY|STATE_TRANSITION|LOSS_OBLIGATION,C6,C6|C8,DISCOVERY|SYNERGY|COMPLETION_LEGACY,L,,deters/counters capture.,"coercion, accidental/unauthorized destruction and signature/title misuse.",,"`L/C — partly dismantled, splinter networks remain`.",,UNRESOLVED,UNRESOLVED,UNKNOWN,UNRESOLVED,UNRESOLVED,HEURISTIC_PROVISIONAL,Automated provisional split; category-agent and PM semantic review required,CATEGORY_REVIEW_REQUIRED|ENTITY_MERGE_REQUIRED,NONE
NC-CL-S-000281,docs/09_collection/ga7-collection-registry-v1.md#G7-A05,docs/09_collection/ga7-collection-registry-v1.md,366,GA7,"Route, Node and Infrastructure Targets",G7-A05,Target Node/Route of H-001 D4 Incident,NC-CL-R-000869|NC-CL-R-000870|NC-CL-R-000871,ENTITY|STATE_TRANSITION|LOSS_OBLIGATION,C8,C8,SYNERGY|COMPLETION_LEGACY,L,,strategic denial.,"permanent route loss/degradation, local and downstream harm.",,`L — physical scar and long-term political object`.,,UNRESOLVED,UNRESOLVED,UNKNOWN,UNRESOLVED,UNRESOLVED,HEURISTIC_PROVISIONAL,Automated provisional split; category-agent and PM semantic review required,CATEGORY_REVIEW_REQUIRED|ENTITY_MERGE_REQUIRED,NONE
NC-CL-S-000282,docs/09_collection/ga7-collection-registry-v1.md#G7-A06,docs/09_collection/ga7-collection-registry-v1.md,380,GA7,"Route, Node and Infrastructure Targets",G7-A06,Replacement Route/Service Network,NC-CL-R-000872|NC-CL-R-000873|NC-CL-R-000874,ENTITY|STATE_TRANSITION|LOSS_OBLIGATION,C8,C8,SYNERGY|COMPLETION_LEGACY,C,"before/after D4 through federation, Continuity, Neutral and local actors.",mitigates but does not erase downstream harm.,"longer travel, lower medical/food capacity and dependency on rivals.",,`C/G`.,,UNRESOLVED,UNRESOLVED,UNKNOWN,UNRESOLVED,UNRESOLVED,HEURISTIC_PROVISIONAL,Automated provisional split; category-agent and PM semantic review required,CATEGORY_REVIEW_REQUIRED|ENTITY_MERGE_REQUIRED,NONE
NC-CL-S-000283,docs/09_collection/ga7-collection-registry-v1.md#G7-A07,docs/09_collection/ga7-collection-registry-v1.md,394,GA7,"Route, Node and Infrastructure Targets",G7-A07,Final Multi-Route Operation Without H-001 Monopoly,NC-CL-R-000875|NC-CL-R-000876|NC-CL-R-000877,ENTITY|STATE_TRANSITION|LOSS_OBLIGATION,C8,C8,SYNERGY|COMPLETION_LEGACY,G,,proves federation can function through distributed coordinators and standing rules.,one route/group harmed and response slower than central command.,,`G`. --,,UNRESOLVED,UNRESOLVED,UNKNOWN,UNRESOLVED,UNRESOLVED,HEURISTIC_PROVISIONAL,Automated provisional split; category-agent and PM semantic review required,CATEGORY_REVIEW_REQUIRED|ENTITY_MERGE_REQUIRED,NONE
NC-CL-S-000284,docs/09_collection/ga7-collection-registry-v1.md#G7-M01,docs/09_collection/ga7-collection-registry-v1.md,412,GA7,Blood Admiral Identity and Responsibility Targets,G7-M01,H-001 Person Record,NC-CL-R-000878|NC-CL-R-000879|NC-CL-R-000880|NC-CL-R-000881,ENTITY|CONTROL_CLAIM|STATE_TRANSITION|NARRATIVE_PROMISE,C1,C1,COMPLETION_LEGACY,G,,,,,`G/R — separated from office/doctrine but morally substantive`.,,UNRESOLVED,UNRESOLVED,UNKNOWN,UNRESOLVED,UNRESOLVED,HEURISTIC_PROVISIONAL,Automated provisional split; category-agent and PM semantic review required,CATEGORY_REVIEW_REQUIRED|ENTITY_MERGE_REQUIRED,NONE
NC-CL-S-000285,docs/09_collection/ga7-collection-registry-v1.md#G7-M02,docs/09_collection/ga7-collection-registry-v1.md,420,GA7,Blood Admiral Identity and Responsibility Targets,G7-M02,Route Admiral Office/Title Record,NC-CL-R-000882|NC-CL-R-000883|NC-CL-R-000884|NC-CL-R-000885,ENTITY|CONTROL_CLAIM|STATE_TRANSITION|NARRATIVE_PROMISE,C1,C1|C7|C8,COMPLETION_LEGACY,G,,,,,`G/R — singular identity decompressed`.,,UNRESOLVED,UNRESOLVED,UNKNOWN,UNRESOLVED,UNRESOLVED,HEURISTIC_PROVISIONAL,Automated provisional split; category-agent and PM semantic review required,CATEGORY_REVIEW_REQUIRED|ENTITY_MERGE_REQUIRED,NONE
NC-CL-S-000286,docs/09_collection/ga7-collection-registry-v1.md#G7-M03,docs/09_collection/ga7-collection-registry-v1.md,428,GA7,Blood Admiral Identity and Responsibility Targets,G7-M03,Denial Doctrine Record,NC-CL-R-000886|NC-CL-R-000887|NC-CL-R-000888,CONTROL_CLAIM|STATE_TRANSITION|NARRATIVE_PROMISE,C1,C1,SYNERGY|COMPLETION_LEGACY,G,,,,,`G/R — not identical to H-001 person`.,,UNRESOLVED,UNRESOLVED,UNKNOWN,UNRESOLVED,UNRESOLVED,HEURISTIC_PROVISIONAL,Automated provisional split; category-agent and PM semantic review required,CATEGORY_REVIEW_REQUIRED|ENTITY_MERGE_REQUIRED,NONE
NC-CL-S-000287,docs/09_collection/ga7-collection-registry-v1.md#G7-M04,docs/09_collection/ga7-collection-registry-v1.md,436,GA7,Blood Admiral Identity and Responsibility Targets,G7-M04,Command-Key/Signature Lineage,NC-CL-R-000889|NC-CL-R-000890|NC-CL-R-000891|NC-CL-R-000892|NC-CL-R-000893,ENTITY|CONTROL_CLAIM|STATE_TRANSITION|NARRATIVE_PROMISE|SET,C4,C4|C7,COMPLETION_LEGACY,G,,,,,"`G/L/R — enough mapped for representative incidents, not complete`.",,UNRESOLVED,UNRESOLVED,UNKNOWN,UNRESOLVED,UNRESOLVED,HEURISTIC_PROVISIONAL,Automated provisional split; category-agent and PM semantic review required,CATEGORY_REVIEW_REQUIRED|ENTITY_MERGE_REQUIRED,NONE
NC-CL-S-000288,docs/09_collection/ga7-collection-registry-v1.md#G7-M05,docs/09_collection/ga7-collection-registry-v1.md,444,GA7,Blood Admiral Identity and Responsibility Targets,G7-M05,Successor/Radical Commander Records,NC-CL-R-000894|NC-CL-R-000895|NC-CL-R-000896,ENTITY|STATE_TRANSITION|NARRATIVE_PROMISE,C1,C1,COMPLETION_LEGACY,G,,,,,`G/L/R`.,,UNRESOLVED,UNRESOLVED,UNKNOWN,UNRESOLVED,UNRESOLVED,HEURISTIC_PROVISIONAL,Automated provisional split; category-agent and PM semantic review required,CATEGORY_REVIEW_REQUIRED|ENTITY_MERGE_REQUIRED,NONE
NC-CL-S-000289,docs/09_collection/ga7-collection-registry-v1.md#G7-M06,docs/09_collection/ga7-collection-registry-v1.md,452,GA7,Blood Admiral Identity and Responsibility Targets,G7-M06,Propaganda/Supporter/Victim Narrative Set,NC-CL-R-000897|NC-CL-R-000898,STATE_TRANSITION|NARRATIVE_PROMISE,C1,C1,SYNERGY|COMPLETION_LEGACY,G,,shows why singular Blood Admiral remains culturally useful.,,,"`G/R — plural, unresolved`.",,UNRESOLVED,UNRESOLVED,UNKNOWN,UNRESOLVED,UNRESOLVED,HEURISTIC_PROVISIONAL,Automated provisional split; category-agent and PM semantic review required,CATEGORY_REVIEW_REQUIRED|ENTITY_MERGE_REQUIRED,NONE
NC-CL-S-000290,docs/09_collection/ga7-collection-registry-v1.md#G7-M07,docs/09_collection/ga7-collection-registry-v1.md,460,GA7,Blood Admiral Identity and Responsibility Targets,G7-M07,Representative Incident Matrix,NC-CL-R-000899|NC-CL-R-000900|NC-CL-R-000901,RELATIONSHIP|STATE_TRANSITION|NARRATIVE_PROMISE,C7,C7,DISCOVERY|COMPLETION_LEGACY,G,E766–772.,,,,`G — core mystery payoff structure`.,,UNRESOLVED,UNRESOLVED,UNKNOWN,UNRESOLVED,UNRESOLVED,HEURISTIC_PROVISIONAL,Automated provisional split; category-agent and PM semantic review required,CATEGORY_REVIEW_REQUIRED|ENTITY_MERGE_REQUIRED,NONE
NC-CL-S-000291,docs/09_collection/ga7-collection-registry-v1.md#G7-M08,docs/09_collection/ga7-collection-registry-v1.md,476,GA7,Blood Admiral Identity and Responsibility Targets,G7-M08,Specific Responsibility Finding,NC-CL-R-000902|NC-CL-R-000903,STATE_TRANSITION|NARRATIVE_PROMISE,C7,C7,COMPLETION_LEGACY,G,E773–800.,,,,`G — no total guilt or absolution`.,,UNRESOLVED,UNRESOLVED,UNKNOWN,UNRESOLVED,UNRESOLVED,HEURISTIC_PROVISIONAL,Automated provisional split; category-agent and PM semantic review required,CATEGORY_REVIEW_REQUIRED|ENTITY_MERGE_REQUIRED,NONE
NC-CL-S-000292,docs/09_collection/ga7-collection-registry-v1.md#G7-M09,docs/09_collection/ga7-collection-registry-v1.md,490,GA7,Blood Admiral Identity and Responsibility Targets,G7-M09,Decompressed Blood Admiral Archive State,NC-CL-R-000904|NC-CL-R-000905|NC-CL-R-000906|NC-CL-R-000907,ENTITY|STATE_TRANSITION|LOSS_OBLIGATION|NARRATIVE_PROMISE,C1,C1|C7,DISCOVERY|ACQUISITION|SYNERGY|COMPLETION_LEGACY,G,E791–800.,"singular record splits into person, office, doctrine, successors and unresolved traces.",current legal identity/office/claims destabilize and central Archive backlash grows.,,`G/R — direct GA8 trigger`.,,UNRESOLVED,UNRESOLVED,UNKNOWN,UNRESOLVED,UNRESOLVED,HEURISTIC_PROVISIONAL,Automated provisional split; category-agent and PM semantic review required,CATEGORY_REVIEW_REQUIRED|ENTITY_MERGE_REQUIRED,NONE
NC-CL-S-000293,docs/09_collection/ga7-collection-registry-v1.md#G7-I01,docs/09_collection/ga7-collection-registry-v1.md,504,GA7,Blood Admiral Identity and Responsibility Targets,G7-I01,Public Blood Admiral Myth,NC-CL-R-000908|NC-CL-R-000909|NC-CL-R-000910,ENTITY|STATE_TRANSITION|NARRATIVE_PROMISE,C1,C1|C4,COMPLETION_LEGACY,R,,,,,`R/G — remains active political/cultural label`.,,UNRESOLVED,UNRESOLVED,UNKNOWN,UNRESOLVED,UNRESOLVED,HEURISTIC_PROVISIONAL,Automated provisional split; category-agent and PM semantic review required,CATEGORY_REVIEW_REQUIRED|ENTITY_MERGE_REQUIRED,NONE
NC-CL-S-000294,docs/09_collection/ga7-collection-registry-v1.md#G7-I02,docs/09_collection/ga7-collection-registry-v1.md,512,GA7,Blood Admiral Identity and Responsibility Targets,G7-I02,“No One Owns a Route’s Death” Principle,NC-CL-R-000911|NC-CL-R-000912|NC-CL-R-000913,STATE_TRANSITION|LOSS_OBLIGATION|NARRATIVE_PROMISE,C8,C8,SYNERGY|COMPLETION_LEGACY,G,denial authority/affected-region standing and specific responsibility.,prevents personal/local/central monopoly over destruction.,delay and distributed responsibility ambiguity.,,`G`. --,,UNRESOLVED,UNRESOLVED,UNKNOWN,UNRESOLVED,UNRESOLVED,HEURISTIC_PROVISIONAL,Automated provisional split; category-agent and PM semantic review required,CATEGORY_REVIEW_REQUIRED|ENTITY_MERGE_REQUIRED,NONE
NC-CL-S-000295,docs/09_collection/ga8-collection-registry-v1.md#G8-P01,docs/09_collection/ga8-collection-registry-v1.md,30,GA8,Record Faction and Representative Relationships,G8-P01,Continuity Authentication Directorate,NC-CL-R-000914|NC-CL-R-000915|NC-CL-R-000916,ENTITY|RELATIONSHIP|CONTROL_CLAIM,C1,C1|C6|C7|C8,SYNERGY,G,,"current-status layer, mirror synchronization and bounded Authority G activation.","identity/route freezes, hidden model assumptions and expanded emergency authority.",,`G — powerful operational partner/rival entering GA9`.,,UNRESOLVED,UNRESOLVED,UNKNOWN,UNRESOLVED,UNRESOLVED,DRY_RUN_REVIEWED,기관·경쟁관계·인증권한이 한 행에 결합,PM_MERGE_REQUIRED,NONE
NC-CL-S-000296,docs/09_collection/ga8-collection-registry-v1.md#G8-P02,docs/09_collection/ga8-collection-registry-v1.md,41,GA8,Record Faction and Representative Relationships,G8-P02,Plural Archive Coalition,NC-CL-R-000917|NC-CL-R-000918|NC-CL-R-000919,ENTITY|RELATIONSHIP|CONTROL_CLAIM,C1,C1|C6|C7|C8,SYNERGY,G,,"provenance, correction, affected-person standing, distributed Authority F and mirror sources.","latency, contradictory status, misinformation and inability to act fast enough everywhere.",,`G/L — survives as plural opposition/participant after Seed activation`.,,UNRESOLVED,UNRESOLVED,UNKNOWN,UNRESOLVED,UNRESOLVED,DRY_RUN_REVIEWED,연합체·참여관계·분산접근권을 함께 서술,PM_MERGE_REQUIRED,NONE
NC-CL-S-000297,docs/09_collection/ga8-collection-registry-v1.md#G8-P03,docs/09_collection/ga8-collection-registry-v1.md,52,GA8,Record Faction and Representative Relationships,G8-P03,Restoration Truth Assembly,NC-CL-R-000920|NC-CL-R-000921|NC-CL-R-000922|NC-CL-R-000923,ENTITY|RELATIONSHIP|CONTROL_CLAIM|STATE_TRANSITION,C1,C1|C6|C7,SYNERGY,C,,suppressed originals/source maps and public accountability.,"harmful disclosure, intimacy/strategic exposure and total-truth pressure.",,"`C/G/L — contributes key evidence, splits over redaction/public dump`.",,UNRESOLVED,UNRESOLVED,UNKNOWN,UNRESOLVED,UNRESOLVED,DRY_RUN_REVIEWED,조직·증거참여·공개권리·분열상태가 결합,PM_MERGE_REQUIRED,NONE
NC-CL-S-000298,docs/09_collection/ga8-collection-registry-v1.md#G8-P04,docs/09_collection/ga8-collection-registry-v1.md,63,GA8,Record Faction and Representative Relationships,G8-P04,Right-to-Forget / Liberation Network,NC-CL-R-000924|NC-CL-R-000925|NC-CL-R-000926|NC-CL-R-000927,ENTITY|CONTROL_CLAIM|STATE_TRANSITION|LOSS_OBLIGATION,C1,C1|C6|C7,SYNERGY,C,,personal/intimate deletion and refusal of predictive operational use.,"attempted/actual destruction of accountability, medical or shared evidence.",,`C/L — rights recognized partly; radical deletion wing persists`.,,UNRESOLVED,UNRESOLVED,UNKNOWN,UNRESOLVED,UNRESOLVED,DRY_RUN_REVIEWED,조직·삭제권리·증거파괴·분파상태가 결합,PM_MERGE_REQUIRED,NONE
NC-CL-S-000299,docs/09_collection/ga8-collection-registry-v1.md#G8-P05,docs/09_collection/ga8-collection-registry-v1.md,74,GA8,Record Faction and Representative Relationships,G8-P05,AI and Composite Persons Compact,NC-CL-R-000928|NC-CL-R-000929|NC-CL-R-000930|NC-CL-R-000931,ENTITY|CONTROL_CLAIM|STATE_TRANSITION|LOSS_OBLIGATION,C1,C1|C6|C7,ACQUISITION|SYNERGY,G,,"entity-specific person/evidence/tool standing, consent and liability.",blocked data/access and one irreversible forced-copy/identity fracture.,,"`G/L — multiple categories/actors remain, no universal personhood rule`.",,UNRESOLVED,UNRESOLVED,UNKNOWN,UNRESOLVED,UNRESOLVED,DRY_RUN_REVIEWED,협약체·인격권리·강제복제·영구정체성손실이 결합,PM_MERGE_REQUIRED,NONE
NC-CL-S-000300,docs/09_collection/ga8-collection-registry-v1.md#G8-P06,docs/09_collection/ga8-collection-registry-v1.md,85,GA8,Record Faction and Representative Relationships,G8-P06,State/Helix Operational Records Alliance,NC-CL-R-000932|NC-CL-R-000933|NC-CL-R-000934,ENTITY|RELATIONSHIP|CONTROL_CLAIM,C1,C1|C6|C7,SYNERGY,G,,"safety, medical, contract, technical and service continuity.","proprietary control, data-service conditions and central compression support.",,`G — collaborator and potential anti-Continuity monopoly rival in GA9`.,,UNRESOLVED,UNRESOLVED,UNKNOWN,UNRESOLVED,UNRESOLVED,DRY_RUN_REVIEWED,동맹체·협력경쟁관계·독점통제권을 함께 서술,PM_MERGE_REQUIRED,NONE
NC-CL-S-000301,docs/09_collection/ga8-collection-registry-v1.md#G8-P07,docs/09_collection/ga8-collection-registry-v1.md,96,GA8,Record Faction and Representative Relationships,G8-P07,Palimpsest Custodian Communities,NC-CL-R-000935|NC-CL-R-000936|NC-CL-R-000937|NC-CL-R-000938|NC-CL-R-000939,ENTITY|RELATIONSHIP|CONTROL_CLAIM|STATE_TRANSITION|LOSS_OBLIGATION,C6,C6|C7|C8,ACQUISITION|SYNERGY|COMPLETION_LEGACY,G,,"living mirrors, old standards/source indices and local access conditions.","habitat/service damage, strategic targeting and forced synchronization pressure.",,"`G/L — some communities/mirrors participate, some refuse or are lost`.",,UNRESOLVED,UNRESOLVED,UNKNOWN,UNRESOLVED,UNRESOLVED,DRY_RUN_REVIEWED,공동체·참여관계·접근권·거울손실이 결합,PM_MERGE_REQUIRED,NONE
NC-CL-S-000302,docs/09_collection/ga8-collection-registry-v1.md#G8-P08,docs/09_collection/ga8-collection-registry-v1.md,107,GA8,Record Faction and Representative Relationships,G8-P08,P-001 as Unrecorded Connector / Seed Corrective Candidate,NC-CL-R-000940|NC-CL-R-000941|NC-CL-R-000942,RELATIONSHIP|CONTROL_CLAIM|NARRATIVE_PROMISE,C1,C1|C6|C7,DISCOVERY|ACQUISITION|SYNERGY|COMPLETION_LEGACY,G,independent source proof and S5 reconstruction traces.,"bounded corrective input during activation, not ownership.","memory contamination, targeting and potential central-key role.",,`G/R — selection truth confirmed; exclusive curator refused but unique connection deepens`. --,,UNRESOLVED,UNRESOLVED,UNKNOWN,UNRESOLVED,UNRESOLVED,DRY_RUN_REVIEWED,연결관계·교정권한·선정진실 약속이 결합,PM_MERGE_REQUIRED,NONE
NC-CL-S-000303,docs/09_collection/ga8-collection-registry-v1.md#G8-R01,docs/09_collection/ga8-collection-registry-v1.md,125,GA8,Record Rights and Current-Status Targets,G8-R01,Temporary Current-Status Layer,NC-CL-R-000943,CONTROL_CLAIM,C1,C1|C6|C7|C8,ACQUISITION|SYNERGY|COMPLETION_LEGACY,G,E801–806.,"keeps pay, treatment, office and route access functioning while historical records conflict.",selects one executable current identity and excludes/errs.,,`G/R — absorbed/expanded by Seed consensus`.,,UNRESOLVED,UNRESOLVED,UNKNOWN,UNRESOLVED,UNRESOLVED,DRY_RUN_REVIEWED,현재 신분과 서비스 접근을 정하는 통제층,PM_MERGE_REQUIRED,NONE
NC-CL-S-000304,docs/09_collection/ga8-collection-registry-v1.md#G8-R02,docs/09_collection/ga8-collection-registry-v1.md,139,GA8,Record Rights and Current-Status Targets,G8-R02,Public Evidence / Intimate Memory / Operational Status Separation,NC-CL-R-000944|NC-CL-R-000945,CONTROL_CLAIM|LOSS_OBLIGATION,C1,C1|C6|C7,SYNERGY|COMPLETION_LEGACY,G,E807–813.,prevents one record-right category from controlling all use.,boundaries contested and one irreversible loss/exposure occurs.,,`G`.,,UNRESOLVED,UNRESOLVED,UNKNOWN,UNRESOLVED,UNRESOLVED,DRY_RUN_REVIEWED,기록권리 분리와 비가역 노출손실을 함께 규정,PM_MERGE_REQUIRED,NONE
NC-CL-S-000305,docs/09_collection/ga8-collection-registry-v1.md#G8-R03,docs/09_collection/ga8-collection-registry-v1.md,153,GA8,Record Rights and Current-Status Targets,G8-R03,Authority F Multi-Party Access Mandate,NC-CL-R-000946,CONTROL_CLAIM,C1,C1|C6|C7,ACQUISITION|SYNERGY|COMPLETION_LEGACY,G,E814–819.,translates plural sources and identities without choosing final truth.,"slow, targetable and dependent on many rights/actors.",,`G — distributed/limited access`.,,UNRESOLVED,UNRESOLVED,UNKNOWN,UNRESOLVED,UNRESOLVED,DRY_RUN_REVIEWED,복수 주체의 제한적 기록접근 권한,PM_MERGE_REQUIRED,NONE
NC-CL-S-000306,docs/09_collection/ga8-collection-registry-v1.md#G8-R04,docs/09_collection/ga8-collection-registry-v1.md,167,GA8,Record Rights and Current-Status Targets,G8-R04,Provisional AI/Composite/Tool Standing,NC-CL-R-000947,CONTROL_CLAIM,C1,C1|C6|C7,ACQUISITION|SYNERGY|COMPLETION_LEGACY,G,E832–837.,"consent, audit, copying, access and liability decisions.",some critical data inaccessible and classifications remain disputable.,,"`G/R — case-based, not universal rule`.",,UNRESOLVED,UNRESOLVED,UNKNOWN,UNRESOLVED,UNRESOLVED,DRY_RUN_REVIEWED,인격·도구 분류별 동의와 접근 권리,PM_MERGE_REQUIRED,NONE
NC-CL-S-000307,docs/09_collection/ga8-collection-registry-v1.md#G8-R05,docs/09_collection/ga8-collection-registry-v1.md,181,GA8,Record Rights and Current-Status Targets,G8-R05,Forced-Copy/Merge Accountability Record,NC-CL-R-000948|NC-CL-R-000949|NC-CL-R-000950,CONTROL_CLAIM|STATE_TRANSITION|LOSS_OBLIGATION,C1,C1|C6|C7,SYNERGY|COMPLETION_LEGACY,G,E838–844.,preserves evidence of emergency rights crossing and entity harm.,irreversible identity fracture/copy conflict.,,`G/L — cannot restore pre-copy identity exactly`.,,UNRESOLVED,UNRESOLVED,UNKNOWN,UNRESOLVED,UNRESOLVED,DRY_RUN_REVIEWED,책임기록·강제복제상태·비가역 정체성손실이 결합,PM_MERGE_REQUIRED,NONE
NC-CL-S-000308,docs/09_collection/ga8-collection-registry-v1.md#G8-R06,docs/09_collection/ga8-collection-registry-v1.md,195,GA8,Record Rights and Current-Status Targets,G8-R06,Preserve/Correct/Plural/Forget/Refuse/Audit Rights Framework,NC-CL-R-000951|NC-CL-R-000952,CONTROL_CLAIM|SET,C1,C1|C6|C7,ACQUISITION|SYNERGY|COMPLETION_LEGACY,C,E845–875 and revised E876–900.,"guides archive access, current identity and operational use.","slow, incomplete, conflicting and overridden under some emergency classifications.",,"`C/G — partial framework, not final constitution`.",,UNRESOLVED,UNRESOLVED,UNKNOWN,UNRESOLVED,UNRESOLVED,DRY_RUN_REVIEWED,여섯 기록권리를 묶은 운영 프레임워크,PM_MERGE_REQUIRED,NONE
NC-CL-S-000309,docs/09_collection/ga8-collection-registry-v1.md#G8-R07,docs/09_collection/ga8-collection-registry-v1.md,209,GA8,Record Rights and Current-Status Targets,G8-R07,Bounded Operational Compression Rules,NC-CL-R-000953,CONTROL_CLAIM,C1,C1|C6|C7,SYNERGY|COMPLETION_LEGACY,G,E863–894.,allows executable current status while retaining source/provenance/uncertainty beneath it.,ranking and exclusions remain; emergency expansion risk.,,`G — central GA9 conflict object`.,,UNRESOLVED,UNRESOLVED,UNKNOWN,UNRESOLVED,UNRESOLVED,DRY_RUN_REVIEWED,현재 상태 압축과 불확실성 보존 규칙,PM_MERGE_REQUIRED,NONE
NC-CL-S-000310,docs/09_collection/ga8-collection-registry-v1.md#G8-R08,docs/09_collection/ga8-collection-registry-v1.md,223,GA8,Record Rights and Current-Status Targets,G8-R08,P-001 Access and Memory-Limit Protocol,NC-CL-R-000954|NC-CL-R-000955|NC-CL-R-000956,CONTROL_CLAIM|STATE_TRANSITION|LOSS_OBLIGATION,C1,C1|C6,ACQUISITION|SYNERGY|COMPLETION_LEGACY,G,E857–875.,"limits neural/Archive testing, copying and exclusive corrective access.",fewer answers and reduced/unstable future-memory utility.,,`G/L — breached or strained by activation; contamination persists`.,,UNRESOLVED,UNRESOLVED,UNKNOWN,UNRESOLVED,UNRESOLVED,DRY_RUN_REVIEWED,접근제한·규약침해·지속 기억오염이 결합,PM_MERGE_REQUIRED,NONE
NC-CL-S-000311,docs/09_collection/ga8-collection-registry-v1.md#G8-R09,docs/09_collection/ga8-collection-registry-v1.md,237,GA8,Record Rights and Current-Status Targets,G8-R09,Authority G Split-Key Activation Draft,NC-CL-R-000957|NC-CL-R-000958,CONTROL_CLAIM|SET,C1,C1|C6|C7|C8,ACQUISITION|COMPLETION_LEGACY,G,E870–875.,,too slow/incomplete for full crisis.,,,,UNRESOLVED,UNRESOLVED,UNKNOWN,UNRESOLVED,UNRESOLVED,DRY_RUN_REVIEWED,분할보관·거부권·복수 참여자를 묶은 활성화안,PM_MERGE_REQUIRED,NONE
NC-CL-S-000312,docs/09_collection/ga8-collection-registry-v1.md#G8-R10,docs/09_collection/ga8-collection-registry-v1.md,256,GA8,Record Rights and Current-Status Targets,G8-R10,Seed Consensus Activation Accord,NC-CL-R-000959|NC-CL-R-000960|NC-CL-R-000961|NC-CL-R-000962,RELATIONSHIP|CONTROL_CLAIM|STATE_TRANSITION|SET,C1,C1|C6|C7|C8,ACQUISITION|SYNERGY|COMPLETION_LEGACY,G,E888–894.,"synchronizes current identity, command, routes and services across many systems.","ranking/freezes, scope expansion and P-001 connection.",,`G — grand-act operational reward and GA9 threat`. --,,UNRESOLVED,UNRESOLVED,UNKNOWN,UNRESOLVED,UNRESOLVED,DRY_RUN_REVIEWED,합의관계·통제권·활성화·서비스조합이 결합,PM_MERGE_REQUIRED,NONE
NC-CL-S-000313,docs/09_collection/ga8-collection-registry-v1.md#G8-A01,docs/09_collection/ga8-collection-registry-v1.md,274,GA8,"Sites, Mirrors and Service Authorities",G8-A01,Meridian Sacred/Founding Archive Source Set,NC-CL-R-000963|NC-CL-R-000964|NC-CL-R-000965,ENTITY|CONTROL_CLAIM|SET,C4,C4|C7|C8,SYNERGY,G,,imperial canonical selection and old oaths/protocols.,curated/elite and politically captured.,,`G/R — one source family among several`.,,UNRESOLVED,UNRESOLVED,UNKNOWN,UNRESOLVED,UNRESOLVED,DRY_RUN_REVIEWED,기록원본군과 정본효력 및 세트가 결합,PM_MERGE_REQUIRED,NONE
NC-CL-S-000314,docs/09_collection/ga8-collection-registry-v1.md#G8-A02,docs/09_collection/ga8-collection-registry-v1.md,285,GA8,"Sites, Mirrors and Service Authorities",G8-A02,Black Ward Witness Mesh,NC-CL-R-000966|NC-CL-R-000967|NC-CL-R-000968|NC-CL-R-000969,ENTITY|RELATIONSHIP|CONTROL_CLAIM|LOSS_OBLIGATION,C1,C1|C6|C7|C8,SYNERGY,G,,"administrative death, human/AI identity and consent-limited testimony.","medical dependence, intimate data and incomplete personhood.",,`G/L — partial participation; not fully copied`.,,UNRESOLVED,UNRESOLVED,UNKNOWN,UNRESOLVED,UNRESOLVED,DRY_RUN_REVIEWED,증언망·참여관계·동의권·의료부담이 결합,PM_MERGE_REQUIRED,NONE
NC-CL-S-000315,docs/09_collection/ga8-collection-registry-v1.md#G8-A03,docs/09_collection/ga8-collection-registry-v1.md,296,GA8,"Sites, Mirrors and Service Authorities",G8-A03,Ardis/Route Plural Mirror,NC-CL-R-000970|NC-CL-R-000971|NC-CL-R-000972,ENTITY|RELATIONSHIP|CONTROL_CLAIM,C6,C6|C7|C8,SYNERGY,G,,current plural operational histories and local correction.,incompatible/slow and politically contested.,,`G — key plural input to activation and future opposition`.,,UNRESOLVED,UNRESOLVED,UNKNOWN,UNRESOLVED,UNRESOLVED,DRY_RUN_REVIEWED,거울체계·향후대립·지역교정권을 함께 서술,PM_MERGE_REQUIRED,NONE
NC-CL-S-000316,docs/09_collection/ga8-collection-registry-v1.md#G8-A04,docs/09_collection/ga8-collection-registry-v1.md,307,GA8,"Sites, Mirrors and Service Authorities",G8-A04,Palimpsest Regional Mirror Cluster,NC-CL-R-000973|NC-CL-R-000974|NC-CL-R-000975|NC-CL-R-000976|NC-CL-R-000977,ENTITY|CONTROL_CLAIM|STATE_TRANSITION|LOSS_OBLIGATION|SET,C6,C6|C7|C8,ACQUISITION|SYNERGY,G,,"deep source indices, standards, collapse records and Seed architecture.",living community/habitat damage and mirror disagreement/loss.,,"`G/L — several mirrors accessed, at least one lost/refuses`.",,UNRESOLVED,UNRESOLVED,UNKNOWN,UNRESOLVED,UNRESOLVED,DRY_RUN_REVIEWED,거울군·접근권·접근상태·영구손실이 결합,PM_MERGE_REQUIRED,NONE
NC-CL-S-000317,docs/09_collection/ga8-collection-registry-v1.md#G8-A05,docs/09_collection/ga8-collection-registry-v1.md,321,GA8,"Sites, Mirrors and Service Authorities",G8-A05,Continuity Assembly / Seed Consensus Lattice,NC-CL-R-000978|NC-CL-R-000979|NC-CL-R-000980|NC-CL-R-000981,ENTITY|CONTROL_CLAIM|STATE_TRANSITION|SET,C6,C6|C7|C8,SYNERGY,G,,S3/S4 consensus/current-status operation.,preservation directives and centralization.,,`G — active bounded/expanding system`.,,UNRESOLVED,UNRESOLVED,UNKNOWN,UNRESOLVED,UNRESOLVED,DRY_RUN_REVIEWED,합의망·상태통제·활성화·다중구조가 결합,PM_MERGE_REQUIRED,NONE
NC-CL-S-000318,docs/09_collection/ga8-collection-registry-v1.md#G8-A06,docs/09_collection/ga8-collection-registry-v1.md,335,GA8,"Sites, Mirrors and Service Authorities",G8-A06,Service Authority F,NC-CL-R-000982,CONTROL_CLAIM,C6,C6|C7,ACQUISITION|SYNERGY|COMPLETION_LEGACY,G,E814–850.,,rights/access complexity and political targeting.,,"`G — distributed and auditable, not sole key`.",,UNRESOLVED,UNRESOLVED,UNKNOWN,UNRESOLVED,UNRESOLVED,DRY_RUN_REVIEWED,분산 기록번역과 복수기록 접근 권한,PM_MERGE_REQUIRED,NONE
NC-CL-S-000319,docs/09_collection/ga8-collection-registry-v1.md#G8-A07,docs/09_collection/ga8-collection-registry-v1.md,349,GA8,"Sites, Mirrors and Service Authorities",G8-A07,Service Authority G,NC-CL-R-000983|NC-CL-R-000984,CONTROL_CLAIM|STATE_TRANSITION,C6,C6|C7,SYNERGY,G,,,central ranking/control and regime transition.,,`G/L — split in design but operationally concentrated under crisis`.,,UNRESOLVED,UNRESOLVED,UNKNOWN,UNRESOLVED,UNRESOLVED,DRY_RUN_REVIEWED,비상통제권과 위기집중 활성화상태가 결합,PM_MERGE_REQUIRED,NONE
NC-CL-S-000320,docs/09_collection/ga8-collection-registry-v1.md#G8-A08,docs/09_collection/ga8-collection-registry-v1.md,363,GA8,"Sites, Mirrors and Service Authorities",G8-A08,Lost/Exposed Mirror or Source Class,NC-CL-R-000985|NC-CL-R-000986|NC-CL-R-000987,STATE_TRANSITION|LOSS_OBLIGATION|NARRATIVE_PROMISE,C4,C4|C6|C7|C8,SYNERGY|COMPLETION_LEGACY,L,,irreversible proof that no final complete history remains.,,,`L`. --,,UNRESOLVED,UNRESOLVED,UNKNOWN,UNRESOLVED,UNRESOLVED,DRY_RUN_REVIEWED,미정 원천의 파괴상태·영구손실·회수약속이 결합,PM_MERGE_REQUIRED,NONE
NC-CL-S-000321,docs/09_collection/ga8-collection-registry-v1.md#G8-M01,docs/09_collection/ga8-collection-registry-v1.md,378,GA8,"Origin, Regression and Compression Payoffs",G8-M01,Plural Continuity Seed Origin,NC-CL-R-000988|NC-CL-R-000989,NARRATIVE_PROMISE|SET,C1,C1|C6|C7|C8,COMPLETION_LEGACY,G,,,,,`G/R — core origin payoff confirmed`.,,UNRESOLVED,UNRESOLVED,UNKNOWN,UNRESOLVED,UNRESOLVED,DRY_RUN_REVIEWED,복수 문명 주체의 기원조합 회수약속,PM_MERGE_REQUIRED,NONE
NC-CL-S-000322,docs/09_collection/ga8-collection-registry-v1.md#G8-M02,docs/09_collection/ga8-collection-registry-v1.md,386,GA8,"Origin, Regression and Compression Payoffs",G8-M02,Seed Layer Map S0–S5,NC-CL-R-000990|NC-CL-R-000991,NARRATIVE_PROMISE|SET,C1,C1|C6|C7|C8,SYNERGY|COMPLETION_LEGACY,G,,explains earlier Archive behavior and current risks.,,,`G`.,,UNRESOLVED,UNRESOLVED,UNKNOWN,UNRESOLVED,UNRESOLVED,DRY_RUN_REVIEWED,여섯 기록층 조합과 구조해명 약속,PM_MERGE_REQUIRED,NONE
NC-CL-S-000323,docs/09_collection/ga8-collection-registry-v1.md#G8-M03,docs/09_collection/ga8-collection-registry-v1.md,397,GA8,"Origin, Regression and Compression Payoffs",G8-M03,Compression/Value Ranking Rules,NC-CL-R-000992|NC-CL-R-000993,CONTROL_CLAIM|NARRATIVE_PROMISE,C1,C1|C6|C7,SYNERGY|COMPLETION_LEGACY,G,,"Orpheus, Blood Admiral, Thirteen Heroes, unlabeled labor and P-001 absence.",,,`G/R`.,,UNRESOLVED,UNRESOLVED,UNKNOWN,UNRESOLVED,UNRESOLVED,DRY_RUN_REVIEWED,대표성 순위규칙과 압축원리 회수약속,PM_MERGE_REQUIRED,NONE
NC-CL-S-000324,docs/09_collection/ga8-collection-registry-v1.md#G8-M04,docs/09_collection/ga8-collection-registry-v1.md,408,GA8,"Origin, Regression and Compression Payoffs",G8-M04,Service Authority Domain Map A–G,NC-CL-R-000994|NC-CL-R-000995|NC-CL-R-000996,CONTROL_CLAIM|NARRATIVE_PROMISE|SET,C6,C6|C7,ACQUISITION|SYNERGY|COMPLETION_LEGACY,G,,,,,"`G/R — complete domain map, access remains split`.",,UNRESOLVED,UNRESOLVED,UNKNOWN,UNRESOLVED,UNRESOLVED,DRY_RUN_REVIEWED,일곱 권한영역·분할접근·완성지도 약속이 결합,PM_MERGE_REQUIRED,NONE
NC-CL-S-000325,docs/09_collection/ga8-collection-registry-v1.md#G8-M05,docs/09_collection/ga8-collection-registry-v1.md,416,GA8,"Origin, Regression and Compression Payoffs",G8-M05,P-001 Unrecorded Connector Selection,NC-CL-R-000997|NC-CL-R-000998,RELATIONSHIP|NARRATIVE_PROMISE,C1,C1|C6,COMPLETION_LEGACY,G,,,,,`G/R`.,,UNRESOLVED,UNRESOLVED,UNKNOWN,UNRESOLVED,UNRESOLVED,DRY_RUN_REVIEWED,주인공과 기록망의 의존관계 선정약속,PM_MERGE_REQUIRED,NONE
NC-CL-S-000326,docs/09_collection/ga8-collection-registry-v1.md#G8-M06,docs/09_collection/ga8-collection-registry-v1.md,424,GA8,"Origin, Regression and Compression Payoffs",G8-M06,Regression/Uncertainty-Correction Mechanism,NC-CL-R-000999|NC-CL-R-001000,STATE_TRANSITION|NARRATIVE_PROMISE,C1,C1|C6,COMPLETION_LEGACY,G,,,,,`G/R`.,,UNRESOLVED,UNRESOLVED,UNKNOWN,UNRESOLVED,UNRESOLVED,DRY_RUN_REVIEWED,신경패턴 재구성사건과 회귀원리 회수약속,PM_MERGE_REQUIRED,NONE
NC-CL-S-000327,docs/09_collection/ga8-collection-registry-v1.md#G8-M07,docs/09_collection/ga8-collection-registry-v1.md,435,GA8,"Origin, Regression and Compression Payoffs",G8-M07,Memory Contamination/Bidirectional Indexing,NC-CL-R-001001|NC-CL-R-001002|NC-CL-R-001003|NC-CL-R-001004,RELATIONSHIP|STATE_TRANSITION|LOSS_OBLIGATION|NARRATIVE_PROMISE,C1,C1|C6,COMPLETION_LEGACY,G,,,,,`G/L — worsening cost and final sacrifice setup`.,,UNRESOLVED,UNRESOLVED,UNKNOWN,UNRESOLVED,UNRESOLVED,DRY_RUN_REVIEWED,상호기억관계·오염악화·지속손실·희생복선이 결합,PM_MERGE_REQUIRED,NONE
NC-CL-S-000328,docs/09_collection/ga8-collection-registry-v1.md#G8-M08,docs/09_collection/ga8-collection-registry-v1.md,443,GA8,"Origin, Regression and Compression Payoffs",G8-M08,"Seed Is Institution, Not Singular Person",NC-CL-R-001005|NC-CL-R-001006|NC-CL-R-001007,ENTITY|NARRATIVE_PROMISE|SET,C1,C1|C6|C7|C8,SYNERGY|COMPLETION_LEGACY,G,,,,,`G/R`.,,UNRESOLVED,UNRESOLVED,UNKNOWN,UNRESOLVED,UNRESOLVED,DRY_RUN_REVIEWED,제도실체·복합구조·정체반전 약속이 결합,PM_MERGE_REQUIRED,NONE
NC-CL-S-000329,docs/09_collection/ga8-collection-registry-v1.md#G8-I01,docs/09_collection/ga8-collection-registry-v1.md,451,GA8,"Origin, Regression and Compression Payoffs",G8-I01,“Complete History” Myth,NC-CL-R-001008|NC-CL-R-001009|NC-CL-R-001010,STATE_TRANSITION|NARRATIVE_PROMISE|SET,C4,C4|C6|C7|C8,COMPLETION_LEGACY,R,,,,,`R`.,,UNRESOLVED,UNRESOLVED,UNKNOWN,UNRESOLVED,UNRESOLVED,DRY_RUN_REVIEWED,완전역사 세트약속이 다원성 인식으로 전환,PM_MERGE_REQUIRED,NONE
NC-CL-S-000330,docs/09_collection/ga8-collection-registry-v1.md#G8-I02,docs/09_collection/ga8-collection-registry-v1.md,459,GA8,"Origin, Regression and Compression Payoffs",G8-I02,Executable History Principle,NC-CL-R-001011|NC-CL-R-001012,CONTROL_CLAIM|NARRATIVE_PROMISE,C1,C1|C6|C7|C8,SYNERGY|COMPLETION_LEGACY,G,bounded current status beneath plural source history.,,one operational result still governs current life.,,`G — central GA9/10 tension`. --,,UNRESOLVED,UNRESOLVED,UNKNOWN,UNRESOLVED,UNRESOLVED,DRY_RUN_REVIEWED,실행상태 통제원칙과 후속갈등 약속이 결합,PM_MERGE_REQUIRED,NONE
NC-CL-S-000331,docs/09_collection/ga9-collection-registry-v1.md#G9-P01,docs/09_collection/ga9-collection-registry-v1.md,30,GA9,Regime and Opposition Relationships,G9-P01,A-001 / Continuity Directorate,NC-CL-R-001013|NC-CL-R-001014|NC-CL-R-001015,ENTITY|STATE_TRANSITION|LOSS_OBLIGATION,C7,C7,SYNERGY,G,,"Seed operations, services, exceptions and emergency directives.","trusteeship, uncertainty suppression and central scope expansion.",,`G/L/R — leadership/command changed or defeated; office/staff/expertise survive as transition stakeholder`.,,UNRESOLVED,UNRESOLVED,UNKNOWN,UNRESOLVED,UNRESOLVED,HEURISTIC_PROVISIONAL,Automated provisional split; category-agent and PM semantic review required,CATEGORY_REVIEW_REQUIRED|ENTITY_MERGE_REQUIRED,NONE
NC-CL-S-000332,docs/09_collection/ga9-collection-registry-v1.md#G9-P02,docs/09_collection/ga9-collection-registry-v1.md,41,GA9,Regime and Opposition Relationships,G9-P02,Beneficiary Community Coalition,NC-CL-R-001016|NC-CL-R-001017|NC-CL-R-001018|NC-CL-R-001019,ENTITY|RELATIONSHIP|STATE_TRANSITION|LOSS_OBLIGATION,C7,C7|C8,SYNERGY,G,,"public legitimacy, service requirements and transition conditions.",support for exclusions/continued central guarantee.,,"`G — essential GA10 constituency, not defeated collaborator`.",,UNRESOLVED,UNRESOLVED,UNKNOWN,UNRESOLVED,UNRESOLVED,HEURISTIC_PROVISIONAL,Automated provisional split; category-agent and PM semantic review required,CATEGORY_REVIEW_REQUIRED|ENTITY_MERGE_REQUIRED,NONE
NC-CL-S-000333,docs/09_collection/ga9-collection-registry-v1.md#G9-P03,docs/09_collection/ga9-collection-registry-v1.md,52,GA9,Regime and Opposition Relationships,G9-P03,Internal Plural Safeguard Reformers,NC-CL-R-001020|NC-CL-R-001021,STATE_TRANSITION|LOSS_OBLIGATION,C4,C4,SYNERGY,G,,"appeals, provenance, uncertainty publication and key/evidence transfer.","delay, compromise and regime legitimation.",,`G/L — enough survive to help transition; some removed/complicit`.,,UNRESOLVED,UNRESOLVED,UNKNOWN,UNRESOLVED,UNRESOLVED,HEURISTIC_PROVISIONAL,Automated provisional split; category-agent and PM semantic review required,CATEGORY_REVIEW_REQUIRED|ENTITY_MERGE_REQUIRED,NONE
NC-CL-S-000334,docs/09_collection/ga9-collection-registry-v1.md#G9-P04,docs/09_collection/ga9-collection-registry-v1.md,63,GA9,Regime and Opposition Relationships,G9-P04,Cascade Security Forces/Hardliner,NC-CL-R-001022|NC-CL-R-001023,STATE_TRANSITION|LOSS_OBLIGATION,C7,C7,SYNERGY,L,,"protection of corridors, Seed sites and public safety.","forced stabilization, detention, seizure and preventive classification.",,`L/R — single coercive command defeated/bounded; personnel and security needs remain`.,,UNRESOLVED,UNRESOLVED,UNKNOWN,UNRESOLVED,UNRESOLVED,HEURISTIC_PROVISIONAL,Automated provisional split; category-agent and PM semantic review required,CATEGORY_REVIEW_REQUIRED|ENTITY_MERGE_REQUIRED,NONE
NC-CL-S-000335,docs/09_collection/ga9-collection-registry-v1.md#G9-P05,docs/09_collection/ga9-collection-registry-v1.md,74,GA9,Regime and Opposition Relationships,G9-P05,Opt-Out/Hybrid Regions,NC-CL-R-001024|NC-CL-R-001025,STATE_TRANSITION|LOSS_OBLIGATION,C6,C6,SYNERGY,G,,"local records, technology and political refusal plus external minimum obligations.","local elite capture, fraud, weak services and free-riding.",,"`G/L — some viable, some failed/coerced, all relevant to GA10 regional choice`.",,UNRESOLVED,UNRESOLVED,UNKNOWN,UNRESOLVED,UNRESOLVED,HEURISTIC_PROVISIONAL,Automated provisional split; category-agent and PM semantic review required,CATEGORY_REVIEW_REQUIRED|ENTITY_MERGE_REQUIRED,NONE
NC-CL-S-000336,docs/09_collection/ga9-collection-registry-v1.md#G9-P06,docs/09_collection/ga9-collection-registry-v1.md,85,GA9,Regime and Opposition Relationships,G9-P06,Industrial/Medical Partners,NC-CL-R-001026|NC-CL-R-001027,STATE_TRANSITION|LOSS_OBLIGATION,C7,C7,SYNERGY,G,,"medicine, parts, standards, liability and service continuity.",data/service conditions and certification monopoly.,,`G — ally/rival against both unsafe disruption and Seed monopoly`.,,UNRESOLVED,UNRESOLVED,UNKNOWN,UNRESOLVED,UNRESOLVED,HEURISTIC_PROVISIONAL,Automated provisional split; category-agent and PM semantic review required,CATEGORY_REVIEW_REQUIRED|ENTITY_MERGE_REQUIRED,NONE
NC-CL-S-000337,docs/09_collection/ga9-collection-registry-v1.md#G9-P07,docs/09_collection/ga9-collection-registry-v1.md,96,GA9,Regime and Opposition Relationships,G9-P07,AI Continuity Citizens and Ambiguous Entities,NC-CL-R-001028|NC-CL-R-001029|NC-CL-R-001030|NC-CL-R-001031,ENTITY|RELATIONSHIP|STATE_TRANSITION|LOSS_OBLIGATION,C1,C1|C7,SYNERGY,G,,recognized operators/persons and service roles.,containment/deletion of ambiguous entities and solidarity conflicts.,,`G/L — recognized and excluded categories persist`.,,UNRESOLVED,UNRESOLVED,UNKNOWN,UNRESOLVED,UNRESOLVED,SPECIALIST_CORRECTED,Automated provisional split; category-agent and PM semantic review required,PM_MERGE_REQUIRED|ENTITY_MERGE_REQUIRED,NONE
NC-CL-S-000338,docs/09_collection/ga9-collection-registry-v1.md#G9-P08,docs/09_collection/ga9-collection-registry-v1.md,107,GA9,Regime and Opposition Relationships,G9-P08,P-001 Human Corrective Office,NC-CL-R-001032|NC-CL-R-001033|NC-CL-R-001034,ENTITY|STATE_TRANSITION|LOSS_OBLIGATION,C7,C7,SYNERGY,G,E913–918 bounded; E970–981 expanded emergency central control.,"classification corrections, hidden dependencies and synchronized command.","memory/health, personal indispensability and coercive authority.",,"`G/R — practical central key retained only for staged handoff, not permanent ownership`. --",,UNRESOLVED,UNRESOLVED,UNKNOWN,UNRESOLVED,UNRESOLVED,HEURISTIC_PROVISIONAL,Automated provisional split; category-agent and PM semantic review required,CATEGORY_REVIEW_REQUIRED|ENTITY_MERGE_REQUIRED,NONE
NC-CL-S-000339,docs/09_collection/ga9-collection-registry-v1.md#G9-R01,docs/09_collection/ga9-collection-registry-v1.md,125,GA9,"Services, Classifications and Safeguards",G9-R01,Guaranteed Minimum-Service Corridor,NC-CL-R-001035|NC-CL-R-001036|NC-CL-R-001037,ENTITY|STATE_TRANSITION|LOSS_OBLIGATION,C8,C8,SYNERGY,G,,"food, medicine, identity, payment, route and authenticated command.",synchronization/contribution/inspection conditions.,,`G — must survive GA10 transition`.,,UNRESOLVED,UNRESOLVED,UNKNOWN,UNRESOLVED,UNRESOLVED,HEURISTIC_PROVISIONAL,Automated provisional split; category-agent and PM semantic review required,CATEGORY_REVIEW_REQUIRED|ENTITY_MERGE_REQUIRED,NONE
NC-CL-S-000340,docs/09_collection/ga9-collection-registry-v1.md#G9-R02,docs/09_collection/ga9-collection-registry-v1.md,136,GA9,"Services, Classifications and Safeguards",G9-R02,Domain Classification Audit Map,NC-CL-R-001038|NC-CL-R-001039,STATE_TRANSITION|LOSS_OBLIGATION,C7,C7,SYNERGY,G,E907–912.,exposes C-ID/SVC/RTE/TEC/CMD/MEM/CAS effects and bias.,"gaming, attacks and public fear.",,`G — basis for appeals and distribution`.,,UNRESOLVED,UNRESOLVED,UNKNOWN,UNRESOLVED,UNRESOLVED,HEURISTIC_PROVISIONAL,Automated provisional split; category-agent and PM semantic review required,CATEGORY_REVIEW_REQUIRED|ENTITY_MERGE_REQUIRED,NONE
NC-CL-S-000341,docs/09_collection/ga9-collection-registry-v1.md#G9-R03,docs/09_collection/ga9-collection-registry-v1.md,150,GA9,"Services, Classifications and Safeguards",G9-R03,Emergency Appeal/Temporary Standing Provision,NC-CL-R-001040|NC-CL-R-001041,STATE_TRANSITION|LOSS_OBLIGATION,C7,C7,SYNERGY|COMPLETION_LEGACY,G,E926–931.,services before final identity/status resolution.,fraud/error and resource pressure.,,`G/R — expanded into transition minimum rights`.,,UNRESOLVED,UNRESOLVED,UNKNOWN,UNRESOLVED,UNRESOLVED,HEURISTIC_PROVISIONAL,Automated provisional split; category-agent and PM semantic review required,CATEGORY_REVIEW_REQUIRED|ENTITY_MERGE_REQUIRED,NONE
NC-CL-S-000342,docs/09_collection/ga9-collection-registry-v1.md#G9-R04,docs/09_collection/ga9-collection-registry-v1.md,164,GA9,"Services, Classifications and Safeguards",G9-R04,Hybrid Opt-Out Compact,NC-CL-R-001042|NC-CL-R-001043|NC-CL-R-001044,RELATIONSHIP|STATE_TRANSITION|LOSS_OBLIGATION,C7,C7,SYNERGY,C,E932–937.,local refusal/records/technology with external audit/minimum obligations.,incomplete recognition and local abuses.,,`C/G`.,,UNRESOLVED,UNRESOLVED,UNKNOWN,UNRESOLVED,UNRESOLVED,HEURISTIC_PROVISIONAL,Automated provisional split; category-agent and PM semantic review required,CATEGORY_REVIEW_REQUIRED|ENTITY_MERGE_REQUIRED,NONE
NC-CL-S-000343,docs/09_collection/ga9-collection-registry-v1.md#G9-R05,docs/09_collection/ga9-collection-registry-v1.md,178,GA9,"Services, Classifications and Safeguards",G9-R05,Conditional Trusteeship Terms,NC-CL-R-001045|NC-CL-R-001046,STATE_TRANSITION|LOSS_OBLIGATION,C7,C7,SYNERGY,G,E945–956.,temporary service/security restoration.,local authority suspension and bypassed safeguards.,,`G/R/L — harmful precedents registered for GA10 reversal/limits`.,,UNRESOLVED,UNRESOLVED,UNKNOWN,UNRESOLVED,UNRESOLVED,HEURISTIC_PROVISIONAL,Automated provisional split; category-agent and PM semantic review required,CATEGORY_REVIEW_REQUIRED|ENTITY_MERGE_REQUIRED,NONE
NC-CL-S-000344,docs/09_collection/ga9-collection-registry-v1.md#G9-R06,docs/09_collection/ga9-collection-registry-v1.md,192,GA9,"Services, Classifications and Safeguards",G9-R06,Internal Key/Mirror/Evidence Transfer Network,NC-CL-R-001047|NC-CL-R-001048|NC-CL-R-001049|NC-CL-R-001050,ENTITY|CONTROL_CLAIM|STATE_TRANSITION|LOSS_OBLIGATION,C4,C4,SYNERGY,G,E957–969.,preserves split authority and enables resistance/transition.,"arrests, service disruption and security exposure.",,`G — only viable distribution foundation`.,,UNRESOLVED,UNRESOLVED,UNKNOWN,UNRESOLVED,UNRESOLVED,HEURISTIC_PROVISIONAL,Automated provisional split; category-agent and PM semantic review required,CATEGORY_REVIEW_REQUIRED|ENTITY_MERGE_REQUIRED,NONE
NC-CL-S-000345,docs/09_collection/ga9-collection-registry-v1.md#G9-R07,docs/09_collection/ga9-collection-registry-v1.md,206,GA9,"Services, Classifications and Safeguards",G9-R07,Corrective Classification Override Log,NC-CL-R-001051|NC-CL-R-001052|NC-CL-R-001053,ENTITY|STATE_TRANSITION|LOSS_OBLIGATION,C4,C4,SYNERGY,G,P-001/A-001/reformers across GA9.,"documents exceptions, hidden dependencies and personal power.",proves system increasingly relies on P-001.,,`G/R — must become institutional/distributed in GA10`.,,UNRESOLVED,UNRESOLVED,UNKNOWN,UNRESOLVED,UNRESOLVED,HEURISTIC_PROVISIONAL,Automated provisional split; category-agent and PM semantic review required,CATEGORY_REVIEW_REQUIRED|ENTITY_MERGE_REQUIRED,NONE
NC-CL-S-000346,docs/09_collection/ga9-collection-registry-v1.md#G9-R08,docs/09_collection/ga9-collection-registry-v1.md,220,GA9,"Services, Classifications and Safeguards",G9-R08,Forced Synchronization and Harm Ledger,NC-CL-R-001054|NC-CL-R-001055,STATE_TRANSITION|LOSS_OBLIGATION,C7,C7,SYNERGY,G,E951–988.,"identities, regions, technologies, casualties and remedies.",unresolved victims and political fracture.,,`G/L`.,,UNRESOLVED,UNRESOLVED,UNKNOWN,UNRESOLVED,UNRESOLVED,HEURISTIC_PROVISIONAL,Automated provisional split; category-agent and PM semantic review required,CATEGORY_REVIEW_REQUIRED|ENTITY_MERGE_REQUIRED,NONE
NC-CL-S-000347,docs/09_collection/ga9-collection-registry-v1.md#G9-R09,docs/09_collection/ga9-collection-registry-v1.md,234,GA9,"Services, Classifications and Safeguards",G9-R09,Seed/Service Continuity Handoff Requirements,NC-CL-R-001056,STATE_TRANSITION,C7,C7,ACQUISITION|SYNERGY,C,E989–1000.,,,,`C/G — GA10 operating contract`.,,UNRESOLVED,UNRESOLVED,UNKNOWN,UNRESOLVED,UNRESOLVED,HEURISTIC_PROVISIONAL,Automated provisional split; category-agent and PM semantic review required,CATEGORY_REVIEW_REQUIRED|ENTITY_MERGE_REQUIRED,NONE
NC-CL-S-000348,docs/09_collection/ga9-collection-registry-v1.md#G9-R10,docs/09_collection/ga9-collection-registry-v1.md,250,GA9,"Services, Classifications and Safeguards",G9-R10,Staged Distribution Mandate,NC-CL-R-001057|NC-CL-R-001058|NC-CL-R-001059,CONTROL_CLAIM|STATE_TRANSITION|LOSS_OBLIGATION,C7,C7,SYNERGY,G,E996–1000.,"authorizes transfer of mirrors, keys, service functions and current-status authority.",first handoff failure/attack and political opposition.,,`G — direct GA10 trigger`. --,,UNRESOLVED,UNRESOLVED,UNKNOWN,UNRESOLVED,UNRESOLVED,HEURISTIC_PROVISIONAL,Automated provisional split; category-agent and PM semantic review required,CATEGORY_REVIEW_REQUIRED|ENTITY_MERGE_REQUIRED,NONE
NC-CL-S-000349,docs/09_collection/ga9-collection-registry-v1.md#G9-A01,docs/09_collection/ga9-collection-registry-v1.md,268,GA9,"Seed, Key and Infrastructure Targets",G9-A01,Active Seed Consensus Service,NC-CL-R-001060|NC-CL-R-001061,STATE_TRANSITION|LOSS_OBLIGATION,C7,C7,SYNERGY|COMPLETION_LEGACY,G,,"current identity, routes, services and command.",classification/ranking and central dependency.,,`G — remains active; cannot be switched off cleanly`.,,UNRESOLVED,UNRESOLVED,UNKNOWN,UNRESOLVED,UNRESOLVED,HEURISTIC_PROVISIONAL,Automated provisional split; category-agent and PM semantic review required,CATEGORY_REVIEW_REQUIRED|ENTITY_MERGE_REQUIRED,NONE
NC-CL-S-000350,docs/09_collection/ga9-collection-registry-v1.md#G9-A02,docs/09_collection/ga9-collection-registry-v1.md,279,GA9,"Seed, Key and Infrastructure Targets",G9-A02,P-001 Central Corrective Key/Interface,NC-CL-R-001062|NC-CL-R-001063|NC-CL-R-001064,ENTITY|STATE_TRANSITION|LOSS_OBLIGATION,C4,C4,ACQUISITION|SYNERGY|COMPLETION_LEGACY,G,E970–981.,"challenge directives, coordinate forces/services and isolate hardliner access.","neural contamination, coercion and public dependence.",,"`G — held for transition, central danger unresolved`.",,UNRESOLVED,UNRESOLVED,UNKNOWN,UNRESOLVED,UNRESOLVED,HEURISTIC_PROVISIONAL,Automated provisional split; category-agent and PM semantic review required,CATEGORY_REVIEW_REQUIRED|ENTITY_MERGE_REQUIRED,NONE
NC-CL-S-000351,docs/09_collection/ga9-collection-registry-v1.md#G9-A03,docs/09_collection/ga9-collection-registry-v1.md,293,GA9,"Seed, Key and Infrastructure Targets",G9-A03,Split Mirrors and Regional Keys,NC-CL-R-001065|NC-CL-R-001066,STATE_TRANSITION|LOSS_OBLIGATION,C7,C7,ACQUISITION|SYNERGY|COMPLETION_LEGACY,G,,regional current-status/service autonomy and GA10 distribution.,"uneven readiness, capture and disagreement.",,"`G/L — enough survive, some seized/damaged`.",,UNRESOLVED,UNRESOLVED,UNKNOWN,UNRESOLVED,UNRESOLVED,HEURISTIC_PROVISIONAL,Automated provisional split; category-agent and PM semantic review required,CATEGORY_REVIEW_REQUIRED|ENTITY_MERGE_REQUIRED,NONE
NC-CL-S-000352,docs/09_collection/ga9-collection-registry-v1.md#G9-A04,docs/09_collection/ga9-collection-registry-v1.md,307,GA9,"Seed, Key and Infrastructure Targets",G9-A04,Continuity Military/Protection Network,NC-CL-R-001067|NC-CL-R-001068|NC-CL-R-001069,ENTITY|STATE_TRANSITION|LOSS_OBLIGATION,C6,C6,SYNERGY|COMPLETION_LEGACY,L,,"nodes, corridors, Seed sites and forced stabilization.",command concentration and occupation.,,"`L/R — single operator defeated, protection forces require reconstitution`.",,UNRESOLVED,UNRESOLVED,UNKNOWN,UNRESOLVED,UNRESOLVED,HEURISTIC_PROVISIONAL,Automated provisional split; category-agent and PM semantic review required,CATEGORY_REVIEW_REQUIRED|ENTITY_MERGE_REQUIRED,NONE
NC-CL-S-000353,docs/09_collection/ga9-collection-registry-v1.md#G9-A05,docs/09_collection/ga9-collection-registry-v1.md,318,GA9,"Seed, Key and Infrastructure Targets",G9-A05,Appeals and Review Infrastructure,NC-CL-R-001070|NC-CL-R-001071,STATE_TRANSITION|LOSS_OBLIGATION,C6,C6,ACQUISITION|SYNERGY|COMPLETION_LEGACY,G,,classification correction and local/person standing.,"queues, regime dependence and data access.",,`G — overloaded but necessary`.,,UNRESOLVED,UNRESOLVED,UNKNOWN,UNRESOLVED,UNRESOLVED,HEURISTIC_PROVISIONAL,Automated provisional split; category-agent and PM semantic review required,CATEGORY_REVIEW_REQUIRED|ENTITY_MERGE_REQUIRED,NONE
NC-CL-S-000354,docs/09_collection/ga9-collection-registry-v1.md#G9-A06,docs/09_collection/ga9-collection-registry-v1.md,329,GA9,"Seed, Key and Infrastructure Targets",G9-A06,Manual/Local Technical Fallbacks,NC-CL-R-001072|NC-CL-R-001073,STATE_TRANSITION|LOSS_OBLIGATION,C6,C6,SYNERGY|COMPLETION_LEGACY,C,H-002/partners/local nodes.,reduce Seed dependence and support handoff.,"lower performance, training and uneven safety.",,`C/G`.,,UNRESOLVED,UNRESOLVED,UNKNOWN,UNRESOLVED,UNRESOLVED,SPECIALIST_CORRECTED,Automated provisional split; category-agent and PM semantic review required,PM_MERGE_REQUIRED|ENTITY_MERGE_REQUIRED,NONE
NC-CL-S-000355,docs/09_collection/ga9-collection-registry-v1.md#G9-A07,docs/09_collection/ga9-collection-registry-v1.md,343,GA9,"Seed, Key and Infrastructure Targets",G9-A07,Distributed Minimum-Service Staff/Network,NC-CL-R-001074|NC-CL-R-001075|NC-CL-R-001076,ENTITY|STATE_TRANSITION|LOSS_OBLIGATION,C6,C6,SYNERGY|COMPLETION_LEGACY,C,"reformers, partners, beneficiaries and regions.",services during transition.,insufficient capacity and inconsistent standards.,,`C/G`. --,,UNRESOLVED,UNRESOLVED,UNKNOWN,UNRESOLVED,UNRESOLVED,HEURISTIC_PROVISIONAL,Automated provisional split; category-agent and PM semantic review required,CATEGORY_REVIEW_REQUIRED|ENTITY_MERGE_REQUIRED,NONE
NC-CL-S-000356,docs/09_collection/ga9-collection-registry-v1.md#G9-M01,docs/09_collection/ga9-collection-registry-v1.md,361,GA9,Regime Payoffs and Negative States,G9-M01,Administrative Death at Scale,NC-CL-R-001077|NC-CL-R-001078,STATE_TRANSITION|NARRATIVE_PROMISE,C7,C7,COMPLETION_LEGACY,G,,,,,`G/R — direct institutional harm to reverse in GA10`.,,UNRESOLVED,UNRESOLVED,UNKNOWN,UNRESOLVED,UNRESOLVED,HEURISTIC_PROVISIONAL,Automated provisional split; category-agent and PM semantic review required,CATEGORY_REVIEW_REQUIRED|ENTITY_MERGE_REQUIRED,NONE
NC-CL-S-000357,docs/09_collection/ga9-collection-registry-v1.md#G9-M02,docs/09_collection/ga9-collection-registry-v1.md,369,GA9,Regime Payoffs and Negative States,G9-M02,Central Command’s Real Efficiency,NC-CL-R-001079|NC-CL-R-001080|NC-CL-R-001081,CONTROL_CLAIM|STATE_TRANSITION|NARRATIVE_PROMISE,C7,C7,COMPLETION_LEGACY,G,,,,,`G — relinquishment remains costly`.,,UNRESOLVED,UNRESOLVED,UNKNOWN,UNRESOLVED,UNRESOLVED,HEURISTIC_PROVISIONAL,Automated provisional split; category-agent and PM semantic review required,CATEGORY_REVIEW_REQUIRED|ENTITY_MERGE_REQUIRED,NONE
NC-CL-S-000358,docs/09_collection/ga9-collection-registry-v1.md#G9-M03,docs/09_collection/ga9-collection-registry-v1.md,377,GA9,Regime Payoffs and Negative States,G9-M03,P-001 Safest-Dictator State,NC-CL-R-001082|NC-CL-R-001083,STATE_TRANSITION|NARRATIVE_PROMISE,C7,C7,COMPLETION_LEGACY,G,,,,,`G/R — final personal temptation`.,,UNRESOLVED,UNRESOLVED,UNKNOWN,UNRESOLVED,UNRESOLVED,HEURISTIC_PROVISIONAL,Automated provisional split; category-agent and PM semantic review required,CATEGORY_REVIEW_REQUIRED|ENTITY_MERGE_REQUIRED,NONE
NC-CL-S-000359,docs/09_collection/ga9-collection-registry-v1.md#G9-M04,docs/09_collection/ga9-collection-registry-v1.md,385,GA9,Regime Payoffs and Negative States,G9-M04,Human/AI/Institution Responsibility Split,NC-CL-R-001084|NC-CL-R-001085,STATE_TRANSITION|NARRATIVE_PROMISE,C7,C7,COMPLETION_LEGACY,G,,,,,`G/R`.,,UNRESOLVED,UNRESOLVED,UNKNOWN,UNRESOLVED,UNRESOLVED,HEURISTIC_PROVISIONAL,Automated provisional split; category-agent and PM semantic review required,CATEGORY_REVIEW_REQUIRED|ENTITY_MERGE_REQUIRED,NONE
NC-CL-S-000360,docs/09_collection/ga9-collection-registry-v1.md#G9-I01,docs/09_collection/ga9-collection-registry-v1.md,393,GA9,Regime Payoffs and Negative States,G9-I01,Preserved Galaxy Narrative,NC-CL-R-001086|NC-CL-R-001087,STATE_TRANSITION|NARRATIVE_PROMISE,C7,C7,COMPLETION_LEGACY,R,,,,,`R/G`.,,UNRESOLVED,UNRESOLVED,UNKNOWN,UNRESOLVED,UNRESOLVED,HEURISTIC_PROVISIONAL,Automated provisional split; category-agent and PM semantic review required,CATEGORY_REVIEW_REQUIRED|ENTITY_MERGE_REQUIRED,NONE
NC-CL-S-000361,docs/09_collection/ga9-collection-registry-v1.md#G9-I02,docs/09_collection/ga9-collection-registry-v1.md,401,GA9,Regime Payoffs and Negative States,G9-I02,“No Safe Moment to Return Power” Principle,NC-CL-R-001088|NC-CL-R-001089,STATE_TRANSITION|NARRATIVE_PROMISE,C7,C7,COMPLETION_LEGACY,G,each success creates dependencies and new reasons to retain control.,,,,`G — P-001 begins handoff under active danger`. --,,UNRESOLVED,UNRESOLVED,UNKNOWN,UNRESOLVED,UNRESOLVED,HEURISTIC_PROVISIONAL,Automated provisional split; category-agent and PM semantic review required,CATEGORY_REVIEW_REQUIRED|ENTITY_MERGE_REQUIRED,NONE
NC-CL-S-000362,docs/09_collection/ga10-final-collection-and-payoff-registry-v1.md#G10-P01,docs/09_collection/ga10-final-collection-and-payoff-registry-v1.md,33,GA10,P-001 Final Authority and Sacrifice Targets,G10-P01,P-001 Central Corrective Command,NC-CL-R-001090|NC-CL-R-001091|NC-CL-R-001092,CONTROL_CLAIM|STATE_TRANSITION|LOSS_OBLIGATION,C1,C1|C7,SYNERGY|COMPLETION_LEGACY,R,,stabilizes first handoff and protects final distribution.,,,`R/L — no permanent central command or secret backdoor`.,,UNRESOLVED,UNRESOLVED,UNKNOWN,UNRESOLVED,UNRESOLVED,DRY_RUN_REVIEWED,개인 지휘권의 만료·분산과 영구 포기를 함께 규정,PM_MERGE_REQUIRED,NONE
NC-CL-S-000363,docs/09_collection/ga10-final-collection-and-payoff-registry-v1.md#G10-P02,docs/09_collection/ga10-final-collection-and-payoff-registry-v1.md,47,GA10,P-001 Final Authority and Sacrifice Targets,G10-P02,Exclusive Future/Archive Index,NC-CL-R-001093|NC-CL-R-001094|NC-CL-R-001095,CONTROL_CLAIM|STATE_TRANSITION|LOSS_OBLIGATION,C1,C1|C6,ACQUISITION|COMPLETION_LEGACY,L,,,"permanent uncertainty, memory gaps/contamination limits and at least one missed/preventable outcome.",,`L/R — cannot be restored as one complete private index`.,,UNRESOLVED,UNRESOLVED,UNKNOWN,UNRESOLVED,UNRESOLVED,DRY_RUN_REVIEWED,독점 색인 접근권 폐기와 기억 손실을 함께 규정,PM_MERGE_REQUIRED,NONE
NC-CL-S-000364,docs/09_collection/ga10-final-collection-and-payoff-registry-v1.md#G10-P03,docs/09_collection/ga10-final-collection-and-payoff-registry-v1.md,61,GA10,P-001 Final Authority and Sacrifice Targets,G10-P03,Ownership of Collected Legacy,NC-CL-R-001096|NC-CL-R-001097|NC-CL-R-001098|NC-CL-R-001099|NC-CL-R-001100,RELATIONSHIP|CONTROL_CLAIM|STATE_TRANSITION|LOSS_OBLIGATION|SET,C1,C1|C2|C5|C6|C7,SYNERGY|COMPLETION_LEGACY,R,,,,,"returned/remains with independent custodians and constituencies. `R — no personal final roster, fleet, museum or sovereign archive`.",,UNRESOLVED,UNRESOLVED,UNKNOWN,UNRESOLVED,UNRESOLVED,DRY_RUN_REVIEWED,관계·기체·함선·기록·제도의 소유권과 최종 분산을 묶음,PM_MERGE_REQUIRED,NONE
NC-CL-S-000365,docs/09_collection/ga10-final-collection-and-payoff-registry-v1.md#G10-P04,docs/09_collection/ga10-final-collection-and-payoff-registry-v1.md,76,GA10,P-001 Final Authority and Sacrifice Targets,G10-P04,One Canonical History,NC-CL-R-001101|NC-CL-R-001102|NC-CL-R-001103,CONTROL_CLAIM|STATE_TRANSITION|LOSS_OBLIGATION,C1,C1|C6|C7,SYNERGY|COMPLETION_LEGACY,L,,,,,`L/R — plural evidence/history survives without one official heroic canon`.,,UNRESOLVED,UNRESOLVED,UNKNOWN,UNRESOLVED,UNRESOLVED,DRY_RUN_REVIEWED,공식 역사 해석권 포기와 단일 기록 상실을 규정,PM_MERGE_REQUIRED,NONE
NC-CL-S-000366,docs/09_collection/ga10-final-collection-and-payoff-registry-v1.md#G10-P05,docs/09_collection/ga10-final-collection-and-payoff-registry-v1.md,85,GA10,P-001 Final Authority and Sacrifice Targets,G10-P05,Repeatable Regression/Reset Option,NC-CL-R-001104|NC-CL-R-001105|NC-CL-R-001106,CONTROL_CLAIM|STATE_TRANSITION|LOSS_OBLIGATION,C1,C1|C6|C7,COMPLETION_LEGACY,L,,,this timeline cannot be retried.,,`L — no sequel-reset escape`. --,,UNRESOLVED,UNRESOLVED,UNKNOWN,UNRESOLVED,UNRESOLVED,DRY_RUN_REVIEWED,회귀 활성권 폐기와 재시도 불가능성을 함께 확정,PM_MERGE_REQUIRED,NONE
NC-CL-S-000367,docs/09_collection/ga10-final-collection-and-payoff-registry-v1.md#G10-R01,docs/09_collection/ga10-final-collection-and-payoff-registry-v1.md,100,GA10,Functional Distribution Targets,G10-R01,Regional Current-Status Authorities,NC-CL-R-001107|NC-CL-R-001108|NC-CL-R-001109|NC-CL-R-001110,ENTITY|CONTROL_CLAIM|STATE_TRANSITION|LOSS_OBLIGATION,C1,C1|C6|C7|C8,ACQUISITION|SYNERGY|COMPLETION_LEGACY,G,,"identity, family, claims, office and service status.",,,`G/R — plural authorities under thin interoperability; some cases unresolved`.,,UNRESOLVED,UNRESOLVED,UNKNOWN,UNRESOLVED,UNRESOLVED,DRY_RUN_REVIEWED,지역 상태기관·상호인정·적법절차·미해결 책임을 함께 규정,PM_MERGE_REQUIRED,NONE
NC-CL-S-000368,docs/09_collection/ga10-final-collection-and-payoff-registry-v1.md#G10-R02,docs/09_collection/ga10-final-collection-and-payoff-registry-v1.md,111,GA10,Functional Distribution Targets,G10-R02,Minimum-Service and Equalization Compact,NC-CL-R-001111|NC-CL-R-001112|NC-CL-R-001113|NC-CL-R-001114,ENTITY|CONTROL_CLAIM|STATE_TRANSITION|LOSS_OBLIGATION,C7,C7|C8,SYNERGY|COMPLETION_LEGACY,G,,"food, medicine, emergency housing/payment and disaster reserves.","contributions, underfunding and political bargaining.",,"`G — bounded interregional institution, not sovereign welfare state`.",,UNRESOLVED,UNRESOLVED,UNKNOWN,UNRESOLVED,UNRESOLVED,DRY_RUN_REVIEWED,최소서비스 협약과 기여·부족·운영 책임을 함께 규정,PM_MERGE_REQUIRED,NONE
NC-CL-S-000369,docs/09_collection/ga10-final-collection-and-payoff-registry-v1.md#G10-R03,docs/09_collection/ga10-final-collection-and-payoff-registry-v1.md,122,GA10,Functional Distribution Targets,G10-R03,Route/Node Federation and Local Custody,NC-CL-R-001115|NC-CL-R-001116|NC-CL-R-001117|NC-CL-R-001118,ENTITY|CONTROL_CLAIM|STATE_TRANSITION|LOSS_OBLIGATION,C7,C7|C8,ACQUISITION|SYNERGY|COMPLETION_LEGACY,G,,"traffic, rescue, closure/denial and technical operation.",slow decisions and uneven obligations.,,"`G/R — several models/regions, no master route key`.",,UNRESOLVED,UNRESOLVED,UNKNOWN,UNRESOLVED,UNRESOLVED,DRY_RUN_REVIEWED,항로연방 실체와 지역 보관권·운영부담을 함께 규정,PM_MERGE_REQUIRED,NONE
NC-CL-S-000370,docs/09_collection/ga10-final-collection-and-payoff-registry-v1.md#G10-R04,docs/09_collection/ga10-final-collection-and-payoff-registry-v1.md,133,GA10,Functional Distribution Targets,G10-R04,Common Fleet / Mission Command Network,NC-CL-R-001119|NC-CL-R-001120|NC-CL-R-001121|NC-CL-R-001122,ENTITY|CONTROL_CLAIM|STATE_TRANSITION|LOSS_OBLIGATION,C5,C5|C7,SYNERGY|COMPLETION_LEGACY,G,,"threat warning, mission-specific command, rescue/surrender/parole and support.",fragmented defense and recall disputes.,,`G/R — no P-001 personal fleet or permanent theater command`.,,UNRESOLVED,UNRESOLVED,UNKNOWN,UNRESOLVED,UNRESOLVED,DRY_RUN_REVIEWED,공동함대망과 임무지휘권·분절 방위부담을 함께 규정,PM_MERGE_REQUIRED,NONE
NC-CL-S-000371,docs/09_collection/ga10-final-collection-and-payoff-registry-v1.md#G10-R05,docs/09_collection/ga10-final-collection-and-payoff-registry-v1.md,144,GA10,Functional Distribution Targets,G10-R05,Technical and Medical Commons,NC-CL-R-001123|NC-CL-R-001124|NC-CL-R-001125|NC-CL-R-001126,ENTITY|CONTROL_CLAIM|STATE_TRANSITION|LOSS_OBLIGATION,C1,C1|C6|C7,SYNERGY|COMPLETION_LEGACY,G,,"multiple certifiers, worker/user/AI rights, treatment continuity and manual fallback.","accidents, inequality and proprietary/open conflict.",,`G — plural providers and standards remain`.,,UNRESOLVED,UNRESOLVED,UNKNOWN,UNRESOLVED,UNRESOLVED,DRY_RUN_REVIEWED,기술의료 공유기관과 인증권·권리·사고부담을 함께 규정,PM_MERGE_REQUIRED,NONE
NC-CL-S-000372,docs/09_collection/ga10-final-collection-and-payoff-registry-v1.md#G10-R06,docs/09_collection/ga10-final-collection-and-payoff-registry-v1.md,155,GA10,Functional Distribution Targets,G10-R06,Archive Translation Commons,NC-CL-R-001127|NC-CL-R-001128|NC-CL-R-001129|NC-CL-R-001130,ENTITY|CONTROL_CLAIM|STATE_TRANSITION|LOSS_OBLIGATION,C6,C6|C7,SYNERGY|COMPLETION_LEGACY,G,,Authority F/provenance/current-status interoperability without final history.,"disputes, latency and manipulation.",,`G — S-001/plural network not sovereign curator`.,,UNRESOLVED,UNRESOLVED,UNKNOWN,UNRESOLVED,UNRESOLVED,DRY_RUN_REVIEWED,기록번역 공유기관과 해석권·지연·조작위험을 함께 규정,PM_MERGE_REQUIRED,NONE
NC-CL-S-000373,docs/09_collection/ga10-final-collection-and-payoff-registry-v1.md#G10-R07,docs/09_collection/ga10-final-collection-and-payoff-registry-v1.md,166,GA10,Functional Distribution Targets,G10-R07,Emergency Corrective Assembly,NC-CL-R-001131|NC-CL-R-001132|NC-CL-R-001133|NC-CL-R-001134,ENTITY|CONTROL_CLAIM|STATE_TRANSITION|LOSS_OBLIGATION,C1,C1|C6|C7,SYNERGY|COMPLETION_LEGACY,C,,time-limited multi-person/AI/local correction during catastrophe.,,,"`C/G — exists but unproven/contested, no permanent P-001 seat by default`.",,UNRESOLVED,UNRESOLVED,UNKNOWN,UNRESOLVED,UNRESOLVED,DRY_RUN_REVIEWED,비상교정기구와 분할권한·일몰·감사책임을 함께 규정,PM_MERGE_REQUIRED,NONE
NC-CL-S-000374,docs/09_collection/ga10-final-collection-and-payoff-registry-v1.md#G10-R08,docs/09_collection/ga10-final-collection-and-payoff-registry-v1.md,177,GA10,Functional Distribution Targets,G10-R08,Residual Continuity Service,NC-CL-R-001135|NC-CL-R-001136|NC-CL-R-001137|NC-CL-R-001138,ENTITY|CONTROL_CLAIM|STATE_TRANSITION|LOSS_OBLIGATION,C6,C6|C7,SYNERGY|COMPLETION_LEGACY,G,,"disaster models, reserves, translation, training and temporary coordination.",risk of re-centralization and expert gatekeeping.,,`G/R — useful bounded institution under plural oversight`.,,UNRESOLVED,UNRESOLVED,UNKNOWN,UNRESOLVED,UNRESOLVED,DRY_RUN_REVIEWED,연속성 서비스와 임시조정권·재중앙화 부담을 함께 규정,PM_MERGE_REQUIRED,NONE
NC-CL-S-000375,docs/09_collection/ga10-final-collection-and-payoff-registry-v1.md#G10-R09,docs/09_collection/ga10-final-collection-and-payoff-registry-v1.md,188,GA10,Functional Distribution Targets,G10-R09,Cross-Region Migration and Safe-Exit Protocol,NC-CL-R-001139|NC-CL-R-001140|NC-CL-R-001141|NC-CL-R-001142|NC-CL-R-001143,ENTITY|RELATIONSHIP|CONTROL_CLAIM|STATE_TRANSITION|LOSS_OBLIGATION,C1,C1|C6|C7|C8,ACQUISITION|SYNERGY|COMPLETION_LEGACY,G,,people/entities can leave regimes/regions without losing all identity/service/claims.,migration pressure and host-region burdens.,,`G — incomplete implementation`.,,UNRESOLVED,UNRESOLVED,UNKNOWN,UNRESOLVED,UNRESOLVED,DRY_RUN_REVIEWED,이주규약과 탈퇴관계·신분권·수용부담을 함께 규정,PM_MERGE_REQUIRED,NONE
NC-CL-S-000376,docs/09_collection/ga10-final-collection-and-payoff-registry-v1.md#G10-R10,docs/09_collection/ga10-final-collection-and-payoff-registry-v1.md,199,GA10,Functional Distribution Targets,G10-R10,Compensation/Reparation and Claims Network,NC-CL-R-001144|NC-CL-R-001145|NC-CL-R-001146|NC-CL-R-001147,ENTITY|CONTROL_CLAIM|STATE_TRANSITION|LOSS_OBLIGATION,C1,C1|C7,ACQUISITION|SYNERGY|COMPLETION_LEGACY,C,,"Orpheus, Blood Admiral, administrative death, forced synchronization and transition harms.","underfunded, disputed causality and long timelines.",,`C/G/L — active but incomplete`. --,,UNRESOLVED,UNRESOLVED,UNKNOWN,UNRESOLVED,UNRESOLVED,DRY_RUN_REVIEWED,배상망과 청구권·미완결 책임을 함께 규정,PM_MERGE_REQUIRED,NONE
NC-CL-S-000377,docs/09_collection/ga10-final-collection-and-payoff-registry-v1.md#G10-A01,docs/09_collection/ga10-final-collection-and-payoff-registry-v1.md,214,GA10,Representative Regional Transition States,G10-A01,First Handoff Region,NC-CL-R-001148|NC-CL-R-001149|NC-CL-R-001150|NC-CL-R-001151,ENTITY|CONTROL_CLAIM|STATE_TRANSITION|LOSS_OBLIGATION,C7,C7|C8,COMPLETION_LEGACY,G,,,,,local/plural or hybrid authority corrected and continuing without permanent central retake. `G — success with visible loss and shared oversight`.,,UNRESOLVED,UNRESOLVED,UNKNOWN,UNRESOLVED,UNRESOLVED,DRY_RUN_REVIEWED,지역 실체와 권한이양·공동감독·가시적 손실을 함께 규정,PM_MERGE_REQUIRED,NONE
NC-CL-S-000378,docs/09_collection/ga10-final-collection-and-payoff-registry-v1.md#G10-A02,docs/09_collection/ga10-final-collection-and-payoff-registry-v1.md,225,GA10,Representative Regional Transition States,G10-A02,Voluntary Delayed-Central Region,NC-CL-R-001152|NC-CL-R-001153|NC-CL-R-001154|NC-CL-R-001155,ENTITY|CONTROL_CLAIM|STATE_TRANSITION|LOSS_OBLIGATION,C6,C6|C7|C8,SYNERGY|COMPLETION_LEGACY,C,,,,,"retains Seed/Continuity services for fixed term with local/minority rights, independent mirror and exit review. `C/G — not forced to match protagonist timetable`.",,UNRESOLVED,UNRESOLVED,UNKNOWN,UNRESOLVED,UNRESOLVED,DRY_RUN_REVIEWED,지역 실체와 한시적 중앙서비스·권리보호 의무를 함께 규정,PM_MERGE_REQUIRED,NONE
NC-CL-S-000379,docs/09_collection/ga10-final-collection-and-payoff-registry-v1.md#G10-A03,docs/09_collection/ga10-final-collection-and-payoff-registry-v1.md,233,GA10,Representative Regional Transition States,G10-A03,Viable Opt-Out/Hybrid Region,NC-CL-R-001156|NC-CL-R-001157|NC-CL-R-001158|NC-CL-R-001159,ENTITY|CONTROL_CLAIM|STATE_TRANSITION|LOSS_OBLIGATION,C7,C7|C8,COMPLETION_LEGACY,G,,,,,preserves rights/innovation and accepts external minimum obligations/audit. `G — imperfect alternative`.,,UNRESOLVED,UNRESOLVED,UNKNOWN,UNRESOLVED,UNRESOLVED,DRY_RUN_REVIEWED,대안 지역과 자치권·외부의무·감사 전환을 함께 규정,PM_MERGE_REQUIRED,NONE
NC-CL-S-000380,docs/09_collection/ga10-final-collection-and-payoff-registry-v1.md#G10-A04,docs/09_collection/ga10-final-collection-and-payoff-registry-v1.md,241,GA10,Representative Regional Transition States,G10-A04,Local Capture/Failed Transition Region,NC-CL-R-001160|NC-CL-R-001161|NC-CL-R-001162|NC-CL-R-001163,ENTITY|CONTROL_CLAIM|STATE_TRANSITION|LOSS_OBLIGATION,C7,C7|C8,COMPLETION_LEGACY,L,,,,,elite/warlord capture contested/removed or region remains damaged/under temporary support. `L/C — proof of distribution risk and continuing reconstruction`.,,UNRESOLVED,UNRESOLVED,UNKNOWN,UNRESOLVED,UNRESOLVED,DRY_RUN_REVIEWED,실패 지역과 권력포획·재건손실·지원의무를 함께 규정,PM_MERGE_REQUIRED,NONE
NC-CL-S-000381,docs/09_collection/ga10-final-collection-and-payoff-registry-v1.md#G10-A05,docs/09_collection/ga10-final-collection-and-payoff-registry-v1.md,249,GA10,Representative Regional Transition States,G10-A05,Coerced/Occupied Region,NC-CL-R-001164|NC-CL-R-001165|NC-CL-R-001166|NC-CL-R-001167,ENTITY|CONTROL_CLAIM|STATE_TRANSITION|LOSS_OBLIGATION,C7,C7|C8,COMPLETION_LEGACY,C,,,,,security/central withdrawal and local institution transfer partial. `C/L — not fully resolved`.,,UNRESOLVED,UNRESOLVED,UNKNOWN,UNRESOLVED,UNRESOLVED,DRY_RUN_REVIEWED,점령 지역과 중앙철수·권한이양·미해결 책임을 함께 규정,PM_MERGE_REQUIRED,NONE
NC-CL-S-000382,docs/09_collection/ga10-final-collection-and-payoff-registry-v1.md#G10-A06,docs/09_collection/ga10-final-collection-and-payoff-registry-v1.md,257,GA10,Representative Regional Transition States,G10-A06,AI/Composite Nonterritorial Community,NC-CL-R-001168|NC-CL-R-001169|NC-CL-R-001170|NC-CL-R-001171|NC-CL-R-001172,ENTITY|RELATIONSHIP|CONTROL_CLAIM|STATE_TRANSITION|LOSS_OBLIGATION,C1,C1|C6|C7,SYNERGY|COMPLETION_LEGACY,C,,,,,"personhood/resource/data/exit arrangement distinct from territorial model. `C/G/L — some statuses recognized, one major case unresolved`.",,UNRESOLVED,UNRESOLVED,UNKNOWN,UNRESOLVED,UNRESOLVED,DRY_RUN_REVIEWED,비영토 공동체와 법적관계·데이터권·미해결 의무를 함께 규정,PM_MERGE_REQUIRED,NONE
NC-CL-S-000383,docs/09_collection/ga10-final-collection-and-payoff-registry-v1.md#G10-A07,docs/09_collection/ga10-final-collection-and-payoff-registry-v1.md,265,GA10,Representative Regional Transition States,G10-A07,Central Seed/Continuity Assembly,NC-CL-R-001173|NC-CL-R-001174|NC-CL-R-001175|NC-CL-R-001176,ENTITY|CONTROL_CLAIM|STATE_TRANSITION|LOSS_OBLIGATION,C6,C6|C7,SYNERGY|COMPLETION_LEGACY,R,,,,,sovereign current-status/command authority dissolved. physical systems and staff distributed or retained as bounded services. `R — no master operator`. --,,UNRESOLVED,UNRESOLVED,UNKNOWN,UNRESOLVED,UNRESOLVED,DRY_RUN_REVIEWED,중앙기구·물리시스템과 주권해체·분산·영구상실을 함께 규정,PM_MERGE_REQUIRED,NONE
NC-CL-S-000384,docs/09_collection/ga10-final-collection-and-payoff-registry-v1.md#G10-L01,docs/09_collection/ga10-final-collection-and-payoff-registry-v1.md,278,GA10,"Iconic People, Hardware and Institution End States",G10-L01,H-001,NC-CL-R-001177|NC-CL-R-001178|NC-CL-R-001179|NC-CL-R-001180|NC-CL-R-001181,ENTITY|RELATIONSHIP|CONTROL_CLAIM|STATE_TRANSITION|LOSS_OBLIGATION,C1,C1|C7|C8,COMPLETION_LEGACY,G,,,,,independent route/political/logistics institution. specific Blood Admiral responsibility/reparation remains. no P-001 subordination or total federation rule. `G/R`.,,UNRESOLVED,UNRESOLVED,UNKNOWN,UNRESOLVED,UNRESOLVED,DRY_RUN_REVIEWED,인물의 독립관계·노선권한·가해책임과 최종전환을 함께 규정,PM_MERGE_REQUIRED,NONE
NC-CL-S-000385,docs/09_collection/ga10-final-collection-and-payoff-registry-v1.md#G10-L02,docs/09_collection/ga10-final-collection-and-payoff-registry-v1.md,288,GA10,"Iconic People, Hardware and Institution End States",G10-L02,H-002,NC-CL-R-001182|NC-CL-R-001183|NC-CL-R-001184|NC-CL-R-001185|NC-CL-R-001186,ENTITY|RELATIONSHIP|CONTROL_CLAIM|STATE_TRANSITION|SET,C1,C1|C2|C6|C7,SYNERGY|COMPLETION_LEGACY,G,,,,,technical commons/multiple certifier institution. design authorship and 07 lineage shared with workers/users/regions. `G/R`.,,UNRESOLVED,UNRESOLVED,UNKNOWN,UNRESOLVED,UNRESOLVED,DRY_RUN_REVIEWED,인물·기술계보와 공동저작·인증권·분산전환을 함께 규정,PM_MERGE_REQUIRED,NONE
NC-CL-S-000386,docs/09_collection/ga10-final-collection-and-payoff-registry-v1.md#G10-L03,docs/09_collection/ga10-final-collection-and-payoff-registry-v1.md,297,GA10,"Iconic People, Hardware and Institution End States",G10-L03,S-001,NC-CL-R-001187|NC-CL-R-001188|NC-CL-R-001189,ENTITY|CONTROL_CLAIM|STATE_TRANSITION,C1,C1|C6|C7,SYNERGY|COMPLETION_LEGACY,G,,,,,plural archive/current-status translation institution. refuses central curator position. `G/R`.,,UNRESOLVED,UNRESOLVED,UNKNOWN,UNRESOLVED,UNRESOLVED,DRY_RUN_REVIEWED,인물과 기록번역기관·해석권 포기·분산전환을 함께 규정,PM_MERGE_REQUIRED,NONE
NC-CL-S-000387,docs/09_collection/ga10-final-collection-and-payoff-registry-v1.md#G10-L04,docs/09_collection/ga10-final-collection-and-payoff-registry-v1.md,306,GA10,"Iconic People, Hardware and Institution End States",G10-L04,M-001,NC-CL-R-001190|NC-CL-R-001191|NC-CL-R-001192|NC-CL-R-001193,ENTITY|CONTROL_CLAIM|STATE_TRANSITION|LOSS_OBLIGATION,C1,C1|C7|C8,SYNERGY|COMPLETION_LEGACY,G,,,,,interregional medical/rescue/minimum-service network with patient/local standing. `G`.,,UNRESOLVED,UNRESOLVED,UNKNOWN,UNRESOLVED,UNRESOLVED,DRY_RUN_REVIEWED,인물·의료망과 환자권리·서비스책임·전환을 함께 규정,PM_MERGE_REQUIRED,NONE
NC-CL-S-000388,docs/09_collection/ga10-final-collection-and-payoff-registry-v1.md#G10-L05,docs/09_collection/ga10-final-collection-and-payoff-registry-v1.md,314,GA10,"Iconic People, Hardware and Institution End States",G10-L05,A-001 Human Director,NC-CL-R-001194|NC-CL-R-001195|NC-CL-R-001196|NC-CL-R-001197|NC-CL-R-001198,ENTITY|CONTROL_CLAIM|STATE_TRANSITION|LOSS_OBLIGATION|NARRATIVE_PROMISE,C1,C1|C7,SYNERGY|COMPLETION_LEGACY,C,,,,,"removed/retired/bounded transition or residual-service role; specific responsibility remains. `C/G/L — exact individual outcome open, office monopoly ended`.",,UNRESOLVED,UNRESOLVED,UNKNOWN,UNRESOLVED,UNRESOLVED,DRY_RUN_REVIEWED,인물·직위권한·잔존책임과 미정 결말을 함께 등록,PM_MERGE_REQUIRED,NONE
NC-CL-S-000389,docs/09_collection/ga10-final-collection-and-payoff-registry-v1.md#G10-L06,docs/09_collection/ga10-final-collection-and-payoff-registry-v1.md,322,GA10,"Iconic People, Hardware and Institution End States",G10-L06,A-001 Archive AI Partner,NC-CL-R-001199|NC-CL-R-001200|NC-CL-R-001201|NC-CL-R-001202|NC-CL-R-001203,ENTITY|CONTROL_CLAIM|STATE_TRANSITION|LOSS_OBLIGATION|NARRATIVE_PROMISE,C1,C1|C6|C7,SYNERGY|COMPLETION_LEGACY,C,,,,,separate legal person/residual service/audit participant or contested bounded system. `C/G/L — distinct from human outcome; shared responsibility retained`.,,UNRESOLVED,UNRESOLVED,UNKNOWN,UNRESOLVED,UNRESOLVED,DRY_RUN_REVIEWED,인공지능 인격·감사권한·공동책임과 미정 결말을 함께 등록,PM_MERGE_REQUIRED,NONE
NC-CL-S-000390,docs/09_collection/ga10-final-collection-and-payoff-registry-v1.md#G10-L07,docs/09_collection/ga10-final-collection-and-payoff-registry-v1.md,330,GA10,"Iconic People, Hardware and Institution End States",G10-L07,07 Original Frame and Open Service Spine,NC-CL-R-001204|NC-CL-R-001205|NC-CL-R-001206|NC-CL-R-001207|NC-CL-R-001208|NC-CL-R-001209,ENTITY|CONTROL_CLAIM|STATE_TRANSITION|LOSS_OBLIGATION|SET,C2,C2|C6,SYNERGY|COMPLETION_LEGACY,R,,,,,"`R/L — object may end, living standard continues`.",,UNRESOLVED,UNRESOLVED,UNKNOWN,UNRESOLVED,UNRESOLVED,DRY_RUN_REVIEWED,원형기체·서비스표준 계보와 분산·퇴역·상실을 함께 규정,PM_MERGE_REQUIRED,NONE
NC-CL-S-000391,docs/09_collection/ga10-final-collection-and-payoff-registry-v1.md#G10-L08,docs/09_collection/ga10-final-collection-and-payoff-registry-v1.md,339,GA10,"Iconic People, Hardware and Institution End States",G10-L08,First Ship / Crew Institution,NC-CL-R-001210|NC-CL-R-001211|NC-CL-R-001212|NC-CL-R-001213|NC-CL-R-001214|NC-CL-R-001215|NC-CL-R-001216,ENTITY|RELATIONSHIP|CONTROL_CLAIM|STATE_TRANSITION|LOSS_OBLIGATION|NARRATIVE_PROMISE|SET,C1,C1|C5|C7|C8,SYNERGY|COMPLETION_LEGACY,G,,,,,`G/R/L — never private flagship`.,,UNRESOLVED,UNRESOLVED,UNKNOWN,UNRESOLVED,UNRESOLVED,DRY_RUN_REVIEWED,함선·승무관계·공공운용권·상실가능성과 계보약속을 함께 등록,PM_MERGE_REQUIRED,NONE
NC-CL-S-000392,docs/09_collection/ga10-final-collection-and-payoff-registry-v1.md#G10-L09,docs/09_collection/ga10-final-collection-and-payoff-registry-v1.md,347,GA10,"Iconic People, Hardware and Institution End States",G10-L09,Ownerless Fleet Charter,NC-CL-R-001217|NC-CL-R-001218|NC-CL-R-001219|NC-CL-R-001220,ENTITY|RELATIONSHIP|CONTROL_CLAIM|STATE_TRANSITION,C5,C5|C7|C8,COMPLETION_LEGACY,G,,,,,mission-specific interregional defense network and multiple formations. `G/R`.,,UNRESOLVED,UNRESOLVED,UNKNOWN,UNRESOLVED,UNRESOLVED,DRY_RUN_REVIEWED,함대망·편대관계와 비소유 지휘헌장 전환을 함께 규정,PM_MERGE_REQUIRED,NONE
NC-CL-S-000393,docs/09_collection/ga10-final-collection-and-payoff-registry-v1.md#G10-L10,docs/09_collection/ga10-final-collection-and-payoff-registry-v1.md,355,GA10,"Iconic People, Hardware and Institution End States",G10-L10,Academy / Education Lineage,NC-CL-R-001221|NC-CL-R-001222|NC-CL-R-001223|NC-CL-R-001224|NC-CL-R-001225|NC-CL-R-001226,ENTITY|RELATIONSHIP|CONTROL_CLAIM|STATE_TRANSITION|LOSS_OBLIGATION|SET,C1,C1|C6|C7,SYNERGY|COMPLETION_LEGACY,G,,,,,"multiple schools/training institutions with student rights, open-service/route/archive history and no hidden hero-ranking mandate. `G/R`.",,UNRESOLVED,UNRESOLVED,UNKNOWN,UNRESOLVED,UNRESOLVED,DRY_RUN_REVIEWED,교육기관·학생관계·권리책임과 교육계보 전환을 함께 규정,PM_MERGE_REQUIRED,NONE
NC-CL-S-000394,docs/09_collection/ga10-final-collection-and-payoff-registry-v1.md#G10-L11,docs/09_collection/ga10-final-collection-and-payoff-registry-v1.md,363,GA10,"Iconic People, Hardware and Institution End States",G10-L11,Neutral Assembly,NC-CL-R-001227|NC-CL-R-001228|NC-CL-R-001229|NC-CL-R-001230,ENTITY|RELATIONSHIP|CONTROL_CLAIM|STATE_TRANSITION,C7,C7|C8,ACQUISITION|COMPLETION_LEGACY,G,,,,,route/claims/medical participant with reduced master-custodian risk and local/member autonomy. `G/R`.,,UNRESOLVED,UNRESOLVED,UNKNOWN,UNRESOLVED,UNRESOLVED,DRY_RUN_REVIEWED,중립기구·회원관계·자율권과 보관권 축소를 함께 규정,PM_MERGE_REQUIRED,NONE
NC-CL-S-000395,docs/09_collection/ga10-final-collection-and-payoff-registry-v1.md#G10-L12,docs/09_collection/ga10-final-collection-and-payoff-registry-v1.md,371,GA10,"Iconic People, Hardware and Institution End States",G10-L12,Helix/Industrial Successors,NC-CL-R-001231|NC-CL-R-001232|NC-CL-R-001233|NC-CL-R-001234|NC-CL-R-001235,ENTITY|RELATIONSHIP|CONTROL_CLAIM|STATE_TRANSITION|LOSS_OBLIGATION,C1,C1|C6|C7,SYNERGY|COMPLETION_LEGACY,G,,,,,"legitimate providers under plural certification, worker/user rights and anti-monopoly constraints; internal successors vary. `G/R`. --",,UNRESOLVED,UNRESOLVED,UNKNOWN,UNRESOLVED,UNRESOLVED,DRY_RUN_REVIEWED,산업후계기관·노동관계·인증권·책임제약을 함께 규정,PM_MERGE_REQUIRED,NONE
NC-CL-S-000396,docs/09_collection/ga10-final-collection-and-payoff-registry-v1.md#G10-M01,docs/09_collection/ga10-final-collection-and-payoff-registry-v1.md,383,GA10,Final Mystery and Promise Payoffs,G10-M01,“당신은 역사에 기록되지 않았습니다”,NC-CL-R-001236|NC-CL-R-001237|NC-CL-R-001238|NC-CL-R-001239,CONTROL_CLAIM|STATE_TRANSITION|LOSS_OBLIGATION|NARRATIVE_PROMISE,C1,C1|C6|C7,DISCOVERY|SYNERGY|COMPLETION_LEGACY,G,,,,,`G/R — complete`.,P-001 was an unresolved connective pattern omitted by canonical compression. he refuses replacement with one heroic master record.,UNRESOLVED,UNRESOLVED,UNKNOWN,UNRESOLVED,UNRESOLVED,DRY_RUN_REVIEWED,기록누락 미스터리와 해석권 포기·공식서사 상실을 함께 회수,PM_MERGE_REQUIRED,NONE
NC-CL-S-000397,docs/09_collection/ga10-final-collection-and-payoff-registry-v1.md#G10-M02,docs/09_collection/ga10-final-collection-and-payoff-registry-v1.md,392,GA10,Final Mystery and Promise Payoffs,G10-M02,Thirteen Heroes,NC-CL-R-001240|NC-CL-R-001241|NC-CL-R-001242|NC-CL-R-001243,CONTROL_CLAIM|STATE_TRANSITION|NARRATIVE_PROMISE|SET,C1,C1|C7,DISCOVERY|COMPLETION_LEGACY,G,,,,,`G/R — complete`.,"preservation quota/category and propaganda story, not fixed destiny. plural cultural versions survive without official ranked thirteen.",UNRESOLVED,UNRESOLVED,UNKNOWN,UNRESOLVED,UNRESOLVED,DRY_RUN_REVIEWED,열세 영웅 약속을 순위세트·선전통제 해체로 회수,PM_MERGE_REQUIRED,NONE
NC-CL-S-000398,docs/09_collection/ga10-final-collection-and-payoff-registry-v1.md#G10-M03,docs/09_collection/ga10-final-collection-and-payoff-registry-v1.md,401,GA10,Final Mystery and Promise Payoffs,G10-M03,07 Lineage,NC-CL-R-001244|NC-CL-R-001245|NC-CL-R-001246|NC-CL-R-001247,CONTROL_CLAIM|STATE_TRANSITION|NARRATIVE_PROMISE|SET,C2,C2|C6|C7,DISCOVERY|SYNERGY|COMPLETION_LEGACY,G,,,,,`G/R — complete`.,"civil interoperability/service architecture, not hidden royal weapon. lineage distributed as living standard/training.",UNRESOLVED,UNRESOLVED,UNKNOWN,UNRESOLVED,UNRESOLVED,DRY_RUN_REVIEWED,07 계보 약속을 기술표준 분산과 계보완성으로 회수,PM_MERGE_REQUIRED,NONE
NC-CL-S-000399,docs/09_collection/ga10-final-collection-and-payoff-registry-v1.md#G10-M04,docs/09_collection/ga10-final-collection-and-payoff-registry-v1.md,410,GA10,Final Mystery and Promise Payoffs,G10-M04,Blood Admiral,NC-CL-R-001248|NC-CL-R-001249|NC-CL-R-001250|NC-CL-R-001251|NC-CL-R-001252|NC-CL-R-001253,ENTITY|RELATIONSHIP|CONTROL_CLAIM|STATE_TRANSITION|LOSS_OBLIGATION|NARRATIVE_PROMISE,C1,C1|C7,DISCOVERY|COMPLETION_LEGACY,G,,,,,`G/R — complete with deliberate unresolved incidents`.,person/office/doctrine/signatures/successors separated; H-001 direct harm retained.,UNRESOLVED,UNRESOLVED,UNKNOWN,UNRESOLVED,UNRESOLVED,DRY_RUN_REVIEWED,인물·직위 분리 약속과 피해관계·책임을 함께 회수,PM_MERGE_REQUIRED,NONE
NC-CL-S-000400,docs/09_collection/ga10-final-collection-and-payoff-registry-v1.md#G10-M05,docs/09_collection/ga10-final-collection-and-payoff-registry-v1.md,418,GA10,Final Mystery and Promise Payoffs,G10-M05,Administrative Death and Protector Community,NC-CL-R-001254|NC-CL-R-001255|NC-CL-R-001256|NC-CL-R-001257|NC-CL-R-001258|NC-CL-R-001259,ENTITY|RELATIONSHIP|CONTROL_CLAIM|STATE_TRANSITION|LOSS_OBLIGATION|NARRATIVE_PROMISE,C1,C1|C6|C7|C8,DISCOVERY|COMPLETION_LEGACY,G,,,,,"`G/R — material institutional answer, not all identities restored`.",identity correction/provisional recognition/no closure without process and plural community routes.,UNRESOLVED,UNRESOLVED,UNKNOWN,UNRESOLVED,UNRESOLVED,DRY_RUN_REVIEWED,공동체·신분관계 약속과 인정권·미복구 책임을 함께 회수,PM_MERGE_REQUIRED,NONE
NC-CL-S-000401,docs/09_collection/ga10-final-collection-and-payoff-registry-v1.md#G10-M06,docs/09_collection/ga10-final-collection-and-payoff-registry-v1.md,426,GA10,Final Mystery and Promise Payoffs,G10-M06,Fifth Answer,NC-CL-R-001260|NC-CL-R-001261|NC-CL-R-001262|NC-CL-R-001263|NC-CL-R-001264|NC-CL-R-001265,RELATIONSHIP|CONTROL_CLAIM|STATE_TRANSITION|LOSS_OBLIGATION|NARRATIVE_PROMISE|SET,C6,C6|C7,DISCOVERY|COMPLETION_LEGACY,G,,,,,`G/R — complete`.,"no perfect loophole; the final answer shares information, authority, risk and failure built across institutions.",UNRESOLVED,UNRESOLVED,UNKNOWN,UNRESOLVED,UNRESOLVED,DRY_RUN_REVIEWED,제5답 약속을 기관간 권한분담·책임조합으로 회수,PM_MERGE_REQUIRED,NONE
NC-CL-S-000402,docs/09_collection/ga10-final-collection-and-payoff-registry-v1.md#G10-M07,docs/09_collection/ga10-final-collection-and-payoff-registry-v1.md,434,GA10,Final Mystery and Promise Payoffs,G10-M07,Original Orpheus,NC-CL-R-001266|NC-CL-R-001267|NC-CL-R-001268|NC-CL-R-001269|NC-CL-R-001270|NC-CL-R-001271,RELATIONSHIP|CONTROL_CLAIM|STATE_TRANSITION|LOSS_OBLIGATION|NARRATIVE_PROMISE|SET,C1,C1|C6|C7|C8,DISCOVERY|COMPLETION_LEGACY,G,,,,,`G/R — complete`.,"systemic truth, P-001 responsibility and emergency-route reforms; no absolution.",UNRESOLVED,UNRESOLVED,UNKNOWN,UNRESOLVED,UNRESOLVED,DRY_RUN_REVIEWED,오르페우스 사건약속을 책임관계·항로개혁·영구대가로 회수,PM_MERGE_REQUIRED,NONE
NC-CL-S-000403,docs/09_collection/ga10-final-collection-and-payoff-registry-v1.md#G10-M08,docs/09_collection/ga10-final-collection-and-payoff-registry-v1.md,442,GA10,Final Mystery and Promise Payoffs,G10-M08,Archive Right and Wrong,NC-CL-R-001272|NC-CL-R-001273|NC-CL-R-001274|NC-CL-R-001275|NC-CL-R-001276,CONTROL_CLAIM|STATE_TRANSITION|LOSS_OBLIGATION|NARRATIVE_PROMISE|SET,C6,C6|C7,DISCOVERY|SYNERGY|COMPLETION_LEGACY,G,,,,,`G/R — complete`.,plural evidence + operational compression tension; no perfect truth.,UNRESOLVED,UNRESOLVED,UNKNOWN,UNRESOLVED,UNRESOLVED,DRY_RUN_REVIEWED,아카이브 진실약속을 복수증거·해석권·불완전성으로 회수,PM_MERGE_REQUIRED,NONE
NC-CL-S-000404,docs/09_collection/ga10-final-collection-and-payoff-registry-v1.md#G10-M09,docs/09_collection/ga10-final-collection-and-payoff-registry-v1.md,450,GA10,Final Mystery and Promise Payoffs,G10-M09,Regression Cause,NC-CL-R-001277|NC-CL-R-001278|NC-CL-R-001279|NC-CL-R-001280|NC-CL-R-001281,RELATIONSHIP|CONTROL_CLAIM|STATE_TRANSITION|LOSS_OBLIGATION|NARRATIVE_PROMISE,C1,C1|C6,DISCOVERY|SYNERGY|COMPLETION_LEGACY,G,,,,,`G/L/R — complete`.,rare Seed uncertainty-correction using P-001 relational pattern; no repeat/reset.,UNRESOLVED,UNRESOLVED,UNKNOWN,UNRESOLVED,UNRESOLVED,DRY_RUN_REVIEWED,회귀원인 약속을 관계패턴·활성권·재시도 상실로 회수,PM_MERGE_REQUIRED,NONE
NC-CL-S-000405,docs/09_collection/ga10-final-collection-and-payoff-registry-v1.md#G10-M10,docs/09_collection/ga10-final-collection-and-payoff-registry-v1.md,458,GA10,Final Mystery and Promise Payoffs,G10-M10,Autonomous War Collapse,NC-CL-R-001282|NC-CL-R-001283|NC-CL-R-001284|NC-CL-R-001285|NC-CL-R-001286|NC-CL-R-001287,RELATIONSHIP|CONTROL_CLAIM|STATE_TRANSITION|LOSS_OBLIGATION|NARRATIVE_PROMISE|SET,C1,C1|C6|C7,DISCOVERY|COMPLETION_LEGACY,G,,,,,`G/R — complete`.,human/AI/institutional shared responsibility and final split rights/audit/command.,UNRESOLVED,UNRESOLVED,UNKNOWN,UNRESOLVED,UNRESOLVED,DRY_RUN_REVIEWED,자율전쟁 약속을 책임관계·분할권한·사건조합으로 회수,PM_MERGE_REQUIRED,NONE
NC-CL-S-000406,docs/09_collection/ga10-final-collection-and-payoff-registry-v1.md#G10-M11,docs/09_collection/ga10-final-collection-and-payoff-registry-v1.md,466,GA10,Final Mystery and Promise Payoffs,G10-M11,Imperial Succession / Master Identity,NC-CL-R-001288|NC-CL-R-001289|NC-CL-R-001290|NC-CL-R-001291|NC-CL-R-001292|NC-CL-R-001293,RELATIONSHIP|CONTROL_CLAIM|STATE_TRANSITION|LOSS_OBLIGATION|NARRATIVE_PROMISE|SET,C1,C1|C7,DISCOVERY|COMPLETION_LEGACY,G,,,,,`G/R — complete`.,no single master lineage/identity root controls all current authority.,UNRESOLVED,UNRESOLVED,UNKNOWN,UNRESOLVED,UNRESOLVED,DRY_RUN_REVIEWED,계승·정체 약속을 계보관계·독점권 해체로 회수,PM_MERGE_REQUIRED,NONE
NC-CL-S-000407,docs/09_collection/ga10-final-collection-and-payoff-registry-v1.md#G10-M12,docs/09_collection/ga10-final-collection-and-payoff-registry-v1.md,474,GA10,Final Mystery and Promise Payoffs,G10-M12,E-001 / Enemy Ace / Independence Path,NC-CL-R-001294|NC-CL-R-001295|NC-CL-R-001296|NC-CL-R-001297|NC-CL-R-001298,ENTITY|RELATIONSHIP|CONTROL_CLAIM|STATE_TRANSITION|NARRATIVE_PROMISE,C1,C1|C7|C8,DISCOVERY|COMPLETION_LEGACY,C,,,,,"`C/G/L — exact personal ending open, promise must be closed before prose`.",independent polity/route/record role or consequential fate; not protagonist recruit.,UNRESOLVED,UNRESOLVED,UNKNOWN,UNRESOLVED,UNRESOLVED,DRY_RUN_REVIEWED,적 에이스 실체·독립관계·역할권한과 미정 결말을 등록,PM_MERGE_REQUIRED,NONE
NC-CL-S-000408,docs/09_collection/ga10-final-collection-and-payoff-registry-v1.md#G10-M13,docs/09_collection/ga10-final-collection-and-payoff-registry-v1.md,482,GA10,Final Mystery and Promise Payoffs,G10-M13,H-002 Official Death/Collective Authorship,NC-CL-R-001299|NC-CL-R-001300|NC-CL-R-001301|NC-CL-R-001302|NC-CL-R-001303|NC-CL-R-001304|NC-CL-R-001305,ENTITY|RELATIONSHIP|CONTROL_CLAIM|STATE_TRANSITION|LOSS_OBLIGATION|NARRATIVE_PROMISE|SET,C1,C1|C6|C7,DISCOVERY|COMPLETION_LEGACY,G,,,,,`G/R — complete`.,future record ended when authorship became collective; current system records contributors/institutions without one genius owner.,UNRESOLVED,UNRESOLVED,UNKNOWN,UNRESOLVED,UNRESOLVED,DRY_RUN_REVIEWED,인물의 공식사망 약속을 공동저작관계·권리계보로 회수,PM_MERGE_REQUIRED,NONE
NC-CL-S-000409,docs/09_collection/ga10-final-collection-and-payoff-registry-v1.md#G10-M14,docs/09_collection/ga10-final-collection-and-payoff-registry-v1.md,490,GA10,Final Mystery and Promise Payoffs,G10-M14,Black Ward Witness / Continuity Protocol,NC-CL-R-001306|NC-CL-R-001307|NC-CL-R-001308|NC-CL-R-001309|NC-CL-R-001310|NC-CL-R-001311|NC-CL-R-001312,ENTITY|RELATIONSHIP|CONTROL_CLAIM|STATE_TRANSITION|LOSS_OBLIGATION|NARRATIVE_PROMISE|SET,C1,C1|C6|C7,DISCOVERY|COMPLETION_LEGACY,G,,,,,`G/R — complete`.,contributes to person/AI/record rights and Seed architecture; consent limits preserved.,UNRESOLVED,UNRESOLVED,UNKNOWN,UNRESOLVED,UNRESOLVED,DRY_RUN_REVIEWED,증언자·프로토콜 약속을 동의권·책임·기능조합으로 회수,PM_MERGE_REQUIRED,NONE
NC-CL-S-000410,docs/09_collection/ga10-final-collection-and-payoff-registry-v1.md#G10-M15,docs/09_collection/ga10-final-collection-and-payoff-registry-v1.md,498,GA10,Final Mystery and Promise Payoffs,G10-M15,Neutral Orpheus Refusal,NC-CL-R-001313|NC-CL-R-001314|NC-CL-R-001315|NC-CL-R-001316|NC-CL-R-001317,RELATIONSHIP|CONTROL_CLAIM|STATE_TRANSITION|LOSS_OBLIGATION|NARRATIVE_PROMISE,C7,C7|C8,DISCOVERY|SYNERGY|COMPLETION_LEGACY,G,,,,,`G/R — complete`.,trust/debt/capacity caused limited rescue and later shared obligations; Neutral monopoly bounded.,UNRESOLVED,UNRESOLVED,UNKNOWN,UNRESOLVED,UNRESOLVED,DRY_RUN_REVIEWED,중립 거부약속을 신뢰관계·구조권한·공동의무로 회수,PM_MERGE_REQUIRED,NONE
NC-CL-S-000411,docs/09_collection/ga10-final-collection-and-payoff-registry-v1.md#G10-M16,docs/09_collection/ga10-final-collection-and-payoff-registry-v1.md,506,GA10,Final Mystery and Promise Payoffs,G10-M16,Helix Standardization,NC-CL-R-001318|NC-CL-R-001319|NC-CL-R-001320|NC-CL-R-001321|NC-CL-R-001322,RELATIONSHIP|CONTROL_CLAIM|STATE_TRANSITION|LOSS_OBLIGATION|NARRATIVE_PROMISE,C1,C1|C6|C7,DISCOVERY|SYNERGY|COMPLETION_LEGACY,G,,,,,`G/R — complete`.,"plural governed standards with safety, liability, worker/user and local rights.",UNRESOLVED,UNRESOLVED,UNKNOWN,UNRESOLVED,UNRESOLVED,DRY_RUN_REVIEWED,표준화 약속을 노동관계·통제권·안전책임 분산으로 회수,PM_MERGE_REQUIRED,NONE
NC-CL-S-000412,docs/09_collection/ga10-final-collection-and-payoff-registry-v1.md#G10-M17,docs/09_collection/ga10-final-collection-and-payoff-registry-v1.md,514,GA10,Final Mystery and Promise Payoffs,G10-M17,Ownership of Collected Legacy,NC-CL-R-001323|NC-CL-R-001324|NC-CL-R-001325|NC-CL-R-001326|NC-CL-R-001327|NC-CL-R-001328,RELATIONSHIP|CONTROL_CLAIM|STATE_TRANSITION|LOSS_OBLIGATION|NARRATIVE_PROMISE|SET,C1,C1|C2|C5|C6|C7,DISCOVERY|ACQUISITION|COMPLETION_LEGACY,G,,,,,`G/R — complete`.,"relation, responsibility and independent custody replace inventory ownership.",UNRESOLVED,UNRESOLVED,UNKNOWN,UNRESOLVED,UNRESOLVED,DRY_RUN_REVIEWED,수집유산 약속을 소유권 대신 관계·책임·독립보관으로 회수,PM_MERGE_REQUIRED,NONE
NC-CL-S-000413,docs/09_collection/ga10-final-collection-and-payoff-registry-v1.md#G10-M18,docs/09_collection/ga10-final-collection-and-payoff-registry-v1.md,522,GA10,Final Mystery and Promise Payoffs,G10-M18,Memory Contamination,NC-CL-R-001329|NC-CL-R-001330|NC-CL-R-001331|NC-CL-R-001332,CONTROL_CLAIM|STATE_TRANSITION|LOSS_OBLIGATION|NARRATIVE_PROMISE,C1,C1|C6,DISCOVERY|COMPLETION_LEGACY,G,,,,,`G/L/R — complete`.,bidirectional indexing cost; exclusive index surrendered; imperfect personal memory remains.,UNRESOLVED,UNRESOLVED,UNKNOWN,UNRESOLVED,UNRESOLVED,DRY_RUN_REVIEWED,기억오염 약속을 색인권 포기·영구기억손실로 회수,PM_MERGE_REQUIRED,NONE
NC-CL-S-000414,docs/09_collection/ga10-final-collection-and-payoff-registry-v1.md#G10-M19,docs/09_collection/ga10-final-collection-and-payoff-registry-v1.md,530,GA10,Final Mystery and Promise Payoffs,G10-M19,Unlabeled People,NC-CL-R-001333|NC-CL-R-001334|NC-CL-R-001335|NC-CL-R-001336,ENTITY|CONTROL_CLAIM|STATE_TRANSITION|NARRATIVE_PROMISE,C1,C1|C7,DISCOVERY|COMPLETION_LEGACY,G,,,,,`G/R — complete`.,communities/people can record own significance or remain unranked/forgotten. final student/person has no label.,UNRESOLVED,UNRESOLVED,UNKNOWN,UNRESOLVED,UNRESOLVED,DRY_RUN_REVIEWED,무표식 인물약속을 자기기록권과 비순위 상태로 회수,PM_MERGE_REQUIRED,NONE
NC-CL-S-000415,docs/09_collection/ga10-final-collection-and-payoff-registry-v1.md#G10-M20,docs/09_collection/ga10-final-collection-and-payoff-registry-v1.md,539,GA10,Final Mystery and Promise Payoffs,G10-M20,Can History Be Completed?,NC-CL-R-001337|NC-CL-R-001338|NC-CL-R-001339|NC-CL-R-001340|NC-CL-R-001341,CONTROL_CLAIM|STATE_TRANSITION|LOSS_OBLIGATION|NARRATIVE_PROMISE|SET,C1,C1|C6|C7,DISCOVERY|COMPLETION_LEGACY,G,,,,,`G/R — complete`. --,"no master history; evidence/accountability/translation remain, interpretations and some identities plural.",UNRESOLVED,UNRESOLVED,UNKNOWN,UNRESOLVED,UNRESOLVED,DRY_RUN_REVIEWED,역사완성 약속을 복수증거·해석권·미완결 세트로 회수,PM_MERGE_REQUIRED,NONE
