source_row_id,collection_thread_id,source_key,arc,source_id,title,entry_kinds,primary_domain,domain_tags,desire_phases,set_type_candidates,explicit_episode_refs,explicit_subacts,selected_as_active_target_count,semantic_identity_policy,ownership_policy,classification_basis,story_canon_mutation
NC-CL-S-000001,CLT-GA1-P-001,docs/09_collection/first-100-collectible-registry-v1.md#P-001,GA1,P-001,H-001 / Future Blood Admiral,ENTITY|RELATIONSHIP|NARRATIVE_PROMISE,C1,C1,DISCOVERY|ACQUISITION|SYNERGY|COMPLETION_LEGACY,EVENT|FUNCTIONAL|RELATIONSHIP|CIVILIZATION,2|3|4|5|100,A1|D4,1,SOURCE_THREAD_ID_NOT_UNIQUE_ENTITY_CLAIM,인물은 소유물이 아니며 동의·거절·이탈 가능성을 유지,DRY_RUN_REVIEWED,NONE
NC-CL-S-000002,CLT-GA1-P-002,docs/09_collection/first-100-collectible-registry-v1.md#P-002,GA1,P-002,H-002 / Future Fleet Designer,ENTITY|RELATIONSHIP|CONTROL_CLAIM|NARRATIVE_PROMISE,C1,C1|C2|C6|C7,DISCOVERY|ACQUISITION|SYNERGY,EVENT|FUNCTIONAL|RELATIONSHIP,6|7|100,A2|D4,0,SOURCE_THREAD_ID_NOT_UNIQUE_ENTITY_CLAIM,인물은 소유물이 아니며 동의·거절·이탈 가능성을 유지; 세력·제도는 구성원·대표성·승계와 분리된 독립 의사를 유지; 물리 확보와 운용권·인증·정비·승무원·산업능력을 분리,DRY_RUN_REVIEWED,NONE
NC-CL-S-000003,CLT-GA1-P-003,docs/09_collection/first-100-collectible-registry-v1.md#P-003,GA1,P-003,S-001 / Data and Audit Cadet,ENTITY|RELATIONSHIP|CONTROL_CLAIM,C1,C1|C7,DISCOVERY|ACQUISITION|SYNERGY,EVENT|FUNCTIONAL|RELATIONSHIP,21|22|23|24|25|26|27|28|29|30|31|32|100,B1|B2|D4,1,SOURCE_THREAD_ID_NOT_UNIQUE_ENTITY_CLAIM,인물은 소유물이 아니며 동의·거절·이탈 가능성을 유지; 세력·제도는 구성원·대표성·승계와 분리된 독립 의사를 유지,DRY_RUN_REVIEWED,NONE
NC-CL-S-000004,CLT-GA1-P-004,docs/09_collection/first-100-collectible-registry-v1.md#P-004,GA1,P-004,M-001 / Medical and Rescue Cadet,ENTITY|RELATIONSHIP|CONTROL_CLAIM,C1,C1|C7,DISCOVERY|ACQUISITION|SYNERGY,EVENT|RELATIONSHIP,46|100,C1|D4,1,SOURCE_THREAD_ID_NOT_UNIQUE_ENTITY_CLAIM,인물은 소유물이 아니며 동의·거절·이탈 가능성을 유지; 세력·제도는 구성원·대표성·승계와 분리된 독립 의사를 유지,DRY_RUN_REVIEWED,NONE
NC-CL-S-000005,CLT-GA1-P-005,docs/09_collection/first-100-collectible-registry-v1.md#P-005,GA1,P-005,I-001 / Field Instructor,ENTITY|RELATIONSHIP|CONTROL_CLAIM|STATE_TRANSITION,C1,C1|C7,DISCOVERY|ACQUISITION|SYNERGY,EVENT|RELATIONSHIP,1|2|3|4|5|6|7|8|9|10|21|22|23|24|25|26|27|28|29|30|31|32|33|34|35|36|37|38|39|40|41|42|43|44|45|100,A1|A2|B1|B2|B3|B4|D4,4,SOURCE_THREAD_ID_NOT_UNIQUE_ENTITY_CLAIM,인물은 소유물이 아니며 동의·거절·이탈 가능성을 유지; 세력·제도는 구성원·대표성·승계와 분리된 독립 의사를 유지,DRY_RUN_REVIEWED,NONE
NC-CL-S-000006,CLT-GA1-P-006,docs/09_collection/first-100-collectible-registry-v1.md#P-006,GA1,P-006,E-001 / White Dock Enemy Ace,ENTITY|RELATIONSHIP|NARRATIVE_PROMISE,C1,C1,DISCOVERY|ACQUISITION|SYNERGY,EVENT|RELATIONSHIP,14|15|100,A3|D4,0,SOURCE_THREAD_ID_NOT_UNIQUE_ENTITY_CLAIM,인물은 소유물이 아니며 동의·거절·이탈 가능성을 유지,DRY_RUN_REVIEWED,NONE
NC-CL-S-000007,CLT-GA1-P-007,docs/09_collection/first-100-collectible-registry-v1.md#P-007,GA1,P-007,R-IMP-001 / Imperial Observer,ENTITY|RELATIONSHIP|CONTROL_CLAIM,C1,C1|C2|C7,DISCOVERY|ACQUISITION|SYNERGY,EVENT|FUNCTIONAL|RELATIONSHIP,2|3|4|5|6|7|8|9|10|39|40|41|42|43|44|45|100,A1|A2|B4|D4,2,SOURCE_THREAD_ID_NOT_UNIQUE_ENTITY_CLAIM,인물은 소유물이 아니며 동의·거절·이탈 가능성을 유지; 세력·제도는 구성원·대표성·승계와 분리된 독립 의사를 유지; 물리 확보와 운용권·인증·정비·승무원·산업능력을 분리,DRY_RUN_REVIEWED,NONE
NC-CL-S-000008,CLT-GA1-P-008,docs/09_collection/first-100-collectible-registry-v1.md#P-008,GA1,P-008,R-NEU-001 / Neutral Rescue and Claims Officer,ENTITY|RELATIONSHIP|CONTROL_CLAIM|LOSS_OBLIGATION,C1,C1|C7,DISCOVERY|ACQUISITION|SYNERGY,EVENT|FUNCTIONAL|RELATIONSHIP,11|18|19|20|100,A3|A4|D4,1,SOURCE_THREAD_ID_NOT_UNIQUE_ENTITY_CLAIM,인물은 소유물이 아니며 동의·거절·이탈 가능성을 유지; 세력·제도는 구성원·대표성·승계와 분리된 독립 의사를 유지,DRY_RUN_REVIEWED,NONE
NC-CL-S-000009,CLT-GA1-P-009,docs/09_collection/first-100-collectible-registry-v1.md#P-009,GA1,P-009,R-HEL-001 / Helix Evaluator,ENTITY|RELATIONSHIP|CONTROL_CLAIM|LOSS_OBLIGATION,C1,C1|C2|C3|C7,DISCOVERY|ACQUISITION|SYNERGY,FUNCTIONAL|RELATIONSHIP,6|7|8|9|10|21|22|23|24|25|26|27|28|29|30|31|32|33|34|35|36|37|38|100,A2|B1|B2|B3|D4,4,SOURCE_THREAD_ID_NOT_UNIQUE_ENTITY_CLAIM,인물은 소유물이 아니며 동의·거절·이탈 가능성을 유지; 세력·제도는 구성원·대표성·승계와 분리된 독립 의사를 유지; 물리 확보와 운용권·인증·정비·승무원·산업능력을 분리,DRY_RUN_REVIEWED,NONE
NC-CL-S-000010,CLT-GA1-P-010,docs/09_collection/first-100-collectible-registry-v1.md#P-010,GA1,P-010,AI-W001 / Black Ward Witness Interface,ENTITY|RELATIONSHIP|CONTROL_CLAIM|NARRATIVE_PROMISE,C1,C1|C6|C7,DISCOVERY|ACQUISITION|SYNERGY,EVENT|FUNCTIONAL|RELATIONSHIP,52|53|54|55|56|57|58|59|60|61|62|63|64|65|100,C2|C3|D4,2,SOURCE_THREAD_ID_NOT_UNIQUE_ENTITY_CLAIM,인물은 소유물이 아니며 동의·거절·이탈 가능성을 유지; 세력·제도는 구성원·대표성·승계와 분리된 독립 의사를 유지; 물리 확보와 운용권·인증·정비·승무원·산업능력을 분리,DRY_RUN_REVIEWED,NONE
NC-CL-S-000011,CLT-GA1-P-011,docs/09_collection/first-100-collectible-registry-v1.md#P-011,GA1,P-011,Protector/Community Focal Network,ENTITY|RELATIONSHIP|CONTROL_CLAIM,C1,C1|C7,DISCOVERY|ACQUISITION|SYNERGY,EVENT|FUNCTIONAL|RELATIONSHIP|CIVILIZATION,3|4|5|12|17|18|100,A1|A3|A4|D4,2,SOURCE_THREAD_ID_NOT_UNIQUE_ENTITY_CLAIM,인물은 소유물이 아니며 동의·거절·이탈 가능성을 유지; 세력·제도는 구성원·대표성·승계와 분리된 독립 의사를 유지,DRY_RUN_REVIEWED,NONE
NC-CL-S-000012,CLT-GA1-F-001,docs/09_collection/first-100-collectible-registry-v1.md#F-001,GA1,F-001,07 Core / AUXILIA Inspection Kernel,ENTITY|CONTROL_CLAIM|STATE_TRANSITION,C2,C2|C6,DISCOVERY|ACQUISITION|SYNERGY,FUNCTIONAL|CIVILIZATION,6|7|8|9|10|19|39|40|41|42|43|44|45|100,A2|A4|B4|D4,1,SOURCE_THREAD_ID_NOT_UNIQUE_ENTITY_CLAIM,물리 확보와 운용권·인증·정비·승무원·산업능력을 분리,DRY_RUN_REVIEWED,NONE
NC-CL-S-000013,CLT-GA1-F-002,docs/09_collection/first-100-collectible-registry-v1.md#F-002,GA1,F-002,Asymmetric Radiator Wing,ENTITY|CONTROL_CLAIM|LOSS_OBLIGATION,C2,C2|C7,DISCOVERY|ACQUISITION|SYNERGY,FUNCTIONAL,7|8|33|34|35|36|37|38|100,A2|B3|D4,1,SOURCE_THREAD_ID_NOT_UNIQUE_ENTITY_CLAIM,세력·제도는 구성원·대표성·승계와 분리된 독립 의사를 유지; 물리 확보와 운용권·인증·정비·승무원·산업능력을 분리,DRY_RUN_REVIEWED,NONE
NC-CL-S-000014,CLT-GA1-F-003,docs/09_collection/first-100-collectible-registry-v1.md#F-003,GA1,F-003,Industrial Manipulator Arm,ENTITY|CONTROL_CLAIM,C2,C2|C3|C7,DISCOVERY|ACQUISITION|SYNERGY,EVENT|FUNCTIONAL,6|7|8|33|34|35|36|37|38|100,A2|B3|D4,2,SOURCE_THREAD_ID_NOT_UNIQUE_ENTITY_CLAIM,세력·제도는 구성원·대표성·승계와 분리된 독립 의사를 유지; 물리 확보와 운용권·인증·정비·승무원·산업능력을 분리,DRY_RUN_REVIEWED,NONE
NC-CL-S-000015,CLT-GA1-F-004,docs/09_collection/first-100-collectible-registry-v1.md#F-004,GA1,F-004,Anchor Shield Plate,ENTITY|CONTROL_CLAIM,C3,C3|C7,DISCOVERY|SYNERGY,FUNCTIONAL,8|39|40|41|42|43|44|45|100,A2|B4|D4,0,SOURCE_THREAD_ID_NOT_UNIQUE_ENTITY_CLAIM,세력·제도는 구성원·대표성·승계와 분리된 독립 의사를 유지; 물리 확보와 운용권·인증·정비·승무원·산업능력을 분리,DRY_RUN_REVIEWED,NONE
NC-CL-S-000016,CLT-GA1-F-005,docs/09_collection/first-100-collectible-registry-v1.md#F-005,GA1,F-005,Mixed Leg Pair,ENTITY|STATE_TRANSITION,C2,C2,DISCOVERY|SYNERGY,FUNCTIONAL,6|7|8|9|19|21|22|23|24|25|26|27|28|29|30|31|32|33|34|35|36|37|38|39|40|41|42|43|44|45|100,A2|A4|B1|B2|B3|B4|D4,2,SOURCE_THREAD_ID_NOT_UNIQUE_ENTITY_CLAIM,물리 확보와 운용권·인증·정비·승무원·산업능력을 분리,DRY_RUN_REVIEWED,NONE
NC-CL-S-000017,CLT-GA1-F-006,docs/09_collection/first-100-collectible-registry-v1.md#F-006,GA1,F-006,Utility Sensor Head,ENTITY|STATE_TRANSITION,C2,C2,DISCOVERY|SYNERGY,FUNCTIONAL,6|7|8|9|10|19|33|34|35|36|37|38|39|40|41|42|43|44|45|100,A2|A4|B3|B4|D4,1,SOURCE_THREAD_ID_NOT_UNIQUE_ENTITY_CLAIM,물리 확보와 운용권·인증·정비·승무원·산업능력을 분리,DRY_RUN_REVIEWED,NONE
NC-CL-S-000018,CLT-GA1-F-007,docs/09_collection/first-100-collectible-registry-v1.md#F-007,GA1,F-007,Thermal Cutter Lance,ENTITY,C3,C3,DISCOVERY|ACQUISITION|SYNERGY,EVENT|FUNCTIONAL,13|14|15|16|100,A3|A4|D4,0,SOURCE_THREAD_ID_NOT_UNIQUE_ENTITY_CLAIM,물리 확보와 운용권·인증·정비·승무원·산업능력을 분리,DRY_RUN_REVIEWED,NONE
NC-CL-S-000019,CLT-GA1-F-008,docs/09_collection/first-100-collectible-registry-v1.md#F-008,GA1,F-008,Rescue Tether/Cable Launcher,ENTITY,C3,C3,DISCOVERY|SYNERGY,EVENT|FUNCTIONAL,8|13|14|15|100,A2|A3|D4,0,SOURCE_THREAD_ID_NOT_UNIQUE_ENTITY_CLAIM,물리 확보와 운용권·인증·정비·승무원·산업능력을 분리,DRY_RUN_REVIEWED,NONE
NC-CL-S-000020,CLT-GA1-F-009,docs/09_collection/first-100-collectible-registry-v1.md#F-009,GA1,F-009,Sensor-Tag Projector,ENTITY|STATE_TRANSITION,C3,C3,DISCOVERY|SYNERGY,FUNCTIONAL,8|10|13|14|15|16|100,A2|A3|A4|D4,1,SOURCE_THREAD_ID_NOT_UNIQUE_ENTITY_CLAIM,물리 확보와 운용권·인증·정비·승무원·산업능력을 분리,DRY_RUN_REVIEWED,NONE
NC-CL-S-000021,CLT-GA1-F-010,docs/09_collection/first-100-collectible-registry-v1.md#F-010,GA1,F-010,H-002 Calibration Toolset,ENTITY|CONTROL_CLAIM|LOSS_OBLIGATION,C1,C1|C3|C6|C7,DISCOVERY|ACQUISITION|SYNERGY,EVENT|FUNCTIONAL|RELATIONSHIP,7|8|9|10|33|34|35|36|37|38|100,A2|B3|D4,1,SOURCE_THREAD_ID_NOT_UNIQUE_ENTITY_CLAIM,인물은 소유물이 아니며 동의·거절·이탈 가능성을 유지; 세력·제도는 구성원·대표성·승계와 분리된 독립 의사를 유지; 물리 확보와 운용권·인증·정비·승무원·산업능력을 분리,DRY_RUN_REVIEWED,NONE
NC-CL-S-000022,CLT-GA1-F-011,docs/09_collection/first-100-collectible-registry-v1.md#F-011,GA1,F-011,Service Authority Key A,ENTITY|CONTROL_CLAIM|NARRATIVE_PROMISE,C4,C4|C6|C8,DISCOVERY|ACQUISITION|SYNERGY,EVENT|FUNCTIONAL|CIVILIZATION,13|100,A3|D4,1,SOURCE_THREAD_ID_NOT_UNIQUE_ENTITY_CLAIM,장소·노드·문명은 발견/접근과 소유·통치·자치를 동일시하지 않음; 물리 확보와 운용권·인증·정비·승무원·산업능력을 분리,DRY_RUN_REVIEWED,NONE
NC-CL-S-000023,CLT-GA1-F-012,docs/09_collection/first-100-collectible-registry-v1.md#F-012,GA1,F-012,Service Authority Key B,ENTITY|CONTROL_CLAIM|NARRATIVE_PROMISE,C2,C2|C4|C6|C7,DISCOVERY|ACQUISITION|SYNERGY,EVENT|FUNCTIONAL,33|34|35|36|37|38|39|40|41|42|43|44|45|100,B3|B4|D4,0,SOURCE_THREAD_ID_NOT_UNIQUE_ENTITY_CLAIM,세력·제도는 구성원·대표성·승계와 분리된 독립 의사를 유지; 물리 확보와 운용권·인증·정비·승무원·산업능력을 분리,DRY_RUN_REVIEWED,NONE
NC-CL-S-000024,CLT-GA1-F-013,docs/09_collection/first-100-collectible-registry-v1.md#F-013,GA1,F-013,Service Authority Key C,CONTROL_CLAIM|STATE_TRANSITION|NARRATIVE_PROMISE,C1,C1|C6|C7,DISCOVERY|ACQUISITION|SYNERGY,EVENT|FUNCTIONAL|RELATIONSHIP,58|59|60|61|62|63|64|65|100,C2|C3|D4,2,SOURCE_THREAD_ID_NOT_UNIQUE_ENTITY_CLAIM,인물은 소유물이 아니며 동의·거절·이탈 가능성을 유지; 세력·제도는 구성원·대표성·승계와 분리된 독립 의사를 유지; 물리 확보와 운용권·인증·정비·승무원·산업능력을 분리,DRY_RUN_REVIEWED,NONE
NC-CL-S-000025,CLT-GA1-F-014,docs/09_collection/first-100-collectible-registry-v1.md#F-014,GA1,F-014,Previous Technician Logs,ENTITY|CONTROL_CLAIM|NARRATIVE_PROMISE|SET,C2,C2|C4|C6,DISCOVERY|ACQUISITION|SYNERGY,LINEAGE|EVENT|FUNCTIONAL|RELATIONSHIP,13|33|34|35|36|37|38|39|40|41|42|43|44|45|100,A3|B3|B4|D4,0,SOURCE_THREAD_ID_NOT_UNIQUE_ENTITY_CLAIM,물리 확보와 운용권·인증·정비·승무원·산업능력을 분리,DRY_RUN_REVIEWED,NONE
NC-CL-S-000026,CLT-GA1-R-001,docs/09_collection/first-100-collectible-registry-v1.md#R-001,GA1,R-001,Betrayal-Trial Relay Fragment,ENTITY|CONTROL_CLAIM|NARRATIVE_PROMISE,C4,C4|C7,DISCOVERY|SYNERGY,EVENT,4|5|100,A1|D4,0,SOURCE_THREAD_ID_NOT_UNIQUE_ENTITY_CLAIM,세력·제도는 구성원·대표성·승계와 분리된 독립 의사를 유지,DRY_RUN_REVIEWED,NONE
NC-CL-S-000027,CLT-GA1-R-002,docs/09_collection/first-100-collectible-registry-v1.md#R-002,GA1,R-002,Student/Family Custody Manifest Fragments,ENTITY|CONTROL_CLAIM|STATE_TRANSITION|LOSS_OBLIGATION|SET,C1,C1|C4|C7,DISCOVERY|ACQUISITION|SYNERGY,EVENT|RELATIONSHIP,12|13|14|15|16|17|18|19|20|100,A3|A4|D4,1,SOURCE_THREAD_ID_NOT_UNIQUE_ENTITY_CLAIM,인물은 소유물이 아니며 동의·거절·이탈 가능성을 유지; 세력·제도는 구성원·대표성·승계와 분리된 독립 의사를 유지,DRY_RUN_REVIEWED,NONE
NC-CL-S-000028,CLT-GA1-R-003,docs/09_collection/first-100-collectible-registry-v1.md#R-003,GA1,R-003,Medical/Administrative Death Records,ENTITY|CONTROL_CLAIM|NARRATIVE_PROMISE|SET,C1,C1|C4|C7,DISCOVERY|SYNERGY,EVENT|RELATIONSHIP,18|52|53|54|55|56|57|58|59|60|61|62|63|64|65|100,A4|C2|C3|D4,3,SOURCE_THREAD_ID_NOT_UNIQUE_ENTITY_CLAIM,인물은 소유물이 아니며 동의·거절·이탈 가능성을 유지; 세력·제도는 구성원·대표성·승계와 분리된 독립 의사를 유지,DRY_RUN_REVIEWED,NONE
NC-CL-S-000029,CLT-GA1-R-004,docs/09_collection/first-100-collectible-registry-v1.md#R-004,GA1,R-004,Neutral Medical Protection Clause,CONTROL_CLAIM|LOSS_OBLIGATION,C1,C1|C7,DISCOVERY|ACQUISITION|SYNERGY,EVENT|RELATIONSHIP,11|18|19|20|21|22|23|24|25|26|100,A3|A4|B1|D4,2,SOURCE_THREAD_ID_NOT_UNIQUE_ENTITY_CLAIM,인물은 소유물이 아니며 동의·거절·이탈 가능성을 유지; 세력·제도는 구성원·대표성·승계와 분리된 독립 의사를 유지,DRY_RUN_REVIEWED,NONE
NC-CL-S-000030,CLT-GA1-R-005,docs/09_collection/first-100-collectible-registry-v1.md#R-005,GA1,R-005,White Dock Joint-Custody/Evidence Order,CONTROL_CLAIM|STATE_TRANSITION|LOSS_OBLIGATION,C2,C2|C3|C7,ACQUISITION|SYNERGY,EVENT|FUNCTIONAL,20|21|22|23|24|25|26|100,A4|B1|D4,2,SOURCE_THREAD_ID_NOT_UNIQUE_ENTITY_CLAIM,세력·제도는 구성원·대표성·승계와 분리된 독립 의사를 유지; 물리 확보와 운용권·인증·정비·승무원·산업능력을 분리,DRY_RUN_REVIEWED,NONE
NC-CL-S-000031,CLT-GA1-R-006,docs/09_collection/first-100-collectible-registry-v1.md#R-006,GA1,R-006,Student Mutual Guarantee Fund,ENTITY|RELATIONSHIP|CONTROL_CLAIM|LOSS_OBLIGATION,C1,C1|C7,DISCOVERY|SYNERGY,RELATIONSHIP,27|28|29|30|31|32|100,B2|D4,2,SOURCE_THREAD_ID_NOT_UNIQUE_ENTITY_CLAIM,인물은 소유물이 아니며 동의·거절·이탈 가능성을 유지; 세력·제도는 구성원·대표성·승계와 분리된 독립 의사를 유지,DRY_RUN_REVIEWED,NONE
NC-CL-S-000032,CLT-GA1-R-007,docs/09_collection/first-100-collectible-registry-v1.md#R-007,GA1,R-007,H-002 Maintenance and Design-Rights Agreement,RELATIONSHIP|CONTROL_CLAIM|LOSS_OBLIGATION,C1,C1|C2|C6|C7,DISCOVERY|ACQUISITION|SYNERGY,FUNCTIONAL|RELATIONSHIP,7|21|22|23|24|25|26|27|28|29|30|31|32|33|34|35|36|37|38|39|40|41|42|43|44|45|100,A2|B1|B2|B3|B4|D4,1,SOURCE_THREAD_ID_NOT_UNIQUE_ENTITY_CLAIM,인물은 소유물이 아니며 동의·거절·이탈 가능성을 유지; 세력·제도는 구성원·대표성·승계와 분리된 독립 의사를 유지; 물리 확보와 운용권·인증·정비·승무원·산업능력을 분리,DRY_RUN_REVIEWED,NONE
NC-CL-S-000033,CLT-GA1-R-008,docs/09_collection/first-100-collectible-registry-v1.md#R-008,GA1,R-008,External Mission License,CONTROL_CLAIM|STATE_TRANSITION|LOSS_OBLIGATION,C1,C1|C5|C7,DISCOVERY|ACQUISITION|SYNERGY,FUNCTIONAL|RELATIONSHIP,10|11|39|40|41|42|43|44|45|93|94|95|96|97|98|99|100,A2|A3|B4|D4,2,SOURCE_THREAD_ID_NOT_UNIQUE_ENTITY_CLAIM,인물은 소유물이 아니며 동의·거절·이탈 가능성을 유지; 세력·제도는 구성원·대표성·승계와 분리된 독립 의사를 유지; 물리 확보와 운용권·인증·정비·승무원·산업능력을 분리,DRY_RUN_REVIEWED,NONE
NC-CL-S-000034,CLT-GA1-R-009,docs/09_collection/first-100-collectible-registry-v1.md#R-009,GA1,R-009,Patient Consent and Data-Access Protocol,CONTROL_CLAIM|LOSS_OBLIGATION,C1,C1|C6|C7,ACQUISITION|SYNERGY,EVENT|FUNCTIONAL|RELATIONSHIP,59|60|61|62|63|64|65|66|67|68|69|70|71|72|100,C3|C4|D4,2,SOURCE_THREAD_ID_NOT_UNIQUE_ENTITY_CLAIM,인물은 소유물이 아니며 동의·거절·이탈 가능성을 유지; 세력·제도는 구성원·대표성·승계와 분리된 독립 의사를 유지; 물리 확보와 운용권·인증·정비·승무원·산업능력을 분리,DRY_RUN_REVIEWED,NONE
NC-CL-S-000035,CLT-GA1-R-010,docs/09_collection/first-100-collectible-registry-v1.md#R-010,GA1,R-010,Student/Staff Preference and Representation Record,CONTROL_CLAIM,C1,C1|C7,SYNERGY|COMPLETION_LEGACY,EVENT|RELATIONSHIP,73|74|75|76|77|78|79|80|81|82|83|84|100,D1|D2|D4,2,SOURCE_THREAD_ID_NOT_UNIQUE_ENTITY_CLAIM,인물은 소유물이 아니며 동의·거절·이탈 가능성을 유지; 세력·제도는 구성원·대표성·승계와 분리된 독립 의사를 유지,DRY_RUN_REVIEWED,NONE
NC-CL-S-000036,CLT-GA1-R-011,docs/09_collection/first-100-collectible-registry-v1.md#R-011,GA1,R-011,제13학원 임시공동운영·보호헌장,RELATIONSHIP|CONTROL_CLAIM|LOSS_OBLIGATION,C1,C1|C7,DISCOVERY|ACQUISITION|SYNERGY,EVENT|FUNCTIONAL|RELATIONSHIP|CIVILIZATION,79|93|94|95|96|97|98|99|100,D2|D4,1,SOURCE_THREAD_ID_NOT_UNIQUE_ENTITY_CLAIM,인물은 소유물이 아니며 동의·거절·이탈 가능성을 유지; 세력·제도는 구성원·대표성·승계와 분리된 독립 의사를 유지,DRY_RUN_REVIEWED,NONE
NC-CL-S-000037,CLT-GA1-R-012,docs/09_collection/first-100-collectible-registry-v1.md#R-012,GA1,R-012,07 Multi-Party Custody and Command Key Scheme,RELATIONSHIP|CONTROL_CLAIM|LOSS_OBLIGATION|SET,C2,C2|C7,ACQUISITION|SYNERGY,FUNCTIONAL|RELATIONSHIP,39|40|41|42|43|44|45|93|94|95|96|97|98|99|100,B4|D4,2,SOURCE_THREAD_ID_NOT_UNIQUE_ENTITY_CLAIM,세력·제도는 구성원·대표성·승계와 분리된 독립 의사를 유지; 물리 확보와 운용권·인증·정비·승무원·산업능력을 분리,DRY_RUN_REVIEWED,NONE
NC-CL-S-000038,CLT-GA1-I-001,docs/09_collection/first-100-collectible-registry-v1.md#I-001,GA1,I-001,Student Mutual Network / Assembly Seed,ENTITY|RELATIONSHIP,C1,C1|C7,DISCOVERY|SYNERGY,RELATIONSHIP,1|2|3|4|5|6|7|8|9|10|11|12|13|14|15|16|17|18|19|20|21|22|23|24|25|26|27|28|29|30|31|32|73|74|75|76|77|78|79|80|81|82|83|84|85|86|87|88|89|90|91|92|93|94|95|96|97|98|99|100,A1|A2|A3|A4|B1|B2|D1|D2|D3|D4,8,SOURCE_THREAD_ID_NOT_UNIQUE_ENTITY_CLAIM,인물은 소유물이 아니며 동의·거절·이탈 가능성을 유지; 세력·제도는 구성원·대표성·승계와 분리된 독립 의사를 유지,DRY_RUN_REVIEWED,NONE
NC-CL-S-000039,CLT-GA1-I-002,docs/09_collection/first-100-collectible-registry-v1.md#I-002,GA1,I-002,Open-Service Workshop Seed,ENTITY|CONTROL_CLAIM|LOSS_OBLIGATION,C3,C3|C6|C7,DISCOVERY|ACQUISITION|SYNERGY,EVENT|FUNCTIONAL,7|8|9|10|21|22|23|24|25|26|27|28|29|30|31|32|33|34|35|36|37|38|39|40|41|42|43|44|45|100,A2|B1|B2|B3|B4|D4,1,SOURCE_THREAD_ID_NOT_UNIQUE_ENTITY_CLAIM,세력·제도는 구성원·대표성·승계와 분리된 독립 의사를 유지; 물리 확보와 운용권·인증·정비·승무원·산업능력을 분리,DRY_RUN_REVIEWED,NONE
NC-CL-S-000040,CLT-GA1-I-003,docs/09_collection/first-100-collectible-registry-v1.md#I-003,GA1,I-003,Multi-Party Medical Oversight,ENTITY|RELATIONSHIP|CONTROL_CLAIM|LOSS_OBLIGATION,C1,C1|C7,SYNERGY,RELATIONSHIP,52|53|54|55|56|57|58|59|60|61|62|63|64|65|66|67|68|69|70|71|72|100,C2|C3|C4|D4,3,SOURCE_THREAD_ID_NOT_UNIQUE_ENTITY_CLAIM,인물은 소유물이 아니며 동의·거절·이탈 가능성을 유지; 세력·제도는 구성원·대표성·승계와 분리된 독립 의사를 유지,DRY_RUN_REVIEWED,NONE
NC-CL-S-000041,CLT-GA1-I-004,docs/09_collection/first-100-collectible-registry-v1.md#I-004,GA1,I-004,Fifth-Answer Myth,STATE_TRANSITION|NARRATIVE_PROMISE,C1,C1|C7,DISCOVERY|SYNERGY|COMPLETION_LEGACY,RELATIONSHIP,5|46|47|48|49|50|51|100,A1|C1|D4,1,SOURCE_THREAD_ID_NOT_UNIQUE_ENTITY_CLAIM,인물은 소유물이 아니며 동의·거절·이탈 가능성을 유지; 세력·제도는 구성원·대표성·승계와 분리된 독립 의사를 유지,DRY_RUN_REVIEWED,NONE
NC-CL-S-000042,CLT-GA1-I-005,docs/09_collection/first-100-collectible-registry-v1.md#I-005,GA1,I-005,Academy Alumni/External Mission Cell,ENTITY|RELATIONSHIP|CONTROL_CLAIM,C1,C1|C5|C7,ACQUISITION|SYNERGY,FUNCTIONAL|RELATIONSHIP,93|94|95|96|97|98|99|100,D4,1,SOURCE_THREAD_ID_NOT_UNIQUE_ENTITY_CLAIM,인물은 소유물이 아니며 동의·거절·이탈 가능성을 유지; 세력·제도는 구성원·대표성·승계와 분리된 독립 의사를 유지; 물리 확보와 운용권·인증·정비·승무원·산업능력을 분리,DRY_RUN_REVIEWED,NONE
NC-CL-S-000043,CLT-GA2-G2-P01,docs/09_collection/ga2-collection-registry-v1.md#G2-P01,GA2,G2-P01,CAP-001 / Ship Master,ENTITY|RELATIONSHIP|STATE_TRANSITION|LOSS_OBLIGATION,C1,C1|C5|C7,DISCOVERY|ACQUISITION|SYNERGY|COMPLETION_LEGACY,FUNCTIONAL|RELATIONSHIP,101|102|103|104|105|106|107|210,2A-1|2D-4,1,SOURCE_THREAD_ID_NOT_UNIQUE_ENTITY_CLAIM,인물은 소유물이 아니며 동의·거절·이탈 가능성을 유지; 세력·제도는 구성원·대표성·승계와 분리된 독립 의사를 유지; 물리 확보와 운용권·인증·정비·승무원·산업능력을 분리,HEURISTIC_PROVISIONAL,NONE
NC-CL-S-000044,CLT-GA2-G2-P02,docs/09_collection/ga2-collection-registry-v1.md#G2-P02,GA2,G2-P02,ENG-001 / Chief Engineer,ENTITY|RELATIONSHIP|STATE_TRANSITION|LOSS_OBLIGATION,C1,C1,DISCOVERY|ACQUISITION|SYNERGY|COMPLETION_LEGACY,FUNCTIONAL|RELATIONSHIP,210,2D-4,0,SOURCE_THREAD_ID_NOT_UNIQUE_ENTITY_CLAIM,인물은 소유물이 아니며 동의·거절·이탈 가능성을 유지,HEURISTIC_PROVISIONAL,NONE
NC-CL-S-000045,CLT-GA2-G2-P03,docs/09_collection/ga2-collection-registry-v1.md#G2-P03,GA2,G2-P03,NAV-001 / Route Pilot,ENTITY|RELATIONSHIP|STATE_TRANSITION|LOSS_OBLIGATION,C1,C1|C8,ACQUISITION|SYNERGY|COMPLETION_LEGACY,FUNCTIONAL|RELATIONSHIP|CIVILIZATION,210,2D-4,0,SOURCE_THREAD_ID_NOT_UNIQUE_ENTITY_CLAIM,인물은 소유물이 아니며 동의·거절·이탈 가능성을 유지; 장소·노드·문명은 발견/접근과 소유·통치·자치를 동일시하지 않음,HEURISTIC_PROVISIONAL,NONE
NC-CL-S-000046,CLT-GA2-G2-P04,docs/09_collection/ga2-collection-registry-v1.md#G2-P04,GA2,G2-P04,Q-001 / Quartermaster-Claims Officer,ENTITY|RELATIONSHIP|STATE_TRANSITION|LOSS_OBLIGATION,C1,C1,ACQUISITION|SYNERGY|COMPLETION_LEGACY,FUNCTIONAL|RELATIONSHIP,210,2D-4,0,SOURCE_THREAD_ID_NOT_UNIQUE_ENTITY_CLAIM,인물은 소유물이 아니며 동의·거절·이탈 가능성을 유지,HEURISTIC_PROVISIONAL,NONE
NC-CL-S-000047,CLT-GA2-G2-P05,docs/09_collection/ga2-collection-registry-v1.md#G2-P05,GA2,G2-P05,Old Crew/Worker Claimants,ENTITY|RELATIONSHIP|STATE_TRANSITION|LOSS_OBLIGATION,C1,C1,DISCOVERY|ACQUISITION|SYNERGY|COMPLETION_LEGACY,EVENT|FUNCTIONAL|RELATIONSHIP,101|210,2A-1|2D-4,1,SOURCE_THREAD_ID_NOT_UNIQUE_ENTITY_CLAIM,인물은 소유물이 아니며 동의·거절·이탈 가능성을 유지,HEURISTIC_PROVISIONAL,NONE
NC-CL-S-000048,CLT-GA2-G2-P06,docs/09_collection/ga2-collection-registry-v1.md#G2-P06,GA2,G2-P06,Ghost-Caravan Residents/Workers,RELATIONSHIP|STATE_TRANSITION|LOSS_OBLIGATION,C1,C1,DISCOVERY|ACQUISITION|SYNERGY|COMPLETION_LEGACY,EVENT|FUNCTIONAL|RELATIONSHIP,138|139|140|141|142|143|144|145|210,2B-2|2D-4,1,SOURCE_THREAD_ID_NOT_UNIQUE_ENTITY_CLAIM,인물은 소유물이 아니며 동의·거절·이탈 가능성을 유지,HEURISTIC_PROVISIONAL,NONE
NC-CL-S-000049,CLT-GA2-G2-P07,docs/09_collection/ga2-collection-registry-v1.md#G2-P07,GA2,G2-P07,Brann–Neris Standards/Worker Council,ENTITY|RELATIONSHIP|STATE_TRANSITION|LOSS_OBLIGATION,C1,C1|C7,DISCOVERY|ACQUISITION|SYNERGY|COMPLETION_LEGACY,FUNCTIONAL|RELATIONSHIP,101|102|103|104|105|106|107|108|109|110|111|112|113|114|115|116|117|118|119|120|121|122|123|124|125|126|127|128|129|130|131|132|133|134|135|136|137|138|139|140|141|142|143|144|145|146|147|148|149|150|151|152|153|154|155|156|157|158|159|160|210,2A-1|2A-2|2A-3|2A-4|2B-1|2B-2|2B-3|2B-4|2D-4,8,SOURCE_THREAD_ID_NOT_UNIQUE_ENTITY_CLAIM,인물은 소유물이 아니며 동의·거절·이탈 가능성을 유지; 세력·제도는 구성원·대표성·승계와 분리된 독립 의사를 유지,HEURISTIC_PROVISIONAL,NONE
NC-CL-S-000050,CLT-GA2-G2-P08,docs/09_collection/ga2-collection-registry-v1.md#G2-P08,GA2,G2-P08,Community Destination Groups,ENTITY|RELATIONSHIP|STATE_TRANSITION|LOSS_OBLIGATION,C1,C1|C8,SYNERGY|COMPLETION_LEGACY,FUNCTIONAL|RELATIONSHIP|CIVILIZATION,210,2D-4,0,SOURCE_THREAD_ID_NOT_UNIQUE_ENTITY_CLAIM,인물은 소유물이 아니며 동의·거절·이탈 가능성을 유지; 장소·노드·문명은 발견/접근과 소유·통치·자치를 동일시하지 않음,HEURISTIC_PROVISIONAL,NONE
NC-CL-S-000051,CLT-GA2-G2-P09,docs/09_collection/ga2-collection-registry-v1.md#G2-P09,GA2,G2-P09,Regional Helix Manufacturing/Service Dissenters,RELATIONSHIP|STATE_TRANSITION|LOSS_OBLIGATION,C1,C1,DISCOVERY|ACQUISITION|SYNERGY|COMPLETION_LEGACY,FUNCTIONAL|RELATIONSHIP|CIVILIZATION,210,2D-4,0,SOURCE_THREAD_ID_NOT_UNIQUE_ENTITY_CLAIM,인물은 소유물이 아니며 동의·거절·이탈 가능성을 유지,HEURISTIC_PROVISIONAL,NONE
NC-CL-S-000052,CLT-GA2-G2-P10,docs/09_collection/ga2-collection-registry-v1.md#G2-P10,GA2,G2-P10,Local Silex/Ardis Operators,RELATIONSHIP|STATE_TRANSITION|LOSS_OBLIGATION,C1,C1,DISCOVERY|ACQUISITION|SYNERGY|COMPLETION_LEGACY,FUNCTIONAL|RELATIONSHIP|CIVILIZATION,210,2D-4,0,SOURCE_THREAD_ID_NOT_UNIQUE_ENTITY_CLAIM,인물은 소유물이 아니며 동의·거절·이탈 가능성을 유지,HEURISTIC_PROVISIONAL,NONE
NC-CL-S-000053,CLT-GA2-G2-S01,docs/09_collection/ga2-collection-registry-v1.md#G2-S01,GA2,G2-S01,NR72-118 Mission Trust / Operational Hull,ENTITY|RELATIONSHIP|STATE_TRANSITION|LOSS_OBLIGATION,C5,C5,DISCOVERY|ACQUISITION|SYNERGY|COMPLETION_LEGACY,FUNCTIONAL|RELATIONSHIP,100|101|102|103|104|105|106|107|108|109|110|111|112|113|114|115|116|117|118|119|120|121|210,2A-1|2A-2|2A-3|2D-4,2,SOURCE_THREAD_ID_NOT_UNIQUE_ENTITY_CLAIM,물리 확보와 운용권·인증·정비·승무원·산업능력을 분리,HEURISTIC_PROVISIONAL,NONE
NC-CL-S-000054,CLT-GA2-G2-S02,docs/09_collection/ga2-collection-registry-v1.md#G2-S02,GA2,G2-S02,Ship Command Charter,CONTROL_CLAIM|STATE_TRANSITION|LOSS_OBLIGATION,C5,C5|C7,SYNERGY|COMPLETION_LEGACY,EVENT|FUNCTIONAL,108|109|110|111|112|113|114|206|207|208|209|210,2A-2|2D-4,2,SOURCE_THREAD_ID_NOT_UNIQUE_ENTITY_CLAIM,세력·제도는 구성원·대표성·승계와 분리된 독립 의사를 유지; 물리 확보와 운용권·인증·정비·승무원·산업능력을 분리,HEURISTIC_PROVISIONAL,NONE
NC-CL-S-000055,CLT-GA2-G2-S03,docs/09_collection/ga2-collection-registry-v1.md#G2-S03,GA2,G2-S03,Reactor A Transit Certification,STATE_TRANSITION|LOSS_OBLIGATION,C3,C3|C5|C6,SYNERGY|COMPLETION_LEGACY,FUNCTIONAL,115|116|117|118|119|120|121|210,2A-3|2D-4,1,SOURCE_THREAD_ID_NOT_UNIQUE_ENTITY_CLAIM,물리 확보와 운용권·인증·정비·승무원·산업능력을 분리,HEURISTIC_PROVISIONAL,NONE
NC-CL-S-000056,CLT-GA2-G2-S04,docs/09_collection/ga2-collection-registry-v1.md#G2-S04,GA2,G2-S04,Reactor B Restricted Peak Support,STATE_TRANSITION|LOSS_OBLIGATION,C3,C3|C5|C6,DISCOVERY|SYNERGY|COMPLETION_LEGACY,FUNCTIONAL,101|102|103|104|105|106|107|210,2A-1|2D-4,0,SOURCE_THREAD_ID_NOT_UNIQUE_ENTITY_CLAIM,물리 확보와 운용권·인증·정비·승무원·산업능력을 분리,HEURISTIC_PROVISIONAL,NONE
NC-CL-S-000057,CLT-GA2-G2-S05,docs/09_collection/ga2-collection-registry-v1.md#G2-S05,GA2,G2-S05,Common-Coolant Bypass,STATE_TRANSITION|LOSS_OBLIGATION,C3,C3|C5,SYNERGY|COMPLETION_LEGACY,FUNCTIONAL,210,2D-4,0,SOURCE_THREAD_ID_NOT_UNIQUE_ENTITY_CLAIM,물리 확보와 운용권·인증·정비·승무원·산업능력을 분리,HEURISTIC_PROVISIONAL,NONE
NC-CL-S-000058,CLT-GA2-G2-S06,docs/09_collection/ga2-collection-registry-v1.md#G2-S06,GA2,G2-S06,Frame Bay 1 / 07 Cradle,ENTITY|STATE_TRANSITION|LOSS_OBLIGATION,C5,C5|C2,SYNERGY|COMPLETION_LEGACY,FUNCTIONAL|RELATIONSHIP,115|116|117|118|119|120|121|210,2A-3|2D-4,1,SOURCE_THREAD_ID_NOT_UNIQUE_ENTITY_CLAIM,물리 확보와 운용권·인증·정비·승무원·산업능력을 분리,SPECIALIST_CORRECTED,NONE
NC-CL-S-000059,CLT-GA2-G2-S07,docs/09_collection/ga2-collection-registry-v1.md#G2-S07,GA2,G2-S07,Partial Bay 2 / Relay-Service Collar,ENTITY|STATE_TRANSITION|LOSS_OBLIGATION,C3,C3|C5,DISCOVERY|ACQUISITION|SYNERGY|COMPLETION_LEGACY,EVENT|FUNCTIONAL,138|139|140|141|142|143|144|145|146|147|148|149|150|151|152|153|154|155|156|157|158|159|160|210,2B-2|2B-3|2B-4|2D-4,3,SOURCE_THREAD_ID_NOT_UNIQUE_ENTITY_CLAIM,물리 확보와 운용권·인증·정비·승무원·산업능력을 분리,HEURISTIC_PROVISIONAL,NONE
NC-CL-S-000060,CLT-GA2-G2-S08,docs/09_collection/ga2-collection-registry-v1.md#G2-S08,GA2,G2-S08,Workshop Module,ENTITY|STATE_TRANSITION|LOSS_OBLIGATION,C3,C3|C5,SYNERGY|COMPLETION_LEGACY,FUNCTIONAL|RELATIONSHIP,115|116|117|118|119|120|121|210,2A-3|2D-4,1,SOURCE_THREAD_ID_NOT_UNIQUE_ENTITY_CLAIM,물리 확보와 운용권·인증·정비·승무원·산업능력을 분리,HEURISTIC_PROVISIONAL,NONE
NC-CL-S-000061,CLT-GA2-G2-S09,docs/09_collection/ga2-collection-registry-v1.md#G2-S09,GA2,G2-S09,Medical/Refugee Conversion Package,STATE_TRANSITION|LOSS_OBLIGATION,C3,C3|C5,DISCOVERY|SYNERGY|COMPLETION_LEGACY,FUNCTIONAL|RELATIONSHIP,161|162|163|164|165|166|167|168|169|170|171|172|173|174|175|176|177|178|179|180|181|182|183|184|185|210,2C-1|2C-2|2C-3|2C-4|2D-4,4,SOURCE_THREAD_ID_NOT_UNIQUE_ENTITY_CLAIM,물리 확보와 운용권·인증·정비·승무원·산업능력을 분리,HEURISTIC_PROVISIONAL,NONE
NC-CL-S-000062,CLT-GA2-G2-S10,docs/09_collection/ga2-collection-registry-v1.md#G2-S10,GA2,G2-S10,Relay Calibration Package,ENTITY|STATE_TRANSITION|LOSS_OBLIGATION,C3,C3|C5|C6,DISCOVERY|ACQUISITION|SYNERGY|COMPLETION_LEGACY,LINEAGE|FUNCTIONAL|RELATIONSHIP,154|155|156|157|158|159|160|210,2B-4|2D-4,1,SOURCE_THREAD_ID_NOT_UNIQUE_ENTITY_CLAIM,물리 확보와 운용권·인증·정비·승무원·산업능력을 분리,HEURISTIC_PROVISIONAL,NONE
NC-CL-S-000063,CLT-GA2-G2-S11,docs/09_collection/ga2-collection-registry-v1.md#G2-S11,GA2,G2-S11,Multi-Signature Comms and Identity Overlay,STATE_TRANSITION|LOSS_OBLIGATION|NARRATIVE_PROMISE,C5,C5,SYNERGY|COMPLETION_LEGACY,EVENT|FUNCTIONAL|RELATIONSHIP,108|109|110|111|112|113|114|115|116|117|118|119|120|121|210,2A-2|2A-3|2D-4,0,SOURCE_THREAD_ID_NOT_UNIQUE_ENTITY_CLAIM,물리 확보와 운용권·인증·정비·승무원·산업능력을 분리,HEURISTIC_PROVISIONAL,NONE
NC-CL-S-000064,CLT-GA2-G2-S12,docs/09_collection/ga2-collection-registry-v1.md#G2-S12,GA2,G2-S12,Recycler Upgrade or Vela Biological Module,ENTITY|STATE_TRANSITION|LOSS_OBLIGATION,C3,C3|C5,DISCOVERY|SYNERGY|COMPLETION_LEGACY,EVENT|FUNCTIONAL,122|123|124|125|126|127|128|129|130|131|132|133|134|135|136|137|138|139|140|141|142|143|144|145|146|147|148|149|150|151|152|153|154|155|156|157|158|159|160|161|162|163|164|165|166|167|168|169|170|171|172|173|174|175|176|177|178|179|180|181|182|183|184|185|210,2A-4|2B-1|2B-2|2B-3|2B-4|2C-1|2C-2|2C-3|2C-4|2D-4,9,SOURCE_THREAD_ID_NOT_UNIQUE_ENTITY_CLAIM,물리 확보와 운용권·인증·정비·승무원·산업능력을 분리,HEURISTIC_PROVISIONAL,NONE
NC-CL-S-000065,CLT-GA2-G2-S13,docs/09_collection/ga2-collection-registry-v1.md#G2-S13,GA2,G2-S13,Point-Defense Restoration,STATE_TRANSITION|LOSS_OBLIGATION,C3,C3|C5,DISCOVERY|ACQUISITION|SYNERGY|COMPLETION_LEGACY,FUNCTIONAL,210,2D-4,0,SOURCE_THREAD_ID_NOT_UNIQUE_ENTITY_CLAIM,물리 확보와 운용권·인증·정비·승무원·산업능력을 분리,HEURISTIC_PROVISIONAL,NONE
NC-CL-S-000066,CLT-GA2-G2-S14,docs/09_collection/ga2-collection-registry-v1.md#G2-S14,GA2,G2-S14,Crew Drum/Bunks/Habitation Repair,STATE_TRANSITION|LOSS_OBLIGATION,C1,C1|C3|C5|C6,SYNERGY|COMPLETION_LEGACY,FUNCTIONAL|RELATIONSHIP,210,2D-4,0,SOURCE_THREAD_ID_NOT_UNIQUE_ENTITY_CLAIM,인물은 소유물이 아니며 동의·거절·이탈 가능성을 유지; 물리 확보와 운용권·인증·정비·승무원·산업능력을 분리,HEURISTIC_PROVISIONAL,NONE
NC-CL-S-000067,CLT-GA2-G2-G01,docs/09_collection/ga2-collection-registry-v1.md#G2-G01,GA2,G2-G01,NR72-061 Duplicate Transponder,STATE_TRANSITION|LOSS_OBLIGATION,C5,C5,DISCOVERY|ACQUISITION|SYNERGY|COMPLETION_LEGACY,EVENT|FUNCTIONAL,130|131|132|133|134|135|136|137|138|139|140|141|142|143|144|145|210,2A-4|2B-1|2B-2|2D-4,2,SOURCE_THREAD_ID_NOT_UNIQUE_ENTITY_CLAIM,물리 확보와 운용권·인증·정비·승무원·산업능력을 분리,HEURISTIC_PROVISIONAL,NONE
NC-CL-S-000068,CLT-GA2-G2-G02,docs/09_collection/ga2-collection-registry-v1.md#G2-G02,GA2,G2-G02,061 Crew/Wage/Rescue Ledger,ENTITY|RELATIONSHIP|STATE_TRANSITION|LOSS_OBLIGATION,C1,C1|C5,ACQUISITION|SYNERGY|COMPLETION_LEGACY,LINEAGE|EVENT|FUNCTIONAL|RELATIONSHIP,210,2D-4,0,SOURCE_THREAD_ID_NOT_UNIQUE_ENTITY_CLAIM,인물은 소유물이 아니며 동의·거절·이탈 가능성을 유지; 물리 확보와 운용권·인증·정비·승무원·산업능력을 분리,HEURISTIC_PROVISIONAL,NONE
NC-CL-S-000069,CLT-GA2-G2-G03,docs/09_collection/ga2-collection-registry-v1.md#G2-G03,GA2,G2-G03,Genuine Service Collar Core,STATE_TRANSITION|LOSS_OBLIGATION,C5,C5,ACQUISITION|SYNERGY|COMPLETION_LEGACY,FUNCTIONAL,138|139|140|141|142|143|144|145|146|147|148|149|150|151|152|153|154|155|156|157|158|159|160|210,2B-2|2B-3|2B-4|2D-4,3,SOURCE_THREAD_ID_NOT_UNIQUE_ENTITY_CLAIM,물리 확보와 운용권·인증·정비·승무원·산업능력을 분리,HEURISTIC_PROVISIONAL,NONE
NC-CL-S-000070,CLT-GA2-G2-G04,docs/09_collection/ga2-collection-registry-v1.md#G2-G04,GA2,G2-G04,Forged/Reconstructed Legacy Controller,STATE_TRANSITION,C5,C5,DISCOVERY|SYNERGY|COMPLETION_LEGACY,EVENT|FUNCTIONAL,146|210,2B-3|2D-4,1,SOURCE_THREAD_ID_NOT_UNIQUE_ENTITY_CLAIM,물리 확보와 운용권·인증·정비·승무원·산업능력을 분리,HEURISTIC_PROVISIONAL,NONE
NC-CL-S-000071,CLT-GA2-G2-G05,docs/09_collection/ga2-collection-registry-v1.md#G2-G05,GA2,G2-G05,Service Authority D / Relay Maintenance Authority,ENTITY|CONTROL_CLAIM|STATE_TRANSITION|LOSS_OBLIGATION,C5,C5|C7,DISCOVERY|ACQUISITION|SYNERGY|COMPLETION_LEGACY,FUNCTIONAL,154|155|156|157|158|159|160|210,2B-4|2D-4,0,SOURCE_THREAD_ID_NOT_UNIQUE_ENTITY_CLAIM,세력·제도는 구성원·대표성·승계와 분리된 독립 의사를 유지; 물리 확보와 운용권·인증·정비·승무원·산업능력을 분리,HEURISTIC_PROVISIONAL,NONE
NC-CL-S-000072,CLT-GA2-G2-G06,docs/09_collection/ga2-collection-registry-v1.md#G2-G06,GA2,G2-G06,Open-Service Lineage Map,STATE_TRANSITION|LOSS_OBLIGATION|SET,C5,C5,SYNERGY|COMPLETION_LEGACY,LINEAGE|EVENT|FUNCTIONAL|RELATIONSHIP,210,2D-4,0,SOURCE_THREAD_ID_NOT_UNIQUE_ENTITY_CLAIM,물리 확보와 운용권·인증·정비·승무원·산업능력을 분리,HEURISTIC_PROVISIONAL,NONE
NC-CL-S-000073,CLT-GA2-G2-R01,docs/09_collection/ga2-collection-registry-v1.md#G2-R01,GA2,G2-R01,Minimum Transit Certificate,RELATIONSHIP|CONTROL_CLAIM|STATE_TRANSITION|LOSS_OBLIGATION,C6,C6|C7|C8,SYNERGY|COMPLETION_LEGACY,FUNCTIONAL|RELATIONSHIP|CIVILIZATION,115|116|117|118|119|120|121|210,2A-3|2D-4,1,SOURCE_THREAD_ID_NOT_UNIQUE_ENTITY_CLAIM,세력·제도는 구성원·대표성·승계와 분리된 독립 의사를 유지; 장소·노드·문명은 발견/접근과 소유·통치·자치를 동일시하지 않음; 물리 확보와 운용권·인증·정비·승무원·산업능력을 분리,HEURISTIC_PROVISIONAL,NONE
NC-CL-S-000074,CLT-GA2-G2-R02,docs/09_collection/ga2-collection-registry-v1.md#G2-R02,GA2,G2-R02,First Mission/Revenue Contract,RELATIONSHIP|CONTROL_CLAIM|STATE_TRANSITION|LOSS_OBLIGATION,C6,C6|C7|C8,SYNERGY|COMPLETION_LEGACY,EVENT|FUNCTIONAL|RELATIONSHIP|CIVILIZATION,101|102|103|104|105|106|107|108|109|110|111|112|113|114|115|116|117|118|119|120|121|210,2A-1|2A-2|2A-3|2D-4,3,SOURCE_THREAD_ID_NOT_UNIQUE_ENTITY_CLAIM,세력·제도는 구성원·대표성·승계와 분리된 독립 의사를 유지; 장소·노드·문명은 발견/접근과 소유·통치·자치를 동일시하지 않음; 물리 확보와 운용권·인증·정비·승무원·산업능력을 분리,HEURISTIC_PROVISIONAL,NONE
NC-CL-S-000075,CLT-GA2-G2-R03,docs/09_collection/ga2-collection-registry-v1.md#G2-R03,GA2,G2-R03,Ghost Salvage Joint-Claim Agreement,RELATIONSHIP|CONTROL_CLAIM|STATE_TRANSITION|LOSS_OBLIGATION,C7,C7,ACQUISITION|SYNERGY|COMPLETION_LEGACY,RELATIONSHIP,131|132|133|134|135|136|137|138|139|140|141|142|143|144|145|146|147|148|149|150|151|152|153|154|155|156|157|158|159|160|210,2B-1|2B-2|2B-3|2B-4|2D-4,1,SOURCE_THREAD_ID_NOT_UNIQUE_ENTITY_CLAIM,세력·제도는 구성원·대표성·승계와 분리된 독립 의사를 유지,HEURISTIC_PROVISIONAL,NONE
NC-CL-S-000076,CLT-GA2-G2-R04,docs/09_collection/ga2-collection-registry-v1.md#G2-R04,GA2,G2-R04,Community Split Manifest and Consent Record,ENTITY|RELATIONSHIP|CONTROL_CLAIM|STATE_TRANSITION|LOSS_OBLIGATION,C8,C8,SYNERGY|COMPLETION_LEGACY,EVENT|FUNCTIONAL|RELATIONSHIP|CIVILIZATION,161|162|163|164|165|166|167|168|169|170|171|172|173|210,2C-1|2C-2|2D-4,2,SOURCE_THREAD_ID_NOT_UNIQUE_ENTITY_CLAIM,장소·노드·문명은 발견/접근과 소유·통치·자치를 동일시하지 않음,HEURISTIC_PROVISIONAL,NONE
NC-CL-S-000077,CLT-GA2-G2-R05,docs/09_collection/ga2-collection-registry-v1.md#G2-R05,GA2,G2-R05,Route-Federation Minimum Obligations,ENTITY|RELATIONSHIP|CONTROL_CLAIM|STATE_TRANSITION|LOSS_OBLIGATION,C7,C7|C8,SYNERGY|COMPLETION_LEGACY,EVENT|FUNCTIONAL|RELATIONSHIP|CIVILIZATION,180|181|182|183|184|185|210,2C-4|2D-4,1,SOURCE_THREAD_ID_NOT_UNIQUE_ENTITY_CLAIM,세력·제도는 구성원·대표성·승계와 분리된 독립 의사를 유지; 장소·노드·문명은 발견/접근과 소유·통치·자치를 동일시하지 않음,HEURISTIC_PROVISIONAL,NONE
NC-CL-S-000078,CLT-GA2-G2-R06,docs/09_collection/ga2-collection-registry-v1.md#G2-R06,GA2,G2-R06,Emergency Open-Service Specification v0.1,ENTITY|RELATIONSHIP|CONTROL_CLAIM|STATE_TRANSITION|LOSS_OBLIGATION,C6,C6|C7|C8,SYNERGY|COMPLETION_LEGACY,EVENT|FUNCTIONAL|RELATIONSHIP|CIVILIZATION,186|187|188|189|190|191|192|193|194|195|196|197|198|199|210,2D-1|2D-2|2D-4,2,SOURCE_THREAD_ID_NOT_UNIQUE_ENTITY_CLAIM,세력·제도는 구성원·대표성·승계와 분리된 독립 의사를 유지; 장소·노드·문명은 발견/접근과 소유·통치·자치를 동일시하지 않음; 물리 확보와 운용권·인증·정비·승무원·산업능력을 분리,HEURISTIC_PROVISIONAL,NONE
NC-CL-S-000079,CLT-GA2-G2-R07,docs/09_collection/ga2-collection-registry-v1.md#G2-R07,GA2,G2-R07,Multi-Certifier Standards Council,ENTITY|RELATIONSHIP|CONTROL_CLAIM|STATE_TRANSITION|LOSS_OBLIGATION,C7,C7,SYNERGY|COMPLETION_LEGACY,FUNCTIONAL|RELATIONSHIP|CIVILIZATION,193|194|195|196|197|198|199|210,2D-2|2D-4,1,SOURCE_THREAD_ID_NOT_UNIQUE_ENTITY_CLAIM,세력·제도는 구성원·대표성·승계와 분리된 독립 의사를 유지,HEURISTIC_PROVISIONAL,NONE
NC-CL-S-000080,CLT-GA2-G2-R08,docs/09_collection/ga2-collection-registry-v1.md#G2-R08,GA2,G2-R08,Silex Limited Access and Repair Trust,RELATIONSHIP|CONTROL_CLAIM|STATE_TRANSITION|LOSS_OBLIGATION,C6,C6|C8,ACQUISITION|SYNERGY|COMPLETION_LEGACY,FUNCTIONAL|RELATIONSHIP|CIVILIZATION,200|201|202|203|204|205|210,2D-3|2D-4,2,SOURCE_THREAD_ID_NOT_UNIQUE_ENTITY_CLAIM,장소·노드·문명은 발견/접근과 소유·통치·자치를 동일시하지 않음; 물리 확보와 운용권·인증·정비·승무원·산업능력을 분리,HEURISTIC_PROVISIONAL,NONE
NC-CL-S-000081,CLT-GA2-G2-R09,docs/09_collection/ga2-collection-registry-v1.md#G2-R09,GA2,G2-R09,Ardis Service/Defense Invitation,RELATIONSHIP|CONTROL_CLAIM|STATE_TRANSITION|LOSS_OBLIGATION,C6,C6|C7|C8,SYNERGY|COMPLETION_LEGACY,FUNCTIONAL|RELATIONSHIP|CIVILIZATION,206|207|208|209|210,2D-4,0,SOURCE_THREAD_ID_NOT_UNIQUE_ENTITY_CLAIM,세력·제도는 구성원·대표성·승계와 분리된 독립 의사를 유지; 장소·노드·문명은 발견/접근과 소유·통치·자치를 동일시하지 않음; 물리 확보와 운용권·인증·정비·승무원·산업능력을 분리,HEURISTIC_PROVISIONAL,NONE
NC-CL-S-000082,CLT-GA2-G2-R10,docs/09_collection/ga2-collection-registry-v1.md#G2-R10,GA2,G2-R10,Regional Embargo and Liability Dossier,RELATIONSHIP|CONTROL_CLAIM|STATE_TRANSITION|LOSS_OBLIGATION,C6,C6|C7|C8,ACQUISITION|SYNERGY|COMPLETION_LEGACY,FUNCTIONAL|RELATIONSHIP|CIVILIZATION,210,2D-4,0,SOURCE_THREAD_ID_NOT_UNIQUE_ENTITY_CLAIM,세력·제도는 구성원·대표성·승계와 분리된 독립 의사를 유지; 장소·노드·문명은 발견/접근과 소유·통치·자치를 동일시하지 않음; 물리 확보와 운용권·인증·정비·승무원·산업능력을 분리,HEURISTIC_PROVISIONAL,NONE
NC-CL-S-000083,CLT-GA2-G2-I01,docs/09_collection/ga2-collection-registry-v1.md#G2-I01,GA2,G2-I01,First Ship Crew and Mission Trust,ENTITY|RELATIONSHIP|STATE_TRANSITION|LOSS_OBLIGATION,C1,C1|C4|C5|C7,SYNERGY,FUNCTIONAL|RELATIONSHIP,101|102|103|104|105|106|107|108|109|110|111|112|113|114|115|116|117|118|119|120|121|122|123|124|125|126|127|128|129|130|210,2A-1|2A-2|2A-3|2A-4|2D-4,4,SOURCE_THREAD_ID_NOT_UNIQUE_ENTITY_CLAIM,인물은 소유물이 아니며 동의·거절·이탈 가능성을 유지; 세력·제도는 구성원·대표성·승계와 분리된 독립 의사를 유지; 물리 확보와 운용권·인증·정비·승무원·산업능력을 분리,HEURISTIC_PROVISIONAL,NONE
NC-CL-S-000084,CLT-GA2-G2-I02,docs/09_collection/ga2-collection-registry-v1.md#G2-I02,GA2,G2-I02,Distributed Home / Route Federation Seed,ENTITY|STATE_TRANSITION|LOSS_OBLIGATION,C4,C4|C7|C8,SYNERGY,FUNCTIONAL|CIVILIZATION,161|162|163|164|165|166|167|168|169|170|171|172|173|174|175|176|177|178|179|180|181|182|183|184|185|210,2C-1|2C-2|2C-3|2C-4|2D-4,4,SOURCE_THREAD_ID_NOT_UNIQUE_ENTITY_CLAIM,세력·제도는 구성원·대표성·승계와 분리된 독립 의사를 유지; 장소·노드·문명은 발견/접근과 소유·통치·자치를 동일시하지 않음,HEURISTIC_PROVISIONAL,NONE
NC-CL-S-000085,CLT-GA2-G2-I03,docs/09_collection/ga2-collection-registry-v1.md#G2-I03,GA2,G2-I03,Open-Service Worker Network,ENTITY|STATE_TRANSITION|LOSS_OBLIGATION,C1,C1|C6,SYNERGY,FUNCTIONAL|RELATIONSHIP|CIVILIZATION,210,2D-4,0,SOURCE_THREAD_ID_NOT_UNIQUE_ENTITY_CLAIM,인물은 소유물이 아니며 동의·거절·이탈 가능성을 유지; 물리 확보와 운용권·인증·정비·승무원·산업능력을 분리,HEURISTIC_PROVISIONAL,NONE
NC-CL-S-000086,CLT-GA2-G2-I04,docs/09_collection/ga2-collection-registry-v1.md#G2-I04,GA2,G2-I04,“Ghost Ship” Public Story,ENTITY|STATE_TRANSITION|LOSS_OBLIGATION|NARRATIVE_PROMISE,C4,C4|C5,DISCOVERY,EVENT|FUNCTIONAL,210,2D-4,0,SOURCE_THREAD_ID_NOT_UNIQUE_ENTITY_CLAIM,물리 확보와 운용권·인증·정비·승무원·산업능력을 분리,HEURISTIC_PROVISIONAL,NONE
NC-CL-S-000087,CLT-GA2-G2-I05,docs/09_collection/ga2-collection-registry-v1.md#G2-I05,GA2,G2-I05,Regional Standard War Precedent,ENTITY|CONTROL_CLAIM|STATE_TRANSITION|LOSS_OBLIGATION|NARRATIVE_PROMISE,C4,C4|C6|C7,SYNERGY,EVENT|FUNCTIONAL|CIVILIZATION,210,2D-4,0,SOURCE_THREAD_ID_NOT_UNIQUE_ENTITY_CLAIM,세력·제도는 구성원·대표성·승계와 분리된 독립 의사를 유지; 물리 확보와 운용권·인증·정비·승무원·산업능력을 분리,HEURISTIC_PROVISIONAL,NONE
NC-CL-S-000088,CLT-GA3-G3-P01,docs/09_collection/ga3-collection-registry-v1.md#G3-P01,GA3,G3-P01,AR-CIV-001 / Civic Continuity Leader,ENTITY|RELATIONSHIP|STATE_TRANSITION|LOSS_OBLIGATION,C1,C1,ACQUISITION|SYNERGY|COMPLETION_LEGACY,RELATIONSHIP,330,3D-4,0,SOURCE_THREAD_ID_NOT_UNIQUE_ENTITY_CLAIM,인물은 소유물이 아니며 동의·거절·이탈 가능성을 유지,HEURISTIC_PROVISIONAL,NONE
NC-CL-S-000089,CLT-GA3-G3-P02,docs/09_collection/ga3-collection-registry-v1.md#G3-P02,GA3,G3-P02,AR-WRK-001 / Foundry Compact Leader,ENTITY|RELATIONSHIP|STATE_TRANSITION|LOSS_OBLIGATION,C1,C1|C7,ACQUISITION|SYNERGY,FUNCTIONAL|RELATIONSHIP,330,3D-4,1,SOURCE_THREAD_ID_NOT_UNIQUE_ENTITY_CLAIM,인물은 소유물이 아니며 동의·거절·이탈 가능성을 유지; 세력·제도는 구성원·대표성·승계와 분리된 독립 의사를 유지,HEURISTIC_PROVISIONAL,NONE
NC-CL-S-000090,CLT-GA3-G3-P03,docs/09_collection/ga3-collection-registry-v1.md#G3-P03,GA3,G3-P03,AR-NOD-001 / Node Custodian Leader,ENTITY|RELATIONSHIP|STATE_TRANSITION|LOSS_OBLIGATION,C1,C1|C8,ACQUISITION|SYNERGY,FUNCTIONAL|RELATIONSHIP|CIVILIZATION,330,3D-4,0,SOURCE_THREAD_ID_NOT_UNIQUE_ENTITY_CLAIM,인물은 소유물이 아니며 동의·거절·이탈 가능성을 유지; 장소·노드·문명은 발견/접근과 소유·통치·자치를 동일시하지 않음,HEURISTIC_PROVISIONAL,NONE
NC-CL-S-000091,CLT-GA3-G3-P04,docs/09_collection/ga3-collection-registry-v1.md#G3-P04,GA3,G3-P04,AR-TRN-001 / Transit Assembly Delegate,ENTITY|RELATIONSHIP|STATE_TRANSITION|LOSS_OBLIGATION,C1,C1|C7,ACQUISITION|SYNERGY,RELATIONSHIP,330,3D-4,0,SOURCE_THREAD_ID_NOT_UNIQUE_ENTITY_CLAIM,인물은 소유물이 아니며 동의·거절·이탈 가능성을 유지; 세력·제도는 구성원·대표성·승계와 분리된 독립 의사를 유지,HEURISTIC_PROVISIONAL,NONE
NC-CL-S-000092,CLT-GA3-G3-P05,docs/09_collection/ga3-collection-registry-v1.md#G3-P05,GA3,G3-P05,AR-FED-001 / Federalist Leader,ENTITY|RELATIONSHIP|STATE_TRANSITION|LOSS_OBLIGATION,C1,C1,ACQUISITION|SYNERGY,RELATIONSHIP|CIVILIZATION,330,3D-4,0,SOURCE_THREAD_ID_NOT_UNIQUE_ENTITY_CLAIM,인물은 소유물이 아니며 동의·거절·이탈 가능성을 유지,HEURISTIC_PROVISIONAL,NONE
NC-CL-S-000093,CLT-GA3-G3-P06,docs/09_collection/ga3-collection-registry-v1.md#G3-P06,GA3,G3-P06,AR-HEL-001 / Helix Recovery Director,STATE_TRANSITION|LOSS_OBLIGATION,C1,C1,ACQUISITION|SYNERGY,FUNCTIONAL|RELATIONSHIP,330,3D-4,0,SOURCE_THREAD_ID_NOT_UNIQUE_ENTITY_CLAIM,인물은 소유물이 아니며 동의·거절·이탈 가능성을 유지,HEURISTIC_PROVISIONAL,NONE
NC-CL-S-000094,CLT-GA3-G3-P07,docs/09_collection/ga3-collection-registry-v1.md#G3-P07,GA3,G3-P07,AR-DEF-001 / Local Defense Commander,ENTITY|STATE_TRANSITION|LOSS_OBLIGATION,C1,C1,ACQUISITION|SYNERGY,RELATIONSHIP,330,3D-4,0,SOURCE_THREAD_ID_NOT_UNIQUE_ENTITY_CLAIM,인물은 소유물이 아니며 동의·거절·이탈 가능성을 유지,HEURISTIC_PROVISIONAL,NONE
NC-CL-S-000095,CLT-GA3-G3-P08,docs/09_collection/ga3-collection-registry-v1.md#G3-P08,GA3,G3-P08,Garden/Care Service Network,ENTITY|STATE_TRANSITION|LOSS_OBLIGATION,C1,C1|C6,DISCOVERY|SYNERGY,FUNCTIONAL|RELATIONSHIP,330,3D-4,0,SOURCE_THREAD_ID_NOT_UNIQUE_ENTITY_CLAIM,인물은 소유물이 아니며 동의·거절·이탈 가능성을 유지; 물리 확보와 운용권·인증·정비·승무원·산업능력을 분리,HEURISTIC_PROVISIONAL,NONE
NC-CL-S-000096,CLT-GA3-G3-P09,docs/09_collection/ga3-collection-registry-v1.md#G3-P09,GA3,G3-P09,Local Utility-Frame/Operator Teams,ENTITY|STATE_TRANSITION|LOSS_OBLIGATION,C1,C1|C2,ACQUISITION|SYNERGY,EVENT|FUNCTIONAL|RELATIONSHIP,330,3D-4,0,SOURCE_THREAD_ID_NOT_UNIQUE_ENTITY_CLAIM,인물은 소유물이 아니며 동의·거절·이탈 가능성을 유지; 물리 확보와 운용권·인증·정비·승무원·산업능력을 분리,SPECIALIST_CORRECTED,NONE
NC-CL-S-000097,CLT-GA3-G3-P10,docs/09_collection/ga3-collection-registry-v1.md#G3-P10,GA3,G3-P10,Ardis-Linked Community/Destination Group,ENTITY|RELATIONSHIP|STATE_TRANSITION|LOSS_OBLIGATION,C1,C1|C8,ACQUISITION|SYNERGY,RELATIONSHIP|CIVILIZATION,330,3D-4,0,SOURCE_THREAD_ID_NOT_UNIQUE_ENTITY_CLAIM,인물은 소유물이 아니며 동의·거절·이탈 가능성을 유지; 장소·노드·문명은 발견/접근과 소유·통치·자치를 동일시하지 않음,HEURISTIC_PROVISIONAL,NONE
NC-CL-S-000098,CLT-GA3-G3-N01,docs/09_collection/ga3-collection-registry-v1.md#G3-N01,GA3,G3-N01,Public Ardis Failure Map,STATE_TRANSITION|LOSS_OBLIGATION,C8,C8,ACQUISITION|SYNERGY|COMPLETION_LEGACY,EVENT|FUNCTIONAL|CIVILIZATION,225|226|227|228|229|230|231|232|330,3A-3|3D-4,1,SOURCE_THREAD_ID_NOT_UNIQUE_ENTITY_CLAIM,장소·노드·문명은 발견/접근과 소유·통치·자치를 동일시하지 않음,HEURISTIC_PROVISIONAL,NONE
NC-CL-S-000099,CLT-GA3-G3-N02,docs/09_collection/ga3-collection-registry-v1.md#G3-N02,GA3,G3-N02,Spine A Stable Core Access,CONTROL_CLAIM|STATE_TRANSITION|LOSS_OBLIGATION,C8,C8,ACQUISITION|SYNERGY|COMPLETION_LEGACY,RELATIONSHIP|CIVILIZATION,330,3D-4,0,SOURCE_THREAD_ID_NOT_UNIQUE_ENTITY_CLAIM,장소·노드·문명은 발견/접근과 소유·통치·자치를 동일시하지 않음,HEURISTIC_PROVISIONAL,NONE
NC-CL-S-000100,CLT-GA3-G3-N03,docs/09_collection/ga3-collection-registry-v1.md#G3-N03,GA3,G3-N03,Spine B Open-Service Restoration,STATE_TRANSITION|LOSS_OBLIGATION,C8,C8|C6,SYNERGY|COMPLETION_LEGACY,FUNCTIONAL|RELATIONSHIP|CIVILIZATION,255|256|257|258|259|260|261|262|263|330,3B-3|3D-4,1,SOURCE_THREAD_ID_NOT_UNIQUE_ENTITY_CLAIM,장소·노드·문명은 발견/접근과 소유·통치·자치를 동일시하지 않음; 물리 확보와 운용권·인증·정비·승무원·산업능력을 분리,SPECIALIST_CORRECTED,NONE
NC-CL-S-000101,CLT-GA3-G3-N04,docs/09_collection/ga3-collection-registry-v1.md#G3-N04,GA3,G3-N04,Spine C Emergency/Legacy Recovery,STATE_TRANSITION|LOSS_OBLIGATION,C8,C8,DISCOVERY|ACQUISITION|SYNERGY|COMPLETION_LEGACY,CIVILIZATION,225|226|227|228|229|230|231|232|285|286|287|288|289|290|291|292|330,3A-3|3C-3|3D-4,2,SOURCE_THREAD_ID_NOT_UNIQUE_ENTITY_CLAIM,장소·노드·문명은 발견/접근과 소유·통치·자치를 동일시하지 않음,HEURISTIC_PROVISIONAL,NONE
NC-CL-S-000102,CLT-GA3-G3-N05,docs/09_collection/ga3-collection-registry-v1.md#G3-N05,GA3,G3-N05,Service Authority E / Local Node Custody,ENTITY|CONTROL_CLAIM|STATE_TRANSITION|LOSS_OBLIGATION,C7,C7|C8,ACQUISITION|SYNERGY|COMPLETION_LEGACY,RELATIONSHIP|CIVILIZATION,285|286|287|288|289|290|291|292|330,3C-3|3D-4,1,SOURCE_THREAD_ID_NOT_UNIQUE_ENTITY_CLAIM,세력·제도는 구성원·대표성·승계와 분리된 독립 의사를 유지; 장소·노드·문명은 발견/접근과 소유·통치·자치를 동일시하지 않음,HEURISTIC_PROVISIONAL,NONE
NC-CL-S-000103,CLT-GA3-G3-N06,docs/09_collection/ga3-collection-registry-v1.md#G3-N06,GA3,G3-N06,Thermal Reserve Allocation System,STATE_TRANSITION|LOSS_OBLIGATION,C6,C6|C8,SYNERGY|COMPLETION_LEGACY,EVENT|FUNCTIONAL|CIVILIZATION,218|219|220|221|222|223|224|225|226|227|228|229|230|231|232|233|234|235|236|237|238|239|240|255|330,3A-2|3A-3|3A-4|3B-3|3D-4,4,SOURCE_THREAD_ID_NOT_UNIQUE_ENTITY_CLAIM,장소·노드·문명은 발견/접근과 소유·통치·자치를 동일시하지 않음; 물리 확보와 운용권·인증·정비·승무원·산업능력을 분리,HEURISTIC_PROVISIONAL,NONE
NC-CL-S-000104,CLT-GA3-G3-N07,docs/09_collection/ga3-collection-registry-v1.md#G3-N07,GA3,G3-N07,Multi-Signature Authentication Bridge,CONTROL_CLAIM|STATE_TRANSITION|LOSS_OBLIGATION|NARRATIVE_PROMISE,C6,C6|C8,SYNERGY|COMPLETION_LEGACY,FUNCTIONAL|CIVILIZATION,330,3D-4,0,SOURCE_THREAD_ID_NOT_UNIQUE_ENTITY_CLAIM,장소·노드·문명은 발견/접근과 소유·통치·자치를 동일시하지 않음; 물리 확보와 운용권·인증·정비·승무원·산업능력을 분리,HEURISTIC_PROVISIONAL,NONE
NC-CL-S-000105,CLT-GA3-G3-N08,docs/09_collection/ga3-collection-registry-v1.md#G3-N08,GA3,G3-N08,Distributed Denial/Scuttle Authority,CONTROL_CLAIM|STATE_TRANSITION|LOSS_OBLIGATION,C7,C7|C8,DISCOVERY|SYNERGY|COMPLETION_LEGACY,RELATIONSHIP|CIVILIZATION,285|286|287|288|289|290|291|292|330,3C-3|3D-4,1,SOURCE_THREAD_ID_NOT_UNIQUE_ENTITY_CLAIM,세력·제도는 구성원·대표성·승계와 분리된 독립 의사를 유지; 장소·노드·문명은 발견/접근과 소유·통치·자치를 동일시하지 않음,HEURISTIC_PROVISIONAL,NONE
NC-CL-S-000106,CLT-GA3-G3-N09,docs/09_collection/ga3-collection-registry-v1.md#G3-N09,GA3,G3-N09,Limited A+B+C Joint Reference Window,STATE_TRANSITION|LOSS_OBLIGATION,C8,C8,SYNERGY|COMPLETION_LEGACY,FUNCTIONAL|CIVILIZATION,315|316|317|318|319|320|321|322|323|330,3D-3|3D-4,1,SOURCE_THREAD_ID_NOT_UNIQUE_ENTITY_CLAIM,장소·노드·문명은 발견/접근과 소유·통치·자치를 동일시하지 않음,HEURISTIC_PROVISIONAL,NONE
NC-CL-S-000107,CLT-GA3-G3-N10,docs/09_collection/ga3-collection-registry-v1.md#G3-N10,GA3,G3-N10,L2 Candidate Path,STATE_TRANSITION|LOSS_OBLIGATION,C8,C8,DISCOVERY|SYNERGY|COMPLETION_LEGACY,CIVILIZATION,324|325|326|327|328|329|330,3D-4,0,SOURCE_THREAD_ID_NOT_UNIQUE_ENTITY_CLAIM,장소·노드·문명은 발견/접근과 소유·통치·자치를 동일시하지 않음,HEURISTIC_PROVISIONAL,NONE
NC-CL-S-000108,CLT-GA3-G3-R01,docs/09_collection/ga3-collection-registry-v1.md#G3-R01,GA3,G3-R01,72-Hour Emergency Service Permit,CONTROL_CLAIM|STATE_TRANSITION|LOSS_OBLIGATION,C7,C7,SYNERGY|COMPLETION_LEGACY,EVENT,211|212|213|214|215|216|217,3A-1,1,SOURCE_THREAD_ID_NOT_UNIQUE_ENTITY_CLAIM,세력·제도는 구성원·대표성·승계와 분리된 독립 의사를 유지,HEURISTIC_PROVISIONAL,NONE
NC-CL-S-000109,CLT-GA3-G3-R02,docs/09_collection/ga3-collection-registry-v1.md#G3-R02,GA3,G3-R02,Citywide Data-Sharing and Clock Report,STATE_TRANSITION|LOSS_OBLIGATION,C7,C7,SYNERGY|COMPLETION_LEGACY,CIVILIZATION,218|219|220|221|222|223|224|225|226|227|228|229|230|231|232|330,3A-2|3A-3|3D-4,2,SOURCE_THREAD_ID_NOT_UNIQUE_ENTITY_CLAIM,세력·제도는 구성원·대표성·승계와 분리된 독립 의사를 유지,HEURISTIC_PROVISIONAL,NONE
NC-CL-S-000110,CLT-GA3-G3-R03,docs/09_collection/ga3-collection-registry-v1.md#G3-R03,GA3,G3-R03,30-Day Minimum-Service Pact,CONTROL_CLAIM|STATE_TRANSITION|LOSS_OBLIGATION,C7,C7,SYNERGY|COMPLETION_LEGACY,RELATIONSHIP,233|234|235|236|237|238|239|240|330,3A-4|3D-4,1,SOURCE_THREAD_ID_NOT_UNIQUE_ENTITY_CLAIM,세력·제도는 구성원·대표성·승계와 분리된 독립 의사를 유지,HEURISTIC_PROVISIONAL,NONE
NC-CL-S-000111,CLT-GA3-G3-R04,docs/09_collection/ga3-collection-registry-v1.md#G3-R04,GA3,G3-R04,Foundry Essential-Production Protocol,CONTROL_CLAIM|STATE_TRANSITION|LOSS_OBLIGATION,C6,C6|C7,ACQUISITION|SYNERGY|COMPLETION_LEGACY,FUNCTIONAL|RELATIONSHIP,241|242|243|244|245|246|247|330,3B-1|3D-4,1,SOURCE_THREAD_ID_NOT_UNIQUE_ENTITY_CLAIM,세력·제도는 구성원·대표성·승계와 분리된 독립 의사를 유지; 물리 확보와 운용권·인증·정비·승무원·산업능력을 분리,HEURISTIC_PROVISIONAL,NONE
NC-CL-S-000112,CLT-GA3-G3-R05,docs/09_collection/ga3-collection-registry-v1.md#G3-R05,GA3,G3-R05,Provisional Service Residency,STATE_TRANSITION|LOSS_OBLIGATION,C7,C7,ACQUISITION|SYNERGY|COMPLETION_LEGACY,FUNCTIONAL,248|249|250|251|252|253|254|330,3B-2|3D-4,1,SOURCE_THREAD_ID_NOT_UNIQUE_ENTITY_CLAIM,세력·제도는 구성원·대표성·승계와 분리된 독립 의사를 유지,HEURISTIC_PROVISIONAL,NONE
NC-CL-S-000113,CLT-GA3-G3-R06,docs/09_collection/ga3-collection-registry-v1.md#G3-R06,GA3,G3-R06,Three-Body Representation Board,STATE_TRANSITION|LOSS_OBLIGATION,C7,C7,SYNERGY|COMPLETION_LEGACY,RELATIONSHIP,264|265|266|267|268|269|270|330,3B-4|3D-4,1,SOURCE_THREAD_ID_NOT_UNIQUE_ENTITY_CLAIM,세력·제도는 구성원·대표성·승계와 분리된 독립 의사를 유지,HEURISTIC_PROVISIONAL,NONE
NC-CL-S-000114,CLT-GA3-G3-R07,docs/09_collection/ga3-collection-registry-v1.md#G3-R07,GA3,G3-R07,Segmented Civilian Defense Charter,CONTROL_CLAIM|STATE_TRANSITION|LOSS_OBLIGATION,C7,C7,SYNERGY|COMPLETION_LEGACY,EVENT,271|272|273|274|275|276|277|330,3C-1|3D-4,2,SOURCE_THREAD_ID_NOT_UNIQUE_ENTITY_CLAIM,세력·제도는 구성원·대표성·승계와 분리된 독립 의사를 유지,HEURISTIC_PROVISIONAL,NONE
NC-CL-S-000115,CLT-GA3-G3-R08,docs/09_collection/ga3-collection-registry-v1.md#G3-R08,GA3,G3-R08,Helix Emergency Supply/Facility Agreement,CONTROL_CLAIM|STATE_TRANSITION|LOSS_OBLIGATION,C7,C7,ACQUISITION|SYNERGY|COMPLETION_LEGACY,EVENT,278|279|280|281|282|283|284|330,3C-2|3D-4,1,SOURCE_THREAD_ID_NOT_UNIQUE_ENTITY_CLAIM,세력·제도는 구성원·대표성·승계와 분리된 독립 의사를 유지,HEURISTIC_PROVISIONAL,NONE
NC-CL-S-000116,CLT-GA3-G3-R09,docs/09_collection/ga3-collection-registry-v1.md#G3-R09,GA3,G3-R09,Narrow Imperial Coordination Accord,STATE_TRANSITION|LOSS_OBLIGATION,C7,C7,SYNERGY|COMPLETION_LEGACY,EVENT,293|294|295|296|297|298|299|300|330,3C-4|3D-4,1,SOURCE_THREAD_ID_NOT_UNIQUE_ENTITY_CLAIM,세력·제도는 구성원·대표성·승계와 분리된 독립 의사를 유지,HEURISTIC_PROVISIONAL,NONE
NC-CL-S-000117,CLT-GA3-G3-R10,docs/09_collection/ga3-collection-registry-v1.md#G3-R10,GA3,G3-R10,Delegated Standing Rules,STATE_TRANSITION|LOSS_OBLIGATION,C7,C7,SYNERGY|COMPLETION_LEGACY,EVENT,308|309|310|311|312|313|314|330,3D-2|3D-4,1,SOURCE_THREAD_ID_NOT_UNIQUE_ENTITY_CLAIM,세력·제도는 구성원·대표성·승계와 분리된 독립 의사를 유지,HEURISTIC_PROVISIONAL,NONE
NC-CL-S-000118,CLT-GA3-G3-R11,docs/09_collection/ga3-collection-registry-v1.md#G3-R11,GA3,G3-R11,Ardis Node Joint Trust Charter,ENTITY|RELATIONSHIP|CONTROL_CLAIM|STATE_TRANSITION|LOSS_OBLIGATION,C7,C7|C8,SYNERGY|COMPLETION_LEGACY,EVENT|FUNCTIONAL|RELATIONSHIP|CIVILIZATION,324|325|326|327|328|329|330,3D-4,1,SOURCE_THREAD_ID_NOT_UNIQUE_ENTITY_CLAIM,세력·제도는 구성원·대표성·승계와 분리된 독립 의사를 유지; 장소·노드·문명은 발견/접근과 소유·통치·자치를 동일시하지 않음,HEURISTIC_PROVISIONAL,NONE
NC-CL-S-000119,CLT-GA3-G3-R12,docs/09_collection/ga3-collection-registry-v1.md#G3-R12,GA3,G3-R12,Local Succession/Operator Training Program,CONTROL_CLAIM|STATE_TRANSITION|LOSS_OBLIGATION,C7,C7,SYNERGY|COMPLETION_LEGACY,EVENT,285|286|287|288|289|290|291|292|293|294|295|296|297|298|299|300|301|302|303|304|305|306|307|308|309|310|311|312|313|314|315|316|317|318|319|320|321|322|323|324|325|326|327|328|329|330,3C-3|3C-4|3D-1|3D-2|3D-3|3D-4,6,SOURCE_THREAD_ID_NOT_UNIQUE_ENTITY_CLAIM,세력·제도는 구성원·대표성·승계와 분리된 독립 의사를 유지,HEURISTIC_PROVISIONAL,NONE
NC-CL-S-000120,CLT-GA3-G3-D01,docs/09_collection/ga3-collection-registry-v1.md#G3-D01,GA3,G3-D01,Public Defense Readiness Map,STATE_TRANSITION|LOSS_OBLIGATION,C7,C7,SYNERGY|COMPLETION_LEGACY,EVENT,271|272|273|274|275|276|277|330,3C-1|3D-4,1,SOURCE_THREAD_ID_NOT_UNIQUE_ENTITY_CLAIM,세력·제도는 구성원·대표성·승계와 분리된 독립 의사를 유지,HEURISTIC_PROVISIONAL,NONE
NC-CL-S-000121,CLT-GA3-G3-D02,docs/09_collection/ga3-collection-registry-v1.md#G3-D02,GA3,G3-D02,Local Utility-Frame Defense Network,ENTITY|STATE_TRANSITION|LOSS_OBLIGATION,C6,C6|C2,SYNERGY|COMPLETION_LEGACY,EVENT|FUNCTIONAL,330,3D-4,0,SOURCE_THREAD_ID_NOT_UNIQUE_ENTITY_CLAIM,물리 확보와 운용권·인증·정비·승무원·산업능력을 분리,SPECIALIST_CORRECTED,NONE
NC-CL-S-000122,CLT-GA3-G3-D03,docs/09_collection/ga3-collection-registry-v1.md#G3-D03,GA3,G3-D03,Combined Approach/Convoy Plan,ENTITY|STATE_TRANSITION|LOSS_OBLIGATION,C5,C5,SYNERGY|COMPLETION_LEGACY,FUNCTIONAL,293|294|295|296|297|298|299|300|301|302|303|304|305|306|307|330,3C-4|3D-1|3D-4,2,SOURCE_THREAD_ID_NOT_UNIQUE_ENTITY_CLAIM,물리 확보와 운용권·인증·정비·승무원·산업능력을 분리,HEURISTIC_PROVISIONAL,NONE
NC-CL-S-000123,CLT-GA3-G3-D04,docs/09_collection/ga3-collection-registry-v1.md#G3-D04,GA3,G3-D04,Foundry Open-Production Cell,STATE_TRANSITION|LOSS_OBLIGATION,C6,C6|C2,SYNERGY|COMPLETION_LEGACY,LINEAGE|FUNCTIONAL|RELATIONSHIP|CIVILIZATION,241|242|243|244|245|246|247|248|249|250|251|252|253|254|255|256|257|258|259|260|261|262|263|264|265|266|267|268|269|270|330,3B-1|3B-2|3B-3|3B-4|3D-4,4,SOURCE_THREAD_ID_NOT_UNIQUE_ENTITY_CLAIM,물리 확보와 운용권·인증·정비·승무원·산업능력을 분리,SPECIALIST_CORRECTED,NONE
NC-CL-S-000124,CLT-GA3-G3-D05,docs/09_collection/ga3-collection-registry-v1.md#G3-D05,GA3,G3-D05,Fixed Defense Segmentation,STATE_TRANSITION|LOSS_OBLIGATION,C8,C8,SYNERGY|COMPLETION_LEGACY,CIVILIZATION,271|272|273|274|275|276|277|278|279|280|281|282|283|284|285|286|287|288|289|290|291|292|293|294|295|296|297|298|299|300|301|302|303|304|305|306|307|308|309|310|311|312|313|314|315|316|317|318|319|320|321|322|323|330,3C-1|3C-2|3C-3|3C-4|3D-1|3D-2|3D-3|3D-4,6,SOURCE_THREAD_ID_NOT_UNIQUE_ENTITY_CLAIM,장소·노드·문명은 발견/접근과 소유·통치·자치를 동일시하지 않음,HEURISTIC_PROVISIONAL,NONE
NC-CL-S-000125,CLT-GA3-G3-D06,docs/09_collection/ga3-collection-registry-v1.md#G3-D06,GA3,G3-D06,Major Loss Record,CONTROL_CLAIM|STATE_TRANSITION,C3,C3,SYNERGY|COMPLETION_LEGACY,EVENT|FUNCTIONAL,308|309|310|311|312|313|314|330,3D-2|3D-4,1,SOURCE_THREAD_ID_NOT_UNIQUE_ENTITY_CLAIM,물리 확보와 운용권·인증·정비·승무원·산업능력을 분리,HEURISTIC_PROVISIONAL,NONE
NC-CL-S-000126,CLT-GA3-G3-M01,docs/09_collection/ga3-collection-registry-v1.md#G3-M01,GA3,G3-M01,Original Ardis Accident Record Fragments,CONTROL_CLAIM|STATE_TRANSITION|LOSS_OBLIGATION|NARRATIVE_PROMISE,C4,C4,DISCOVERY|SYNERGY|COMPLETION_LEGACY,LINEAGE|EVENT,225|226|227|228|229|230|231|232|233|234|235|236|237|238|239|240|241|242|243|244|245|246|247|248|249|250|251|252|253|254|255|256|257|258|259|260|261|262|263|264|265|266|267|268|269|270|271|272|273|274|275|276|277|278|279|280|281|282|283|284|285|286|287|288|289|290|291|292|330,3A-3|3A-4|3B-1|3B-2|3B-3|3B-4|3C-1|3C-2|3C-3|3D-4,9,SOURCE_THREAD_ID_NOT_UNIQUE_ENTITY_CLAIM,기존 Collection Bible의 비소유/비자동호환 규칙 유지,HEURISTIC_PROVISIONAL,NONE
NC-CL-S-000127,CLT-GA3-G3-M02,docs/09_collection/ga3-collection-registry-v1.md#G3-M02,GA3,G3-M02,Historically Impossible Ardis Restoration,STATE_TRANSITION|NARRATIVE_PROMISE,C4,C4,DISCOVERY|SYNERGY|COMPLETION_LEGACY,LINEAGE|EVENT|RELATIONSHIP|CIVILIZATION,330,3D-4,0,SOURCE_THREAD_ID_NOT_UNIQUE_ENTITY_CLAIM,기존 Collection Bible의 비소유/비자동호환 규칙 유지,HEURISTIC_PROVISIONAL,NONE
NC-CL-S-000128,CLT-GA3-G3-M03,docs/09_collection/ga3-collection-registry-v1.md#G3-M03,GA3,G3-M03,Multiple Valid Imperial Succession Protocols,CONTROL_CLAIM|STATE_TRANSITION|LOSS_OBLIGATION|NARRATIVE_PROMISE,C4,C4|C7,DISCOVERY|SYNERGY|COMPLETION_LEGACY,FUNCTIONAL,324|325|326|327|328|329|330,3D-4,1,SOURCE_THREAD_ID_NOT_UNIQUE_ENTITY_CLAIM,세력·제도는 구성원·대표성·승계와 분리된 독립 의사를 유지,HEURISTIC_PROVISIONAL,NONE
NC-CL-S-000129,CLT-GA3-G3-I01,docs/09_collection/ga3-collection-registry-v1.md#G3-I01,GA3,G3-I01,“City That Repairs What Others Abandon” Public Identity,ENTITY|STATE_TRANSITION|LOSS_OBLIGATION|NARRATIVE_PROMISE,C4,C4|C8,DISCOVERY|COMPLETION_LEGACY,FUNCTIONAL|RELATIONSHIP|CIVILIZATION,330,3D-4,0,SOURCE_THREAD_ID_NOT_UNIQUE_ENTITY_CLAIM,장소·노드·문명은 발견/접근과 소유·통치·자치를 동일시하지 않음,HEURISTIC_PROVISIONAL,NONE
NC-CL-S-000130,CLT-GA3-G3-I02,docs/09_collection/ga3-collection-registry-v1.md#G3-I02,GA3,G3-I02,Ardis as Reproducible Governance Precedent,STATE_TRANSITION|LOSS_OBLIGATION|NARRATIVE_PROMISE,C4,C4|C7,DISCOVERY|SYNERGY|COMPLETION_LEGACY,RELATIONSHIP,330,3D-4,0,SOURCE_THREAD_ID_NOT_UNIQUE_ENTITY_CLAIM,세력·제도는 구성원·대표성·승계와 분리된 독립 의사를 유지,HEURISTIC_PROVISIONAL,NONE
NC-CL-S-000131,CLT-GA4-G4-P01,docs/09_collection/ga4-collection-registry-v1.md#G4-P01,GA4,G4-P01,Registered Heir Relationship,ENTITY|RELATIONSHIP|STATE_TRANSITION|LOSS_OBLIGATION,C1,C1,ACQUISITION|SYNERGY,FUNCTIONAL|RELATIONSHIP,450,4D-4,0,SOURCE_THREAD_ID_NOT_UNIQUE_ENTITY_CLAIM,인물은 소유물이 아니며 동의·거절·이탈 가능성을 유지,HEURISTIC_PROVISIONAL,NONE
NC-CL-S-000132,CLT-GA4-G4-P02,docs/09_collection/ga4-collection-registry-v1.md#G4-P02,GA4,G4-P02,Designated Regent Relationship,ENTITY|RELATIONSHIP|STATE_TRANSITION|LOSS_OBLIGATION,C1,C1,ACQUISITION|SYNERGY,FUNCTIONAL|RELATIONSHIP,450,4D-4,0,SOURCE_THREAD_ID_NOT_UNIQUE_ENTITY_CLAIM,인물은 소유물이 아니며 동의·거절·이탈 가능성을 유지,HEURISTIC_PROVISIONAL,NONE
NC-CL-S-000133,CLT-GA4-G4-P03,docs/09_collection/ga4-collection-registry-v1.md#G4-P03,GA4,G4-P03,Emergency Protector Relationship,ENTITY|RELATIONSHIP|STATE_TRANSITION|LOSS_OBLIGATION,C1,C1,ACQUISITION|SYNERGY,FUNCTIONAL|RELATIONSHIP,450,4D-4,0,SOURCE_THREAD_ID_NOT_UNIQUE_ENTITY_CLAIM,인물은 소유물이 아니며 동의·거절·이탈 가능성을 유지,HEURISTIC_PROVISIONAL,NONE
NC-CL-S-000134,CLT-GA4-G4-P04,docs/09_collection/ga4-collection-registry-v1.md#G4-P04,GA4,G4-P04,Continuity Custodian Relationship,ENTITY|RELATIONSHIP|STATE_TRANSITION|LOSS_OBLIGATION,C1,C1|C7,ACQUISITION|SYNERGY,FUNCTIONAL|RELATIONSHIP,450,4D-4,1,SOURCE_THREAD_ID_NOT_UNIQUE_ENTITY_CLAIM,인물은 소유물이 아니며 동의·거절·이탈 가능성을 유지; 세력·제도는 구성원·대표성·승계와 분리된 독립 의사를 유지,HEURISTIC_PROVISIONAL,NONE
NC-CL-S-000135,CLT-GA4-G4-P05,docs/09_collection/ga4-collection-registry-v1.md#G4-P05,GA4,G4-P05,Provincial Compact Coalition,ENTITY|RELATIONSHIP|STATE_TRANSITION|LOSS_OBLIGATION,C7,C7,ACQUISITION|SYNERGY,RELATIONSHIP|CIVILIZATION,450,4D-4,1,SOURCE_THREAD_ID_NOT_UNIQUE_ENTITY_CLAIM,세력·제도는 구성원·대표성·승계와 분리된 독립 의사를 유지,HEURISTIC_PROVISIONAL,NONE
NC-CL-S-000136,CLT-GA4-G4-P06,docs/09_collection/ga4-collection-registry-v1.md#G4-P06,GA4,G4-P06,Founding Covenant Coalition,ENTITY|RELATIONSHIP|STATE_TRANSITION|LOSS_OBLIGATION,C7,C7,ACQUISITION|SYNERGY,EVENT|RELATIONSHIP,450,4D-4,0,SOURCE_THREAD_ID_NOT_UNIQUE_ENTITY_CLAIM,세력·제도는 구성원·대표성·승계와 분리된 독립 의사를 유지,HEURISTIC_PROVISIONAL,NONE
NC-CL-S-000137,CLT-GA4-G4-P07,docs/09_collection/ga4-collection-registry-v1.md#G4-P07,GA4,G4-P07,R-IMP-001 / Intelligence Field Network,ENTITY|STATE_TRANSITION|LOSS_OBLIGATION,C6,C6,ACQUISITION|SYNERGY,FUNCTIONAL,450,4D-4,1,SOURCE_THREAD_ID_NOT_UNIQUE_ENTITY_CLAIM,물리 확보와 운용권·인증·정비·승무원·산업능력을 분리,HEURISTIC_PROVISIONAL,NONE
NC-CL-S-000138,CLT-GA4-G4-P08,docs/09_collection/ga4-collection-registry-v1.md#G4-P08,GA4,G4-P08,Witness and Source Coalition,ENTITY|RELATIONSHIP|STATE_TRANSITION|LOSS_OBLIGATION,C1,C1|C7,ACQUISITION|SYNERGY,EVENT|RELATIONSHIP|CIVILIZATION,450,4D-4,0,SOURCE_THREAD_ID_NOT_UNIQUE_ENTITY_CLAIM,인물은 소유물이 아니며 동의·거절·이탈 가능성을 유지; 세력·제도는 구성원·대표성·승계와 분리된 독립 의사를 유지,HEURISTIC_PROVISIONAL,NONE
NC-CL-S-000139,CLT-GA4-G4-E01,docs/09_collection/ga4-collection-registry-v1.md#G4-E01,GA4,G4-E01,Sovereign Medical/Incapacity Record,CONTROL_CLAIM|STATE_TRANSITION,C7,C7,DISCOVERY|SYNERGY|COMPLETION_LEGACY,EVENT,450,4D-4,1,SOURCE_THREAD_ID_NOT_UNIQUE_ENTITY_CLAIM,세력·제도는 구성원·대표성·승계와 분리된 독립 의사를 유지,HEURISTIC_PROVISIONAL,NONE
NC-CL-S-000140,CLT-GA4-G4-E02,docs/09_collection/ga4-collection-registry-v1.md#G4-E02,GA4,G4-E02,Final Designation Instrument,CONTROL_CLAIM|STATE_TRANSITION,C1,C1,SYNERGY|COMPLETION_LEGACY,FUNCTIONAL|RELATIONSHIP,450,4D-4,0,SOURCE_THREAD_ID_NOT_UNIQUE_ENTITY_CLAIM,인물은 소유물이 아니며 동의·거절·이탈 가능성을 유지,HEURISTIC_PROVISIONAL,NONE
NC-CL-S-000141,CLT-GA4-G4-E03,docs/09_collection/ga4-collection-registry-v1.md#G4-E03,GA4,G4-E03,Registry Lineage Snapshot,CONTROL_CLAIM|STATE_TRANSITION|SET,C1,C1,SYNERGY|COMPLETION_LEGACY,LINEAGE|RELATIONSHIP,450,4D-4,1,SOURCE_THREAD_ID_NOT_UNIQUE_ENTITY_CLAIM,인물은 소유물이 아니며 동의·거절·이탈 가능성을 유지,HEURISTIC_PROVISIONAL,NONE
NC-CL-S-000142,CLT-GA4-G4-E04,docs/09_collection/ga4-collection-registry-v1.md#G4-E04,GA4,G4-E04,General Staff Emergency Threshold Log,ENTITY|CONTROL_CLAIM|STATE_TRANSITION,C4,C4,SYNERGY|COMPLETION_LEGACY,EVENT,450,4D-4,1,SOURCE_THREAD_ID_NOT_UNIQUE_ENTITY_CLAIM,기존 Collection Bible의 비소유/비자동호환 규칙 유지,HEURISTIC_PROVISIONAL,NONE
NC-CL-S-000143,CLT-GA4-G4-E05,docs/09_collection/ga4-collection-registry-v1.md#G4-E05,GA4,G4-E05,Continuity Conflict Hashes,CONTROL_CLAIM|STATE_TRANSITION,C7,C7,SYNERGY|COMPLETION_LEGACY,EVENT,450,4D-4,1,SOURCE_THREAD_ID_NOT_UNIQUE_ENTITY_CLAIM,세력·제도는 구성원·대표성·승계와 분리된 독립 의사를 유지,HEURISTIC_PROVISIONAL,NONE
NC-CL-S-000144,CLT-GA4-G4-E06,docs/09_collection/ga4-collection-registry-v1.md#G4-E06,GA4,G4-E06,Provincial Recognition Ledger,CONTROL_CLAIM|STATE_TRANSITION|LOSS_OBLIGATION,C7,C7,SYNERGY|COMPLETION_LEGACY,CIVILIZATION,450,4D-4,0,SOURCE_THREAD_ID_NOT_UNIQUE_ENTITY_CLAIM,세력·제도는 구성원·대표성·승계와 분리된 독립 의사를 유지,HEURISTIC_PROVISIONAL,NONE
NC-CL-S-000145,CLT-GA4-G4-E07,docs/09_collection/ga4-collection-registry-v1.md#G4-E07,GA4,G4-E07,Founding Covenant Originals/Lineage Map,CONTROL_CLAIM|STATE_TRANSITION|SET,C7,C7,SYNERGY|COMPLETION_LEGACY,LINEAGE,450,4D-4,1,SOURCE_THREAD_ID_NOT_UNIQUE_ENTITY_CLAIM,세력·제도는 구성원·대표성·승계와 분리된 독립 의사를 유지,HEURISTIC_PROVISIONAL,NONE
NC-CL-S-000146,CLT-GA4-G4-E08,docs/09_collection/ga4-collection-registry-v1.md#G4-E08,GA4,G4-E08,Ardis Multiple-Legitimacy Response,CONTROL_CLAIM|STATE_TRANSITION|LOSS_OBLIGATION,C7,C7,SYNERGY|COMPLETION_LEGACY,EVENT,331|332|333|334|335|336|337|450,4A-1|4D-4,2,SOURCE_THREAD_ID_NOT_UNIQUE_ENTITY_CLAIM,세력·제도는 구성원·대표성·승계와 분리된 독립 의사를 유지,HEURISTIC_PROVISIONAL,NONE
NC-CL-S-000147,CLT-GA4-G4-E09,docs/09_collection/ga4-collection-registry-v1.md#G4-E09,GA4,G4-E09,Multiple Legitimacy Finding,CONTROL_CLAIM|STATE_TRANSITION|LOSS_OBLIGATION,C7,C7,ACQUISITION|SYNERGY|COMPLETION_LEGACY,EVENT,354|355|356|357|358|359|360|450,4A-4|4D-4,1,SOURCE_THREAD_ID_NOT_UNIQUE_ENTITY_CLAIM,세력·제도는 구성원·대표성·승계와 분리된 독립 의사를 유지,HEURISTIC_PROVISIONAL,NONE
NC-CL-S-000148,CLT-GA4-G4-E10,docs/09_collection/ga4-collection-registry-v1.md#G4-E10,GA4,G4-E10,Plural Evidence Custody Map,CONTROL_CLAIM|STATE_TRANSITION|LOSS_OBLIGATION,C7,C7,ACQUISITION|SYNERGY|COMPLETION_LEGACY,EVENT|RELATIONSHIP,391|392|393|394|395|396|397|398|399|400|401|402|403|404|405|406|407|408|409|410|411|412|413|414|415|416|417|418|419|420|450,4C-1|4C-2|4C-3|4C-4|4D-4,4,SOURCE_THREAD_ID_NOT_UNIQUE_ENTITY_CLAIM,세력·제도는 구성원·대표성·승계와 분리된 독립 의사를 유지,HEURISTIC_PROVISIONAL,NONE
NC-CL-S-000149,CLT-GA4-G4-R01,docs/09_collection/ga4-collection-registry-v1.md#G4-R01,GA4,G4-R01,Emergency Service Payment Scheme,STATE_TRANSITION|LOSS_OBLIGATION,C7,C7,SYNERGY|COMPLETION_LEGACY,EVENT,361|362|363|364|365|366|367|450,4B-1|4D-4,1,SOURCE_THREAD_ID_NOT_UNIQUE_ENTITY_CLAIM,세력·제도는 구성원·대표성·승계와 분리된 독립 의사를 유지,HEURISTIC_PROVISIONAL,NONE
NC-CL-S-000150,CLT-GA4-G4-R02,docs/09_collection/ga4-collection-registry-v1.md#G4-R02,GA4,G4-R02,Partial Accession/Ceremonial Recognition,STATE_TRANSITION|LOSS_OBLIGATION,C7,C7,ACQUISITION|SYNERGY|COMPLETION_LEGACY,EVENT,368|369|370|371|372|373|374|375|450,4B-2|4D-4,1,SOURCE_THREAD_ID_NOT_UNIQUE_ENTITY_CLAIM,세력·제도는 구성원·대표성·승계와 분리된 독립 의사를 유지,HEURISTIC_PROVISIONAL,NONE
NC-CL-S-000151,CLT-GA4-G4-R03,docs/09_collection/ga4-collection-registry-v1.md#G4-R03,GA4,G4-R03,Provincial Consultation and Burden Mechanism,STATE_TRANSITION|LOSS_OBLIGATION,C7,C7,SYNERGY|COMPLETION_LEGACY,FUNCTIONAL|CIVILIZATION,376|377|378|379|380|381|382|383|450,4B-3|4D-4,1,SOURCE_THREAD_ID_NOT_UNIQUE_ENTITY_CLAIM,세력·제도는 구성원·대표성·승계와 분리된 독립 의사를 유지,HEURISTIC_PROVISIONAL,NONE
NC-CL-S-000152,CLT-GA4-G4-R04,docs/09_collection/ga4-collection-registry-v1.md#G4-R04,GA4,G4-R04,Audited Executive Regency,STATE_TRANSITION|LOSS_OBLIGATION,C7,C7,SYNERGY|COMPLETION_LEGACY,EVENT,384|385|386|387|388|389|390|421|422|423|424|425|426|427|428|429|430|431|432|433|434|435|436|437|438|439|440|441|442|443|450,4B-4|4D-1|4D-2|4D-3|4D-4,4,SOURCE_THREAD_ID_NOT_UNIQUE_ENTITY_CLAIM,세력·제도는 구성원·대표성·승계와 분리된 독립 의사를 유지,HEURISTIC_PROVISIONAL,NONE
NC-CL-S-000153,CLT-GA4-G4-R05,docs/09_collection/ga4-collection-registry-v1.md#G4-R05,GA4,G4-R05,Military Protector Mandate,ENTITY|CONTROL_CLAIM|STATE_TRANSITION|LOSS_OBLIGATION,C1,C1|C7,SYNERGY|COMPLETION_LEGACY,RELATIONSHIP,398|399|400|401|402|403|404|450,4C-2|4D-4,1,SOURCE_THREAD_ID_NOT_UNIQUE_ENTITY_CLAIM,인물은 소유물이 아니며 동의·거절·이탈 가능성을 유지; 세력·제도는 구성원·대표성·승계와 분리된 독립 의사를 유지,HEURISTIC_PROVISIONAL,NONE
NC-CL-S-000154,CLT-GA4-G4-R06,docs/09_collection/ga4-collection-registry-v1.md#G4-R06,GA4,G4-R06,Bounded Continuity Verification Charter,CONTROL_CLAIM|STATE_TRANSITION|LOSS_OBLIGATION,C7,C7,SYNERGY|COMPLETION_LEGACY,EVENT,405|406|407|408|409|410|411|412|450,4C-3|4D-4,1,SOURCE_THREAD_ID_NOT_UNIQUE_ENTITY_CLAIM,세력·제도는 구성원·대표성·승계와 분리된 독립 의사를 유지,HEURISTIC_PROVISIONAL,NONE
NC-CL-S-000155,CLT-GA4-G4-R07,docs/09_collection/ga4-collection-registry-v1.md#G4-R07,GA4,G4-R07,Public Findings and Protected-Source Protocol,CONTROL_CLAIM|STATE_TRANSITION|LOSS_OBLIGATION,C6,C6,SYNERGY|COMPLETION_LEGACY,FUNCTIONAL,413|414|415|416|417|418|419|420|450,4C-4|4D-4,1,SOURCE_THREAD_ID_NOT_UNIQUE_ENTITY_CLAIM,물리 확보와 운용권·인증·정비·승무원·산업능력을 분리,HEURISTIC_PROVISIONAL,NONE
NC-CL-S-000156,CLT-GA4-G4-R08,docs/09_collection/ga4-collection-registry-v1.md#G4-R08,GA4,G4-R08,Imperial Continuity Compact Draft,RELATIONSHIP|STATE_TRANSITION|LOSS_OBLIGATION,C7,C7,SYNERGY|COMPLETION_LEGACY,RELATIONSHIP,421|422|423|424|425|426|427,4D-1,1,SOURCE_THREAD_ID_NOT_UNIQUE_ENTITY_CLAIM,세력·제도는 구성원·대표성·승계와 분리된 독립 의사를 유지,HEURISTIC_PROVISIONAL,NONE
NC-CL-S-000157,CLT-GA4-G4-R09,docs/09_collection/ga4-collection-registry-v1.md#G4-R09,GA4,G4-R09,Imperial Continuity Compact,RELATIONSHIP|STATE_TRANSITION|LOSS_OBLIGATION,C7,C7,SYNERGY|COMPLETION_LEGACY,EVENT|RELATIONSHIP,435|436|437|438|439|440|441|442|443|450,4D-3|4D-4,1,SOURCE_THREAD_ID_NOT_UNIQUE_ENTITY_CLAIM,세력·제도는 구성원·대표성·승계와 분리된 독립 의사를 유지,HEURISTIC_PROVISIONAL,NONE
NC-CL-S-000158,CLT-GA4-G4-R10,docs/09_collection/ga4-collection-registry-v1.md#G4-R10,GA4,G4-R10,Compact Sunset/Review/Removal Schedule,RELATIONSHIP|STATE_TRANSITION|LOSS_OBLIGATION,C7,C7,SYNERGY|COMPLETION_LEGACY,RELATIONSHIP,421|422|423|424|425|426|427|428|429|430|431|432|433|434|435|436|437|438|439|440|441|442|443|450,4D-1|4D-2|4D-3|4D-4,3,SOURCE_THREAD_ID_NOT_UNIQUE_ENTITY_CLAIM,세력·제도는 구성원·대표성·승계와 분리된 독립 의사를 유지,HEURISTIC_PROVISIONAL,NONE
NC-CL-S-000159,CLT-GA4-G4-M01,docs/09_collection/ga4-collection-registry-v1.md#G4-M01,GA4,G4-M01,Core Force Alignment Map,STATE_TRANSITION|LOSS_OBLIGATION,C8,C8,SYNERGY|COMPLETION_LEGACY,FUNCTIONAL|CIVILIZATION,346|347|348|349|350|351|352|353|354|355|356|357|358|359|360|361|362|363|364|365|366|367|368|369|370|371|372|373|374|375|376|377|378|379|380|381|382|383|384|385|386|387|388|389|390|391|392|393|394|395|396|397|398|399|400|401|402|403|404|450,4A-3|4A-4|4B-1|4B-2|4B-3|4B-4|4C-1|4C-2|4D-4,8,SOURCE_THREAD_ID_NOT_UNIQUE_ENTITY_CLAIM,장소·노드·문명은 발견/접근과 소유·통치·자치를 동일시하지 않음,HEURISTIC_PROVISIONAL,NONE
NC-CL-S-000160,CLT-GA4-G4-M02,docs/09_collection/ga4-collection-registry-v1.md#G4-M02,GA4,G4-M02,Bounded Common Military Intent,STATE_TRANSITION|LOSS_OBLIGATION,C8,C8,SYNERGY|COMPLETION_LEGACY,FUNCTIONAL|CIVILIZATION,398|399|400|401|402|403|404|450,4C-2|4D-4,1,SOURCE_THREAD_ID_NOT_UNIQUE_ENTITY_CLAIM,장소·노드·문명은 발견/접근과 소유·통치·자치를 동일시하지 않음,HEURISTIC_PROVISIONAL,NONE
NC-CL-S-000161,CLT-GA4-G4-M03,docs/09_collection/ga4-collection-registry-v1.md#G4-M03,GA4,G4-M03,Meridian Anchor Split-Key Scheme,ENTITY|STATE_TRANSITION|LOSS_OBLIGATION,C4,C4|C8,ACQUISITION|SYNERGY|COMPLETION_LEGACY,FUNCTIONAL|CIVILIZATION,405|406|407|408|409|410|411|412|413|414|415|416|417|418|419|420|421|422|423|424|425|426|427|428|429|430|431|432|433|434|435|436|437|438|439|440|441|442|443|450,4C-3|4C-4|4D-1|4D-2|4D-3|4D-4,5,SOURCE_THREAD_ID_NOT_UNIQUE_ENTITY_CLAIM,장소·노드·문명은 발견/접근과 소유·통치·자치를 동일시하지 않음,HEURISTIC_PROVISIONAL,NONE
NC-CL-S-000162,CLT-GA4-G4-M04,docs/09_collection/ga4-collection-registry-v1.md#G4-M04,GA4,G4-M04,Helios Shipyard Continuity Agreement,STATE_TRANSITION|LOSS_OBLIGATION,C8,C8,ACQUISITION|SYNERGY|COMPLETION_LEGACY,LINEAGE|FUNCTIONAL|CIVILIZATION,450,4D-4,0,SOURCE_THREAD_ID_NOT_UNIQUE_ENTITY_CLAIM,장소·노드·문명은 발견/접근과 소유·통치·자치를 동일시하지 않음,HEURISTIC_PROVISIONAL,NONE
NC-CL-S-000163,CLT-GA4-G4-M05,docs/09_collection/ga4-collection-registry-v1.md#G4-M05,GA4,G4-M05,Provincial/Core Courier and Safe-Passage Network,ENTITY|STATE_TRANSITION|LOSS_OBLIGATION,C6,C6|C8,SYNERGY|COMPLETION_LEGACY,EVENT|FUNCTIONAL|RELATIONSHIP|CIVILIZATION,450,4D-4,0,SOURCE_THREAD_ID_NOT_UNIQUE_ENTITY_CLAIM,장소·노드·문명은 발견/접근과 소유·통치·자치를 동일시하지 않음; 물리 확보와 운용권·인증·정비·승무원·산업능력을 분리,HEURISTIC_PROVISIONAL,NONE
NC-CL-S-000164,CLT-GA4-G4-M06,docs/09_collection/ga4-collection-registry-v1.md#G4-M06,GA4,G4-M06,Strategically Recognized P-001 Coalition Status,ENTITY|RELATIONSHIP|STATE_TRANSITION|LOSS_OBLIGATION,C7,C7|C8,SYNERGY|COMPLETION_LEGACY,FUNCTIONAL|RELATIONSHIP|CIVILIZATION,444|445|446|447|448|449|450,4D-4,1,SOURCE_THREAD_ID_NOT_UNIQUE_ENTITY_CLAIM,세력·제도는 구성원·대표성·승계와 분리된 독립 의사를 유지; 장소·노드·문명은 발견/접근과 소유·통치·자치를 동일시하지 않음,HEURISTIC_PROVISIONAL,NONE
NC-CL-S-000165,CLT-GA4-G4-X01,docs/09_collection/ga4-collection-registry-v1.md#G4-X01,GA4,G4-X01,Curated Imperial Future History,STATE_TRANSITION|NARRATIVE_PROMISE,C4,C4,DISCOVERY|ACQUISITION|SYNERGY|COMPLETION_LEGACY,EVENT|RELATIONSHIP,450,4D-4,0,SOURCE_THREAD_ID_NOT_UNIQUE_ENTITY_CLAIM,기존 Collection Bible의 비소유/비자동호환 규칙 유지,HEURISTIC_PROVISIONAL,NONE
NC-CL-S-000166,CLT-GA4-G4-X02,docs/09_collection/ga4-collection-registry-v1.md#G4-X02,GA4,G4-X02,P-001 Institutional Erasure Evidence,CONTROL_CLAIM|STATE_TRANSITION|NARRATIVE_PROMISE,C4,C4,DISCOVERY|SYNERGY|COMPLETION_LEGACY,EVENT,450,4D-4,0,SOURCE_THREAD_ID_NOT_UNIQUE_ENTITY_CLAIM,기존 Collection Bible의 비소유/비자동호환 규칙 유지,HEURISTIC_PROVISIONAL,NONE
NC-CL-S-000167,CLT-GA4-G4-X03,docs/09_collection/ga4-collection-registry-v1.md#G4-X03,GA4,G4-X03,Continuity Office Public Legitimacy,ENTITY|STATE_TRANSITION|LOSS_OBLIGATION|NARRATIVE_PROMISE,C7,C7,DISCOVERY|SYNERGY|COMPLETION_LEGACY,EVENT,450,4D-4,0,SOURCE_THREAD_ID_NOT_UNIQUE_ENTITY_CLAIM,세력·제도는 구성원·대표성·승계와 분리된 독립 의사를 유지,HEURISTIC_PROVISIONAL,NONE
NC-CL-S-000168,CLT-GA4-G4-I01,docs/09_collection/ga4-collection-registry-v1.md#G4-I01,GA4,G4-I01,“True Heir” Public Myth,ENTITY|STATE_TRANSITION|LOSS_OBLIGATION|NARRATIVE_PROMISE,C1,C1|C4,DISCOVERY|ACQUISITION|COMPLETION_LEGACY,RELATIONSHIP,450,4D-4,0,SOURCE_THREAD_ID_NOT_UNIQUE_ENTITY_CLAIM,인물은 소유물이 아니며 동의·거절·이탈 가능성을 유지,HEURISTIC_PROVISIONAL,NONE
NC-CL-S-000169,CLT-GA4-G4-I02,docs/09_collection/ga4-collection-registry-v1.md#G4-I02,GA4,G4-I02,“Empire Without Emperor” Compact Narrative,RELATIONSHIP|STATE_TRANSITION|LOSS_OBLIGATION|NARRATIVE_PROMISE,C4,C4|C7,DISCOVERY|SYNERGY|COMPLETION_LEGACY,EVENT|RELATIONSHIP,450,4D-4,0,SOURCE_THREAD_ID_NOT_UNIQUE_ENTITY_CLAIM,세력·제도는 구성원·대표성·승계와 분리된 독립 의사를 유지,HEURISTIC_PROVISIONAL,NONE
NC-CL-S-000170,CLT-GA4-G4-I03,docs/09_collection/ga4-collection-registry-v1.md#G4-I03,GA4,G4-I03,Ownerless Fleet Problem,STATE_TRANSITION|NARRATIVE_PROMISE,C4,C4,DISCOVERY|SYNERGY|COMPLETION_LEGACY,EVENT,450,4D-4,0,SOURCE_THREAD_ID_NOT_UNIQUE_ENTITY_CLAIM,기존 Collection Bible의 비소유/비자동호환 규칙 유지,HEURISTIC_PROVISIONAL,NONE
NC-CL-S-000171,CLT-GA5-G5-P01,docs/09_collection/ga5-collection-registry-v1.md#G5-P01,GA5,G5-P01,FC-001 / Vanguard Commander,ENTITY|RELATIONSHIP|STATE_TRANSITION|LOSS_OBLIGATION,C1,C1,ACQUISITION|SYNERGY,RELATIONSHIP,570,5D-4,0,SOURCE_THREAD_ID_NOT_UNIQUE_ENTITY_CLAIM,인물은 소유물이 아니며 동의·거절·이탈 가능성을 유지,HEURISTIC_PROVISIONAL,NONE
NC-CL-S-000172,CLT-GA5-G5-P02,docs/09_collection/ga5-collection-registry-v1.md#G5-P02,GA5,G5-P02,FC-002 / Provincial Commodore,RELATIONSHIP|STATE_TRANSITION|LOSS_OBLIGATION,C7,C7,ACQUISITION|SYNERGY,FUNCTIONAL|RELATIONSHIP,570,5D-4,0,SOURCE_THREAD_ID_NOT_UNIQUE_ENTITY_CLAIM,세력·제도는 구성원·대표성·승계와 분리된 독립 의사를 유지,HEURISTIC_PROVISIONAL,NONE
NC-CL-S-000173,CLT-GA5-G5-P03,docs/09_collection/ga5-collection-registry-v1.md#G5-P03,GA5,G5-P03,FC-003 / Crown Guard Captain,ENTITY|RELATIONSHIP|STATE_TRANSITION|LOSS_OBLIGATION,C1,C1|C7,ACQUISITION|SYNERGY,FUNCTIONAL|RELATIONSHIP,570,5D-4,1,SOURCE_THREAD_ID_NOT_UNIQUE_ENTITY_CLAIM,인물은 소유물이 아니며 동의·거절·이탈 가능성을 유지; 세력·제도는 구성원·대표성·승계와 분리된 독립 의사를 유지,HEURISTIC_PROVISIONAL,NONE
NC-CL-S-000174,CLT-GA5-G5-P04,docs/09_collection/ga5-collection-registry-v1.md#G5-P04,GA5,G5-P04,FC-004 / Yard Defense Commander,ENTITY|RELATIONSHIP|STATE_TRANSITION|LOSS_OBLIGATION,C1,C1|C8,ACQUISITION|SYNERGY,LINEAGE|FUNCTIONAL|RELATIONSHIP|CIVILIZATION,570,5D-4,0,SOURCE_THREAD_ID_NOT_UNIQUE_ENTITY_CLAIM,인물은 소유물이 아니며 동의·거절·이탈 가능성을 유지; 장소·노드·문명은 발견/접근과 소유·통치·자치를 동일시하지 않음,HEURISTIC_PROVISIONAL,NONE
NC-CL-S-000175,CLT-GA5-G5-P05,docs/09_collection/ga5-collection-registry-v1.md#G5-P05,GA5,G5-P05,CR-001 / Crew-Oath Representative,ENTITY|RELATIONSHIP|STATE_TRANSITION|LOSS_OBLIGATION,C1,C1,ACQUISITION|SYNERGY,EVENT|FUNCTIONAL|RELATIONSHIP,570,5D-4,0,SOURCE_THREAD_ID_NOT_UNIQUE_ENTITY_CLAIM,인물은 소유물이 아니며 동의·거절·이탈 가능성을 유지,HEURISTIC_PROVISIONAL,NONE
NC-CL-S-000176,CLT-GA5-G5-P06,docs/09_collection/ga5-collection-registry-v1.md#G5-P06,GA5,G5-P06,FC-005 / Outer Front Commander,ENTITY|RELATIONSHIP|STATE_TRANSITION|LOSS_OBLIGATION,C1,C1|C7,ACQUISITION|SYNERGY,FUNCTIONAL|RELATIONSHIP,570,5D-4,1,SOURCE_THREAD_ID_NOT_UNIQUE_ENTITY_CLAIM,인물은 소유물이 아니며 동의·거절·이탈 가능성을 유지; 세력·제도는 구성원·대표성·승계와 분리된 독립 의사를 유지,HEURISTIC_PROVISIONAL,NONE
NC-CL-S-000177,CLT-GA5-G5-P07,docs/09_collection/ga5-collection-registry-v1.md#G5-P07,GA5,G5-P07,Disputed Destroyer Crew,ENTITY|RELATIONSHIP|STATE_TRANSITION|LOSS_OBLIGATION,C1,C1|C5,DISCOVERY|ACQUISITION|SYNERGY,FUNCTIONAL|RELATIONSHIP,451|452|453|454|455|456|457|458|459|460|461|462|463|464|570,5A-1|5A-2|5D-4,2,SOURCE_THREAD_ID_NOT_UNIQUE_ENTITY_CLAIM,인물은 소유물이 아니며 동의·거절·이탈 가능성을 유지; 물리 확보와 운용권·인증·정비·승무원·산업능력을 분리,HEURISTIC_PROVISIONAL,NONE
NC-CL-S-000178,CLT-GA5-G5-P08,docs/09_collection/ga5-collection-registry-v1.md#G5-P08,GA5,G5-P08,Surrendered/Paroled Formation,RELATIONSHIP|STATE_TRANSITION|LOSS_OBLIGATION,C6,C6,ACQUISITION|SYNERGY,FUNCTIONAL|RELATIONSHIP,503|504|505|506|507|508|509|510|570,5B-4|5D-4,1,SOURCE_THREAD_ID_NOT_UNIQUE_ENTITY_CLAIM,물리 확보와 운용권·인증·정비·승무원·산업능력을 분리,HEURISTIC_PROVISIONAL,NONE
NC-CL-S-000179,CLT-GA5-G5-P09,docs/09_collection/ga5-collection-registry-v1.md#G5-P09,GA5,G5-P09,Yard/Repair Worker Network,ENTITY|RELATIONSHIP|STATE_TRANSITION|LOSS_OBLIGATION,C6,C6|C8,SYNERGY,LINEAGE|FUNCTIONAL|RELATIONSHIP|CIVILIZATION,570,5D-4,0,SOURCE_THREAD_ID_NOT_UNIQUE_ENTITY_CLAIM,장소·노드·문명은 발견/접근과 소유·통치·자치를 동일시하지 않음; 물리 확보와 운용권·인증·정비·승무원·산업능력을 분리,HEURISTIC_PROVISIONAL,NONE
NC-CL-S-000180,CLT-GA5-G5-P10,docs/09_collection/ga5-collection-registry-v1.md#G5-P10,GA5,G5-P10,Provincial/Civilian Route Stakeholders,ENTITY|RELATIONSHIP|STATE_TRANSITION|LOSS_OBLIGATION,C8,C8,SYNERGY,FUNCTIONAL|RELATIONSHIP|CIVILIZATION,570,5D-4,0,SOURCE_THREAD_ID_NOT_UNIQUE_ENTITY_CLAIM,장소·노드·문명은 발견/접근과 소유·통치·자치를 동일시하지 않음,HEURISTIC_PROVISIONAL,NONE
NC-CL-S-000181,CLT-GA5-G5-C01,docs/09_collection/ga5-collection-registry-v1.md#G5-C01,GA5,G5-C01,7–10 Day Vesper Shared Mandate,CONTROL_CLAIM|STATE_TRANSITION|LOSS_OBLIGATION,C7,C7,SYNERGY|COMPLETION_LEGACY,FUNCTIONAL,451|452|453|454|455|456|457,5A-1,1,SOURCE_THREAD_ID_NOT_UNIQUE_ENTITY_CLAIM,세력·제도는 구성원·대표성·승계와 분리된 독립 의사를 유지,HEURISTIC_PROVISIONAL,NONE
NC-CL-S-000182,CLT-GA5-G5-C02,docs/09_collection/ga5-collection-registry-v1.md#G5-C02,GA5,G5-C02,Ship-Specific Oath and Mission Agreement,CONTROL_CLAIM|STATE_TRANSITION|LOSS_OBLIGATION,C5,C5|C7,ACQUISITION|SYNERGY|COMPLETION_LEGACY,FUNCTIONAL|RELATIONSHIP,458|459|460|461|462|463|464|570,5A-2|5D-4,1,SOURCE_THREAD_ID_NOT_UNIQUE_ENTITY_CLAIM,세력·제도는 구성원·대표성·승계와 분리된 독립 의사를 유지; 물리 확보와 운용권·인증·정비·승무원·산업능력을 분리,SPECIALIST_CORRECTED,NONE
NC-CL-S-000183,CLT-GA5-G5-C03,docs/09_collection/ga5-collection-registry-v1.md#G5-C03,GA5,G5-C03,Standing Defensive Intent,CONTROL_CLAIM|STATE_TRANSITION|LOSS_OBLIGATION,C7,C7,SYNERGY|COMPLETION_LEGACY,EVENT,465|466|467|468|469|470|471|472|570,5A-3|5D-4,1,SOURCE_THREAD_ID_NOT_UNIQUE_ENTITY_CLAIM,세력·제도는 구성원·대표성·승계와 분리된 독립 의사를 유지,SPECIALIST_CORRECTED,NONE
NC-CL-S-000184,CLT-GA5-G5-C04,docs/09_collection/ga5-collection-registry-v1.md#G5-C04,GA5,G5-C04,Common Fleet Charter v0.1,CONTROL_CLAIM|STATE_TRANSITION|LOSS_OBLIGATION,C7,C7,SYNERGY|COMPLETION_LEGACY,EVENT|FUNCTIONAL|RELATIONSHIP,473|474|475|476|477|478|479|480,5A-4,1,SOURCE_THREAD_ID_NOT_UNIQUE_ENTITY_CLAIM,세력·제도는 구성원·대표성·승계와 분리된 독립 의사를 유지,HEURISTIC_PROVISIONAL,NONE
NC-CL-S-000185,CLT-GA5-G5-C05,docs/09_collection/ga5-collection-registry-v1.md#G5-C05,GA5,G5-C05,Crew Pay/Pension/Family Guarantee,ENTITY|RELATIONSHIP|CONTROL_CLAIM|STATE_TRANSITION|LOSS_OBLIGATION,C1,C1,SYNERGY|COMPLETION_LEGACY,EVENT|FUNCTIONAL|RELATIONSHIP,481|482|483|484|485|486|487|488|489|490|491|492|493|494|495|496|497|498|499|500|501|502|570,5B-1|5B-2|5B-3|5D-4,3,SOURCE_THREAD_ID_NOT_UNIQUE_ENTITY_CLAIM,인물은 소유물이 아니며 동의·거절·이탈 가능성을 유지,HEURISTIC_PROVISIONAL,NONE
NC-CL-S-000186,CLT-GA5-G5-C06,docs/09_collection/ga5-collection-registry-v1.md#G5-C06,GA5,G5-C06,Rescue/Parole/Surrender Protocol,CONTROL_CLAIM|STATE_TRANSITION|LOSS_OBLIGATION,C6,C6,ACQUISITION|SYNERGY|COMPLETION_LEGACY,EVENT|FUNCTIONAL|RELATIONSHIP,495|496|497|498|499|500|501|502|503|504|505|506|507|508|509|510|570,5B-3|5B-4|5D-4,2,SOURCE_THREAD_ID_NOT_UNIQUE_ENTITY_CLAIM,물리 확보와 운용권·인증·정비·승무원·산업능력을 분리,HEURISTIC_PROVISIONAL,NONE
NC-CL-S-000187,CLT-GA5-G5-C07,docs/09_collection/ga5-collection-registry-v1.md#G5-C07,GA5,G5-C07,Prize/Title Trust Rule,RELATIONSHIP|CONTROL_CLAIM|STATE_TRANSITION|LOSS_OBLIGATION,C6,C6,SYNERGY|COMPLETION_LEGACY,FUNCTIONAL|RELATIONSHIP,503|504|505|506|507|508|509|510|570,5B-4|5D-4,1,SOURCE_THREAD_ID_NOT_UNIQUE_ENTITY_CLAIM,물리 확보와 운용권·인증·정비·승무원·산업능력을 분리,HEURISTIC_PROVISIONAL,NONE
NC-CL-S-000188,CLT-GA5-G5-C08,docs/09_collection/ga5-collection-registry-v1.md#G5-C08,GA5,G5-C08,Recall/Exit Framework,CONTROL_CLAIM|STATE_TRANSITION|LOSS_OBLIGATION,C7,C7,SYNERGY|COMPLETION_LEGACY,FUNCTIONAL,511|512|513|514|515|516|517,5C-1,1,SOURCE_THREAD_ID_NOT_UNIQUE_ENTITY_CLAIM,세력·제도는 구성원·대표성·승계와 분리된 독립 의사를 유지,HEURISTIC_PROVISIONAL,NONE
NC-CL-S-000189,CLT-GA5-G5-C09,docs/09_collection/ga5-collection-registry-v1.md#G5-C09,GA5,G5-C09,Common Fleet Charter v0.2,CONTROL_CLAIM|STATE_TRANSITION|LOSS_OBLIGATION,C7,C7,SYNERGY|COMPLETION_LEGACY,FUNCTIONAL,534|535|536|537|538|539|540,5C-4,1,SOURCE_THREAD_ID_NOT_UNIQUE_ENTITY_CLAIM,세력·제도는 구성원·대표성·승계와 분리된 독립 의사를 유지,HEURISTIC_PROVISIONAL,NONE
NC-CL-S-000190,CLT-GA5-G5-C10,docs/09_collection/ga5-collection-registry-v1.md#G5-C10,GA5,G5-C10,Delegated Formation Command and Standing Rules,CONTROL_CLAIM|STATE_TRANSITION|LOSS_OBLIGATION,C7,C7,SYNERGY|COMPLETION_LEGACY,EVENT,541|542|543|544|545|546|547|548|549|550|551|552|553|554|570,5D-1|5D-2|5D-4,3,SOURCE_THREAD_ID_NOT_UNIQUE_ENTITY_CLAIM,세력·제도는 구성원·대표성·승계와 분리된 독립 의사를 유지,HEURISTIC_PROVISIONAL,NONE
NC-CL-S-000191,CLT-GA5-G5-C11,docs/09_collection/ga5-collection-registry-v1.md#G5-C11,GA5,G5-C11,Common Fleet Charter v1.0,CONTROL_CLAIM|STATE_TRANSITION|LOSS_OBLIGATION,C7,C7,COMPLETION_LEGACY,EVENT|RELATIONSHIP|CIVILIZATION,564|565|566|567|568|569|570,5D-4,1,SOURCE_THREAD_ID_NOT_UNIQUE_ENTITY_CLAIM,세력·제도는 구성원·대표성·승계와 분리된 독립 의사를 유지,HEURISTIC_PROVISIONAL,NONE
NC-CL-S-000192,CLT-GA5-G5-C12,docs/09_collection/ga5-collection-registry-v1.md#G5-C12,GA5,G5-C12,Bounded P-001 Theater/Task Command,CONTROL_CLAIM|STATE_TRANSITION|LOSS_OBLIGATION,C7,C7,SYNERGY|COMPLETION_LEGACY,FUNCTIONAL,541|542|543|544|545|546|547|548|549|550|551|552|553|554|555|556|557|558|559|560|561|562|563|564|565|566|567|568|569|570,5D-1|5D-2|5D-3|5D-4,4,SOURCE_THREAD_ID_NOT_UNIQUE_ENTITY_CLAIM,세력·제도는 구성원·대표성·승계와 분리된 독립 의사를 유지,HEURISTIC_PROVISIONAL,NONE
NC-CL-S-000193,CLT-GA5-G5-L01,docs/09_collection/ga5-collection-registry-v1.md#G5-L01,GA5,G5-L01,Vesper Depot Shared Access,CONTROL_CLAIM|STATE_TRANSITION|LOSS_OBLIGATION,C1,C1,ACQUISITION|SYNERGY|COMPLETION_LEGACY,RELATIONSHIP,451|452|453|454|455|456|457|570,5A-1|5D-4,1,SOURCE_THREAD_ID_NOT_UNIQUE_ENTITY_CLAIM,인물은 소유물이 아니며 동의·거절·이탈 가능성을 유지,HEURISTIC_PROVISIONAL,NONE
NC-CL-S-000194,CLT-GA5-G5-L02,docs/09_collection/ga5-collection-registry-v1.md#G5-L02,GA5,G5-L02,Mobile Repair Tender,ENTITY|STATE_TRANSITION|LOSS_OBLIGATION,C5,C5|C6,SYNERGY|COMPLETION_LEGACY,EVENT|FUNCTIONAL|RELATIONSHIP,481|482|483|484|485|486|487|570,5B-1|5D-4,1,SOURCE_THREAD_ID_NOT_UNIQUE_ENTITY_CLAIM,물리 확보와 운용권·인증·정비·승무원·산업능력을 분리,SPECIALIST_CORRECTED,NONE
NC-CL-S-000195,CLT-GA5-G5-L03,docs/09_collection/ga5-collection-registry-v1.md#G5-L03,GA5,G5-L03,Pooled Maintenance and Readiness Board,STATE_TRANSITION|LOSS_OBLIGATION,C1,C1,SYNERGY|COMPLETION_LEGACY,LINEAGE|FUNCTIONAL|RELATIONSHIP,488|489|490|491|492|493|494|570,5B-2|5D-4,1,SOURCE_THREAD_ID_NOT_UNIQUE_ENTITY_CLAIM,인물은 소유물이 아니며 동의·거절·이탈 가능성을 유지,HEURISTIC_PROVISIONAL,NONE
NC-CL-S-000196,CLT-GA5-G5-L04,docs/09_collection/ga5-collection-registry-v1.md#G5-L04,GA5,G5-L04,Distributed Parts and Cannibalization Pool,STATE_TRANSITION|LOSS_OBLIGATION,C6,C6,SYNERGY|COMPLETION_LEGACY,FUNCTIONAL,481|482|483|484|485|486|487|488|489|490|491|492|493|494|495|496|497|498|499|500|501|502|503|504|505|506|507|508|509|510|570,5B-1|5B-2|5B-3|5B-4|5D-4,4,SOURCE_THREAD_ID_NOT_UNIQUE_ENTITY_CLAIM,물리 확보와 운용권·인증·정비·승무원·산업능력을 분리,HEURISTIC_PROVISIONAL,NONE
NC-CL-S-000197,CLT-GA5-G5-L05,docs/09_collection/ga5-collection-registry-v1.md#G5-L05,GA5,G5-L05,Missile/Countermeasure Allocation Pool,ENTITY|STATE_TRANSITION|LOSS_OBLIGATION,C3,C3,SYNERGY|COMPLETION_LEGACY,FUNCTIONAL,570,5D-4,0,SOURCE_THREAD_ID_NOT_UNIQUE_ENTITY_CLAIM,물리 확보와 운용권·인증·정비·승무원·산업능력을 분리,HEURISTIC_PROVISIONAL,NONE
NC-CL-S-000198,CLT-GA5-G5-L06,docs/09_collection/ga5-collection-registry-v1.md#G5-L06,GA5,G5-L06,Multi-Authority Payroll and Family Ledger,CONTROL_CLAIM|STATE_TRANSITION|LOSS_OBLIGATION,C7,C7,SYNERGY|COMPLETION_LEGACY,LINEAGE,570,5D-4,0,SOURCE_THREAD_ID_NOT_UNIQUE_ENTITY_CLAIM,세력·제도는 구성원·대표성·승계와 분리된 독립 의사를 유지,HEURISTIC_PROVISIONAL,NONE
NC-CL-S-000199,CLT-GA5-G5-L07,docs/09_collection/ga5-collection-registry-v1.md#G5-L07,GA5,G5-L07,Fleet Authentication/Courier Mesh,CONTROL_CLAIM|STATE_TRANSITION|LOSS_OBLIGATION,C6,C6,SYNERGY|COMPLETION_LEGACY,FUNCTIONAL|RELATIONSHIP,570,5D-4,0,SOURCE_THREAD_ID_NOT_UNIQUE_ENTITY_CLAIM,물리 확보와 운용권·인증·정비·승무원·산업능력을 분리,HEURISTIC_PROVISIONAL,NONE
NC-CL-S-000200,CLT-GA5-G5-L08,docs/09_collection/ga5-collection-registry-v1.md#G5-L08,GA5,G5-L08,Civilian Convoy/Route Capacity,ENTITY|STATE_TRANSITION|LOSS_OBLIGATION,C5,C5|C8,SYNERGY|COMPLETION_LEGACY,EVENT|FUNCTIONAL|CIVILIZATION,511|512|513|514|515|516|517|518|519|520|521|522|523|524|525|526|527|528|529|530|531|532|533|534|535|536|537|538|539|540|541|542|543|544|545|546|547|548|549|550|551|552|553|554|555|556|557|558|559|560|561|562|563|564|565|566|567|568|569|570,5C-1|5C-2|5C-3|5C-4|5D-1|5D-2|5D-3|5D-4,7,SOURCE_THREAD_ID_NOT_UNIQUE_ENTITY_CLAIM,장소·노드·문명은 발견/접근과 소유·통치·자치를 동일시하지 않음; 물리 확보와 운용권·인증·정비·승무원·산업능력을 분리,HEURISTIC_PROVISIONAL,NONE
NC-CL-S-000201,CLT-GA5-G5-L09,docs/09_collection/ga5-collection-registry-v1.md#G5-L09,GA5,G5-L09,Fleet Casualty and Repair Debt Ledger,STATE_TRANSITION|LOSS_OBLIGATION,C6,C6,SYNERGY|COMPLETION_LEGACY,FUNCTIONAL,570,5D-4,0,SOURCE_THREAD_ID_NOT_UNIQUE_ENTITY_CLAIM,물리 확보와 운용권·인증·정비·승무원·산업능력을 분리,HEURISTIC_PROVISIONAL,NONE
NC-CL-S-000202,CLT-GA5-G5-F01,docs/09_collection/ga5-collection-registry-v1.md#G5-F01,GA5,G5-F01,Initial Vesper Task Force,STATE_TRANSITION,C7,C7,SYNERGY|COMPLETION_LEGACY,FUNCTIONAL,473|474|475|476|477|478|479|480,5A-4,1,SOURCE_THREAD_ID_NOT_UNIQUE_ENTITY_CLAIM,세력·제도는 구성원·대표성·승계와 분리된 독립 의사를 유지,HEURISTIC_PROVISIONAL,NONE
NC-CL-S-000203,CLT-GA5-G5-F02,docs/09_collection/ga5-collection-registry-v1.md#G5-F02,GA5,G5-F02,Maintenance-Supported Charter Formation,CONTROL_CLAIM|STATE_TRANSITION|LOSS_OBLIGATION,C7,C7,SYNERGY|COMPLETION_LEGACY,FUNCTIONAL,503|504|505|506|507|508|509|510,5B-4,1,SOURCE_THREAD_ID_NOT_UNIQUE_ENTITY_CLAIM,세력·제도는 구성원·대표성·승계와 분리된 독립 의사를 유지,HEURISTIC_PROVISIONAL,NONE
NC-CL-S-000204,CLT-GA5-G5-F03,docs/09_collection/ga5-collection-registry-v1.md#G5-F03,GA5,G5-F03,Provincial Contribution Network,ENTITY|STATE_TRANSITION|LOSS_OBLIGATION,C6,C6,SYNERGY|COMPLETION_LEGACY,FUNCTIONAL,511|512|513|514|515|516|517|518|519|520|521|522|523|524|525|526|527|528|529|530|531|532|533|534|535|536|537|538|539|540|570,5C-1|5C-2|5C-3|5C-4|5D-4,4,SOURCE_THREAD_ID_NOT_UNIQUE_ENTITY_CLAIM,물리 확보와 운용권·인증·정비·승무원·산업능력을 분리,HEURISTIC_PROVISIONAL,NONE
NC-CL-S-000205,CLT-GA5-G5-F04,docs/09_collection/ga5-collection-registry-v1.md#G5-F04,GA5,G5-F04,Outer Front Cooperation,STATE_TRANSITION|LOSS_OBLIGATION,C7,C7,SYNERGY|COMPLETION_LEGACY,FUNCTIONAL,525|526|527|528|529|530|531|532|533|570,5C-3|5D-4,1,SOURCE_THREAD_ID_NOT_UNIQUE_ENTITY_CLAIM,세력·제도는 구성원·대표성·승계와 분리된 독립 의사를 유지,HEURISTIC_PROVISIONAL,NONE
NC-CL-S-000206,CLT-GA5-G5-F05,docs/09_collection/ga5-collection-registry-v1.md#G5-F05,GA5,G5-F05,Crown/Civilian Escort Commitment,STATE_TRANSITION|LOSS_OBLIGATION,C7,C7,SYNERGY|COMPLETION_LEGACY,FUNCTIONAL,518|519|520|521|522|523|524|570,5C-2|5D-4,1,SOURCE_THREAD_ID_NOT_UNIQUE_ENTITY_CLAIM,세력·제도는 구성원·대표성·승계와 분리된 독립 의사를 유지,HEURISTIC_PROVISIONAL,NONE
NC-CL-S-000207,CLT-GA5-G5-F06,docs/09_collection/ga5-collection-registry-v1.md#G5-F06,GA5,G5-F06,Ownerless Fleet Network,ENTITY|STATE_TRANSITION|LOSS_OBLIGATION,C5,C5|C7,SYNERGY|COMPLETION_LEGACY,EVENT|FUNCTIONAL|RELATIONSHIP,541|542|543|544|545|546|547|548|549|550|551|552|553|554|555|556|557|558|559|560|561|562|563|564|565|566|567|568|569|570,5D-1|5D-2|5D-3|5D-4,3,SOURCE_THREAD_ID_NOT_UNIQUE_ENTITY_CLAIM,세력·제도는 구성원·대표성·승계와 분리된 독립 의사를 유지; 물리 확보와 운용권·인증·정비·승무원·산업능력을 분리,SPECIALIST_CORRECTED,NONE
NC-CL-S-000208,CLT-GA5-G5-F07,docs/09_collection/ga5-collection-registry-v1.md#G5-F07,GA5,G5-F07,Autonomous Front Victory Record,CONTROL_CLAIM|STATE_TRANSITION|LOSS_OBLIGATION,C7,C7,SYNERGY|COMPLETION_LEGACY,EVENT,548|549|550|551|552|553|554|570,5D-2|5D-4,1,SOURCE_THREAD_ID_NOT_UNIQUE_ENTITY_CLAIM,세력·제도는 구성원·대표성·승계와 분리된 독립 의사를 유지,HEURISTIC_PROVISIONAL,NONE
NC-CL-S-000209,CLT-GA5-G5-F08,docs/09_collection/ga5-collection-registry-v1.md#G5-F08,GA5,G5-F08,Under-Resourced Front Loss,STATE_TRANSITION|LOSS_OBLIGATION,C1,C1,SYNERGY|COMPLETION_LEGACY,FUNCTIONAL|RELATIONSHIP,555|556|557|558|559|560|561|562|563|570,5D-3|5D-4,1,SOURCE_THREAD_ID_NOT_UNIQUE_ENTITY_CLAIM,인물은 소유물이 아니며 동의·거절·이탈 가능성을 유지,HEURISTIC_PROVISIONAL,NONE
NC-CL-S-000210,CLT-GA5-G5-X01,docs/09_collection/ga5-collection-registry-v1.md#G5-X01,GA5,G5-X01,Future Hero-Fleet Compression,STATE_TRANSITION|NARRATIVE_PROMISE,C4,C4,DISCOVERY|COMPLETION_LEGACY,FUNCTIONAL,570,5D-4,0,SOURCE_THREAD_ID_NOT_UNIQUE_ENTITY_CLAIM,기존 Collection Bible의 비소유/비자동호환 규칙 유지,HEURISTIC_PROVISIONAL,NONE
NC-CL-S-000211,CLT-GA5-G5-X02,docs/09_collection/ga5-collection-registry-v1.md#G5-X02,GA5,G5-X02,Continuity Preference for Unified Command,CONTROL_CLAIM|STATE_TRANSITION|NARRATIVE_PROMISE,C4,C4|C7,DISCOVERY|SYNERGY|COMPLETION_LEGACY,RELATIONSHIP,570,5D-4,0,SOURCE_THREAD_ID_NOT_UNIQUE_ENTITY_CLAIM,세력·제도는 구성원·대표성·승계와 분리된 독립 의사를 유지,HEURISTIC_PROVISIONAL,NONE
NC-CL-S-000212,CLT-GA5-G5-X03,docs/09_collection/ga5-collection-registry-v1.md#G5-X03,GA5,G5-X03,P-001 Connective Command Pattern,CONTROL_CLAIM|STATE_TRANSITION|NARRATIVE_PROMISE,C4,C4|C7,DISCOVERY|COMPLETION_LEGACY,EVENT,570,5D-4,0,SOURCE_THREAD_ID_NOT_UNIQUE_ENTITY_CLAIM,세력·제도는 구성원·대표성·승계와 분리된 독립 의사를 유지,HEURISTIC_PROVISIONAL,NONE
NC-CL-S-000213,CLT-GA5-G5-X04,docs/09_collection/ga5-collection-registry-v1.md#G5-X04,GA5,G5-X04,Original Orpheus Structural Match,STATE_TRANSITION|NARRATIVE_PROMISE,C4,C4,DISCOVERY|COMPLETION_LEGACY,LINEAGE|FUNCTIONAL,570,5D-4,0,SOURCE_THREAD_ID_NOT_UNIQUE_ENTITY_CLAIM,기존 Collection Bible의 비소유/비자동호환 규칙 유지,HEURISTIC_PROVISIONAL,NONE
NC-CL-S-000214,CLT-GA5-G5-I01,docs/09_collection/ga5-collection-registry-v1.md#G5-I01,GA5,G5-I01,“Ownerless Fleet” Public Narrative,STATE_TRANSITION|LOSS_OBLIGATION|NARRATIVE_PROMISE,C4,C4,DISCOVERY|COMPLETION_LEGACY,EVENT,570,5D-4,0,SOURCE_THREAD_ID_NOT_UNIQUE_ENTITY_CLAIM,기존 Collection Bible의 비소유/비자동호환 규칙 유지,HEURISTIC_PROVISIONAL,NONE
NC-CL-S-000215,CLT-GA5-G5-I02,docs/09_collection/ga5-collection-registry-v1.md#G5-I02,GA5,G5-I02,Borrowed Command Principle,CONTROL_CLAIM|STATE_TRANSITION|LOSS_OBLIGATION|NARRATIVE_PROMISE,C4,C4|C7,DISCOVERY|SYNERGY|COMPLETION_LEGACY,FUNCTIONAL,570,5D-4,0,SOURCE_THREAD_ID_NOT_UNIQUE_ENTITY_CLAIM,세력·제도는 구성원·대표성·승계와 분리된 독립 의사를 유지,HEURISTIC_PROVISIONAL,NONE
NC-CL-S-000216,CLT-GA6-G6-P01,docs/09_collection/ga6-collection-registry-v1.md#G6-P01,GA6,G6-P01,State/Capital Continuity Group,STATE_TRANSITION|LOSS_OBLIGATION,C7,C7,ACQUISITION|SYNERGY|COMPLETION_LEGACY,EVENT|FUNCTIONAL,690,6D-4,0,SOURCE_THREAD_ID_NOT_UNIQUE_ENTITY_CLAIM,세력·제도는 구성원·대표성·승계와 분리된 독립 의사를 유지,HEURISTIC_PROVISIONAL,NONE
NC-CL-S-000217,CLT-GA6-G6-P02,docs/09_collection/ga6-collection-registry-v1.md#G6-P02,GA6,G6-P02,Civilian Convoy Council Network,ENTITY|STATE_TRANSITION|LOSS_OBLIGATION,C5,C5|C6|C7,ACQUISITION|SYNERGY,FUNCTIONAL|RELATIONSHIP,690,6D-4,2,SOURCE_THREAD_ID_NOT_UNIQUE_ENTITY_CLAIM,세력·제도는 구성원·대표성·승계와 분리된 독립 의사를 유지; 물리 확보와 운용권·인증·정비·승무원·산업능력을 분리,HEURISTIC_PROVISIONAL,NONE
NC-CL-S-000218,CLT-GA6-G6-P03,docs/09_collection/ga6-collection-registry-v1.md#G6-P03,GA6,G6-P03,Institutional Distribution Team,STATE_TRANSITION|LOSS_OBLIGATION,C7,C7,ACQUISITION|SYNERGY,FUNCTIONAL|CIVILIZATION,690,6D-4,0,SOURCE_THREAD_ID_NOT_UNIQUE_ENTITY_CLAIM,세력·제도는 구성원·대표성·승계와 분리된 독립 의사를 유지,HEURISTIC_PROVISIONAL,NONE
NC-CL-S-000219,CLT-GA6-G6-P04,docs/09_collection/ga6-collection-registry-v1.md#G6-P04,GA6,G6-P04,Neutral Rescue Coalition,ENTITY|RELATIONSHIP|STATE_TRANSITION|LOSS_OBLIGATION,C7,C7,ACQUISITION|SYNERGY,EVENT|FUNCTIONAL|RELATIONSHIP,690,6D-4,0,SOURCE_THREAD_ID_NOT_UNIQUE_ENTITY_CLAIM,세력·제도는 구성원·대표성·승계와 분리된 독립 의사를 유지,HEURISTIC_PROVISIONAL,NONE
NC-CL-S-000220,CLT-GA6-G6-P05,docs/09_collection/ga6-collection-registry-v1.md#G6-P05,GA6,G6-P05,Orpheus Local Node/Worker Authority,ENTITY|CONTROL_CLAIM|STATE_TRANSITION|LOSS_OBLIGATION,C1,C1|C7|C8,ACQUISITION|SYNERGY,FUNCTIONAL|RELATIONSHIP|CIVILIZATION,690,6D-4,1,SOURCE_THREAD_ID_NOT_UNIQUE_ENTITY_CLAIM,인물은 소유물이 아니며 동의·거절·이탈 가능성을 유지; 세력·제도는 구성원·대표성·승계와 분리된 독립 의사를 유지; 장소·노드·문명은 발견/접근과 소유·통치·자치를 동일시하지 않음,HEURISTIC_PROVISIONAL,NONE
NC-CL-S-000221,CLT-GA6-G6-P06,docs/09_collection/ga6-collection-registry-v1.md#G6-P06,GA6,G6-P06,Holdout/Stay Communities,ENTITY|RELATIONSHIP|STATE_TRANSITION|LOSS_OBLIGATION,C1,C1|C7|C8,ACQUISITION|SYNERGY,EVENT|RELATIONSHIP|CIVILIZATION,690,6D-4,0,SOURCE_THREAD_ID_NOT_UNIQUE_ENTITY_CLAIM,인물은 소유물이 아니며 동의·거절·이탈 가능성을 유지; 세력·제도는 구성원·대표성·승계와 분리된 독립 의사를 유지; 장소·노드·문명은 발견/접근과 소유·통치·자치를 동일시하지 않음,SPECIALIST_CORRECTED,NONE
NC-CL-S-000222,CLT-GA6-G6-P07,docs/09_collection/ga6-collection-registry-v1.md#G6-P07,GA6,G6-P07,Autonomous Fleet Commanders,ENTITY|RELATIONSHIP|STATE_TRANSITION|LOSS_OBLIGATION,C1,C1|C7|C5,SYNERGY,FUNCTIONAL|RELATIONSHIP,690,6D-4,1,SOURCE_THREAD_ID_NOT_UNIQUE_ENTITY_CLAIM,인물은 소유물이 아니며 동의·거절·이탈 가능성을 유지; 세력·제도는 구성원·대표성·승계와 분리된 독립 의사를 유지; 물리 확보와 운용권·인증·정비·승무원·산업능력을 분리,SPECIALIST_CORRECTED,NONE
NC-CL-S-000223,CLT-GA6-G6-P08,docs/09_collection/ga6-collection-registry-v1.md#G6-P08,GA6,G6-P08,Orpheus Survivors and Original Survivors/Witnesses,ENTITY|RELATIONSHIP|STATE_TRANSITION|LOSS_OBLIGATION,C1,C1|C7,SYNERGY,LINEAGE|EVENT|RELATIONSHIP,690,6D-4,1,SOURCE_THREAD_ID_NOT_UNIQUE_ENTITY_CLAIM,인물은 소유물이 아니며 동의·거절·이탈 가능성을 유지; 세력·제도는 구성원·대표성·승계와 분리된 독립 의사를 유지,SPECIALIST_CORRECTED,NONE
NC-CL-S-000224,CLT-GA6-G6-R01,docs/09_collection/ga6-collection-registry-v1.md#G6-R01,GA6,G6-R01,Current Operational Census,CONTROL_CLAIM|STATE_TRANSITION|LOSS_OBLIGATION,C7,C7,SYNERGY|COMPLETION_LEGACY,FUNCTIONAL|RELATIONSHIP,578|579|580|581|582|583|584|690,6A-2|6D-4,1,SOURCE_THREAD_ID_NOT_UNIQUE_ENTITY_CLAIM,세력·제도는 구성원·대표성·승계와 분리된 독립 의사를 유지,HEURISTIC_PROVISIONAL,NONE
NC-CL-S-000225,CLT-GA6-G6-R02,docs/09_collection/ga6-collection-registry-v1.md#G6-R02,GA6,G6-R02,Institutional Dependency Map,CONTROL_CLAIM|STATE_TRANSITION|LOSS_OBLIGATION,C7,C7,ACQUISITION|SYNERGY|COMPLETION_LEGACY,EVENT,578|579|580|581|582|583|584|585|586|587|588|589|590|591|592|593|594|595|596|597|598|599|600|601|602|603|604|605|606|607|690,6A-2|6A-3|6A-4|6B-1|6D-4,4,SOURCE_THREAD_ID_NOT_UNIQUE_ENTITY_CLAIM,세력·제도는 구성원·대표성·승계와 분리된 독립 의사를 유지,HEURISTIC_PROVISIONAL,NONE
NC-CL-S-000226,CLT-GA6-G6-R03,docs/09_collection/ga6-collection-registry-v1.md#G6-R03,GA6,G6-R03,Temporary Traffic Hold and Shared Queue Rules,CONTROL_CLAIM|STATE_TRANSITION|LOSS_OBLIGATION,C7,C7,SYNERGY|COMPLETION_LEGACY,EVENT,585|586|587|588|589|590|591|592,6A-3,1,SOURCE_THREAD_ID_NOT_UNIQUE_ENTITY_CLAIM,세력·제도는 구성원·대표성·승계와 분리된 독립 의사를 유지,HEURISTIC_PROVISIONAL,NONE
NC-CL-S-000227,CLT-GA6-G6-R04,docs/09_collection/ga6-collection-registry-v1.md#G6-R04,GA6,G6-R04,Mixed Evacuation Mandate,CONTROL_CLAIM|STATE_TRANSITION|LOSS_OBLIGATION,C7,C7,SYNERGY|COMPLETION_LEGACY,EVENT|FUNCTIONAL,593|594|595|596|597|598|599|600|690,6A-4|6D-4,1,SOURCE_THREAD_ID_NOT_UNIQUE_ENTITY_CLAIM,세력·제도는 구성원·대표성·승계와 분리된 독립 의사를 유지,HEURISTIC_PROVISIONAL,NONE
NC-CL-S-000228,CLT-GA6-G6-R05,docs/09_collection/ga6-collection-registry-v1.md#G6-R05,GA6,G6-R05,Distributed Function Manifest,CONTROL_CLAIM|STATE_TRANSITION|LOSS_OBLIGATION,C7,C7,SYNERGY|COMPLETION_LEGACY,FUNCTIONAL,601|602|603|604|605|606|607|690,6B-1|6D-4,1,SOURCE_THREAD_ID_NOT_UNIQUE_ENTITY_CLAIM,세력·제도는 구성원·대표성·승계와 분리된 독립 의사를 유지,HEURISTIC_PROVISIONAL,NONE
NC-CL-S-000229,CLT-GA6-G6-R06,docs/09_collection/ga6-collection-registry-v1.md#G6-R06,GA6,G6-R06,Strategic Hull Sacrifice and Scuttle Plan,CONTROL_CLAIM|STATE_TRANSITION|LOSS_OBLIGATION,C5,C5|C7,SYNERGY|COMPLETION_LEGACY,FUNCTIONAL|RELATIONSHIP,608|609|610|611|612|613|614|690,6B-2|6D-4,2,SOURCE_THREAD_ID_NOT_UNIQUE_ENTITY_CLAIM,세력·제도는 구성원·대표성·승계와 분리된 독립 의사를 유지; 물리 확보와 운용권·인증·정비·승무원·산업능력을 분리,HEURISTIC_PROVISIONAL,NONE
NC-CL-S-000230,CLT-GA6-G6-R07,docs/09_collection/ga6-collection-registry-v1.md#G6-R07,GA6,G6-R07,Grey-Route and Local-Shelter Plan,ENTITY|CONTROL_CLAIM|STATE_TRANSITION|LOSS_OBLIGATION,C7,C7|C8,SYNERGY|COMPLETION_LEGACY,FUNCTIONAL|CIVILIZATION,615|616|617|618|619|620|621|622|690,6B-3|6D-4,1,SOURCE_THREAD_ID_NOT_UNIQUE_ENTITY_CLAIM,세력·제도는 구성원·대표성·승계와 분리된 독립 의사를 유지; 장소·노드·문명은 발견/접근과 소유·통치·자치를 동일시하지 않음,HEURISTIC_PROVISIONAL,NONE
NC-CL-S-000231,CLT-GA6-G6-R08,docs/09_collection/ga6-collection-registry-v1.md#G6-R08,GA6,G6-R08,Bounded Continuity Synchronization Accord,CONTROL_CLAIM|STATE_TRANSITION|LOSS_OBLIGATION,C7,C7,SYNERGY|COMPLETION_LEGACY,EVENT,623|624|625|626|627|628|629|630|690,6B-4|6D-4,1,SOURCE_THREAD_ID_NOT_UNIQUE_ENTITY_CLAIM,세력·제도는 구성원·대표성·승계와 분리된 독립 의사를 유지,HEURISTIC_PROVISIONAL,NONE
NC-CL-S-000232,CLT-GA6-G6-R09,docs/09_collection/ga6-collection-registry-v1.md#G6-R09,GA6,G6-R09,Window A Mixed Manifest,CONTROL_CLAIM|STATE_TRANSITION|LOSS_OBLIGATION,C7,C7,SYNERGY|COMPLETION_LEGACY,EVENT,631|632|633|634|635|636|637|638|690,6C-1|6D-4,1,SOURCE_THREAD_ID_NOT_UNIQUE_ENTITY_CLAIM,세력·제도는 구성원·대표성·승계와 분리된 독립 의사를 유지,HEURISTIC_PROVISIONAL,NONE
NC-CL-S-000233,CLT-GA6-G6-R10,docs/09_collection/ga6-collection-registry-v1.md#G6-R10,GA6,G6-R10,Window B Repair and Standing-Intent Plan,CONTROL_CLAIM|STATE_TRANSITION|LOSS_OBLIGATION,C6,C6|C7,SYNERGY|COMPLETION_LEGACY,FUNCTIONAL,639|640|641|642|643|644|645|646|690,6C-2|6D-4,1,SOURCE_THREAD_ID_NOT_UNIQUE_ENTITY_CLAIM,세력·제도는 구성원·대표성·승계와 분리된 독립 의사를 유지; 물리 확보와 운용권·인증·정비·승무원·산업능력을 분리,HEURISTIC_PROVISIONAL,NONE
NC-CL-S-000234,CLT-GA6-G6-R11,docs/09_collection/ga6-collection-registry-v1.md#G6-R11,GA6,G6-R11,Window C Sacrifice/Final Manifest,CONTROL_CLAIM|STATE_TRANSITION|LOSS_OBLIGATION,C7,C7,SYNERGY|COMPLETION_LEGACY,FUNCTIONAL,647|648|649|650|651|652|653|654|655|656|657|658|659|660|690,6C-3|6C-4|6D-4,2,SOURCE_THREAD_ID_NOT_UNIQUE_ENTITY_CLAIM,세력·제도는 구성원·대표성·승계와 분리된 독립 의사를 유지,HEURISTIC_PROVISIONAL,NONE
NC-CL-S-000235,CLT-GA6-G6-R12,docs/09_collection/ga6-collection-registry-v1.md#G6-R12,GA6,G6-R12,Survivor/Holdout Obligation Network,ENTITY|CONTROL_CLAIM|STATE_TRANSITION|LOSS_OBLIGATION,C1,C1|C6|C7,ACQUISITION|SYNERGY|COMPLETION_LEGACY,EVENT|FUNCTIONAL|RELATIONSHIP,655|656|657|658|659|660|661|662|663|664|665|666|667|690,6C-4|6D-1|6D-4,3,SOURCE_THREAD_ID_NOT_UNIQUE_ENTITY_CLAIM,인물은 소유물이 아니며 동의·거절·이탈 가능성을 유지; 세력·제도는 구성원·대표성·승계와 분리된 독립 의사를 유지; 물리 확보와 운용권·인증·정비·승무원·산업능력을 분리,HEURISTIC_PROVISIONAL,NONE
NC-CL-S-000236,CLT-GA6-G6-R13,docs/09_collection/ga6-collection-registry-v1.md#G6-R13,GA6,G6-R13,Public Orpheus After-Action Finding,CONTROL_CLAIM|STATE_TRANSITION|LOSS_OBLIGATION,C7,C7,SYNERGY|COMPLETION_LEGACY,EVENT,668|669|670|671|672|673|674|690,6D-2|6D-4,1,SOURCE_THREAD_ID_NOT_UNIQUE_ENTITY_CLAIM,세력·제도는 구성원·대표성·승계와 분리된 독립 의사를 유지,HEURISTIC_PROVISIONAL,NONE
NC-CL-S-000237,CLT-GA6-G6-R14,docs/09_collection/ga6-collection-registry-v1.md#G6-R14,GA6,G6-R14,Emergency Route/Manifest Reform Package,ENTITY|CONTROL_CLAIM|STATE_TRANSITION|LOSS_OBLIGATION,C7,C7|C8,ACQUISITION|SYNERGY|COMPLETION_LEGACY,LINEAGE|EVENT|FUNCTIONAL|CIVILIZATION,683|684|685|686|687|688|689|690,6D-4,0,SOURCE_THREAD_ID_NOT_UNIQUE_ENTITY_CLAIM,세력·제도는 구성원·대표성·승계와 분리된 독립 의사를 유지; 장소·노드·문명은 발견/접근과 소유·통치·자치를 동일시하지 않음,HEURISTIC_PROVISIONAL,NONE
NC-CL-S-000238,CLT-GA6-G6-A01,docs/09_collection/ga6-collection-registry-v1.md#G6-A01,GA6,G6-A01,Distributed Compact Command Function,RELATIONSHIP|CONTROL_CLAIM|STATE_TRANSITION|LOSS_OBLIGATION,C7,C7,SYNERGY|COMPLETION_LEGACY,FUNCTIONAL|RELATIONSHIP|CIVILIZATION,690,6D-4,1,SOURCE_THREAD_ID_NOT_UNIQUE_ENTITY_CLAIM,세력·제도는 구성원·대표성·승계와 분리된 독립 의사를 유지,HEURISTIC_PROVISIONAL,NONE
NC-CL-S-000239,CLT-GA6-G6-A02,docs/09_collection/ga6-collection-registry-v1.md#G6-A02,GA6,G6-A02,Distributed Treasury/Payment Function,STATE_TRANSITION|LOSS_OBLIGATION,C5,C5,SYNERGY|COMPLETION_LEGACY,FUNCTIONAL|CIVILIZATION,690,6D-4,0,SOURCE_THREAD_ID_NOT_UNIQUE_ENTITY_CLAIM,물리 확보와 운용권·인증·정비·승무원·산업능력을 분리,HEURISTIC_PROVISIONAL,NONE
NC-CL-S-000240,CLT-GA6-G6-A03,docs/09_collection/ga6-collection-registry-v1.md#G6-A03,GA6,G6-A03,Distributed Registry/Identity Function,STATE_TRANSITION|LOSS_OBLIGATION|NARRATIVE_PROMISE,C5,C5,ACQUISITION|SYNERGY|COMPLETION_LEGACY,FUNCTIONAL,690,6D-4,0,SOURCE_THREAD_ID_NOT_UNIQUE_ENTITY_CLAIM,물리 확보와 운용권·인증·정비·승무원·산업능력을 분리,HEURISTIC_PROVISIONAL,NONE
NC-CL-S-000241,CLT-GA6-G6-A04,docs/09_collection/ga6-collection-registry-v1.md#G6-A04,GA6,G6-A04,Distributed Hospital/Medical Production Function,STATE_TRANSITION|LOSS_OBLIGATION,C5,C5,SYNERGY|COMPLETION_LEGACY,FUNCTIONAL,690,6D-4,0,SOURCE_THREAD_ID_NOT_UNIQUE_ENTITY_CLAIM,물리 확보와 운용권·인증·정비·승무원·산업능력을 분리,HEURISTIC_PROVISIONAL,NONE
NC-CL-S-000242,CLT-GA6-G6-A05,docs/09_collection/ga6-collection-registry-v1.md#G6-A05,GA6,G6-A05,Distributed Continuity/Authentication Function,CONTROL_CLAIM|STATE_TRANSITION|LOSS_OBLIGATION,C5,C5|C6,SYNERGY|COMPLETION_LEGACY,FUNCTIONAL|RELATIONSHIP,690,6D-4,0,SOURCE_THREAD_ID_NOT_UNIQUE_ENTITY_CLAIM,물리 확보와 운용권·인증·정비·승무원·산업능력을 분리,HEURISTIC_PROVISIONAL,NONE
NC-CL-S-000243,CLT-GA6-G6-A06,docs/09_collection/ga6-collection-registry-v1.md#G6-A06,GA6,G6-A06,Heavy Hull/Support Sacrifice Set,STATE_TRANSITION|SET,C5,C5,COMPLETION_LEGACY,FUNCTIONAL,690,6D-4,0,SOURCE_THREAD_ID_NOT_UNIQUE_ENTITY_CLAIM,물리 확보와 운용권·인증·정비·승무원·산업능력을 분리,HEURISTIC_PROVISIONAL,NONE
NC-CL-S-000244,CLT-GA6-G6-A07,docs/09_collection/ga6-collection-registry-v1.md#G6-A07,GA6,G6-A07,First Ship Orpheus State,ENTITY|STATE_TRANSITION,C5,C5,SYNERGY|COMPLETION_LEGACY,LINEAGE|EVENT|FUNCTIONAL|RELATIONSHIP,690,6D-4,0,SOURCE_THREAD_ID_NOT_UNIQUE_ENTITY_CLAIM,물리 확보와 운용권·인증·정비·승무원·산업능력을 분리,HEURISTIC_PROVISIONAL,NONE
NC-CL-S-000245,CLT-GA6-G6-A08,docs/09_collection/ga6-collection-registry-v1.md#G6-A08,GA6,G6-A08,Orpheus Node/Defense/Thermal Capacity,ENTITY|STATE_TRANSITION|LOSS_OBLIGATION,C5,C5|C8,SYNERGY|COMPLETION_LEGACY,FUNCTIONAL|CIVILIZATION,690,6D-4,2,SOURCE_THREAD_ID_NOT_UNIQUE_ENTITY_CLAIM,장소·노드·문명은 발견/접근과 소유·통치·자치를 동일시하지 않음; 물리 확보와 운용권·인증·정비·승무원·산업능력을 분리,HEURISTIC_PROVISIONAL,NONE
NC-CL-S-000246,CLT-GA6-G6-A09,docs/09_collection/ga6-collection-registry-v1.md#G6-A09,GA6,G6-A09,Major Civilian Convoy Loss,ENTITY|STATE_TRANSITION,C5,C5,ACQUISITION|COMPLETION_LEGACY,FUNCTIONAL|RELATIONSHIP,690,6D-4,0,SOURCE_THREAD_ID_NOT_UNIQUE_ENTITY_CLAIM,물리 확보와 운용권·인증·정비·승무원·산업능력을 분리,HEURISTIC_PROVISIONAL,NONE
NC-CL-S-000247,CLT-GA6-G6-A10,docs/09_collection/ga6-collection-registry-v1.md#G6-A10,GA6,G6-A10,Wider-Front Consequence,STATE_TRANSITION,C5,C5,SYNERGY|COMPLETION_LEGACY,EVENT|FUNCTIONAL|CIVILIZATION,690,6D-4,0,SOURCE_THREAD_ID_NOT_UNIQUE_ENTITY_CLAIM,물리 확보와 운용권·인증·정비·승무원·산업능력을 분리,HEURISTIC_PROVISIONAL,NONE
NC-CL-S-000248,CLT-GA6-G6-M01,docs/09_collection/ga6-collection-registry-v1.md#G6-M01,GA6,G6-M01,Original Orpheus Mixed-Window Alternative,STATE_TRANSITION|NARRATIVE_PROMISE,C5,C5,DISCOVERY|COMPLETION_LEGACY,LINEAGE|EVENT|FUNCTIONAL,675|676|677|678|679|680|681|682|690,6D-3|6D-4,1,SOURCE_THREAD_ID_NOT_UNIQUE_ENTITY_CLAIM,물리 확보와 운용권·인증·정비·승무원·산업능력을 분리,HEURISTIC_PROVISIONAL,NONE
NC-CL-S-000249,CLT-GA6-G6-M02,docs/09_collection/ga6-collection-registry-v1.md#G6-M02,GA6,G6-M02,Original Security/Information Confidence Suppression,STATE_TRANSITION|LOSS_OBLIGATION|NARRATIVE_PROMISE,C7,C7,DISCOVERY|SYNERGY|COMPLETION_LEGACY,LINEAGE|EVENT,675|676|677|678|679|680|681|682|690,6D-3|6D-4,1,SOURCE_THREAD_ID_NOT_UNIQUE_ENTITY_CLAIM,세력·제도는 구성원·대표성·승계와 분리된 독립 의사를 유지,HEURISTIC_PROVISIONAL,NONE
NC-CL-S-000250,CLT-GA6-G6-M03,docs/09_collection/ga6-collection-registry-v1.md#G6-M03,GA6,G6-M03,Archive Historical-Loss Classification,STATE_TRANSITION|NARRATIVE_PROMISE,C7,C7,DISCOVERY|SYNERGY|COMPLETION_LEGACY,EVENT,668|669|670|671|672|673|674|690,6D-2|6D-4,1,SOURCE_THREAD_ID_NOT_UNIQUE_ENTITY_CLAIM,세력·제도는 구성원·대표성·승계와 분리된 독립 의사를 유지,HEURISTIC_PROVISIONAL,NONE
NC-CL-S-000251,CLT-GA6-G6-M04,docs/09_collection/ga6-collection-registry-v1.md#G6-M04,GA6,G6-M04,P-001 Original Responsibility Record,CONTROL_CLAIM|STATE_TRANSITION|NARRATIVE_PROMISE,C1,C1,DISCOVERY|COMPLETION_LEGACY,LINEAGE|EVENT|RELATIONSHIP,690,6D-4,0,SOURCE_THREAD_ID_NOT_UNIQUE_ENTITY_CLAIM,인물은 소유물이 아니며 동의·거절·이탈 가능성을 유지,HEURISTIC_PROVISIONAL,NONE
NC-CL-S-000252,CLT-GA6-G6-M05,docs/09_collection/ga6-collection-registry-v1.md#G6-M05,GA6,G6-M05,P-001 Connective Pattern,STATE_TRANSITION|NARRATIVE_PROMISE,C7,C7,DISCOVERY|SYNERGY|COMPLETION_LEGACY,EVENT|RELATIONSHIP,690,6D-4,0,SOURCE_THREAD_ID_NOT_UNIQUE_ENTITY_CLAIM,세력·제도는 구성원·대표성·승계와 분리된 독립 의사를 유지,HEURISTIC_PROVISIONAL,NONE
NC-CL-S-000253,CLT-GA6-G6-M06,docs/09_collection/ga6-collection-registry-v1.md#G6-M06,GA6,G6-M06,Blood Admiral Record Drift,ENTITY|CONTROL_CLAIM|STATE_TRANSITION|NARRATIVE_PROMISE,C1,C1,DISCOVERY|SYNERGY|COMPLETION_LEGACY,EVENT|FUNCTIONAL|RELATIONSHIP,690,6D-4,0,SOURCE_THREAD_ID_NOT_UNIQUE_ENTITY_CLAIM,인물은 소유물이 아니며 동의·거절·이탈 가능성을 유지,HEURISTIC_PROVISIONAL,NONE
NC-CL-S-000254,CLT-GA6-G6-I01,docs/09_collection/ga6-collection-registry-v1.md#G6-I01,GA6,G6-I01,“Second Orpheus” Public Memory,STATE_TRANSITION|LOSS_OBLIGATION|NARRATIVE_PROMISE,C7,C7,DISCOVERY|COMPLETION_LEGACY,EVENT,690,6D-4,0,SOURCE_THREAD_ID_NOT_UNIQUE_ENTITY_CLAIM,세력·제도는 구성원·대표성·승계와 분리된 독립 의사를 유지,HEURISTIC_PROVISIONAL,NONE
NC-CL-S-000255,CLT-GA6-G6-I02,docs/09_collection/ga6-collection-registry-v1.md#G6-I02,GA6,G6-I02,Distributed Sacrifice Principle,STATE_TRANSITION|LOSS_OBLIGATION|NARRATIVE_PROMISE,C7,C7,DISCOVERY|SYNERGY|COMPLETION_LEGACY,EVENT|FUNCTIONAL|CIVILIZATION,690,6D-4,0,SOURCE_THREAD_ID_NOT_UNIQUE_ENTITY_CLAIM,세력·제도는 구성원·대표성·승계와 분리된 독립 의사를 유지,HEURISTIC_PROVISIONAL,NONE
NC-CL-S-000256,CLT-GA7-G7-P01,docs/09_collection/ga7-collection-registry-v1.md#G7-P01,GA7,G7-P01,H-001 as Bounded Route Coordinator,ENTITY|RELATIONSHIP|STATE_TRANSITION|LOSS_OBLIGATION,C1,C1|C8,SYNERGY|COMPLETION_LEGACY,FUNCTIONAL|RELATIONSHIP|CIVILIZATION,705|706|707|708|709|710|800,7A-3|7D-4,1,SOURCE_THREAD_ID_NOT_UNIQUE_ENTITY_CLAIM,인물은 소유물이 아니며 동의·거절·이탈 가능성을 유지; 장소·노드·문명은 발견/접근과 소유·통치·자치를 동일시하지 않음,HEURISTIC_PROVISIONAL,NONE
NC-CL-S-000257,CLT-GA7-G7-P02,docs/09_collection/ga7-collection-registry-v1.md#G7-P02,GA7,G7-P02,RF-L01 Federation Delegate,ENTITY|RELATIONSHIP|STATE_TRANSITION|LOSS_OBLIGATION,C1,C1,SYNERGY|COMPLETION_LEGACY,RELATIONSHIP|CIVILIZATION,800,7D-4,0,SOURCE_THREAD_ID_NOT_UNIQUE_ENTITY_CLAIM,인물은 소유물이 아니며 동의·거절·이탈 가능성을 유지,HEURISTIC_PROVISIONAL,NONE
NC-CL-S-000258,CLT-GA7-G7-P03,docs/09_collection/ga7-collection-registry-v1.md#G7-P03,GA7,G7-P03,RF-L02 Continuity Corridor Administrator,ENTITY|RELATIONSHIP|STATE_TRANSITION|LOSS_OBLIGATION,C1,C1|C8,SYNERGY|COMPLETION_LEGACY,FUNCTIONAL|RELATIONSHIP|CIVILIZATION,800,7D-4,0,SOURCE_THREAD_ID_NOT_UNIQUE_ENTITY_CLAIM,인물은 소유물이 아니며 동의·거절·이탈 가능성을 유지; 장소·노드·문명은 발견/접근과 소유·통치·자치를 동일시하지 않음,HEURISTIC_PROVISIONAL,NONE
NC-CL-S-000259,CLT-GA7-G7-P04,docs/09_collection/ga7-collection-registry-v1.md#G7-P04,GA7,G7-P04,RF-L03 Scorched Route Commander,ENTITY|RELATIONSHIP|STATE_TRANSITION|LOSS_OBLIGATION,C1,C1|C8,SYNERGY|COMPLETION_LEGACY,FUNCTIONAL|RELATIONSHIP|CIVILIZATION,800,7D-4,0,SOURCE_THREAD_ID_NOT_UNIQUE_ENTITY_CLAIM,인물은 소유물이 아니며 동의·거절·이탈 가능성을 유지; 장소·노드·문명은 발견/접근과 소유·통치·자치를 동일시하지 않음,HEURISTIC_PROVISIONAL,NONE
NC-CL-S-000260,CLT-GA7-G7-P05,docs/09_collection/ga7-collection-registry-v1.md#G7-P05,GA7,G7-P05,RF-L04 Local Node/Civic Leader,ENTITY|RELATIONSHIP|STATE_TRANSITION|LOSS_OBLIGATION,C1,C1|C8,ACQUISITION|SYNERGY|COMPLETION_LEGACY,FUNCTIONAL|RELATIONSHIP|CIVILIZATION,800,7D-4,0,SOURCE_THREAD_ID_NOT_UNIQUE_ENTITY_CLAIM,인물은 소유물이 아니며 동의·거절·이탈 가능성을 유지; 장소·노드·문명은 발견/접근과 소유·통치·자치를 동일시하지 않음,HEURISTIC_PROVISIONAL,NONE
NC-CL-S-000261,CLT-GA7-G7-P06,docs/09_collection/ga7-collection-registry-v1.md#G7-P06,GA7,G7-P06,RF-L05 Dependent-Region Advocate,ENTITY|RELATIONSHIP|STATE_TRANSITION|LOSS_OBLIGATION,C8,C8,ACQUISITION|SYNERGY|COMPLETION_LEGACY,FUNCTIONAL|RELATIONSHIP|CIVILIZATION,800,7D-4,0,SOURCE_THREAD_ID_NOT_UNIQUE_ENTITY_CLAIM,장소·노드·문명은 발견/접근과 소유·통치·자치를 동일시하지 않음,HEURISTIC_PROVISIONAL,NONE
NC-CL-S-000262,CLT-GA7-G7-P07,docs/09_collection/ga7-collection-registry-v1.md#G7-P07,GA7,G7-P07,E-001 / Independence Counterexample,RELATIONSHIP|STATE_TRANSITION|LOSS_OBLIGATION,C1,C1|C8,SYNERGY|COMPLETION_LEGACY,FUNCTIONAL|RELATIONSHIP|CIVILIZATION,800,7D-4,0,SOURCE_THREAD_ID_NOT_UNIQUE_ENTITY_CLAIM,인물은 소유물이 아니며 동의·거절·이탈 가능성을 유지; 장소·노드·문명은 발견/접근과 소유·통치·자치를 동일시하지 않음,HEURISTIC_PROVISIONAL,NONE
NC-CL-S-000263,CLT-GA7-G7-P08,docs/09_collection/ga7-collection-registry-v1.md#G7-P08,GA7,G7-P08,Blood Admiral Incident Victim/Survivor Networks,ENTITY|RELATIONSHIP|STATE_TRANSITION|LOSS_OBLIGATION,C1,C1,ACQUISITION|SYNERGY|COMPLETION_LEGACY,EVENT|RELATIONSHIP,800,7D-4,0,SOURCE_THREAD_ID_NOT_UNIQUE_ENTITY_CLAIM,인물은 소유물이 아니며 동의·거절·이탈 가능성을 유지,HEURISTIC_PROVISIONAL,NONE
NC-CL-S-000264,CLT-GA7-G7-P09,docs/09_collection/ga7-collection-registry-v1.md#G7-P09,GA7,G7-P09,Route Office Successors/Delegated Commanders,ENTITY|RELATIONSHIP|STATE_TRANSITION|LOSS_OBLIGATION,C1,C1|C7|C8,SYNERGY|COMPLETION_LEGACY,EVENT|FUNCTIONAL|RELATIONSHIP|CIVILIZATION,800,7D-4,0,SOURCE_THREAD_ID_NOT_UNIQUE_ENTITY_CLAIM,인물은 소유물이 아니며 동의·거절·이탈 가능성을 유지; 세력·제도는 구성원·대표성·승계와 분리된 독립 의사를 유지; 장소·노드·문명은 발견/접근과 소유·통치·자치를 동일시하지 않음,HEURISTIC_PROVISIONAL,NONE
NC-CL-S-000265,CLT-GA7-G7-R01,docs/09_collection/ga7-collection-registry-v1.md#G7-R01,GA7,G7-R01,Post-Orpheus Route Obligation Map,ENTITY|CONTROL_CLAIM|STATE_TRANSITION|LOSS_OBLIGATION,C7,C7|C8,SYNERGY|COMPLETION_LEGACY,FUNCTIONAL|CIVILIZATION,691|692|693|694|695|696|697|800,7A-1|7D-4,1,SOURCE_THREAD_ID_NOT_UNIQUE_ENTITY_CLAIM,세력·제도는 구성원·대표성·승계와 분리된 독립 의사를 유지; 장소·노드·문명은 발견/접근과 소유·통치·자치를 동일시하지 않음,HEURISTIC_PROVISIONAL,NONE
NC-CL-S-000266,CLT-GA7-G7-R02,docs/09_collection/ga7-collection-registry-v1.md#G7-R02,GA7,G7-R02,Controlled Passage and Compensation Precedent,ENTITY|CONTROL_CLAIM|STATE_TRANSITION|LOSS_OBLIGATION|NARRATIVE_PROMISE,C7,C7|C8,SYNERGY|COMPLETION_LEGACY,CIVILIZATION,698|699|700|701|702|703|704|800,7A-2|7D-4,1,SOURCE_THREAD_ID_NOT_UNIQUE_ENTITY_CLAIM,세력·제도는 구성원·대표성·승계와 분리된 독립 의사를 유지; 장소·노드·문명은 발견/접근과 소유·통치·자치를 동일시하지 않음,HEURISTIC_PROVISIONAL,NONE
NC-CL-S-000267,CLT-GA7-G7-R03,docs/09_collection/ga7-collection-registry-v1.md#G7-R03,GA7,G7-R03,Federation Emergency Mandate,ENTITY|CONTROL_CLAIM|STATE_TRANSITION|LOSS_OBLIGATION,C7,C7,SYNERGY|COMPLETION_LEGACY,CIVILIZATION,705|706|707|708|709|710,7A-3,1,SOURCE_THREAD_ID_NOT_UNIQUE_ENTITY_CLAIM,세력·제도는 구성원·대표성·승계와 분리된 독립 의사를 유지,HEURISTIC_PROVISIONAL,NONE
NC-CL-S-000268,CLT-GA7-G7-R04,docs/09_collection/ga7-collection-registry-v1.md#G7-R04,GA7,G7-R04,Federation–Continuity Minimum Corridor Link,ENTITY|CONTROL_CLAIM|STATE_TRANSITION|LOSS_OBLIGATION,C7,C7|C8,ACQUISITION|SYNERGY|COMPLETION_LEGACY,FUNCTIONAL|CIVILIZATION,711|712|713|714|715|800,7A-4|7D-4,2,SOURCE_THREAD_ID_NOT_UNIQUE_ENTITY_CLAIM,세력·제도는 구성원·대표성·승계와 분리된 독립 의사를 유지; 장소·노드·문명은 발견/접근과 소유·통치·자치를 동일시하지 않음,HEURISTIC_PROVISIONAL,NONE
NC-CL-S-000269,CLT-GA7-G7-R05,docs/09_collection/ga7-collection-registry-v1.md#G7-R05,GA7,G7-R05,Denial Signature and Delegation Map,CONTROL_CLAIM|STATE_TRANSITION|LOSS_OBLIGATION,C7,C7,SYNERGY|COMPLETION_LEGACY,EVENT,716|717|718|719|720|721|722|800,7B-1|7D-4,1,SOURCE_THREAD_ID_NOT_UNIQUE_ENTITY_CLAIM,세력·제도는 구성원·대표성·승계와 분리된 독립 의사를 유지,HEURISTIC_PROVISIONAL,NONE
NC-CL-S-000270,CLT-GA7-G7-R06,docs/09_collection/ga7-collection-registry-v1.md#G7-R06,GA7,G7-R06,Layered Denial Registry D0–D4,CONTROL_CLAIM|STATE_TRANSITION|LOSS_OBLIGATION,C7,C7,SYNERGY|COMPLETION_LEGACY,EVENT|CIVILIZATION,729|730|731|732|733|734|735|800,7B-3|7D-4,1,SOURCE_THREAD_ID_NOT_UNIQUE_ENTITY_CLAIM,세력·제도는 구성원·대표성·승계와 분리된 독립 의사를 유지,HEURISTIC_PROVISIONAL,NONE
NC-CL-S-000271,CLT-GA7-G7-R07,docs/09_collection/ga7-collection-registry-v1.md#G7-R07,GA7,G7-R07,Distributed Denial-Key Custody,ENTITY|CONTROL_CLAIM|STATE_TRANSITION|LOSS_OBLIGATION,C7,C7,ACQUISITION|SYNERGY|COMPLETION_LEGACY,CIVILIZATION,729|730|731|732|733|734|735|736|737|738|739|740|781|782|783|784|785|786|787|788|789|790|800,7B-3|7B-4|7D-3|7D-4,3,SOURCE_THREAD_ID_NOT_UNIQUE_ENTITY_CLAIM,세력·제도는 구성원·대표성·승계와 분리된 독립 의사를 유지,HEURISTIC_PROVISIONAL,NONE
NC-CL-S-000272,CLT-GA7-G7-R08,docs/09_collection/ga7-collection-registry-v1.md#G7-R08,GA7,G7-R08,Office/Title Delegation and Revocation Rules,ENTITY|CONTROL_CLAIM|STATE_TRANSITION|LOSS_OBLIGATION,C7,C7,SYNERGY|COMPLETION_LEGACY,EVENT,736|737|738|739|740|800,7B-4|7D-4,1,SOURCE_THREAD_ID_NOT_UNIQUE_ENTITY_CLAIM,세력·제도는 구성원·대표성·승계와 분리된 독립 의사를 유지,HEURISTIC_PROVISIONAL,NONE
NC-CL-S-000273,CLT-GA7-G7-R09,docs/09_collection/ga7-collection-registry-v1.md#G7-R09,GA7,G7-R09,H-001 D4 Denial Order,CONTROL_CLAIM|STATE_TRANSITION|LOSS_OBLIGATION,C7,C7,SYNERGY|COMPLETION_LEGACY,EVENT,754|755|756|757|758|759|800,7C-3|7D-4,1,SOURCE_THREAD_ID_NOT_UNIQUE_ENTITY_CLAIM,세력·제도는 구성원·대표성·승계와 분리된 독립 의사를 유지,HEURISTIC_PROVISIONAL,NONE
NC-CL-S-000274,CLT-GA7-G7-R10,docs/09_collection/ga7-collection-registry-v1.md#G7-R10,GA7,G7-R10,"Survivor Aid, Claims and Reparation Obligation",ENTITY|CONTROL_CLAIM|STATE_TRANSITION|LOSS_OBLIGATION,C1,C1|C7,ACQUISITION|SYNERGY|COMPLETION_LEGACY,EVENT|FUNCTIONAL|RELATIONSHIP|CIVILIZATION,760|761|762|763|764|765|766|767|768|769|770|771|772|773|774|775|776|777|778|779|780|781|782|783|784|785|786|787|788|789|790|791|792|793|794|795|796|797|798|799|800,7C-4|7D-1|7D-2|7D-3|7D-4,4,SOURCE_THREAD_ID_NOT_UNIQUE_ENTITY_CLAIM,인물은 소유물이 아니며 동의·거절·이탈 가능성을 유지; 세력·제도는 구성원·대표성·승계와 분리된 독립 의사를 유지,HEURISTIC_PROVISIONAL,NONE
NC-CL-S-000275,CLT-GA7-G7-R11,docs/09_collection/ga7-collection-registry-v1.md#G7-R11,GA7,G7-R11,Affected-Region Standing Rule,ENTITY|CONTROL_CLAIM|STATE_TRANSITION|LOSS_OBLIGATION,C7,C7|C8,SYNERGY|COMPLETION_LEGACY,EVENT|CIVILIZATION,741|742|743|744|745|746|747|748|749|750|751|752|753|754|755|756|757|758|759|760|761|762|763|764|765|766|767|768|769|770|771|772|773|774|775|776|777|778|779|780|781|782|783|784|785|786|787|788|789|790|800,7C-1|7C-2|7C-3|7C-4|7D-1|7D-2|7D-3|7D-4,7,SOURCE_THREAD_ID_NOT_UNIQUE_ENTITY_CLAIM,세력·제도는 구성원·대표성·승계와 분리된 독립 의사를 유지; 장소·노드·문명은 발견/접근과 소유·통치·자치를 동일시하지 않음,HEURISTIC_PROVISIONAL,NONE
NC-CL-S-000276,CLT-GA7-G7-R12,docs/09_collection/ga7-collection-registry-v1.md#G7-R12,GA7,G7-R12,Reformed Mutual Route Federation Charter,ENTITY|CONTROL_CLAIM|STATE_TRANSITION|LOSS_OBLIGATION,C7,C7,ACQUISITION|SYNERGY|COMPLETION_LEGACY,EVENT|FUNCTIONAL|RELATIONSHIP|CIVILIZATION,781|782|783|784|785|786|787|788|789|790|791|792|793|794|795|796|797|798|799|800,7D-3|7D-4,2,SOURCE_THREAD_ID_NOT_UNIQUE_ENTITY_CLAIM,세력·제도는 구성원·대표성·승계와 분리된 독립 의사를 유지,HEURISTIC_PROVISIONAL,NONE
NC-CL-S-000277,CLT-GA7-G7-A01,docs/09_collection/ga7-collection-registry-v1.md#G7-A01,GA7,G7-A01,Central Continuity Corridor,ENTITY|STATE_TRANSITION|LOSS_OBLIGATION,C8,C8,ACQUISITION|SYNERGY|COMPLETION_LEGACY,RELATIONSHIP|CIVILIZATION,800,7D-4,0,SOURCE_THREAD_ID_NOT_UNIQUE_ENTITY_CLAIM,장소·노드·문명은 발견/접근과 소유·통치·자치를 동일시하지 않음,HEURISTIC_PROVISIONAL,NONE
NC-CL-S-000278,CLT-GA7-G7-A02,docs/09_collection/ga7-collection-registry-v1.md#G7-A02,GA7,G7-A02,Federation Open/Controlled Route Set,STATE_TRANSITION|LOSS_OBLIGATION|SET,C8,C8,ACQUISITION|SYNERGY|COMPLETION_LEGACY,FUNCTIONAL|CIVILIZATION,800,7D-4,0,SOURCE_THREAD_ID_NOT_UNIQUE_ENTITY_CLAIM,장소·노드·문명은 발견/접근과 소유·통치·자치를 동일시하지 않음,HEURISTIC_PROVISIONAL,NONE
NC-CL-S-000279,CLT-GA7-G7-A03,docs/09_collection/ga7-collection-registry-v1.md#G7-A03,GA7,G7-A03,Reversible D1–D3 Degradation Toolkit,STATE_TRANSITION|LOSS_OBLIGATION,C8,C8,SYNERGY|COMPLETION_LEGACY,FUNCTIONAL|CIVILIZATION,800,7D-4,0,SOURCE_THREAD_ID_NOT_UNIQUE_ENTITY_CLAIM,장소·노드·문명은 발견/접근과 소유·통치·자치를 동일시하지 않음,HEURISTIC_PROVISIONAL,NONE
NC-CL-S-000280,CLT-GA7-G7-A04,docs/09_collection/ga7-collection-registry-v1.md#G7-A04,GA7,G7-A04,Scorched Automatic Trigger Network,ENTITY|STATE_TRANSITION|LOSS_OBLIGATION,C6,C6|C8,DISCOVERY|SYNERGY|COMPLETION_LEGACY,FUNCTIONAL|CIVILIZATION,723|724|725|726|727|728|729|730|731|732|733|734|735|736|737|738|739|740|800,7B-2|7B-3|7B-4|7D-4,3,SOURCE_THREAD_ID_NOT_UNIQUE_ENTITY_CLAIM,장소·노드·문명은 발견/접근과 소유·통치·자치를 동일시하지 않음; 물리 확보와 운용권·인증·정비·승무원·산업능력을 분리,HEURISTIC_PROVISIONAL,NONE
NC-CL-S-000281,CLT-GA7-G7-A05,docs/09_collection/ga7-collection-registry-v1.md#G7-A05,GA7,G7-A05,Target Node/Route of H-001 D4 Incident,ENTITY|STATE_TRANSITION|LOSS_OBLIGATION,C8,C8,SYNERGY|COMPLETION_LEGACY,EVENT|FUNCTIONAL|CIVILIZATION,800,7D-4,0,SOURCE_THREAD_ID_NOT_UNIQUE_ENTITY_CLAIM,장소·노드·문명은 발견/접근과 소유·통치·자치를 동일시하지 않음,HEURISTIC_PROVISIONAL,NONE
NC-CL-S-000282,CLT-GA7-G7-A06,docs/09_collection/ga7-collection-registry-v1.md#G7-A06,GA7,G7-A06,Replacement Route/Service Network,ENTITY|STATE_TRANSITION|LOSS_OBLIGATION,C8,C8,SYNERGY|COMPLETION_LEGACY,FUNCTIONAL|RELATIONSHIP|CIVILIZATION,800,7D-4,0,SOURCE_THREAD_ID_NOT_UNIQUE_ENTITY_CLAIM,장소·노드·문명은 발견/접근과 소유·통치·자치를 동일시하지 않음,HEURISTIC_PROVISIONAL,NONE
NC-CL-S-000283,CLT-GA7-G7-A07,docs/09_collection/ga7-collection-registry-v1.md#G7-A07,GA7,G7-A07,Final Multi-Route Operation Without H-001 Monopoly,ENTITY|STATE_TRANSITION|LOSS_OBLIGATION,C8,C8,SYNERGY|COMPLETION_LEGACY,FUNCTIONAL|CIVILIZATION,781|782|783|784|785|786|787|788|789|790|800,7D-3|7D-4,1,SOURCE_THREAD_ID_NOT_UNIQUE_ENTITY_CLAIM,장소·노드·문명은 발견/접근과 소유·통치·자치를 동일시하지 않음,HEURISTIC_PROVISIONAL,NONE
NC-CL-S-000284,CLT-GA7-G7-M01,docs/09_collection/ga7-collection-registry-v1.md#G7-M01,GA7,G7-M01,H-001 Person Record,ENTITY|CONTROL_CLAIM|STATE_TRANSITION|NARRATIVE_PROMISE,C1,C1,COMPLETION_LEGACY,EVENT|RELATIONSHIP,800,7D-4,0,SOURCE_THREAD_ID_NOT_UNIQUE_ENTITY_CLAIM,인물은 소유물이 아니며 동의·거절·이탈 가능성을 유지,HEURISTIC_PROVISIONAL,NONE
NC-CL-S-000285,CLT-GA7-G7-M02,docs/09_collection/ga7-collection-registry-v1.md#G7-M02,GA7,G7-M02,Route Admiral Office/Title Record,ENTITY|CONTROL_CLAIM|STATE_TRANSITION|NARRATIVE_PROMISE,C1,C1|C7|C8,COMPLETION_LEGACY,EVENT|FUNCTIONAL|RELATIONSHIP|CIVILIZATION,800,7D-4,0,SOURCE_THREAD_ID_NOT_UNIQUE_ENTITY_CLAIM,인물은 소유물이 아니며 동의·거절·이탈 가능성을 유지; 세력·제도는 구성원·대표성·승계와 분리된 독립 의사를 유지; 장소·노드·문명은 발견/접근과 소유·통치·자치를 동일시하지 않음,HEURISTIC_PROVISIONAL,NONE
NC-CL-S-000286,CLT-GA7-G7-M03,docs/09_collection/ga7-collection-registry-v1.md#G7-M03,GA7,G7-M03,Denial Doctrine Record,CONTROL_CLAIM|STATE_TRANSITION|NARRATIVE_PROMISE,C1,C1,SYNERGY|COMPLETION_LEGACY,EVENT|RELATIONSHIP,800,7D-4,0,SOURCE_THREAD_ID_NOT_UNIQUE_ENTITY_CLAIM,인물은 소유물이 아니며 동의·거절·이탈 가능성을 유지,HEURISTIC_PROVISIONAL,NONE
NC-CL-S-000287,CLT-GA7-G7-M04,docs/09_collection/ga7-collection-registry-v1.md#G7-M04,GA7,G7-M04,Command-Key/Signature Lineage,ENTITY|CONTROL_CLAIM|STATE_TRANSITION|NARRATIVE_PROMISE|SET,C4,C4|C7,COMPLETION_LEGACY,LINEAGE|EVENT,800,7D-4,0,SOURCE_THREAD_ID_NOT_UNIQUE_ENTITY_CLAIM,세력·제도는 구성원·대표성·승계와 분리된 독립 의사를 유지,HEURISTIC_PROVISIONAL,NONE
NC-CL-S-000288,CLT-GA7-G7-M05,docs/09_collection/ga7-collection-registry-v1.md#G7-M05,GA7,G7-M05,Successor/Radical Commander Records,ENTITY|STATE_TRANSITION|NARRATIVE_PROMISE,C1,C1,COMPLETION_LEGACY,EVENT|RELATIONSHIP,800,7D-4,0,SOURCE_THREAD_ID_NOT_UNIQUE_ENTITY_CLAIM,인물은 소유물이 아니며 동의·거절·이탈 가능성을 유지,HEURISTIC_PROVISIONAL,NONE
NC-CL-S-000289,CLT-GA7-G7-M06,docs/09_collection/ga7-collection-registry-v1.md#G7-M06,GA7,G7-M06,Propaganda/Supporter/Victim Narrative Set,STATE_TRANSITION|NARRATIVE_PROMISE,C1,C1,SYNERGY|COMPLETION_LEGACY,RELATIONSHIP,800,7D-4,0,SOURCE_THREAD_ID_NOT_UNIQUE_ENTITY_CLAIM,인물은 소유물이 아니며 동의·거절·이탈 가능성을 유지,HEURISTIC_PROVISIONAL,NONE
NC-CL-S-000290,CLT-GA7-G7-M07,docs/09_collection/ga7-collection-registry-v1.md#G7-M07,GA7,G7-M07,Representative Incident Matrix,RELATIONSHIP|STATE_TRANSITION|NARRATIVE_PROMISE,C7,C7,DISCOVERY|COMPLETION_LEGACY,EVENT|RELATIONSHIP,766|767|768|769|770|771|772|800,7D-1|7D-4,1,SOURCE_THREAD_ID_NOT_UNIQUE_ENTITY_CLAIM,세력·제도는 구성원·대표성·승계와 분리된 독립 의사를 유지,HEURISTIC_PROVISIONAL,NONE
NC-CL-S-000291,CLT-GA7-G7-M08,docs/09_collection/ga7-collection-registry-v1.md#G7-M08,GA7,G7-M08,Specific Responsibility Finding,STATE_TRANSITION|NARRATIVE_PROMISE,C7,C7,COMPLETION_LEGACY,EVENT,773|774|775|776|777|778|779|780|781|782|783|784|785|786|787|788|789|790|791|792|793|794|795|796|797|798|799|800,7D-2|7D-3|7D-4,3,SOURCE_THREAD_ID_NOT_UNIQUE_ENTITY_CLAIM,세력·제도는 구성원·대표성·승계와 분리된 독립 의사를 유지,HEURISTIC_PROVISIONAL,NONE
NC-CL-S-000292,CLT-GA7-G7-M09,docs/09_collection/ga7-collection-registry-v1.md#G7-M09,GA7,G7-M09,Decompressed Blood Admiral Archive State,ENTITY|STATE_TRANSITION|LOSS_OBLIGATION|NARRATIVE_PROMISE,C1,C1|C7,DISCOVERY|ACQUISITION|SYNERGY|COMPLETION_LEGACY,EVENT|RELATIONSHIP,791|792|793|794|795|796|797|798|799|800,7D-4,1,SOURCE_THREAD_ID_NOT_UNIQUE_ENTITY_CLAIM,인물은 소유물이 아니며 동의·거절·이탈 가능성을 유지; 세력·제도는 구성원·대표성·승계와 분리된 독립 의사를 유지,HEURISTIC_PROVISIONAL,NONE
NC-CL-S-000293,CLT-GA7-G7-I01,docs/09_collection/ga7-collection-registry-v1.md#G7-I01,GA7,G7-I01,Public Blood Admiral Myth,ENTITY|STATE_TRANSITION|NARRATIVE_PROMISE,C1,C1|C4,COMPLETION_LEGACY,EVENT|RELATIONSHIP,800,7D-4,0,SOURCE_THREAD_ID_NOT_UNIQUE_ENTITY_CLAIM,인물은 소유물이 아니며 동의·거절·이탈 가능성을 유지,HEURISTIC_PROVISIONAL,NONE
NC-CL-S-000294,CLT-GA7-G7-I02,docs/09_collection/ga7-collection-registry-v1.md#G7-I02,GA7,G7-I02,“No One Owns a Route’s Death” Principle,STATE_TRANSITION|LOSS_OBLIGATION|NARRATIVE_PROMISE,C8,C8,SYNERGY|COMPLETION_LEGACY,FUNCTIONAL|CIVILIZATION,800,7D-4,0,SOURCE_THREAD_ID_NOT_UNIQUE_ENTITY_CLAIM,장소·노드·문명은 발견/접근과 소유·통치·자치를 동일시하지 않음,HEURISTIC_PROVISIONAL,NONE
NC-CL-S-000295,CLT-GA8-G8-P01,docs/09_collection/ga8-collection-registry-v1.md#G8-P01,GA8,G8-P01,Continuity Authentication Directorate,ENTITY|RELATIONSHIP|CONTROL_CLAIM,C1,C1|C6|C7|C8,SYNERGY,FUNCTIONAL|RELATIONSHIP|CIVILIZATION,900,8D-4,0,SOURCE_THREAD_ID_NOT_UNIQUE_ENTITY_CLAIM,인물은 소유물이 아니며 동의·거절·이탈 가능성을 유지; 세력·제도는 구성원·대표성·승계와 분리된 독립 의사를 유지; 장소·노드·문명은 발견/접근과 소유·통치·자치를 동일시하지 않음; 물리 확보와 운용권·인증·정비·승무원·산업능력을 분리,DRY_RUN_REVIEWED,NONE
NC-CL-S-000296,CLT-GA8-G8-P02,docs/09_collection/ga8-collection-registry-v1.md#G8-P02,GA8,G8-P02,Plural Archive Coalition,ENTITY|RELATIONSHIP|CONTROL_CLAIM,C1,C1|C6|C7|C8,SYNERGY,FUNCTIONAL|RELATIONSHIP|CIVILIZATION,900,8D-4,0,SOURCE_THREAD_ID_NOT_UNIQUE_ENTITY_CLAIM,인물은 소유물이 아니며 동의·거절·이탈 가능성을 유지; 세력·제도는 구성원·대표성·승계와 분리된 독립 의사를 유지; 장소·노드·문명은 발견/접근과 소유·통치·자치를 동일시하지 않음; 물리 확보와 운용권·인증·정비·승무원·산업능력을 분리,DRY_RUN_REVIEWED,NONE
NC-CL-S-000297,CLT-GA8-G8-P03,docs/09_collection/ga8-collection-registry-v1.md#G8-P03,GA8,G8-P03,Restoration Truth Assembly,ENTITY|RELATIONSHIP|CONTROL_CLAIM|STATE_TRANSITION,C1,C1|C6|C7,SYNERGY,LINEAGE|EVENT|FUNCTIONAL|RELATIONSHIP,900,8D-4,0,SOURCE_THREAD_ID_NOT_UNIQUE_ENTITY_CLAIM,인물은 소유물이 아니며 동의·거절·이탈 가능성을 유지; 세력·제도는 구성원·대표성·승계와 분리된 독립 의사를 유지; 물리 확보와 운용권·인증·정비·승무원·산업능력을 분리,DRY_RUN_REVIEWED,NONE
NC-CL-S-000298,CLT-GA8-G8-P04,docs/09_collection/ga8-collection-registry-v1.md#G8-P04,GA8,G8-P04,Right-to-Forget / Liberation Network,ENTITY|CONTROL_CLAIM|STATE_TRANSITION|LOSS_OBLIGATION,C1,C1|C6|C7,SYNERGY,EVENT|FUNCTIONAL|RELATIONSHIP,900,8D-4,0,SOURCE_THREAD_ID_NOT_UNIQUE_ENTITY_CLAIM,인물은 소유물이 아니며 동의·거절·이탈 가능성을 유지; 세력·제도는 구성원·대표성·승계와 분리된 독립 의사를 유지; 물리 확보와 운용권·인증·정비·승무원·산업능력을 분리,DRY_RUN_REVIEWED,NONE
NC-CL-S-000299,CLT-GA8-G8-P05,docs/09_collection/ga8-collection-registry-v1.md#G8-P05,GA8,G8-P05,AI and Composite Persons Compact,ENTITY|CONTROL_CLAIM|STATE_TRANSITION|LOSS_OBLIGATION,C1,C1|C6|C7,ACQUISITION|SYNERGY,EVENT|FUNCTIONAL|RELATIONSHIP,900,8D-4,0,SOURCE_THREAD_ID_NOT_UNIQUE_ENTITY_CLAIM,인물은 소유물이 아니며 동의·거절·이탈 가능성을 유지; 세력·제도는 구성원·대표성·승계와 분리된 독립 의사를 유지; 물리 확보와 운용권·인증·정비·승무원·산업능력을 분리,DRY_RUN_REVIEWED,NONE
NC-CL-S-000300,CLT-GA8-G8-P06,docs/09_collection/ga8-collection-registry-v1.md#G8-P06,GA8,G8-P06,State/Helix Operational Records Alliance,ENTITY|RELATIONSHIP|CONTROL_CLAIM,C1,C1|C6|C7,SYNERGY,EVENT|FUNCTIONAL|RELATIONSHIP,900,8D-4,0,SOURCE_THREAD_ID_NOT_UNIQUE_ENTITY_CLAIM,인물은 소유물이 아니며 동의·거절·이탈 가능성을 유지; 세력·제도는 구성원·대표성·승계와 분리된 독립 의사를 유지; 물리 확보와 운용권·인증·정비·승무원·산업능력을 분리,DRY_RUN_REVIEWED,NONE
NC-CL-S-000301,CLT-GA8-G8-P07,docs/09_collection/ga8-collection-registry-v1.md#G8-P07,GA8,G8-P07,Palimpsest Custodian Communities,ENTITY|RELATIONSHIP|CONTROL_CLAIM|STATE_TRANSITION|LOSS_OBLIGATION,C6,C6|C7|C8,ACQUISITION|SYNERGY|COMPLETION_LEGACY,FUNCTIONAL|RELATIONSHIP|CIVILIZATION,900,8D-4,0,SOURCE_THREAD_ID_NOT_UNIQUE_ENTITY_CLAIM,세력·제도는 구성원·대표성·승계와 분리된 독립 의사를 유지; 장소·노드·문명은 발견/접근과 소유·통치·자치를 동일시하지 않음; 물리 확보와 운용권·인증·정비·승무원·산업능력을 분리,DRY_RUN_REVIEWED,NONE
NC-CL-S-000302,CLT-GA8-G8-P08,docs/09_collection/ga8-collection-registry-v1.md#G8-P08,GA8,G8-P08,P-001 as Unrecorded Connector / Seed Corrective Candidate,RELATIONSHIP|CONTROL_CLAIM|NARRATIVE_PROMISE,C1,C1|C6|C7,DISCOVERY|ACQUISITION|SYNERGY|COMPLETION_LEGACY,EVENT|FUNCTIONAL|RELATIONSHIP,900,8D-4,1,SOURCE_THREAD_ID_NOT_UNIQUE_ENTITY_CLAIM,인물은 소유물이 아니며 동의·거절·이탈 가능성을 유지; 세력·제도는 구성원·대표성·승계와 분리된 독립 의사를 유지; 물리 확보와 운용권·인증·정비·승무원·산업능력을 분리,DRY_RUN_REVIEWED,NONE
NC-CL-S-000303,CLT-GA8-G8-R01,docs/09_collection/ga8-collection-registry-v1.md#G8-R01,GA8,G8-R01,Temporary Current-Status Layer,CONTROL_CLAIM,C1,C1|C6|C7|C8,ACQUISITION|SYNERGY|COMPLETION_LEGACY,EVENT|FUNCTIONAL|RELATIONSHIP|CIVILIZATION,801|802|803|804|805|806|900,8A-1|8D-4,1,SOURCE_THREAD_ID_NOT_UNIQUE_ENTITY_CLAIM,인물은 소유물이 아니며 동의·거절·이탈 가능성을 유지; 세력·제도는 구성원·대표성·승계와 분리된 독립 의사를 유지; 장소·노드·문명은 발견/접근과 소유·통치·자치를 동일시하지 않음; 물리 확보와 운용권·인증·정비·승무원·산업능력을 분리,DRY_RUN_REVIEWED,NONE
NC-CL-S-000304,CLT-GA8-G8-R02,docs/09_collection/ga8-collection-registry-v1.md#G8-R02,GA8,G8-R02,Public Evidence / Intimate Memory / Operational Status Separation,CONTROL_CLAIM|LOSS_OBLIGATION,C1,C1|C6|C7,SYNERGY|COMPLETION_LEGACY,EVENT|FUNCTIONAL|RELATIONSHIP,807|808|809|810|811|812|813|900,8A-2|8D-4,2,SOURCE_THREAD_ID_NOT_UNIQUE_ENTITY_CLAIM,인물은 소유물이 아니며 동의·거절·이탈 가능성을 유지; 세력·제도는 구성원·대표성·승계와 분리된 독립 의사를 유지; 물리 확보와 운용권·인증·정비·승무원·산업능력을 분리,DRY_RUN_REVIEWED,NONE
NC-CL-S-000305,CLT-GA8-G8-R03,docs/09_collection/ga8-collection-registry-v1.md#G8-R03,GA8,G8-R03,Authority F Multi-Party Access Mandate,CONTROL_CLAIM,C1,C1|C6|C7,ACQUISITION|SYNERGY|COMPLETION_LEGACY,FUNCTIONAL|RELATIONSHIP,814|815|816|817|818|819|900,8A-3|8D-4,1,SOURCE_THREAD_ID_NOT_UNIQUE_ENTITY_CLAIM,인물은 소유물이 아니며 동의·거절·이탈 가능성을 유지; 세력·제도는 구성원·대표성·승계와 분리된 독립 의사를 유지; 물리 확보와 운용권·인증·정비·승무원·산업능력을 분리,DRY_RUN_REVIEWED,NONE
NC-CL-S-000306,CLT-GA8-G8-R04,docs/09_collection/ga8-collection-registry-v1.md#G8-R04,GA8,G8-R04,Provisional AI/Composite/Tool Standing,CONTROL_CLAIM,C1,C1|C6|C7,ACQUISITION|SYNERGY|COMPLETION_LEGACY,EVENT|FUNCTIONAL|RELATIONSHIP,832|833|834|835|836|837|900,8B-2|8D-4,1,SOURCE_THREAD_ID_NOT_UNIQUE_ENTITY_CLAIM,인물은 소유물이 아니며 동의·거절·이탈 가능성을 유지; 세력·제도는 구성원·대표성·승계와 분리된 독립 의사를 유지; 물리 확보와 운용권·인증·정비·승무원·산업능력을 분리,DRY_RUN_REVIEWED,NONE
NC-CL-S-000307,CLT-GA8-G8-R05,docs/09_collection/ga8-collection-registry-v1.md#G8-R05,GA8,G8-R05,Forced-Copy/Merge Accountability Record,CONTROL_CLAIM|STATE_TRANSITION|LOSS_OBLIGATION,C1,C1|C6|C7,SYNERGY|COMPLETION_LEGACY,EVENT|FUNCTIONAL|RELATIONSHIP,838|839|840|841|842|843|844|900,8B-3|8D-4,1,SOURCE_THREAD_ID_NOT_UNIQUE_ENTITY_CLAIM,인물은 소유물이 아니며 동의·거절·이탈 가능성을 유지; 세력·제도는 구성원·대표성·승계와 분리된 독립 의사를 유지; 물리 확보와 운용권·인증·정비·승무원·산업능력을 분리,DRY_RUN_REVIEWED,NONE
NC-CL-S-000308,CLT-GA8-G8-R06,docs/09_collection/ga8-collection-registry-v1.md#G8-R06,GA8,G8-R06,Preserve/Correct/Plural/Forget/Refuse/Audit Rights Framework,CONTROL_CLAIM|SET,C1,C1|C6|C7,ACQUISITION|SYNERGY|COMPLETION_LEGACY,FUNCTIONAL|RELATIONSHIP,845|846|847|848|849|850|851|852|853|854|855|856|857|858|859|860|861|862|863|864|865|866|867|868|869|870|871|872|873|874|875|876|877|878|879|880|881|882|883|884|885|886|887|888|889|890|891|892|893|894|895|896|897|898|899|900,8B-4|8C-1|8C-2|8C-3|8C-4|8D-1|8D-2|8D-3|8D-4,9,SOURCE_THREAD_ID_NOT_UNIQUE_ENTITY_CLAIM,인물은 소유물이 아니며 동의·거절·이탈 가능성을 유지; 세력·제도는 구성원·대표성·승계와 분리된 독립 의사를 유지; 물리 확보와 운용권·인증·정비·승무원·산업능력을 분리,DRY_RUN_REVIEWED,NONE
NC-CL-S-000309,CLT-GA8-G8-R07,docs/09_collection/ga8-collection-registry-v1.md#G8-R07,GA8,G8-R07,Bounded Operational Compression Rules,CONTROL_CLAIM,C1,C1|C6|C7,SYNERGY|COMPLETION_LEGACY,FUNCTIONAL|RELATIONSHIP,863|864|865|866|867|868|869|870|871|872|873|874|875|876|877|878|879|880|881|882|883|884|885|886|887|888|889|890|891|892|893|894|900,8C-3|8C-4|8D-1|8D-2|8D-3|8D-4,5,SOURCE_THREAD_ID_NOT_UNIQUE_ENTITY_CLAIM,인물은 소유물이 아니며 동의·거절·이탈 가능성을 유지; 세력·제도는 구성원·대표성·승계와 분리된 독립 의사를 유지; 물리 확보와 운용권·인증·정비·승무원·산업능력을 분리,DRY_RUN_REVIEWED,NONE
NC-CL-S-000310,CLT-GA8-G8-R08,docs/09_collection/ga8-collection-registry-v1.md#G8-R08,GA8,G8-R08,P-001 Access and Memory-Limit Protocol,CONTROL_CLAIM|STATE_TRANSITION|LOSS_OBLIGATION,C1,C1|C6,ACQUISITION|SYNERGY|COMPLETION_LEGACY,FUNCTIONAL|RELATIONSHIP,857|858|859|860|861|862|863|864|865|866|867|868|869|870|871|872|873|874|875|900,8C-2|8C-3|8C-4|8D-4,3,SOURCE_THREAD_ID_NOT_UNIQUE_ENTITY_CLAIM,인물은 소유물이 아니며 동의·거절·이탈 가능성을 유지; 물리 확보와 운용권·인증·정비·승무원·산업능력을 분리,DRY_RUN_REVIEWED,NONE
NC-CL-S-000311,CLT-GA8-G8-R09,docs/09_collection/ga8-collection-registry-v1.md#G8-R09,GA8,G8-R09,Authority G Split-Key Activation Draft,CONTROL_CLAIM|SET,C1,C1|C6|C7|C8,ACQUISITION|COMPLETION_LEGACY,FUNCTIONAL|RELATIONSHIP|CIVILIZATION,870|871|872|873|874|875,8C-4,1,SOURCE_THREAD_ID_NOT_UNIQUE_ENTITY_CLAIM,인물은 소유물이 아니며 동의·거절·이탈 가능성을 유지; 세력·제도는 구성원·대표성·승계와 분리된 독립 의사를 유지; 장소·노드·문명은 발견/접근과 소유·통치·자치를 동일시하지 않음; 물리 확보와 운용권·인증·정비·승무원·산업능력을 분리,DRY_RUN_REVIEWED,NONE
NC-CL-S-000312,CLT-GA8-G8-R10,docs/09_collection/ga8-collection-registry-v1.md#G8-R10,GA8,G8-R10,Seed Consensus Activation Accord,RELATIONSHIP|CONTROL_CLAIM|STATE_TRANSITION|SET,C1,C1|C6|C7|C8,ACQUISITION|SYNERGY|COMPLETION_LEGACY,EVENT|FUNCTIONAL|RELATIONSHIP|CIVILIZATION,888|889|890|891|892|893|894|900,8D-3|8D-4,1,SOURCE_THREAD_ID_NOT_UNIQUE_ENTITY_CLAIM,인물은 소유물이 아니며 동의·거절·이탈 가능성을 유지; 세력·제도는 구성원·대표성·승계와 분리된 독립 의사를 유지; 장소·노드·문명은 발견/접근과 소유·통치·자치를 동일시하지 않음; 물리 확보와 운용권·인증·정비·승무원·산업능력을 분리,DRY_RUN_REVIEWED,NONE
NC-CL-S-000313,CLT-GA8-G8-A01,docs/09_collection/ga8-collection-registry-v1.md#G8-A01,GA8,G8-A01,Meridian Sacred/Founding Archive Source Set,ENTITY|CONTROL_CLAIM|SET,C4,C4|C7|C8,SYNERGY,RELATIONSHIP|CIVILIZATION,900,8D-4,0,SOURCE_THREAD_ID_NOT_UNIQUE_ENTITY_CLAIM,세력·제도는 구성원·대표성·승계와 분리된 독립 의사를 유지; 장소·노드·문명은 발견/접근과 소유·통치·자치를 동일시하지 않음,DRY_RUN_REVIEWED,NONE
NC-CL-S-000314,CLT-GA8-G8-A02,docs/09_collection/ga8-collection-registry-v1.md#G8-A02,GA8,G8-A02,Black Ward Witness Mesh,ENTITY|RELATIONSHIP|CONTROL_CLAIM|LOSS_OBLIGATION,C1,C1|C6|C7|C8,SYNERGY,EVENT|FUNCTIONAL|RELATIONSHIP|CIVILIZATION,900,8D-4,0,SOURCE_THREAD_ID_NOT_UNIQUE_ENTITY_CLAIM,인물은 소유물이 아니며 동의·거절·이탈 가능성을 유지; 세력·제도는 구성원·대표성·승계와 분리된 독립 의사를 유지; 장소·노드·문명은 발견/접근과 소유·통치·자치를 동일시하지 않음; 물리 확보와 운용권·인증·정비·승무원·산업능력을 분리,DRY_RUN_REVIEWED,NONE
NC-CL-S-000315,CLT-GA8-G8-A03,docs/09_collection/ga8-collection-registry-v1.md#G8-A03,GA8,G8-A03,Ardis/Route Plural Mirror,ENTITY|RELATIONSHIP|CONTROL_CLAIM,C6,C6|C7|C8,SYNERGY,FUNCTIONAL|RELATIONSHIP|CIVILIZATION,900,8D-4,0,SOURCE_THREAD_ID_NOT_UNIQUE_ENTITY_CLAIM,세력·제도는 구성원·대표성·승계와 분리된 독립 의사를 유지; 장소·노드·문명은 발견/접근과 소유·통치·자치를 동일시하지 않음; 물리 확보와 운용권·인증·정비·승무원·산업능력을 분리,DRY_RUN_REVIEWED,NONE
NC-CL-S-000316,CLT-GA8-G8-A04,docs/09_collection/ga8-collection-registry-v1.md#G8-A04,GA8,G8-A04,Palimpsest Regional Mirror Cluster,ENTITY|CONTROL_CLAIM|STATE_TRANSITION|LOSS_OBLIGATION|SET,C6,C6|C7|C8,ACQUISITION|SYNERGY,EVENT|FUNCTIONAL|RELATIONSHIP|CIVILIZATION,826|827|828|829|830|831|832|833|834|835|836|837|838|839|840|841|842|843|844|845|846|847|848|849|850|900,8B-1|8B-2|8B-3|8B-4|8D-4,4,SOURCE_THREAD_ID_NOT_UNIQUE_ENTITY_CLAIM,세력·제도는 구성원·대표성·승계와 분리된 독립 의사를 유지; 장소·노드·문명은 발견/접근과 소유·통치·자치를 동일시하지 않음; 물리 확보와 운용권·인증·정비·승무원·산업능력을 분리,DRY_RUN_REVIEWED,NONE
NC-CL-S-000317,CLT-GA8-G8-A05,docs/09_collection/ga8-collection-registry-v1.md#G8-A05,GA8,G8-A05,Continuity Assembly / Seed Consensus Lattice,ENTITY|CONTROL_CLAIM|STATE_TRANSITION|SET,C6,C6|C7|C8,SYNERGY,FUNCTIONAL|CIVILIZATION,888|889|890|891|892|893|894|895|896|897|898|899|900,8D-3|8D-4,2,SOURCE_THREAD_ID_NOT_UNIQUE_ENTITY_CLAIM,세력·제도는 구성원·대표성·승계와 분리된 독립 의사를 유지; 장소·노드·문명은 발견/접근과 소유·통치·자치를 동일시하지 않음; 물리 확보와 운용권·인증·정비·승무원·산업능력을 분리,DRY_RUN_REVIEWED,NONE
NC-CL-S-000318,CLT-GA8-G8-A06,docs/09_collection/ga8-collection-registry-v1.md#G8-A06,GA8,G8-A06,Service Authority F,CONTROL_CLAIM,C6,C6|C7,ACQUISITION|SYNERGY|COMPLETION_LEGACY,EVENT|FUNCTIONAL,814|815|816|817|818|819|820|821|822|823|824|825|826|827|828|829|830|831|832|833|834|835|836|837|838|839|840|841|842|843|844|845|846|847|848|849|850|900,8A-3|8A-4|8B-1|8B-2|8B-3|8B-4|8D-4,6,SOURCE_THREAD_ID_NOT_UNIQUE_ENTITY_CLAIM,세력·제도는 구성원·대표성·승계와 분리된 독립 의사를 유지; 물리 확보와 운용권·인증·정비·승무원·산업능력을 분리,DRY_RUN_REVIEWED,NONE
NC-CL-S-000319,CLT-GA8-G8-A07,docs/09_collection/ga8-collection-registry-v1.md#G8-A07,GA8,G8-A07,Service Authority G,CONTROL_CLAIM|STATE_TRANSITION,C6,C6|C7,SYNERGY,FUNCTIONAL|RELATIONSHIP,870|871|872|873|874|875|876|877|878|879|880|881|882|883|884|885|886|887|888|889|890|891|892|893|894|900,8C-4|8D-1|8D-2|8D-3|8D-4,3,SOURCE_THREAD_ID_NOT_UNIQUE_ENTITY_CLAIM,세력·제도는 구성원·대표성·승계와 분리된 독립 의사를 유지; 물리 확보와 운용권·인증·정비·승무원·산업능력을 분리,DRY_RUN_REVIEWED,NONE
NC-CL-S-000320,CLT-GA8-G8-A08,docs/09_collection/ga8-collection-registry-v1.md#G8-A08,GA8,G8-A08,Lost/Exposed Mirror or Source Class,STATE_TRANSITION|LOSS_OBLIGATION|NARRATIVE_PROMISE,C4,C4|C6|C7|C8,SYNERGY|COMPLETION_LEGACY,EVENT|FUNCTIONAL|CIVILIZATION,807|808|809|810|811|812|813|814|815|816|817|818|819|820|821|822|823|824|825|826|827|828|829|830|831|832|833|834|835|836|837|838|839|840|841|842|843|844|845|846|847|848|849|850|851|852|853|854|855|856|857|858|859|860|861|862|863|864|865|866|867|868|869|870|871|872|873|874|875|876|877|878|879|880|881|900,8A-2|8A-3|8A-4|8B-1|8B-2|8B-3|8B-4|8C-1|8C-2|8C-3|8C-4|8D-1|8D-4,12,SOURCE_THREAD_ID_NOT_UNIQUE_ENTITY_CLAIM,세력·제도는 구성원·대표성·승계와 분리된 독립 의사를 유지; 장소·노드·문명은 발견/접근과 소유·통치·자치를 동일시하지 않음; 물리 확보와 운용권·인증·정비·승무원·산업능력을 분리,DRY_RUN_REVIEWED,NONE
NC-CL-S-000321,CLT-GA8-G8-M01,docs/09_collection/ga8-collection-registry-v1.md#G8-M01,GA8,G8-M01,Plural Continuity Seed Origin,NARRATIVE_PROMISE|SET,C1,C1|C6|C7|C8,COMPLETION_LEGACY,LINEAGE|FUNCTIONAL|RELATIONSHIP|CIVILIZATION,900,8D-4,0,SOURCE_THREAD_ID_NOT_UNIQUE_ENTITY_CLAIM,인물은 소유물이 아니며 동의·거절·이탈 가능성을 유지; 세력·제도는 구성원·대표성·승계와 분리된 독립 의사를 유지; 장소·노드·문명은 발견/접근과 소유·통치·자치를 동일시하지 않음; 물리 확보와 운용권·인증·정비·승무원·산업능력을 분리,DRY_RUN_REVIEWED,NONE
NC-CL-S-000322,CLT-GA8-G8-M02,docs/09_collection/ga8-collection-registry-v1.md#G8-M02,GA8,G8-M02,Seed Layer Map S0–S5,NARRATIVE_PROMISE|SET,C1,C1|C6|C7|C8,SYNERGY|COMPLETION_LEGACY,EVENT|FUNCTIONAL|RELATIONSHIP|CIVILIZATION,900,8D-4,0,SOURCE_THREAD_ID_NOT_UNIQUE_ENTITY_CLAIM,인물은 소유물이 아니며 동의·거절·이탈 가능성을 유지; 세력·제도는 구성원·대표성·승계와 분리된 독립 의사를 유지; 장소·노드·문명은 발견/접근과 소유·통치·자치를 동일시하지 않음; 물리 확보와 운용권·인증·정비·승무원·산업능력을 분리,DRY_RUN_REVIEWED,NONE
NC-CL-S-000323,CLT-GA8-G8-M03,docs/09_collection/ga8-collection-registry-v1.md#G8-M03,GA8,G8-M03,Compression/Value Ranking Rules,CONTROL_CLAIM|NARRATIVE_PROMISE,C1,C1|C6|C7,SYNERGY|COMPLETION_LEGACY,FUNCTIONAL|RELATIONSHIP,900,8D-4,0,SOURCE_THREAD_ID_NOT_UNIQUE_ENTITY_CLAIM,인물은 소유물이 아니며 동의·거절·이탈 가능성을 유지; 세력·제도는 구성원·대표성·승계와 분리된 독립 의사를 유지; 물리 확보와 운용권·인증·정비·승무원·산업능력을 분리,DRY_RUN_REVIEWED,NONE
NC-CL-S-000324,CLT-GA8-G8-M04,docs/09_collection/ga8-collection-registry-v1.md#G8-M04,GA8,G8-M04,Service Authority Domain Map A–G,CONTROL_CLAIM|NARRATIVE_PROMISE|SET,C6,C6|C7,ACQUISITION|SYNERGY|COMPLETION_LEGACY,FUNCTIONAL,900,8D-4,0,SOURCE_THREAD_ID_NOT_UNIQUE_ENTITY_CLAIM,세력·제도는 구성원·대표성·승계와 분리된 독립 의사를 유지; 물리 확보와 운용권·인증·정비·승무원·산업능력을 분리,DRY_RUN_REVIEWED,NONE
NC-CL-S-000325,CLT-GA8-G8-M05,docs/09_collection/ga8-collection-registry-v1.md#G8-M05,GA8,G8-M05,P-001 Unrecorded Connector Selection,RELATIONSHIP|NARRATIVE_PROMISE,C1,C1|C6,COMPLETION_LEGACY,EVENT|FUNCTIONAL|RELATIONSHIP,900,8D-4,0,SOURCE_THREAD_ID_NOT_UNIQUE_ENTITY_CLAIM,인물은 소유물이 아니며 동의·거절·이탈 가능성을 유지; 물리 확보와 운용권·인증·정비·승무원·산업능력을 분리,DRY_RUN_REVIEWED,NONE
NC-CL-S-000326,CLT-GA8-G8-M06,docs/09_collection/ga8-collection-registry-v1.md#G8-M06,GA8,G8-M06,Regression/Uncertainty-Correction Mechanism,STATE_TRANSITION|NARRATIVE_PROMISE,C1,C1|C6,COMPLETION_LEGACY,FUNCTIONAL|RELATIONSHIP,900,8D-4,0,SOURCE_THREAD_ID_NOT_UNIQUE_ENTITY_CLAIM,인물은 소유물이 아니며 동의·거절·이탈 가능성을 유지; 물리 확보와 운용권·인증·정비·승무원·산업능력을 분리,DRY_RUN_REVIEWED,NONE
NC-CL-S-000327,CLT-GA8-G8-M07,docs/09_collection/ga8-collection-registry-v1.md#G8-M07,GA8,G8-M07,Memory Contamination/Bidirectional Indexing,RELATIONSHIP|STATE_TRANSITION|LOSS_OBLIGATION|NARRATIVE_PROMISE,C1,C1|C6,COMPLETION_LEGACY,FUNCTIONAL|RELATIONSHIP,900,8D-4,0,SOURCE_THREAD_ID_NOT_UNIQUE_ENTITY_CLAIM,인물은 소유물이 아니며 동의·거절·이탈 가능성을 유지; 물리 확보와 운용권·인증·정비·승무원·산업능력을 분리,DRY_RUN_REVIEWED,NONE
NC-CL-S-000328,CLT-GA8-G8-M08,docs/09_collection/ga8-collection-registry-v1.md#G8-M08,GA8,G8-M08,"Seed Is Institution, Not Singular Person",ENTITY|NARRATIVE_PROMISE|SET,C1,C1|C6|C7|C8,SYNERGY|COMPLETION_LEGACY,FUNCTIONAL|RELATIONSHIP|CIVILIZATION,900,8D-4,1,SOURCE_THREAD_ID_NOT_UNIQUE_ENTITY_CLAIM,인물은 소유물이 아니며 동의·거절·이탈 가능성을 유지; 세력·제도는 구성원·대표성·승계와 분리된 독립 의사를 유지; 장소·노드·문명은 발견/접근과 소유·통치·자치를 동일시하지 않음; 물리 확보와 운용권·인증·정비·승무원·산업능력을 분리,DRY_RUN_REVIEWED,NONE
NC-CL-S-000329,CLT-GA8-G8-I01,docs/09_collection/ga8-collection-registry-v1.md#G8-I01,GA8,G8-I01,“Complete History” Myth,STATE_TRANSITION|NARRATIVE_PROMISE|SET,C4,C4|C6|C7|C8,COMPLETION_LEGACY,LINEAGE|EVENT|FUNCTIONAL|CIVILIZATION,900,8D-4,0,SOURCE_THREAD_ID_NOT_UNIQUE_ENTITY_CLAIM,세력·제도는 구성원·대표성·승계와 분리된 독립 의사를 유지; 장소·노드·문명은 발견/접근과 소유·통치·자치를 동일시하지 않음; 물리 확보와 운용권·인증·정비·승무원·산업능력을 분리,DRY_RUN_REVIEWED,NONE
NC-CL-S-000330,CLT-GA8-G8-I02,docs/09_collection/ga8-collection-registry-v1.md#G8-I02,GA8,G8-I02,Executable History Principle,CONTROL_CLAIM|NARRATIVE_PROMISE,C1,C1|C6|C7|C8,SYNERGY|COMPLETION_LEGACY,EVENT|FUNCTIONAL|RELATIONSHIP|CIVILIZATION,900,8D-4,0,SOURCE_THREAD_ID_NOT_UNIQUE_ENTITY_CLAIM,인물은 소유물이 아니며 동의·거절·이탈 가능성을 유지; 세력·제도는 구성원·대표성·승계와 분리된 독립 의사를 유지; 장소·노드·문명은 발견/접근과 소유·통치·자치를 동일시하지 않음; 물리 확보와 운용권·인증·정비·승무원·산업능력을 분리,DRY_RUN_REVIEWED,NONE
NC-CL-S-000331,CLT-GA9-G9-P01,docs/09_collection/ga9-collection-registry-v1.md#G9-P01,GA9,G9-P01,A-001 / Continuity Directorate,ENTITY|STATE_TRANSITION|LOSS_OBLIGATION,C7,C7,SYNERGY,FUNCTIONAL|RELATIONSHIP,1000,9D-4,1,SOURCE_THREAD_ID_NOT_UNIQUE_ENTITY_CLAIM,세력·제도는 구성원·대표성·승계와 분리된 독립 의사를 유지,HEURISTIC_PROVISIONAL,NONE
NC-CL-S-000332,CLT-GA9-G9-P02,docs/09_collection/ga9-collection-registry-v1.md#G9-P02,GA9,G9-P02,Beneficiary Community Coalition,ENTITY|RELATIONSHIP|STATE_TRANSITION|LOSS_OBLIGATION,C7,C7|C8,SYNERGY,RELATIONSHIP|CIVILIZATION,1000,9D-4,1,SOURCE_THREAD_ID_NOT_UNIQUE_ENTITY_CLAIM,세력·제도는 구성원·대표성·승계와 분리된 독립 의사를 유지; 장소·노드·문명은 발견/접근과 소유·통치·자치를 동일시하지 않음,HEURISTIC_PROVISIONAL,NONE
NC-CL-S-000333,CLT-GA9-G9-P03,docs/09_collection/ga9-collection-registry-v1.md#G9-P03,GA9,G9-P03,Internal Plural Safeguard Reformers,STATE_TRANSITION|LOSS_OBLIGATION,C4,C4,SYNERGY,EVENT,1000,9D-4,1,SOURCE_THREAD_ID_NOT_UNIQUE_ENTITY_CLAIM,기존 Collection Bible의 비소유/비자동호환 규칙 유지,HEURISTIC_PROVISIONAL,NONE
NC-CL-S-000334,CLT-GA9-G9-P04,docs/09_collection/ga9-collection-registry-v1.md#G9-P04,GA9,G9-P04,Cascade Security Forces/Hardliner,STATE_TRANSITION|LOSS_OBLIGATION,C7,C7,SYNERGY,EVENT,1000,9D-4,2,SOURCE_THREAD_ID_NOT_UNIQUE_ENTITY_CLAIM,세력·제도는 구성원·대표성·승계와 분리된 독립 의사를 유지,HEURISTIC_PROVISIONAL,NONE
NC-CL-S-000335,CLT-GA9-G9-P05,docs/09_collection/ga9-collection-registry-v1.md#G9-P05,GA9,G9-P05,Opt-Out/Hybrid Regions,STATE_TRANSITION|LOSS_OBLIGATION,C6,C6,SYNERGY,EVENT|FUNCTIONAL|CIVILIZATION,1000,9D-4,1,SOURCE_THREAD_ID_NOT_UNIQUE_ENTITY_CLAIM,물리 확보와 운용권·인증·정비·승무원·산업능력을 분리,HEURISTIC_PROVISIONAL,NONE
NC-CL-S-000336,CLT-GA9-G9-P06,docs/09_collection/ga9-collection-registry-v1.md#G9-P06,GA9,G9-P06,Industrial/Medical Partners,STATE_TRANSITION|LOSS_OBLIGATION,C7,C7,SYNERGY,FUNCTIONAL|RELATIONSHIP,1000,9D-4,0,SOURCE_THREAD_ID_NOT_UNIQUE_ENTITY_CLAIM,세력·제도는 구성원·대표성·승계와 분리된 독립 의사를 유지,HEURISTIC_PROVISIONAL,NONE
NC-CL-S-000337,CLT-GA9-G9-P07,docs/09_collection/ga9-collection-registry-v1.md#G9-P07,GA9,G9-P07,AI Continuity Citizens and Ambiguous Entities,ENTITY|RELATIONSHIP|STATE_TRANSITION|LOSS_OBLIGATION,C1,C1|C7,SYNERGY,RELATIONSHIP,1000,9D-4,2,SOURCE_THREAD_ID_NOT_UNIQUE_ENTITY_CLAIM,인물은 소유물이 아니며 동의·거절·이탈 가능성을 유지; 세력·제도는 구성원·대표성·승계와 분리된 독립 의사를 유지,SPECIALIST_CORRECTED,NONE
NC-CL-S-000338,CLT-GA9-G9-P08,docs/09_collection/ga9-collection-registry-v1.md#G9-P08,GA9,G9-P08,P-001 Human Corrective Office,ENTITY|STATE_TRANSITION|LOSS_OBLIGATION,C7,C7,SYNERGY,FUNCTIONAL,913|914|915|916|917|918|970|971|972|973|974|975|976|977|978|979|980|981|1000,9A-3|9C-4|9D-1|9D-4,6,SOURCE_THREAD_ID_NOT_UNIQUE_ENTITY_CLAIM,세력·제도는 구성원·대표성·승계와 분리된 독립 의사를 유지,HEURISTIC_PROVISIONAL,NONE
NC-CL-S-000339,CLT-GA9-G9-R01,docs/09_collection/ga9-collection-registry-v1.md#G9-R01,GA9,G9-R01,Guaranteed Minimum-Service Corridor,ENTITY|STATE_TRANSITION|LOSS_OBLIGATION,C8,C8,SYNERGY,FUNCTIONAL|CIVILIZATION,1000,9D-4,1,SOURCE_THREAD_ID_NOT_UNIQUE_ENTITY_CLAIM,장소·노드·문명은 발견/접근과 소유·통치·자치를 동일시하지 않음,HEURISTIC_PROVISIONAL,NONE
NC-CL-S-000340,CLT-GA9-G9-R02,docs/09_collection/ga9-collection-registry-v1.md#G9-R02,GA9,G9-R02,Domain Classification Audit Map,STATE_TRANSITION|LOSS_OBLIGATION,C7,C7,SYNERGY,EVENT,907|908|909|910|911|912|1000,9A-2|9D-4,1,SOURCE_THREAD_ID_NOT_UNIQUE_ENTITY_CLAIM,세력·제도는 구성원·대표성·승계와 분리된 독립 의사를 유지,HEURISTIC_PROVISIONAL,NONE
NC-CL-S-000341,CLT-GA9-G9-R03,docs/09_collection/ga9-collection-registry-v1.md#G9-R03,GA9,G9-R03,Emergency Appeal/Temporary Standing Provision,STATE_TRANSITION|LOSS_OBLIGATION,C7,C7,SYNERGY|COMPLETION_LEGACY,EVENT,926|927|928|929|930|931|1000,9B-1|9D-4,2,SOURCE_THREAD_ID_NOT_UNIQUE_ENTITY_CLAIM,세력·제도는 구성원·대표성·승계와 분리된 독립 의사를 유지,HEURISTIC_PROVISIONAL,NONE
NC-CL-S-000342,CLT-GA9-G9-R04,docs/09_collection/ga9-collection-registry-v1.md#G9-R04,GA9,G9-R04,Hybrid Opt-Out Compact,RELATIONSHIP|STATE_TRANSITION|LOSS_OBLIGATION,C7,C7,SYNERGY,EVENT|RELATIONSHIP,932|933|934|935|936|937|1000,9B-2|9D-4,2,SOURCE_THREAD_ID_NOT_UNIQUE_ENTITY_CLAIM,세력·제도는 구성원·대표성·승계와 분리된 독립 의사를 유지,HEURISTIC_PROVISIONAL,NONE
NC-CL-S-000343,CLT-GA9-G9-R05,docs/09_collection/ga9-collection-registry-v1.md#G9-R05,GA9,G9-R05,Conditional Trusteeship Terms,STATE_TRANSITION|LOSS_OBLIGATION,C7,C7,SYNERGY,FUNCTIONAL|RELATIONSHIP,945|946|947|948|949|950|951|952|953|954|955|956|1000,9B-4|9C-1|9D-4,2,SOURCE_THREAD_ID_NOT_UNIQUE_ENTITY_CLAIM,세력·제도는 구성원·대표성·승계와 분리된 독립 의사를 유지,HEURISTIC_PROVISIONAL,NONE
NC-CL-S-000344,CLT-GA9-G9-R06,docs/09_collection/ga9-collection-registry-v1.md#G9-R06,GA9,G9-R06,Internal Key/Mirror/Evidence Transfer Network,ENTITY|CONTROL_CLAIM|STATE_TRANSITION|LOSS_OBLIGATION,C4,C4,SYNERGY,EVENT,957|958|959|960|961|962|963|964|965|966|967|968|969|1000,9C-2|9C-3|9D-4,2,SOURCE_THREAD_ID_NOT_UNIQUE_ENTITY_CLAIM,기존 Collection Bible의 비소유/비자동호환 규칙 유지,HEURISTIC_PROVISIONAL,NONE
NC-CL-S-000345,CLT-GA9-G9-R07,docs/09_collection/ga9-collection-registry-v1.md#G9-R07,GA9,G9-R07,Corrective Classification Override Log,ENTITY|STATE_TRANSITION|LOSS_OBLIGATION,C4,C4,SYNERGY,EVENT,1000,9D-4,1,SOURCE_THREAD_ID_NOT_UNIQUE_ENTITY_CLAIM,기존 Collection Bible의 비소유/비자동호환 규칙 유지,HEURISTIC_PROVISIONAL,NONE
NC-CL-S-000346,CLT-GA9-G9-R08,docs/09_collection/ga9-collection-registry-v1.md#G9-R08,GA9,G9-R08,Forced Synchronization and Harm Ledger,STATE_TRANSITION|LOSS_OBLIGATION,C7,C7,SYNERGY,CIVILIZATION,951|952|953|954|955|956|957|958|959|960|961|962|963|964|965|966|967|968|969|970|971|972|973|974|975|976|977|978|979|980|981|982|983|984|985|986|987|988|1000,9C-1|9C-2|9C-3|9C-4|9D-1|9D-2|9D-4,7,SOURCE_THREAD_ID_NOT_UNIQUE_ENTITY_CLAIM,세력·제도는 구성원·대표성·승계와 분리된 독립 의사를 유지,HEURISTIC_PROVISIONAL,NONE
NC-CL-S-000347,CLT-GA9-G9-R09,docs/09_collection/ga9-collection-registry-v1.md#G9-R09,GA9,G9-R09,Seed/Service Continuity Handoff Requirements,STATE_TRANSITION,C7,C7,ACQUISITION|SYNERGY,CIVILIZATION,989|990|991|992|993|994|995|996|997|998|999|1000,9D-3|9D-4,2,SOURCE_THREAD_ID_NOT_UNIQUE_ENTITY_CLAIM,세력·제도는 구성원·대표성·승계와 분리된 독립 의사를 유지,HEURISTIC_PROVISIONAL,NONE
NC-CL-S-000348,CLT-GA9-G9-R10,docs/09_collection/ga9-collection-registry-v1.md#G9-R10,GA9,G9-R10,Staged Distribution Mandate,CONTROL_CLAIM|STATE_TRANSITION|LOSS_OBLIGATION,C7,C7,SYNERGY,EVENT,996|997|998|999|1000,9D-4,1,SOURCE_THREAD_ID_NOT_UNIQUE_ENTITY_CLAIM,세력·제도는 구성원·대표성·승계와 분리된 독립 의사를 유지,HEURISTIC_PROVISIONAL,NONE
NC-CL-S-000349,CLT-GA9-G9-A01,docs/09_collection/ga9-collection-registry-v1.md#G9-A01,GA9,G9-A01,Active Seed Consensus Service,STATE_TRANSITION|LOSS_OBLIGATION,C7,C7,SYNERGY|COMPLETION_LEGACY,FUNCTIONAL,1000,9D-4,0,SOURCE_THREAD_ID_NOT_UNIQUE_ENTITY_CLAIM,세력·제도는 구성원·대표성·승계와 분리된 독립 의사를 유지,HEURISTIC_PROVISIONAL,NONE
NC-CL-S-000350,CLT-GA9-G9-A02,docs/09_collection/ga9-collection-registry-v1.md#G9-A02,GA9,G9-A02,P-001 Central Corrective Key/Interface,ENTITY|STATE_TRANSITION|LOSS_OBLIGATION,C4,C4,ACQUISITION|SYNERGY|COMPLETION_LEGACY,EVENT,970|971|972|973|974|975|976|977|978|979|980|981|1000,9C-4|9D-1|9D-4,2,SOURCE_THREAD_ID_NOT_UNIQUE_ENTITY_CLAIM,기존 Collection Bible의 비소유/비자동호환 규칙 유지,HEURISTIC_PROVISIONAL,NONE
NC-CL-S-000351,CLT-GA9-G9-A03,docs/09_collection/ga9-collection-registry-v1.md#G9-A03,GA9,G9-A03,Split Mirrors and Regional Keys,STATE_TRANSITION|LOSS_OBLIGATION,C7,C7,ACQUISITION|SYNERGY|COMPLETION_LEGACY,CIVILIZATION,1000,9D-4,1,SOURCE_THREAD_ID_NOT_UNIQUE_ENTITY_CLAIM,세력·제도는 구성원·대표성·승계와 분리된 독립 의사를 유지,HEURISTIC_PROVISIONAL,NONE
NC-CL-S-000352,CLT-GA9-G9-A04,docs/09_collection/ga9-collection-registry-v1.md#G9-A04,GA9,G9-A04,Continuity Military/Protection Network,ENTITY|STATE_TRANSITION|LOSS_OBLIGATION,C6,C6,SYNERGY|COMPLETION_LEGACY,FUNCTIONAL|CIVILIZATION,1000,9D-4,0,SOURCE_THREAD_ID_NOT_UNIQUE_ENTITY_CLAIM,물리 확보와 운용권·인증·정비·승무원·산업능력을 분리,HEURISTIC_PROVISIONAL,NONE
NC-CL-S-000353,CLT-GA9-G9-A05,docs/09_collection/ga9-collection-registry-v1.md#G9-A05,GA9,G9-A05,Appeals and Review Infrastructure,STATE_TRANSITION|LOSS_OBLIGATION,C6,C6,ACQUISITION|SYNERGY|COMPLETION_LEGACY,FUNCTIONAL,1000,9D-4,0,SOURCE_THREAD_ID_NOT_UNIQUE_ENTITY_CLAIM,물리 확보와 운용권·인증·정비·승무원·산업능력을 분리,HEURISTIC_PROVISIONAL,NONE
NC-CL-S-000354,CLT-GA9-G9-A06,docs/09_collection/ga9-collection-registry-v1.md#G9-A06,GA9,G9-A06,Manual/Local Technical Fallbacks,STATE_TRANSITION|LOSS_OBLIGATION,C6,C6,SYNERGY|COMPLETION_LEGACY,FUNCTIONAL|CIVILIZATION,1000,9D-4,0,SOURCE_THREAD_ID_NOT_UNIQUE_ENTITY_CLAIM,물리 확보와 운용권·인증·정비·승무원·산업능력을 분리,SPECIALIST_CORRECTED,NONE
NC-CL-S-000355,CLT-GA9-G9-A07,docs/09_collection/ga9-collection-registry-v1.md#G9-A07,GA9,G9-A07,Distributed Minimum-Service Staff/Network,ENTITY|STATE_TRANSITION|LOSS_OBLIGATION,C6,C6,SYNERGY|COMPLETION_LEGACY,FUNCTIONAL|CIVILIZATION,1000,9D-4,0,SOURCE_THREAD_ID_NOT_UNIQUE_ENTITY_CLAIM,물리 확보와 운용권·인증·정비·승무원·산업능력을 분리,HEURISTIC_PROVISIONAL,NONE
NC-CL-S-000356,CLT-GA9-G9-M01,docs/09_collection/ga9-collection-registry-v1.md#G9-M01,GA9,G9-M01,Administrative Death at Scale,STATE_TRANSITION|NARRATIVE_PROMISE,C7,C7,COMPLETION_LEGACY,FUNCTIONAL,1000,9D-4,0,SOURCE_THREAD_ID_NOT_UNIQUE_ENTITY_CLAIM,세력·제도는 구성원·대표성·승계와 분리된 독립 의사를 유지,HEURISTIC_PROVISIONAL,NONE
NC-CL-S-000357,CLT-GA9-G9-M02,docs/09_collection/ga9-collection-registry-v1.md#G9-M02,GA9,G9-M02,Central Command’s Real Efficiency,CONTROL_CLAIM|STATE_TRANSITION|NARRATIVE_PROMISE,C7,C7,COMPLETION_LEGACY,EVENT,1000,9D-4,1,SOURCE_THREAD_ID_NOT_UNIQUE_ENTITY_CLAIM,세력·제도는 구성원·대표성·승계와 분리된 독립 의사를 유지,HEURISTIC_PROVISIONAL,NONE
NC-CL-S-000358,CLT-GA9-G9-M03,docs/09_collection/ga9-collection-registry-v1.md#G9-M03,GA9,G9-M03,P-001 Safest-Dictator State,STATE_TRANSITION|NARRATIVE_PROMISE,C7,C7,COMPLETION_LEGACY,EVENT,1000,9D-4,0,SOURCE_THREAD_ID_NOT_UNIQUE_ENTITY_CLAIM,세력·제도는 구성원·대표성·승계와 분리된 독립 의사를 유지,HEURISTIC_PROVISIONAL,NONE
NC-CL-S-000359,CLT-GA9-G9-M04,docs/09_collection/ga9-collection-registry-v1.md#G9-M04,GA9,G9-M04,Human/AI/Institution Responsibility Split,STATE_TRANSITION|NARRATIVE_PROMISE,C7,C7,COMPLETION_LEGACY,EVENT,1000,9D-4,0,SOURCE_THREAD_ID_NOT_UNIQUE_ENTITY_CLAIM,세력·제도는 구성원·대표성·승계와 분리된 독립 의사를 유지,HEURISTIC_PROVISIONAL,NONE
NC-CL-S-000360,CLT-GA9-G9-I01,docs/09_collection/ga9-collection-registry-v1.md#G9-I01,GA9,G9-I01,Preserved Galaxy Narrative,STATE_TRANSITION|NARRATIVE_PROMISE,C7,C7,COMPLETION_LEGACY,EVENT,1000,9D-4,0,SOURCE_THREAD_ID_NOT_UNIQUE_ENTITY_CLAIM,세력·제도는 구성원·대표성·승계와 분리된 독립 의사를 유지,HEURISTIC_PROVISIONAL,NONE
NC-CL-S-000361,CLT-GA9-G9-I02,docs/09_collection/ga9-collection-registry-v1.md#G9-I02,GA9,G9-I02,“No Safe Moment to Return Power” Principle,STATE_TRANSITION|NARRATIVE_PROMISE,C7,C7,COMPLETION_LEGACY,EVENT,1000,9D-4,0,SOURCE_THREAD_ID_NOT_UNIQUE_ENTITY_CLAIM,세력·제도는 구성원·대표성·승계와 분리된 독립 의사를 유지,HEURISTIC_PROVISIONAL,NONE
NC-CL-S-000362,CLT-GA10-G10-P01,docs/09_collection/ga10-final-collection-and-payoff-registry-v1.md#G10-P01,GA10,G10-P01,P-001 Central Corrective Command,CONTROL_CLAIM|STATE_TRANSITION|LOSS_OBLIGATION,C1,C1|C7,SYNERGY|COMPLETION_LEGACY,FUNCTIONAL|RELATIONSHIP|CIVILIZATION,1100,10D-4,13,SOURCE_THREAD_ID_NOT_UNIQUE_ENTITY_CLAIM,인물은 소유물이 아니며 동의·거절·이탈 가능성을 유지; 세력·제도는 구성원·대표성·승계와 분리된 독립 의사를 유지,DRY_RUN_REVIEWED,NONE
NC-CL-S-000363,CLT-GA10-G10-P02,docs/09_collection/ga10-final-collection-and-payoff-registry-v1.md#G10-P02,GA10,G10-P02,Exclusive Future/Archive Index,CONTROL_CLAIM|STATE_TRANSITION|LOSS_OBLIGATION,C1,C1|C6,ACQUISITION|COMPLETION_LEGACY,FUNCTIONAL|RELATIONSHIP,1100,10D-4,2,SOURCE_THREAD_ID_NOT_UNIQUE_ENTITY_CLAIM,인물은 소유물이 아니며 동의·거절·이탈 가능성을 유지; 물리 확보와 운용권·인증·정비·승무원·산업능력을 분리,DRY_RUN_REVIEWED,NONE
NC-CL-S-000364,CLT-GA10-G10-P03,docs/09_collection/ga10-final-collection-and-payoff-registry-v1.md#G10-P03,GA10,G10-P03,Ownership of Collected Legacy,RELATIONSHIP|CONTROL_CLAIM|STATE_TRANSITION|LOSS_OBLIGATION|SET,C1,C1|C2|C5|C6|C7,SYNERGY|COMPLETION_LEGACY,EVENT|FUNCTIONAL|RELATIONSHIP,1100,10D-4,1,SOURCE_THREAD_ID_NOT_UNIQUE_ENTITY_CLAIM,인물은 소유물이 아니며 동의·거절·이탈 가능성을 유지; 세력·제도는 구성원·대표성·승계와 분리된 독립 의사를 유지; 물리 확보와 운용권·인증·정비·승무원·산업능력을 분리,DRY_RUN_REVIEWED,NONE
NC-CL-S-000365,CLT-GA10-G10-P04,docs/09_collection/ga10-final-collection-and-payoff-registry-v1.md#G10-P04,GA10,G10-P04,One Canonical History,CONTROL_CLAIM|STATE_TRANSITION|LOSS_OBLIGATION,C1,C1|C6|C7,SYNERGY|COMPLETION_LEGACY,EVENT|FUNCTIONAL|RELATIONSHIP,1100,10D-4,5,SOURCE_THREAD_ID_NOT_UNIQUE_ENTITY_CLAIM,인물은 소유물이 아니며 동의·거절·이탈 가능성을 유지; 세력·제도는 구성원·대표성·승계와 분리된 독립 의사를 유지; 물리 확보와 운용권·인증·정비·승무원·산업능력을 분리,DRY_RUN_REVIEWED,NONE
NC-CL-S-000366,CLT-GA10-G10-P05,docs/09_collection/ga10-final-collection-and-payoff-registry-v1.md#G10-P05,GA10,G10-P05,Repeatable Regression/Reset Option,CONTROL_CLAIM|STATE_TRANSITION|LOSS_OBLIGATION,C1,C1|C6|C7,COMPLETION_LEGACY,FUNCTIONAL|RELATIONSHIP,1100,10D-4,0,SOURCE_THREAD_ID_NOT_UNIQUE_ENTITY_CLAIM,인물은 소유물이 아니며 동의·거절·이탈 가능성을 유지; 세력·제도는 구성원·대표성·승계와 분리된 독립 의사를 유지; 물리 확보와 운용권·인증·정비·승무원·산업능력을 분리,DRY_RUN_REVIEWED,NONE
NC-CL-S-000367,CLT-GA10-G10-R01,docs/09_collection/ga10-final-collection-and-payoff-registry-v1.md#G10-R01,GA10,G10-R01,Regional Current-Status Authorities,ENTITY|CONTROL_CLAIM|STATE_TRANSITION|LOSS_OBLIGATION,C1,C1|C6|C7|C8,ACQUISITION|SYNERGY|COMPLETION_LEGACY,EVENT|FUNCTIONAL|RELATIONSHIP|CIVILIZATION,1100,10D-4,4,SOURCE_THREAD_ID_NOT_UNIQUE_ENTITY_CLAIM,인물은 소유물이 아니며 동의·거절·이탈 가능성을 유지; 세력·제도는 구성원·대표성·승계와 분리된 독립 의사를 유지; 장소·노드·문명은 발견/접근과 소유·통치·자치를 동일시하지 않음; 물리 확보와 운용권·인증·정비·승무원·산업능력을 분리,DRY_RUN_REVIEWED,NONE
NC-CL-S-000368,CLT-GA10-G10-R02,docs/09_collection/ga10-final-collection-and-payoff-registry-v1.md#G10-R02,GA10,G10-R02,Minimum-Service and Equalization Compact,ENTITY|CONTROL_CLAIM|STATE_TRANSITION|LOSS_OBLIGATION,C7,C7|C8,SYNERGY|COMPLETION_LEGACY,CIVILIZATION,1100,10D-4,0,SOURCE_THREAD_ID_NOT_UNIQUE_ENTITY_CLAIM,세력·제도는 구성원·대표성·승계와 분리된 독립 의사를 유지; 장소·노드·문명은 발견/접근과 소유·통치·자치를 동일시하지 않음,DRY_RUN_REVIEWED,NONE
NC-CL-S-000369,CLT-GA10-G10-R03,docs/09_collection/ga10-final-collection-and-payoff-registry-v1.md#G10-R03,GA10,G10-R03,Route/Node Federation and Local Custody,ENTITY|CONTROL_CLAIM|STATE_TRANSITION|LOSS_OBLIGATION,C7,C7|C8,ACQUISITION|SYNERGY|COMPLETION_LEGACY,EVENT|FUNCTIONAL|CIVILIZATION,1100,10D-4,1,SOURCE_THREAD_ID_NOT_UNIQUE_ENTITY_CLAIM,세력·제도는 구성원·대표성·승계와 분리된 독립 의사를 유지; 장소·노드·문명은 발견/접근과 소유·통치·자치를 동일시하지 않음,DRY_RUN_REVIEWED,NONE
NC-CL-S-000370,CLT-GA10-G10-R04,docs/09_collection/ga10-final-collection-and-payoff-registry-v1.md#G10-R04,GA10,G10-R04,Common Fleet / Mission Command Network,ENTITY|CONTROL_CLAIM|STATE_TRANSITION|LOSS_OBLIGATION,C5,C5|C7,SYNERGY|COMPLETION_LEGACY,EVENT|FUNCTIONAL,1100,10D-4,6,SOURCE_THREAD_ID_NOT_UNIQUE_ENTITY_CLAIM,세력·제도는 구성원·대표성·승계와 분리된 독립 의사를 유지; 물리 확보와 운용권·인증·정비·승무원·산업능력을 분리,DRY_RUN_REVIEWED,NONE
NC-CL-S-000371,CLT-GA10-G10-R05,docs/09_collection/ga10-final-collection-and-payoff-registry-v1.md#G10-R05,GA10,G10-R05,Technical and Medical Commons,ENTITY|CONTROL_CLAIM|STATE_TRANSITION|LOSS_OBLIGATION,C1,C1|C6|C7,SYNERGY|COMPLETION_LEGACY,FUNCTIONAL|RELATIONSHIP,1100,10D-4,6,SOURCE_THREAD_ID_NOT_UNIQUE_ENTITY_CLAIM,인물은 소유물이 아니며 동의·거절·이탈 가능성을 유지; 세력·제도는 구성원·대표성·승계와 분리된 독립 의사를 유지; 물리 확보와 운용권·인증·정비·승무원·산업능력을 분리,DRY_RUN_REVIEWED,NONE
NC-CL-S-000372,CLT-GA10-G10-R06,docs/09_collection/ga10-final-collection-and-payoff-registry-v1.md#G10-R06,GA10,G10-R06,Archive Translation Commons,ENTITY|CONTROL_CLAIM|STATE_TRANSITION|LOSS_OBLIGATION,C6,C6|C7,SYNERGY|COMPLETION_LEGACY,EVENT|FUNCTIONAL,1100,10D-4,0,SOURCE_THREAD_ID_NOT_UNIQUE_ENTITY_CLAIM,세력·제도는 구성원·대표성·승계와 분리된 독립 의사를 유지; 물리 확보와 운용권·인증·정비·승무원·산업능력을 분리,DRY_RUN_REVIEWED,NONE
NC-CL-S-000373,CLT-GA10-G10-R07,docs/09_collection/ga10-final-collection-and-payoff-registry-v1.md#G10-R07,GA10,G10-R07,Emergency Corrective Assembly,ENTITY|CONTROL_CLAIM|STATE_TRANSITION|LOSS_OBLIGATION,C1,C1|C6|C7,SYNERGY|COMPLETION_LEGACY,FUNCTIONAL|RELATIONSHIP,1100,10D-4,1,SOURCE_THREAD_ID_NOT_UNIQUE_ENTITY_CLAIM,인물은 소유물이 아니며 동의·거절·이탈 가능성을 유지; 세력·제도는 구성원·대표성·승계와 분리된 독립 의사를 유지; 물리 확보와 운용권·인증·정비·승무원·산업능력을 분리,DRY_RUN_REVIEWED,NONE
NC-CL-S-000374,CLT-GA10-G10-R08,docs/09_collection/ga10-final-collection-and-payoff-registry-v1.md#G10-R08,GA10,G10-R08,Residual Continuity Service,ENTITY|CONTROL_CLAIM|STATE_TRANSITION|LOSS_OBLIGATION,C6,C6|C7,SYNERGY|COMPLETION_LEGACY,FUNCTIONAL,1100,10D-4,0,SOURCE_THREAD_ID_NOT_UNIQUE_ENTITY_CLAIM,세력·제도는 구성원·대표성·승계와 분리된 독립 의사를 유지; 물리 확보와 운용권·인증·정비·승무원·산업능력을 분리,DRY_RUN_REVIEWED,NONE
NC-CL-S-000375,CLT-GA10-G10-R09,docs/09_collection/ga10-final-collection-and-payoff-registry-v1.md#G10-R09,GA10,G10-R09,Cross-Region Migration and Safe-Exit Protocol,ENTITY|RELATIONSHIP|CONTROL_CLAIM|STATE_TRANSITION|LOSS_OBLIGATION,C1,C1|C6|C7|C8,ACQUISITION|SYNERGY|COMPLETION_LEGACY,FUNCTIONAL|RELATIONSHIP|CIVILIZATION,1100,10D-4,2,SOURCE_THREAD_ID_NOT_UNIQUE_ENTITY_CLAIM,인물은 소유물이 아니며 동의·거절·이탈 가능성을 유지; 세력·제도는 구성원·대표성·승계와 분리된 독립 의사를 유지; 장소·노드·문명은 발견/접근과 소유·통치·자치를 동일시하지 않음; 물리 확보와 운용권·인증·정비·승무원·산업능력을 분리,DRY_RUN_REVIEWED,NONE
NC-CL-S-000376,CLT-GA10-G10-R10,docs/09_collection/ga10-final-collection-and-payoff-registry-v1.md#G10-R10,GA10,G10-R10,Compensation/Reparation and Claims Network,ENTITY|CONTROL_CLAIM|STATE_TRANSITION|LOSS_OBLIGATION,C1,C1|C7,ACQUISITION|SYNERGY|COMPLETION_LEGACY,RELATIONSHIP,1100,10D-4,1,SOURCE_THREAD_ID_NOT_UNIQUE_ENTITY_CLAIM,인물은 소유물이 아니며 동의·거절·이탈 가능성을 유지; 세력·제도는 구성원·대표성·승계와 분리된 독립 의사를 유지,DRY_RUN_REVIEWED,NONE
NC-CL-S-000377,CLT-GA10-G10-A01,docs/09_collection/ga10-final-collection-and-payoff-registry-v1.md#G10-A01,GA10,G10-A01,First Handoff Region,ENTITY|CONTROL_CLAIM|STATE_TRANSITION|LOSS_OBLIGATION,C7,C7|C8,COMPLETION_LEGACY,CIVILIZATION,1001|1100,10A-1|10D-4,3,SOURCE_THREAD_ID_NOT_UNIQUE_ENTITY_CLAIM,세력·제도는 구성원·대표성·승계와 분리된 독립 의사를 유지; 장소·노드·문명은 발견/접근과 소유·통치·자치를 동일시하지 않음,DRY_RUN_REVIEWED,NONE
NC-CL-S-000378,CLT-GA10-G10-A02,docs/09_collection/ga10-final-collection-and-payoff-registry-v1.md#G10-A02,GA10,G10-A02,Voluntary Delayed-Central Region,ENTITY|CONTROL_CLAIM|STATE_TRANSITION|LOSS_OBLIGATION,C6,C6|C7|C8,SYNERGY|COMPLETION_LEGACY,FUNCTIONAL|CIVILIZATION,1100,10D-4,2,SOURCE_THREAD_ID_NOT_UNIQUE_ENTITY_CLAIM,세력·제도는 구성원·대표성·승계와 분리된 독립 의사를 유지; 장소·노드·문명은 발견/접근과 소유·통치·자치를 동일시하지 않음; 물리 확보와 운용권·인증·정비·승무원·산업능력을 분리,DRY_RUN_REVIEWED,NONE
NC-CL-S-000379,CLT-GA10-G10-A03,docs/09_collection/ga10-final-collection-and-payoff-registry-v1.md#G10-A03,GA10,G10-A03,Viable Opt-Out/Hybrid Region,ENTITY|CONTROL_CLAIM|STATE_TRANSITION|LOSS_OBLIGATION,C7,C7|C8,COMPLETION_LEGACY,CIVILIZATION,1100,10D-4,2,SOURCE_THREAD_ID_NOT_UNIQUE_ENTITY_CLAIM,세력·제도는 구성원·대표성·승계와 분리된 독립 의사를 유지; 장소·노드·문명은 발견/접근과 소유·통치·자치를 동일시하지 않음,DRY_RUN_REVIEWED,NONE
NC-CL-S-000380,CLT-GA10-G10-A04,docs/09_collection/ga10-final-collection-and-payoff-registry-v1.md#G10-A04,GA10,G10-A04,Local Capture/Failed Transition Region,ENTITY|CONTROL_CLAIM|STATE_TRANSITION|LOSS_OBLIGATION,C7,C7|C8,COMPLETION_LEGACY,EVENT|CIVILIZATION,1100,10D-4,8,SOURCE_THREAD_ID_NOT_UNIQUE_ENTITY_CLAIM,세력·제도는 구성원·대표성·승계와 분리된 독립 의사를 유지; 장소·노드·문명은 발견/접근과 소유·통치·자치를 동일시하지 않음,DRY_RUN_REVIEWED,NONE
NC-CL-S-000381,CLT-GA10-G10-A05,docs/09_collection/ga10-final-collection-and-payoff-registry-v1.md#G10-A05,GA10,G10-A05,Coerced/Occupied Region,ENTITY|CONTROL_CLAIM|STATE_TRANSITION|LOSS_OBLIGATION,C7,C7|C8,COMPLETION_LEGACY,CIVILIZATION,1100,10D-4,2,SOURCE_THREAD_ID_NOT_UNIQUE_ENTITY_CLAIM,세력·제도는 구성원·대표성·승계와 분리된 독립 의사를 유지; 장소·노드·문명은 발견/접근과 소유·통치·자치를 동일시하지 않음,DRY_RUN_REVIEWED,NONE
NC-CL-S-000382,CLT-GA10-G10-A06,docs/09_collection/ga10-final-collection-and-payoff-registry-v1.md#G10-A06,GA10,G10-A06,AI/Composite Nonterritorial Community,ENTITY|RELATIONSHIP|CONTROL_CLAIM|STATE_TRANSITION|LOSS_OBLIGATION,C1,C1|C6|C7,SYNERGY|COMPLETION_LEGACY,EVENT|FUNCTIONAL|RELATIONSHIP,1100,10D-4,1,SOURCE_THREAD_ID_NOT_UNIQUE_ENTITY_CLAIM,인물은 소유물이 아니며 동의·거절·이탈 가능성을 유지; 세력·제도는 구성원·대표성·승계와 분리된 독립 의사를 유지; 물리 확보와 운용권·인증·정비·승무원·산업능력을 분리,DRY_RUN_REVIEWED,NONE
NC-CL-S-000383,CLT-GA10-G10-A07,docs/09_collection/ga10-final-collection-and-payoff-registry-v1.md#G10-A07,GA10,G10-A07,Central Seed/Continuity Assembly,ENTITY|CONTROL_CLAIM|STATE_TRANSITION|LOSS_OBLIGATION,C6,C6|C7,SYNERGY|COMPLETION_LEGACY,FUNCTIONAL,1100,10D-4,5,SOURCE_THREAD_ID_NOT_UNIQUE_ENTITY_CLAIM,세력·제도는 구성원·대표성·승계와 분리된 독립 의사를 유지; 물리 확보와 운용권·인증·정비·승무원·산업능력을 분리,DRY_RUN_REVIEWED,NONE
NC-CL-S-000384,CLT-GA10-G10-L01,docs/09_collection/ga10-final-collection-and-payoff-registry-v1.md#G10-L01,GA10,G10-L01,H-001,ENTITY|RELATIONSHIP|CONTROL_CLAIM|STATE_TRANSITION|LOSS_OBLIGATION,C1,C1|C7|C8,COMPLETION_LEGACY,FUNCTIONAL|RELATIONSHIP|CIVILIZATION,1100,10D-4,0,SOURCE_THREAD_ID_NOT_UNIQUE_ENTITY_CLAIM,인물은 소유물이 아니며 동의·거절·이탈 가능성을 유지; 세력·제도는 구성원·대표성·승계와 분리된 독립 의사를 유지; 장소·노드·문명은 발견/접근과 소유·통치·자치를 동일시하지 않음,DRY_RUN_REVIEWED,NONE
NC-CL-S-000385,CLT-GA10-G10-L02,docs/09_collection/ga10-final-collection-and-payoff-registry-v1.md#G10-L02,GA10,G10-L02,H-002,ENTITY|RELATIONSHIP|CONTROL_CLAIM|STATE_TRANSITION|SET,C1,C1|C2|C6|C7,SYNERGY|COMPLETION_LEGACY,LINEAGE|FUNCTIONAL|RELATIONSHIP|CIVILIZATION,1100,10D-4,0,SOURCE_THREAD_ID_NOT_UNIQUE_ENTITY_CLAIM,인물은 소유물이 아니며 동의·거절·이탈 가능성을 유지; 세력·제도는 구성원·대표성·승계와 분리된 독립 의사를 유지; 물리 확보와 운용권·인증·정비·승무원·산업능력을 분리,DRY_RUN_REVIEWED,NONE
NC-CL-S-000386,CLT-GA10-G10-L03,docs/09_collection/ga10-final-collection-and-payoff-registry-v1.md#G10-L03,GA10,G10-L03,S-001,ENTITY|CONTROL_CLAIM|STATE_TRANSITION,C1,C1|C6|C7,SYNERGY|COMPLETION_LEGACY,FUNCTIONAL|RELATIONSHIP,1100,10D-4,0,SOURCE_THREAD_ID_NOT_UNIQUE_ENTITY_CLAIM,인물은 소유물이 아니며 동의·거절·이탈 가능성을 유지; 세력·제도는 구성원·대표성·승계와 분리된 독립 의사를 유지; 물리 확보와 운용권·인증·정비·승무원·산업능력을 분리,DRY_RUN_REVIEWED,NONE
NC-CL-S-000387,CLT-GA10-G10-L04,docs/09_collection/ga10-final-collection-and-payoff-registry-v1.md#G10-L04,GA10,G10-L04,M-001,ENTITY|CONTROL_CLAIM|STATE_TRANSITION|LOSS_OBLIGATION,C1,C1|C7|C8,SYNERGY|COMPLETION_LEGACY,EVENT|RELATIONSHIP|CIVILIZATION,1100,10D-4,0,SOURCE_THREAD_ID_NOT_UNIQUE_ENTITY_CLAIM,인물은 소유물이 아니며 동의·거절·이탈 가능성을 유지; 세력·제도는 구성원·대표성·승계와 분리된 독립 의사를 유지; 장소·노드·문명은 발견/접근과 소유·통치·자치를 동일시하지 않음,DRY_RUN_REVIEWED,NONE
NC-CL-S-000388,CLT-GA10-G10-L05,docs/09_collection/ga10-final-collection-and-payoff-registry-v1.md#G10-L05,GA10,G10-L05,A-001 Human Director,ENTITY|CONTROL_CLAIM|STATE_TRANSITION|LOSS_OBLIGATION|NARRATIVE_PROMISE,C1,C1|C7,SYNERGY|COMPLETION_LEGACY,RELATIONSHIP,1100,10D-4,0,SOURCE_THREAD_ID_NOT_UNIQUE_ENTITY_CLAIM,인물은 소유물이 아니며 동의·거절·이탈 가능성을 유지; 세력·제도는 구성원·대표성·승계와 분리된 독립 의사를 유지,DRY_RUN_REVIEWED,NONE
NC-CL-S-000389,CLT-GA10-G10-L06,docs/09_collection/ga10-final-collection-and-payoff-registry-v1.md#G10-L06,GA10,G10-L06,A-001 Archive AI Partner,ENTITY|CONTROL_CLAIM|STATE_TRANSITION|LOSS_OBLIGATION|NARRATIVE_PROMISE,C1,C1|C6|C7,SYNERGY|COMPLETION_LEGACY,FUNCTIONAL|RELATIONSHIP,1100,10D-4,1,SOURCE_THREAD_ID_NOT_UNIQUE_ENTITY_CLAIM,인물은 소유물이 아니며 동의·거절·이탈 가능성을 유지; 세력·제도는 구성원·대표성·승계와 분리된 독립 의사를 유지; 물리 확보와 운용권·인증·정비·승무원·산업능력을 분리,DRY_RUN_REVIEWED,NONE
NC-CL-S-000390,CLT-GA10-G10-L07,docs/09_collection/ga10-final-collection-and-payoff-registry-v1.md#G10-L07,GA10,G10-L07,07 Original Frame and Open Service Spine,ENTITY|CONTROL_CLAIM|STATE_TRANSITION|LOSS_OBLIGATION|SET,C2,C2|C6,SYNERGY|COMPLETION_LEGACY,LINEAGE|FUNCTIONAL,1100,10D-4,0,SOURCE_THREAD_ID_NOT_UNIQUE_ENTITY_CLAIM,물리 확보와 운용권·인증·정비·승무원·산업능력을 분리,DRY_RUN_REVIEWED,NONE
NC-CL-S-000391,CLT-GA10-G10-L08,docs/09_collection/ga10-final-collection-and-payoff-registry-v1.md#G10-L08,GA10,G10-L08,First Ship / Crew Institution,ENTITY|RELATIONSHIP|CONTROL_CLAIM|STATE_TRANSITION|LOSS_OBLIGATION|NARRATIVE_PROMISE|SET,C1,C1|C5|C7|C8,SYNERGY|COMPLETION_LEGACY,LINEAGE|EVENT|FUNCTIONAL|RELATIONSHIP|CIVILIZATION,1100,10D-4,2,SOURCE_THREAD_ID_NOT_UNIQUE_ENTITY_CLAIM,인물은 소유물이 아니며 동의·거절·이탈 가능성을 유지; 세력·제도는 구성원·대표성·승계와 분리된 독립 의사를 유지; 장소·노드·문명은 발견/접근과 소유·통치·자치를 동일시하지 않음; 물리 확보와 운용권·인증·정비·승무원·산업능력을 분리,DRY_RUN_REVIEWED,NONE
NC-CL-S-000392,CLT-GA10-G10-L09,docs/09_collection/ga10-final-collection-and-payoff-registry-v1.md#G10-L09,GA10,G10-L09,Ownerless Fleet Charter,ENTITY|RELATIONSHIP|CONTROL_CLAIM|STATE_TRANSITION,C5,C5|C7|C8,COMPLETION_LEGACY,FUNCTIONAL|RELATIONSHIP|CIVILIZATION,1100,10D-4,0,SOURCE_THREAD_ID_NOT_UNIQUE_ENTITY_CLAIM,세력·제도는 구성원·대표성·승계와 분리된 독립 의사를 유지; 장소·노드·문명은 발견/접근과 소유·통치·자치를 동일시하지 않음; 물리 확보와 운용권·인증·정비·승무원·산업능력을 분리,DRY_RUN_REVIEWED,NONE
NC-CL-S-000393,CLT-GA10-G10-L10,docs/09_collection/ga10-final-collection-and-payoff-registry-v1.md#G10-L10,GA10,G10-L10,Academy / Education Lineage,ENTITY|RELATIONSHIP|CONTROL_CLAIM|STATE_TRANSITION|LOSS_OBLIGATION|SET,C1,C1|C6|C7,SYNERGY|COMPLETION_LEGACY,LINEAGE|EVENT|FUNCTIONAL|RELATIONSHIP,1100,10D-4,0,SOURCE_THREAD_ID_NOT_UNIQUE_ENTITY_CLAIM,인물은 소유물이 아니며 동의·거절·이탈 가능성을 유지; 세력·제도는 구성원·대표성·승계와 분리된 독립 의사를 유지; 물리 확보와 운용권·인증·정비·승무원·산업능력을 분리,DRY_RUN_REVIEWED,NONE
NC-CL-S-000394,CLT-GA10-G10-L11,docs/09_collection/ga10-final-collection-and-payoff-registry-v1.md#G10-L11,GA10,G10-L11,Neutral Assembly,ENTITY|RELATIONSHIP|CONTROL_CLAIM|STATE_TRANSITION,C7,C7|C8,ACQUISITION|COMPLETION_LEGACY,FUNCTIONAL|RELATIONSHIP|CIVILIZATION,1100,10D-4,0,SOURCE_THREAD_ID_NOT_UNIQUE_ENTITY_CLAIM,세력·제도는 구성원·대표성·승계와 분리된 독립 의사를 유지; 장소·노드·문명은 발견/접근과 소유·통치·자치를 동일시하지 않음,DRY_RUN_REVIEWED,NONE
NC-CL-S-000395,CLT-GA10-G10-L12,docs/09_collection/ga10-final-collection-and-payoff-registry-v1.md#G10-L12,GA10,G10-L12,Helix/Industrial Successors,ENTITY|RELATIONSHIP|CONTROL_CLAIM|STATE_TRANSITION|LOSS_OBLIGATION,C1,C1|C6|C7,SYNERGY|COMPLETION_LEGACY,FUNCTIONAL|RELATIONSHIP,1100,10D-4,0,SOURCE_THREAD_ID_NOT_UNIQUE_ENTITY_CLAIM,인물은 소유물이 아니며 동의·거절·이탈 가능성을 유지; 세력·제도는 구성원·대표성·승계와 분리된 독립 의사를 유지; 물리 확보와 운용권·인증·정비·승무원·산업능력을 분리,DRY_RUN_REVIEWED,NONE
NC-CL-S-000396,CLT-GA10-G10-M01,docs/09_collection/ga10-final-collection-and-payoff-registry-v1.md#G10-M01,GA10,G10-M01,“당신은 역사에 기록되지 않았습니다”,CONTROL_CLAIM|STATE_TRANSITION|LOSS_OBLIGATION|NARRATIVE_PROMISE,C1,C1|C6|C7,DISCOVERY|SYNERGY|COMPLETION_LEGACY,EVENT|FUNCTIONAL|RELATIONSHIP,1100,10D-4,0,SOURCE_THREAD_ID_NOT_UNIQUE_ENTITY_CLAIM,인물은 소유물이 아니며 동의·거절·이탈 가능성을 유지; 세력·제도는 구성원·대표성·승계와 분리된 독립 의사를 유지; 물리 확보와 운용권·인증·정비·승무원·산업능력을 분리,DRY_RUN_REVIEWED,NONE
NC-CL-S-000397,CLT-GA10-G10-M02,docs/09_collection/ga10-final-collection-and-payoff-registry-v1.md#G10-M02,GA10,G10-M02,Thirteen Heroes,CONTROL_CLAIM|STATE_TRANSITION|NARRATIVE_PROMISE|SET,C1,C1|C7,DISCOVERY|COMPLETION_LEGACY,RELATIONSHIP,1100,10D-4,1,SOURCE_THREAD_ID_NOT_UNIQUE_ENTITY_CLAIM,인물은 소유물이 아니며 동의·거절·이탈 가능성을 유지; 세력·제도는 구성원·대표성·승계와 분리된 독립 의사를 유지,DRY_RUN_REVIEWED,NONE
NC-CL-S-000398,CLT-GA10-G10-M03,docs/09_collection/ga10-final-collection-and-payoff-registry-v1.md#G10-M03,GA10,G10-M03,07 Lineage,CONTROL_CLAIM|STATE_TRANSITION|NARRATIVE_PROMISE|SET,C2,C2|C6|C7,DISCOVERY|SYNERGY|COMPLETION_LEGACY,LINEAGE|FUNCTIONAL,1100,10D-4,0,SOURCE_THREAD_ID_NOT_UNIQUE_ENTITY_CLAIM,세력·제도는 구성원·대표성·승계와 분리된 독립 의사를 유지; 물리 확보와 운용권·인증·정비·승무원·산업능력을 분리,DRY_RUN_REVIEWED,NONE
NC-CL-S-000399,CLT-GA10-G10-M04,docs/09_collection/ga10-final-collection-and-payoff-registry-v1.md#G10-M04,GA10,G10-M04,Blood Admiral,ENTITY|RELATIONSHIP|CONTROL_CLAIM|STATE_TRANSITION|LOSS_OBLIGATION|NARRATIVE_PROMISE,C1,C1|C7,DISCOVERY|COMPLETION_LEGACY,EVENT|RELATIONSHIP,1100,10D-4,1,SOURCE_THREAD_ID_NOT_UNIQUE_ENTITY_CLAIM,인물은 소유물이 아니며 동의·거절·이탈 가능성을 유지; 세력·제도는 구성원·대표성·승계와 분리된 독립 의사를 유지,DRY_RUN_REVIEWED,NONE
NC-CL-S-000400,CLT-GA10-G10-M05,docs/09_collection/ga10-final-collection-and-payoff-registry-v1.md#G10-M05,GA10,G10-M05,Administrative Death and Protector Community,ENTITY|RELATIONSHIP|CONTROL_CLAIM|STATE_TRANSITION|LOSS_OBLIGATION|NARRATIVE_PROMISE,C1,C1|C6|C7|C8,DISCOVERY|COMPLETION_LEGACY,FUNCTIONAL|RELATIONSHIP|CIVILIZATION,1100,10D-4,1,SOURCE_THREAD_ID_NOT_UNIQUE_ENTITY_CLAIM,인물은 소유물이 아니며 동의·거절·이탈 가능성을 유지; 세력·제도는 구성원·대표성·승계와 분리된 독립 의사를 유지; 장소·노드·문명은 발견/접근과 소유·통치·자치를 동일시하지 않음; 물리 확보와 운용권·인증·정비·승무원·산업능력을 분리,DRY_RUN_REVIEWED,NONE
NC-CL-S-000401,CLT-GA10-G10-M06,docs/09_collection/ga10-final-collection-and-payoff-registry-v1.md#G10-M06,GA10,G10-M06,Fifth Answer,RELATIONSHIP|CONTROL_CLAIM|STATE_TRANSITION|LOSS_OBLIGATION|NARRATIVE_PROMISE|SET,C6,C6|C7,DISCOVERY|COMPLETION_LEGACY,FUNCTIONAL|RELATIONSHIP,1100,10D-4,0,SOURCE_THREAD_ID_NOT_UNIQUE_ENTITY_CLAIM,세력·제도는 구성원·대표성·승계와 분리된 독립 의사를 유지; 물리 확보와 운용권·인증·정비·승무원·산업능력을 분리,DRY_RUN_REVIEWED,NONE
NC-CL-S-000402,CLT-GA10-G10-M07,docs/09_collection/ga10-final-collection-and-payoff-registry-v1.md#G10-M07,GA10,G10-M07,Original Orpheus,RELATIONSHIP|CONTROL_CLAIM|STATE_TRANSITION|LOSS_OBLIGATION|NARRATIVE_PROMISE|SET,C1,C1|C6|C7|C8,DISCOVERY|COMPLETION_LEGACY,LINEAGE|FUNCTIONAL|RELATIONSHIP|CIVILIZATION,1100,10D-4,0,SOURCE_THREAD_ID_NOT_UNIQUE_ENTITY_CLAIM,인물은 소유물이 아니며 동의·거절·이탈 가능성을 유지; 세력·제도는 구성원·대표성·승계와 분리된 독립 의사를 유지; 장소·노드·문명은 발견/접근과 소유·통치·자치를 동일시하지 않음; 물리 확보와 운용권·인증·정비·승무원·산업능력을 분리,DRY_RUN_REVIEWED,NONE
NC-CL-S-000403,CLT-GA10-G10-M08,docs/09_collection/ga10-final-collection-and-payoff-registry-v1.md#G10-M08,GA10,G10-M08,Archive Right and Wrong,CONTROL_CLAIM|STATE_TRANSITION|LOSS_OBLIGATION|NARRATIVE_PROMISE|SET,C6,C6|C7,DISCOVERY|SYNERGY|COMPLETION_LEGACY,EVENT|FUNCTIONAL,1100,10D-4,1,SOURCE_THREAD_ID_NOT_UNIQUE_ENTITY_CLAIM,세력·제도는 구성원·대표성·승계와 분리된 독립 의사를 유지; 물리 확보와 운용권·인증·정비·승무원·산업능력을 분리,DRY_RUN_REVIEWED,NONE
NC-CL-S-000404,CLT-GA10-G10-M09,docs/09_collection/ga10-final-collection-and-payoff-registry-v1.md#G10-M09,GA10,G10-M09,Regression Cause,RELATIONSHIP|CONTROL_CLAIM|STATE_TRANSITION|LOSS_OBLIGATION|NARRATIVE_PROMISE,C1,C1|C6,DISCOVERY|SYNERGY|COMPLETION_LEGACY,FUNCTIONAL|RELATIONSHIP,1100,10D-4,0,SOURCE_THREAD_ID_NOT_UNIQUE_ENTITY_CLAIM,인물은 소유물이 아니며 동의·거절·이탈 가능성을 유지; 물리 확보와 운용권·인증·정비·승무원·산업능력을 분리,DRY_RUN_REVIEWED,NONE
NC-CL-S-000405,CLT-GA10-G10-M10,docs/09_collection/ga10-final-collection-and-payoff-registry-v1.md#G10-M10,GA10,G10-M10,Autonomous War Collapse,RELATIONSHIP|CONTROL_CLAIM|STATE_TRANSITION|LOSS_OBLIGATION|NARRATIVE_PROMISE|SET,C1,C1|C6|C7,DISCOVERY|COMPLETION_LEGACY,EVENT|FUNCTIONAL|RELATIONSHIP,1100,10D-4,0,SOURCE_THREAD_ID_NOT_UNIQUE_ENTITY_CLAIM,인물은 소유물이 아니며 동의·거절·이탈 가능성을 유지; 세력·제도는 구성원·대표성·승계와 분리된 독립 의사를 유지; 물리 확보와 운용권·인증·정비·승무원·산업능력을 분리,DRY_RUN_REVIEWED,NONE
NC-CL-S-000406,CLT-GA10-G10-M11,docs/09_collection/ga10-final-collection-and-payoff-registry-v1.md#G10-M11,GA10,G10-M11,Imperial Succession / Master Identity,RELATIONSHIP|CONTROL_CLAIM|STATE_TRANSITION|LOSS_OBLIGATION|NARRATIVE_PROMISE|SET,C1,C1|C7,DISCOVERY|COMPLETION_LEGACY,LINEAGE|RELATIONSHIP,1100,10D-4,1,SOURCE_THREAD_ID_NOT_UNIQUE_ENTITY_CLAIM,인물은 소유물이 아니며 동의·거절·이탈 가능성을 유지; 세력·제도는 구성원·대표성·승계와 분리된 독립 의사를 유지,DRY_RUN_REVIEWED,NONE
NC-CL-S-000407,CLT-GA10-G10-M12,docs/09_collection/ga10-final-collection-and-payoff-registry-v1.md#G10-M12,GA10,G10-M12,E-001 / Enemy Ace / Independence Path,ENTITY|RELATIONSHIP|CONTROL_CLAIM|STATE_TRANSITION|NARRATIVE_PROMISE,C1,C1|C7|C8,DISCOVERY|COMPLETION_LEGACY,EVENT|FUNCTIONAL|RELATIONSHIP|CIVILIZATION,1100,10D-4,0,SOURCE_THREAD_ID_NOT_UNIQUE_ENTITY_CLAIM,인물은 소유물이 아니며 동의·거절·이탈 가능성을 유지; 세력·제도는 구성원·대표성·승계와 분리된 독립 의사를 유지; 장소·노드·문명은 발견/접근과 소유·통치·자치를 동일시하지 않음,DRY_RUN_REVIEWED,NONE
NC-CL-S-000408,CLT-GA10-G10-M13,docs/09_collection/ga10-final-collection-and-payoff-registry-v1.md#G10-M13,GA10,G10-M13,H-002 Official Death/Collective Authorship,ENTITY|RELATIONSHIP|CONTROL_CLAIM|STATE_TRANSITION|LOSS_OBLIGATION|NARRATIVE_PROMISE|SET,C1,C1|C6|C7,DISCOVERY|COMPLETION_LEGACY,EVENT|FUNCTIONAL|RELATIONSHIP,1100,10D-4,1,SOURCE_THREAD_ID_NOT_UNIQUE_ENTITY_CLAIM,인물은 소유물이 아니며 동의·거절·이탈 가능성을 유지; 세력·제도는 구성원·대표성·승계와 분리된 독립 의사를 유지; 물리 확보와 운용권·인증·정비·승무원·산업능력을 분리,DRY_RUN_REVIEWED,NONE
NC-CL-S-000409,CLT-GA10-G10-M14,docs/09_collection/ga10-final-collection-and-payoff-registry-v1.md#G10-M14,GA10,G10-M14,Black Ward Witness / Continuity Protocol,ENTITY|RELATIONSHIP|CONTROL_CLAIM|STATE_TRANSITION|LOSS_OBLIGATION|NARRATIVE_PROMISE|SET,C1,C1|C6|C7,DISCOVERY|COMPLETION_LEGACY,EVENT|FUNCTIONAL|RELATIONSHIP,1100,10D-4,2,SOURCE_THREAD_ID_NOT_UNIQUE_ENTITY_CLAIM,인물은 소유물이 아니며 동의·거절·이탈 가능성을 유지; 세력·제도는 구성원·대표성·승계와 분리된 독립 의사를 유지; 물리 확보와 운용권·인증·정비·승무원·산업능력을 분리,DRY_RUN_REVIEWED,NONE
NC-CL-S-000410,CLT-GA10-G10-M15,docs/09_collection/ga10-final-collection-and-payoff-registry-v1.md#G10-M15,GA10,G10-M15,Neutral Orpheus Refusal,RELATIONSHIP|CONTROL_CLAIM|STATE_TRANSITION|LOSS_OBLIGATION|NARRATIVE_PROMISE,C7,C7|C8,DISCOVERY|SYNERGY|COMPLETION_LEGACY,EVENT|RELATIONSHIP|CIVILIZATION,1100,10D-4,0,SOURCE_THREAD_ID_NOT_UNIQUE_ENTITY_CLAIM,세력·제도는 구성원·대표성·승계와 분리된 독립 의사를 유지; 장소·노드·문명은 발견/접근과 소유·통치·자치를 동일시하지 않음,DRY_RUN_REVIEWED,NONE
NC-CL-S-000411,CLT-GA10-G10-M16,docs/09_collection/ga10-final-collection-and-payoff-registry-v1.md#G10-M16,GA10,G10-M16,Helix Standardization,RELATIONSHIP|CONTROL_CLAIM|STATE_TRANSITION|LOSS_OBLIGATION|NARRATIVE_PROMISE,C1,C1|C6|C7,DISCOVERY|SYNERGY|COMPLETION_LEGACY,FUNCTIONAL|RELATIONSHIP,1100,10D-4,0,SOURCE_THREAD_ID_NOT_UNIQUE_ENTITY_CLAIM,인물은 소유물이 아니며 동의·거절·이탈 가능성을 유지; 세력·제도는 구성원·대표성·승계와 분리된 독립 의사를 유지; 물리 확보와 운용권·인증·정비·승무원·산업능력을 분리,DRY_RUN_REVIEWED,NONE
NC-CL-S-000412,CLT-GA10-G10-M17,docs/09_collection/ga10-final-collection-and-payoff-registry-v1.md#G10-M17,GA10,G10-M17,Ownership of Collected Legacy,RELATIONSHIP|CONTROL_CLAIM|STATE_TRANSITION|LOSS_OBLIGATION|NARRATIVE_PROMISE|SET,C1,C1|C2|C5|C6|C7,DISCOVERY|ACQUISITION|COMPLETION_LEGACY,FUNCTIONAL|RELATIONSHIP,1100,10D-4,0,SOURCE_THREAD_ID_NOT_UNIQUE_ENTITY_CLAIM,인물은 소유물이 아니며 동의·거절·이탈 가능성을 유지; 세력·제도는 구성원·대표성·승계와 분리된 독립 의사를 유지; 물리 확보와 운용권·인증·정비·승무원·산업능력을 분리,DRY_RUN_REVIEWED,NONE
NC-CL-S-000413,CLT-GA10-G10-M18,docs/09_collection/ga10-final-collection-and-payoff-registry-v1.md#G10-M18,GA10,G10-M18,Memory Contamination,CONTROL_CLAIM|STATE_TRANSITION|LOSS_OBLIGATION|NARRATIVE_PROMISE,C1,C1|C6,DISCOVERY|COMPLETION_LEGACY,FUNCTIONAL|RELATIONSHIP,1100,10D-4,0,SOURCE_THREAD_ID_NOT_UNIQUE_ENTITY_CLAIM,인물은 소유물이 아니며 동의·거절·이탈 가능성을 유지; 물리 확보와 운용권·인증·정비·승무원·산업능력을 분리,DRY_RUN_REVIEWED,NONE
NC-CL-S-000414,CLT-GA10-G10-M19,docs/09_collection/ga10-final-collection-and-payoff-registry-v1.md#G10-M19,GA10,G10-M19,Unlabeled People,ENTITY|CONTROL_CLAIM|STATE_TRANSITION|NARRATIVE_PROMISE,C1,C1|C7,DISCOVERY|COMPLETION_LEGACY,EVENT|RELATIONSHIP,1100,10D-4,0,SOURCE_THREAD_ID_NOT_UNIQUE_ENTITY_CLAIM,인물은 소유물이 아니며 동의·거절·이탈 가능성을 유지; 세력·제도는 구성원·대표성·승계와 분리된 독립 의사를 유지,DRY_RUN_REVIEWED,NONE
NC-CL-S-000415,CLT-GA10-G10-M20,docs/09_collection/ga10-final-collection-and-payoff-registry-v1.md#G10-M20,GA10,G10-M20,Can History Be Completed?,CONTROL_CLAIM|STATE_TRANSITION|LOSS_OBLIGATION|NARRATIVE_PROMISE|SET,C1,C1|C6|C7,DISCOVERY|COMPLETION_LEGACY,EVENT|FUNCTIONAL|RELATIONSHIP,1100,10D-4,0,SOURCE_THREAD_ID_NOT_UNIQUE_ENTITY_CLAIM,인물은 소유물이 아니며 동의·거절·이탈 가능성을 유지; 세력·제도는 구성원·대표성·승계와 분리된 독립 의사를 유지; 물리 확보와 운용권·인증·정비·승무원·산업능력을 분리,DRY_RUN_REVIEWED,NONE
